,count
et,4154
qui,2113
sum,1858
is,1295
in,1221
ego,1112
ille,965
hic,902
nec,888
ad,873
ut,852
sed,850
non,758
suus,674
cum,654
meus,641
ipse,586
omnis,585
de,549
iam,532
tu,527
sui,510
ac,485
etiam,466
ab,456
quod,454
uel,444
si,423
num,408
quam,406
iste,400
ex,387
atque,362
quidem,348
uideo,344
tuus,342
alius,341
possum,329
res,312
dico,312
quis,303
tamen,302
per,295
quidam,293
enim,282
sic,279
tantus,266
nam,256
deus,252
bonus,250
uerus,246
inquam,239
animus,236
multus,229
ceterus,225
totus,220
magnus,217
manus,212
habeo,207
facio,207
at,206
tam,204
homo,204
corpus,203
unus,201
edo,194
primus,190
tunc,190
ne,189
domus,187
nos,184
maritus,178
cunctus,170
idem,169
noster,166
uolo,165
pars,163
nunc,157
dies,157
inter,156
nullus,153
quisque,153
modus,151
igitur,151
malus,150
denique,145
pro,144
solus,142
nihil,136
nomen,134
ita,132
uos,128
an,124
locus,120
dum,120
scio,119
nox,118
mulier,117
puer,116
talis,115
caput,115
prorsus,113
aut,112
autem,112
diuinus,111
oculus,110
uox,110
apud,106
uir,106
quippe,105
sermo,104
dea,103
do,102
statim,101
filius,97
causa,97
tempus,96
quisquam,96
terra,95
uerbum,95
ratio,94
genus,93
ullus,93
similis,92
rursus,92
iuuenis,92
puto,91
aio,91
immo,90
satis,90
nisi,90
audio,90
protinus,90
uxor,90
mater,90
medius,89
ciuitas,89
natura,88
uero,88
alter,87
os,86
parens,86
semper,85
debeo,85
scilicet,85
uirtus,84
longe,83
factum,83
liber,83
uita,83
miser,83
ago,82
mors,82
puella,82
facies,82
credo,81
mos,80
ergo,80
psyche,80
uia,79
quaero,79
gratia,78
aliquis,77
numen,77
ante,76
salus,76
tandem,76
uenus,76
asinus,76
sol,75
prius,75
potius,75
fero,74
soleo,74
uis,74
reddo,74
fortuna,74
soror,74
maxime,73
humanus,73
ars,73
uenio,73
magis,73
pes,73
sine,72
fides,72
populus,72
studium,70
quantus,70
summum,70
cognosco,70
peto,70
superus,69
modo,69
uarius,69
nouus,69
singulus,68
simul,68
mens,68
amor,68
adsum,68
numerus,67
inferus,67
ubi,67
quamquam,67
mundus,66
periculum,66
gero,66
consilium,66
adeo,64
extremus,64
contra,64
adhuc,64
quin,64
dominus,63
respondeo,63
s,63
parum,62
species,62
mare,62
spiritus,62
lumen,62
liceo,62
quasi,62
uester,62
ob,62
latro,62
relinquo,61
philosophus,61
auris,61
ecce,61
labor,60
anima,60
paucus,60
lex,60
honor,60
ignis,59
aqua,59
duo,59
iubeo,59
publicus,59
nuptiae,59
caelum,58
uelut,58
uoco,58
altus,58
sentio,57
uoluptas,57
cupido,57
dictum,56
reperio,56
certe,56
cubiculum,56
suscipio,55
uiuo,55
domina,55
diu,55
crimen,55
orbis,54
grauis,54
praesens,54
cur,53
arbitro,53
nemo,53
bestia,53
frater,53
saepe,52
ulter,52
foris,52
saltem,52
lego,51
lux,51
post,51
namque,51
eo,51
sustineo,51
uestigium,51
disciplina,51
aurum,50
caelestis,50
uicis,50
annus,50
super,50
perficio,50
patior,50
femina,50
beatus,50
commodus,50
seruus,50
facile,49
aliqui,49
aer,49
accipio,49
casus,49
par,49
proximus,49
aureus,49
magus,49
ingenium,48
dextra,48
cupio,48
inde,48
ibi,48
offero,48
piscis,48
sacer,47
munus,47
duco,47
plurimus,47
accedo,47
aetas,47
senex,47
littera,47
forma,47
exitium,47
lapis,47
praeter,47
finis,46
teneo,46
paruus,46
usus,46
commoueo,46
omnino,46
familia,46
amicus,46
cura,45
trado,45
officium,45
uerum,45
communis,45
latus,45
mirus,45
carmen,45
uultus,45
prex,45
sumo,45
nimius,45
circa,45
propter,44
mora,44
iter,43
laus,43
uterque,43
iaceo,43
profecto,43
pater,43
iudicium,43
alienus,43
laetus,43
quispiam,43
nomino,42
ops,42
unde,42
fabula,42
modicus,42
sententia,42
plenus,42
spatium,42
equus,42
proprius,42
taceo,42
necessarius,42
quoius,41
clarus,41
membrum,41
nego,41
pectus,41
alioqui,41
certus,41
fons,40
usque,40
uentus,40
tot,40
quamuis,40
enimuero,40
quies,40
lacrima,40
facinus,40
somnus,40
pretium,40
dolor,40
sanguis,40
uersus,40
mutuus,39
tertius,39
intellego,39
gladius,39
ualidus,39
ilico,39
comperio,39
sequor,39
mecum,39
congruo,38
inuenio,38
beneficium,38
diuersus,38
nescius,38
creber,38
tum,38
confestim,38
uulnus,38
o,38
uitium,37
praeterea,37
imago,37
potestas,37
conuenio,37
instruo,37
filia,37
saeuus,37
diutinus,37
redeo,37
morbus,37
inuado,37
spes,37
auis,37
mortuus,37
familiaris,37
cogitatio,36
mons,36
plerus,36
opus,36
uertex,36
sapio,36
festino,36
mentior,36
seu,36
noxius,36
doceo,36
curiosus,36
prouidentia,36
qualis,36
comparo,36
forte,36
obsequium,36
uinum,36
medicus,36
nescio,36
gestio,36
cena,36
canis,36
mox,35
animal,35
cibus,35
fortis,35
exemplum,35
disco,35
concedo,35
curo,35
gratus,35
uirgo,35
dulcis,35
planus,35
fuga,35
scelus,35
profero,35
postulo,35
sacerdos,35
regio,34
censeo,34
color,34
confero,34
hinc,34
lingua,34
mitto,34
propior,34
sub,34
religio,34
numquam,34
equidem,34
plato,34
secum,34
penna,34
torus,34
amplexus,34
gaudium,34
uestis,34
amator,34
accuso,34
capio,33
elementum,33
appello,33
deinde,33
principium,33
fio,33
nosco,33
procul,33
honestus,33
ministerium,33
perpetuus,33
dignitas,33
comes,33
fatum,33
passim,33
flos,33
procedo,33
placeo,33
silentium,33
gradus,33
induco,33
quoque,33
argumentum,33
arduus,32
contingo,32
cursus,32
secundus,32
grandis,32
ceruix,32
nocturnus,32
nuncupo,32
pergo,32
refero,32
speculum,32
fatigo,32
religiosus,32
immanis,32
fingo,32
lucerna,32
porrigo,32
aemilius,32
sapientia,31
traho,31
memini,31
longus,31
oratio,31
praesto,31
sublimis,31
praedico,31
summa,31
sarcina,31
facilis,31
suadeo,31
metuo,31
ignoro,31
lar,31
quoad,31
deduco,31
sedulus,31
potis,31
poculum,31
magister,31
magia,31
falsus,31
terrenus,30
plaga,30
signum,30
mortalis,30
flamma,30
colo,30
tres,30
quoniam,30
pario,30
poeta,30
laudo,30
contentus,30
egregius,30
digitus,30
frustra,30
obeo,30
tenebrae,30
contego,30
hercules,30
libido,30
repente,30
impetus,30
nequam,30
capillus,30
magicus,30
eiusmodi,29
opera,29
nubes,29
repentinus,29
audeo,29
oro,29
solum,29
rex,29
assiduus,29
ciuis,29
unicus,29
miror,29
mendacium,29
arrepo,29
anus,29
oppidum,28
ordo,28
prior,28
simplex,28
memoro,28
cedo,28
crassus,28
conficio,28
opinio,28
peruenio,28
recte,28
hospes,28
diuus,28
porricio,28
conspectus,28
ibidem,28
diuitia,28
requiro,28
qua,28
perdo,28
probe,28
metus,28
uotum,28
itaque,28
pronuntio,28
bene,28
scribo,28
philosophia,27
humus,27
tenuis,27
uix,27
prae,27
ostendo,27
status,27
pulcher,27
simulacrum,27
praecipuus,27
resideo,27
specto,27
solitudo,27
percontor,27
felix,27
lacinia,27
nudus,27
contumelia,27
infestus,27
umquam,27
nitor,27
dens,27
probo,27
merces,27
tabula,27
suspicio,26
multitudo,26
nexus,26
formido,26
instar,26
siue,26
efficio,26
clades,26
perduco,26
praeceptum,26
desino,26
contendo,26
libero,26
cohibeo,26
saeuio,26
pudor,26
cerno,26
ferme,26
ideo,26
remotus,25
dignus,25
auctor,25
luna,25
oportet,25
coerceo,25
leuis,25
frequens,25
sinus,25
differo,25
indignatio,25
dirigo,25
secus,25
ferrum,25
loquor,25
postea,25
spectaculum,25
uere,25
indigeo,25
quisquis,25
prouincia,25
en,25
nutus,25
magistratus,25
pulchritudo,25
flagitium,25
scopulus,25
misellus,25
destino,25
praemium,25
conspicio,25
quiuis,25
coepio,25
anxius,25
dudum,25
crinis,25
cogito,25
fera,25
aerumna,25
abicio,25
appeto,25
epistula,25
uindico,24
profundus,24
defero,24
iugum,24
reliquus,24
sidus,24
stella,24
mensa,24
turbo,24
amplus,24
graecus,24
saxum,24
marinus,24
auxilium,24
condio,24
incipio,24
sors,24
uetus,24
natus,24
pecunia,24
haud,24
praeclarus,24
desum,24
praeditus,24
incertus,24
paro,24
subeo,24
paulus,24
famulus,24
uisum,24
carus,24
formosus,24
interim,24
sollicitus,24
securus,24
compello,24
risus,24
promptus,24
prudentia,24
addo,24
existimo,23
secerno,23
curriculum,23
consto,23
chorus,23
seruo,23
paene,23
recreo,23
gremium,23
indidem,23
muto,23
similitudo,23
prolixus,23
nascor,23
uinco,23
quicumque,23
uiscus,23
imperium,23
negotium,23
rego,23
necesse,23
posterus,23
celebro,23
matrimonium,23
tribuo,23
paruulus,23
inimicus,23
poena,23
produco,23
fletus,23
uber,23
delabor,23
intra,23
lauacrum,23
uespera,23
inuitus,23
praeda,23
assisto,23
remedium,23
testimonium,23
paulisper,23
desiderium,23
cadauer,23
inicio,23
hospitium,23
accusatio,23
dos,23
origo,22
merito,22
gigno,22
sino,22
matutinus,22
ingens,22
clamor,22
sto,22
praetereo,22
profiteor,22
absum,22
princeps,22
capesso,22
olim,22
ius,22
uindicta,22
inuidia,22
statuo,22
effero,22
nolo,22
aedes,22
uiso,22
solacium,22
comminor,22
identidem,22
copia,22
nequeo,22
secta,22
uenenum,22
ceterum,22
male,22
uoluntas,22
uenter,22
calumnia,22
adulescens,22
ritus,22
statua,22
maiestas,21
praeceps,21
telum,21
flumen,21
uniuersus,21
possideo,21
artus,21
uicinus,21
item,21
aduersus,21
spiro,21
pronus,21
iuppiter,21
amplius,21
gens,21
prouenio,21
meritum,21
permitto,21
dissero,21
gaudeo,21
insuper,21
deprecor,21
aeger,21
luctus,21
nefarius,21
pretiosus,21
salutaris,21
cruciatus,21
aeque,21
praesentia,21
gloria,21
aspectus,21
aemulus,21
consulo,21
decerno,21
dehinc,21
admodum,21
turpis,21
iudex,21
similiter,21
dux,20
tego,20
immortalis,20
conuerto,20
coniunx,20
mille,20
aduenio,20
penitus,20
tutela,20
dispono,20
cano,20
miles,20
memoria,20
recipio,20
pactum,20
sollers,20
discedo,20
uenia,20
coetus,20
templum,20
paeniteo,20
temerarius,20
desero,20
saucius,20
fleo,20
dirus,20
doleo,20
arbor,20
prospicio,20
ancilla,20
monstro,20
pauper,20
periclitor,20
candidus,20
mando,20
furor,20
aggredior,20
maleficium,20
suimet,19
manifestus,19
editus,19
fluctus,19
initium,19
amicitia,19
conscientia,19
committo,19
munio,19
abeo,19
praesidium,19
aptus,19
infelix,19
nutrio,19
eximius,19
ueneror,19
suauis,19
ratus,19
subministro,19
affero,19
dono,19
amo,19
respicio,19
sordidus,19
ambo,19
tolero,19
gesto,19
ignarus,19
prosterno,19
pone,19
dubius,19
sperno,19
uilla,19
frons,19
fugio,19
exhibeo,19
iustus,19
iumentum,19
idcirco,19
diues,19
insignis,19
ueritas,19
inspicio,18
urbs,18
euenio,18
contemplo,18
exiguus,18
moueo,18
custodia,18
onustus,18
mollis,18
dorsum,18
minor,18
ros,18
imber,18
largus,18
breuis,18
priusquam,18
pondus,18
quando,18
perfero,18
quatio,18
armatus,18
serus,18
sensus,18
sonus,18
animaduerto,18
fateor,18
etsi,18
positus,18
interea,18
obuius,18
pietas,18
tristis,18
commeo,18
epula,18
idoneus,18
copiosus,18
pastor,18
coram,18
praecipio,18
percieo,18
lacero,18
nuptialis,18
trepidus,18
lectulus,18
diligo,18
demonstro,18
delicatus,18
mereo,18
consuesco,18
acer,18
libenter,18
rite,18
flagito,18
carthago,18
queo,18
uacuus,18
scaena,18
immitto,18
ualetudo,18
praeco,18
commemoro,18
doctrina,18
adulter,18
aeuum,17
error,17
interdum,17
cogo,17
floreo,17
insula,17
sedes,17
iungo,17
interior,17
nisus,17
patefacio,17
corona,17
prodo,17
potens,17
ianua,17
custos,17
ubique,17
datum,17
facultas,17
exinde,17
habitus,17
lignum,17
sagitta,17
calco,17
feralis,17
tibia,17
percutio,17
mitis,17
sedo,17
balneum,17
lectus,17
gena,17
potior,17
exploro,17
nauis,17
fraus,17
laeto,17
socius,17
lenio,17
postquam,17
impedio,17
fluuius,17
laboro,17
nuntio,17
utique,17
offendo,17
tempto,17
supersum,17
excipio,17
remeo,17
rosa,17
panis,17
morsus,17
nobilis,17
exsurgo,17
decorus,17
uito,17
recens,17
baculum,17
euado,17
noceo,17
testamentum,17
paupertas,17
augeo,17
aether,16
sane,16
complexus,16
quantum,16
frequento,16
malo,16
terminus,16
fumus,16
purgo,16
obseruo,16
occulo,16
retineo,16
taeter,16
absoluo,16
sexus,16
misceo,16
mensis,16
splendor,16
purus,16
deiectus,16
temere,16
argentum,16
acies,16
postremo,16
indico,16
conspicuus,16
fama,16
iustitia,16
hio,16
pridem,16
fructus,16
acceptum,16
maereo,16
generosus,16
extinguo,16
uastus,16
nupta,16
curiositas,16
careo,16
innoxius,16
rarus,16
proinde,16
simulo,16
pristinus,16
reformo,16
uter,16
clamo,16
omitto,16
proripio,16
defectus,16
umerus,16
uisus,16
ripa,16
utcumque,16
utpote,16
adhibeo,16
iniuria,16
damnum,16
sublatus,16
testis,16
expedio,16
aditus,16
diligenter,16
pyxis,16
splendidus,16
pernicies,16
acerbus,16
rudis,16
lucrum,16
caducus,16
stabulum,16
deterior,16
magnitudo,15
condicio,15
aspicio,15
qualitas,15
constituo,15
piger,15
permisceo,15
uerbero,15
litus,15
pelagus,15
paulatim,15
exordium,15
absconditus,15
contrarius,15
indicium,15
plerumque,15
praesagium,15
semel,15
odor,15
substantia,15
tempero,15
refert,15
amoenus,15
disputo,15
seruulus,15
penes,15
agito,15
reduco,15
cultus,15
frux,15
arbitrium,15
necessitas,15
comito,15
tener,15
ei,15
mellitus,15
odium,15
ira,15
thalamus,15
spero,15
nubo,15
maestus,15
perimo,15
placidus,15
prope,15
uinculum,15
beatitudo,15
lamentatio,15
maturus,15
confingo,15
uterus,15
numero,15
pius,15
factio,15
collum,15
sopor,15
distraho,15
incido,15
ausculto,15
nauiter,15
ultro,15
facesso,15
procerus,15
iussus,15
auaritia,15
stips,15
uector,15
decem,15
nummus,15
corium,15
uigor,15
aegre,15
ferinus,15
naris,15
reputo,15
fustis,15
emo,15
praesertim,15
h,15
nimis,15
aegritudo,15
agnosco,14
quare,14
comprehendo,14
prudens,14
secor,14
tegmen,14
proficiscor,14
uapor,14
attingo,14
frigidus,14
fabrico,14
fax,14
moles,14
figura,14
faux,14
constringo,14
consimilis,14
infero,14
praecipito,14
excutio,14
zephyrus,14
quia,14
temperatus,14
incendium,14
reuertor,14
deprehendo,14
musicus,14
proelium,14
paululum,14
tectum,14
limen,14
appono,14
momentum,14
pereo,14
conuiuium,14
umbra,14
gloriosus,14
caerimonia,14
tracto,14
discurro,14
foedus,14
patrimonium,14
decus,14
faber,14
sancio,14
maeror,14
sollemnis,14
pompa,14
sufficio,14
lucus,14
uehementer,14
seruio,14
cubitum,14
decedo,14
patria,14
conatus,14
pendulus,14
tantillus,14
uigilia,14
latenter,14
ardeo,14
audacia,14
quiesco,14
diuinatio,14
desidero,14
conscius,14
iacto,14
lateo,14
lepidus,14
reprehendo,14
testor,14
praeparo,14
nequaquam,14
rabies,14
lubricus,14
laeuus,14
ictus,14
cruor,14
lancea,14
tergum,14
calx,14
potio,14
quo,14
alacer,14
ungula,14
obicio,14
impertio,14
postremus,14
priuignus,14
polliceor,14
praebeo,14
cor,14
merus,14
ni,14
quid,14
reus,14
affatim,14
perhibeo,14
diligens,13
scientia,13
compleo,13
fluentum,13
recta,13
ultra,13
materia,13
calor,13
aperio,13
situs,13
extrinsecus,13
concieo,13
oriens,13
romanus,13
fallo,13
uulgo,13
impello,13
proicio,13
cognitus,13
solidus,13
ater,13
custodio,13
morior,13
coma,13
immineo,13
utilitas,13
penetro,13
curia,13
fanum,13
procuro,13
largior,13
occurro,13
otiosus,13
augustus,13
affirmo,13
utilis,13
plusculus,13
supplico,13
propitio,13
platea,13
sisto,13
finio,13
detergeo,13
uiuus,13
cunctor,13
crucio,13
claudo,13
setius,13
praecipue,13
sedulo,13
commendo,13
exspecto,13
procurro,13
sauium,13
arcanus,13
recordor,13
suboles,13
undique,13
praesente,13
occipio,13
moratus,13
laqueus,13
suspendo,13
serpens,13
trux,13
deuoro,13
delecto,13
nudo,13
oleum,13
saeuitia,13
caueo,13
expono,13
sedeo,13
clementer,13
haurio,13
indignor,13
cito,13
cassus,13
modestia,13
hilaris,13
deformis,13
difficultas,13
cibarius,13
theatrum,13
offula,13
culpa,13
bracchium,13
inhaereo,13
popularis,13
destinatum,13
detraho,13
utinam,13
facundia,13
scriptum,13
polleo,13
utor,13
considero,13
forum,13
hereditas,13
auitus,13
uereor,13
sanus,13
arbiter,13
integer,13
aeternus,13
hortulanus,13
resisto,13
commilito,13
motus,12
pasco,12
campus,12
diuido,12
sicut,12
meatus,12
premo,12
impar,12
ortus,12
flecto,12
serenus,12
effundo,12
tempestas,12
porta,12
notus,12
torqueo,12
tormentum,12
hostis,12
cauus,12
acuo,12
angulus,12
nonnullus,12
aestus,12
aequus,12
consul,12
nihilum,12
regius,12
regalis,12
obseruatio,12
regnum,12
consentio,12
monile,12
machina,12
paratus,12
ager,12
fruor,12
innocens,12
occupo,12
tribunal,12
zeus,12
admoueo,12
neglego,12
uictima,12
contemptus,12
corrumpo,12
genuinus,12
osculum,12
defleo,12
stirps,12
struo,12
funus,12
canities,12
paries,12
prorsum,12
clemens,12
consuetudo,12
serius,12
sacrilegus,12
satio,12
nata,12
partus,12
bonum,12
punio,12
raptim,12
rudimentum,12
locuples,12
infortunium,12
funestus,12
denego,12
cupidus,12
blandus,12
existimatio,12
rus,12
exaspero,12
dissimulo,12
inquietus,12
fessus,12
grauiter,12
supercilium,12
adoro,12
obtineo,12
iro,12
cotidie,12
reuinco,12
furo,12
delitesco,12
genu,12
uetustus,12
inclutus,12
meditor,12
mercurius,12
incedo,12
comiter,12
prandium,12
debilis,12
secreto,12
suscito,12
egomet,12
prehendo,12
occasio,12
opportunus,12
spina,12
parco,12
asseuero,12
transigo,12
corruo,12
aspernor,12
somnium,12
accurate,12
sponte,12
clamito,12
celer,12
prodeo,12
barbarus,12
mediocris,12
praecedo,12
insimulo,12
patronus,12
pudens,12
licet,12
liberalis,12
eloquentia,12
publice,12
auditorius,12
recito,12
profanus,12
peregrinatio,12
insania,12
confiteor,12
optime,12
interrogo,12
contraho,12
inpraesentiarum,12
impetro,12
matrona,12
proconsul,12
tutus,12
donec,12
cauea,12
addico,11
amnis,11
admiratio,11
diligentia,11
aliquando,11
sphaera,11
artifex,11
globus,11
contineo,11
flatus,11
animo,11
ueho,11
confundo,11
ambitus,11
fretus,11
concipio,11
includo,11
uiduo,11
caligo,11
urgeo,11
incito,11
aura,11
cieo,11
unda,11
corusco,11
dis,11
onus,11
concordia,11
hora,11
saeculum,11
separo,11
multo,11
peruigil,11
incoho,11
nuntius,11
significo,11
incrementum,11
crus,11
sollertia,11
mitigo,11
solutus,11
pulso,11
inmodicus,11
aduena,11
currus,11
accusator,11
apparatus,11
rubor,11
caritas,11
moror,11
adipiscor,11
cantus,11
sensim,11
pecus,11
gemma,11
rimor,11
claustrum,11
lassitudo,11
refoueo,11
accumbo,11
opimus,11
properus,11
desertum,11
succumbo,11
admoneo,11
perfruor,11
reficio,11
libet,11
deterreo,11
firmiter,11
mucro,11
natalis,11
lucidus,11
senectus,11
astus,11
sepelio,11
subsisto,11
concinno,11
completus,11
caecus,11
depromo,11
uilis,11
detego,11
uesanus,11
pabulum,11
promo,11
pueritia,11
contemno,11
rusticus,11
asper,11
famosus,11
multiiugus,11
tacita,11
repello,11
proximo,11
praeses,11
contubernalis,11
malum,11
diuinitus,11
reporto,11
memor,11
claudus,11
rogo,11
obsero,11
accurro,11
adulterium,11
eligo,11
digredior,11
metamorphosis,11
cruentus,11
pauor,11
remaneo,11
suspicor,11
ambages,11
floridus,11
strepitus,11
consisto,11
usquam,11
deuerto,11
denarius,11
tenus,11
imperitus,11
difficilis,11
itidem,11
concilio,11
auctus,11
celeber,11
pauperies,11
malitia,11
aufero,11
scrupulus,11
fiducia,11
piscator,11
fortasse,11
alibi,11
medicina,11
uictus,11
erudio,11
libertas,11
dedecus,11
persuadeo,11
profectus,11
exerceo,11
attono,11
caedes,11
complector,10
orno,10
uolumen,10
supra,10
quattuor,10
obliquus,10
septem,10
ardor,10
rumpo,10
quapropter,10
fundo,10
orior,10
reliquiae,10
fetus,10
cado,10
dispergo,10
defluo,10
fecundus,10
graece,10
exortus,10
procella,10
arcus,10
celeritas,10
tollo,10
uiolentia,10
progressus,10
nondum,10
imito,10
iuxta,10
ornatus,10
habitudo,10
clausum,10
compono,10
comitatus,10
nanciscor,10
etenim,10
tempestiuus,10
inuoluo,10
copulo,10
pareo,10
prouentus,10
misericordia,10
supplicium,10
ministro,10
palma,10
deformo,10
uiduus,10
praefero,10
roseus,10
leniter,10
procus,10
apollo,10
retro,10
taeda,10
prosequor,10
tundo,10
cacumen,10
inuito,10
confercio,10
nouitas,10
itero,10
affectio,10
grauor,10
scelestus,10
sciscitor,10
commentum,10
tecum,10
sagino,10
palmula,10
abscondo,10
tenax,10
pallor,10
genialis,10
lasciuio,10
cutis,10
miseror,10
lenis,10
enormis,10
supellex,10
luxuria,10
foras,10
blandior,10
glorior,10
sis,10
prohibeo,10
prosum,10
renuntio,10
abnuo,10
aquila,10
cunctatio,10
miseratio,10
pecu,10
cesso,10
secundum,10
for,10
comminiscor,10
reseruo,10
fenestra,10
enuntio,10
salto,10
narro,10
occulto,10
nonnumquam,10
participo,10
recognosco,10
repono,10
rapina,10
adusque,10
tumultus,10
medella,10
conspicor,10
uendo,10
deligo,10
palam,10
hostia,10
consularis,10
innocentia,10
oppido,10
disertus,10
pudeo,10
uspiam,10
noxa,10
miro,10
passus,10
studeo,10
sanitas,10
auctoritas,10
hisco,10
apprime,10
uocabulum,10
miraculum,10
pallium,10
porro,10
ango,10
prosperus,10
quartus,10
heres,10
pugna,10
dimoueo,10
pudicitia,10
iugulo,10
priuatus,10
lorum,10
uenerabilis,10
daemon,10
ursa,10
penetralis,9
pernicitas,9
explico,9
immobilis,9
tellus,9
perlucidus,9
affigo,9
reciprocus,9
illumino,9
sacro,9
necto,9
finitimus,9
labes,9
uehemens,9
cultor,9
spargo,9
immensus,9
agmen,9
colligo,9
sat,9
terrestris,9
uisio,9
intersum,9
festinatio,9
uespertinus,9
trepido,9
adolesco,9
dissimilis,9
pictura,9
ualeo,9
mico,9
uena,9
rector,9
comminus,9
celsus,9
praeficio,9
gestus,9
procliuis,9
agrestis,9
mensura,9
istic,9
induo,9
intereo,9
semen,9
pinnatus,9
ultio,9
praeteritus,9
consequor,9
specimen,9
ara,9
cinis,9
usurpo,9
ingratus,9
tremo,9
pigeo,9
letalis,9
paueo,9
leuo,9
conquiesco,9
luculentus,9
introeo,9
iterum,9
monitus,9
diluo,9
instrumentum,9
daps,9
pateo,9
uirginitas,9
timeo,9
delectatio,9
propere,9
certatim,9
exitiabilis,9
carcer,9
extorqueo,9
terreo,9
deicio,9
uectura,9
postliminium,9
scrupulosus,9
flagro,9
sursum,9
duro,9
uelitor,9
pestis,9
destringo,9
iugulum,9
misereor,9
persono,9
temeritas,9
abdo,9
modulus,9
oblino,9
sublimo,9
candeo,9
excubo,9
celo,9
uocalis,9
rapio,9
gressus,9
minuo,9
anceps,9
titubo,9
ala,9
articulus,9
inhio,9
beneuolus,9
uolatus,9
permulceo,9
scitulus,9
expleo,9
aduentus,9
necdum,9
demergo,9
conuicium,9
horridus,9
exclamo,9
emergo,9
angor,9
subinde,9
culpo,9
delicia,9
hordeum,9
draco,9
antiquus,9
exanclo,9
fortiter,9
limus,9
libellus,9
cachinnus,9
sollicitudo,9
auius,9
bibo,9
insisto,9
uasculum,9
foramen,9
manes,9
reor,9
transeo,9
humilis,9
ineptus,9
reuelo,9
perfundo,9
conscribo,9
prosapia,9
conseruus,9
insurgo,9
stupor,9
insanus,9
obtundo,9
formo,9
pudicus,9
detestabilis,9
deuersor,9
heus,9
opperior,9
expugno,9
discutio,9
casula,9
castellum,9
numerosus,9
fames,9
uiator,9
spelunca,9
comprimo,9
extrarius,9
opulentus,9
taedium,9
subicio,9
subito,9
praesaepium,9
maledictum,9
denuo,9
intellectus,9
artificium,9
ludicer,9
captus,9
percenseo,9
illecebra,9
socrates,9
uanus,9
exorior,9
pertineo,9
transfero,9
propterea,9
hercule,9
bellum,9
instinctus,9
initio,9
contubernium,9
pono,9
cumque,9
paternus,9
promitto,9
collegium,9
dolium,9
pistor,9
constans,9
constantia,9
delibutus,9
cratis,9
calix,9
fortitudo,9
rationabilis,9
effor,8
studiose,8
intendo,8
pariter,8
caelus,8
dictus,8
circulus,8
uicissim,8
frequenter,8
rigor,8
fulmen,8
nemus,8
ignotus,8
conflo,8
incendo,8
ornamentum,8
nebula,8
perspicuus,8
nubilus,8
quot,8
densus,8
erigo,8
latine,8
percello,8
obtutus,8
incolumis,8
maneo,8
tantum,8
accido,8
oraculum,8
natiuus,8
margo,8
mobilis,8
ciuilis,8
consonus,8
quaeso,8
adiuuo,8
digero,8
ter,8
laetitia,8
genitor,8
admirabilis,8
compendium,8
fabrica,8
repeto,8
institutum,8
concludo,8
exercitus,8
molior,8
ruina,8
curro,8
circumfero,8
scitum,8
canticum,8
eadem,8
aestimo,8
decretum,8
infectus,8
regina,8
penuria,8
rumor,8
primoris,8
peruado,8
caeruleus,8
stilla,8
confluo,8
foedo,8
impatiens,8
comprobo,8
maternus,8
despondeo,8
horresco,8
affor,8
uaticinatio,8
effectus,8
lugubris,8
ululatus,8
festinus,8
uallis,8
subdo,8
fulguro,8
congero,8
fatigatio,8
proueho,8
plangor,8
mulceo,8
ingero,8
blanditia,8
uenerius,8
resulto,8
madeo,8
affluo,8
montanus,8
roboro,8
detorqueo,8
parricidium,8
teres,8
tranquillus,8
inflammo,8
pastus,8
extra,8
incuria,8
nouacula,8
cubo,8
cubile,8
nodus,8
subsidium,8
pernix,8
affectus,8
marcidus,8
timor,8
lassus,8
pererro,8
propitius,8
affligo,8
proxime,8
promereo,8
inopia,8
stimulus,8
ascendo,8
intentus,8
musa,8
aegrotus,8
lito,8
adorior,8
masculus,8
prospecto,8
spica,8
aedis,8
conuallis,8
donum,8
perterreo,8
specula,8
sero,8
intro,8
legitimus,8
frumentum,8
cumulus,8
exsecror,8
ruo,8
distribuo,8
fraglans,8
ouis,8
contortus,8
singularis,8
conterminus,8
deiero,8
turris,8
decido,8
assideo,8
infernus,8
uegetus,8
recurro,8
iuuentus,8
priuo,8
anicula,8
historia,8
improbo,8
deorsum,8
turba,8
fidelis,8
perspicio,8
prospectus,8
insequor,8
carpo,8
attollo,8
decipio,8
irrepo,8
durus,8
libo,8
forsitan,8
abigo,8
uirilis,8
ambulo,8
compareo,8
profusus,8
uincio,8
robur,8
mel,8
denuntio,8
domi,8
patientia,8
tunica,8
intorqueo,8
praecordium,8
industria,8
duplex,8
confido,8
gratulor,8
mediocritas,8
cupiditas,8
fors,8
rideo,8
exorno,8
libertus,8
opulentia,8
strenuus,8
supero,8
tutor,8
holus,8
incredibilis,8
uiduitas,8
experior,8
patruus,8
hodiernus,8
ceu,8
hodie,8
naturalis,8
sudor,8
capto,8
acta,8
formus,8
discrepo,8
anulus,8
humanitas,8
legatus,8
bos,8
sumptus,8
recingo,8
unguis,8
adiuro,8
sacramentum,8
praefor,8
sinister,8
indignus,7
interuallum,7
uicinia,7
cardo,7
medietas,7
umidus,7
rapidus,7
astrum,7
erro,7
citer,7
corono,7
illustris,7
altitudo,7
ordino,7
sanctus,7
turbidus,7
propinquus,7
uestio,7
coniungo,7
quinque,7
adhaereo,7
aperto,7
termino,7
angustia,7
pando,7
meta,7
pingo,7
metior,7
genero,7
actus,7
flo,7
tumidus,7
meridies,7
canus,7
perfringo,7
auditus,7
resero,7
anhelitus,7
aluus,7
uenenatus,7
progredior,7
incommodus,7
fluxus,7
albus,7
consensus,7
series,7
mergo,7
consumo,7
corporeus,7
arx,7
consecro,7
exter,7
diurnus,7
guberno,7
oporteo,7
tantummodo,7
frenum,7
competo,7
decurio,7
fungor,7
aequitas,7
multiformis,7
definio,7
illustro,7
studiosus,7
germen,7
quasso,7
sordes,7
nimirum,7
inlicitus,7
stimulo,7
ora,7
sudus,7
percipio,7
adfectus,7
edico,7
lacrimosus,7
adhortor,7
inefficax,7
constitutus,7
dedo,7
resurgo,7
latex,7
meditullium,7
argenteus,7
conuersatio,7
prolecto,7
suggestus,7
edulium,7
canto,7
cithara,7
praestolor,7
adnuo,7
spondeo,7
expostulo,7
coniugalis,7
posco,7
perniciosus,7
succedo,7
inhumanus,7
exigo,7
speciosus,7
fomentum,7
aduro,7
sobrius,7
superbia,7
firmus,7
commoneo,7
praecaueo,7
exeo,7
approbo,7
feruidus,7
dulcedo,7
pedica,7
fallacia,7
assentio,7
calamitas,7
latibulum,7
conscendo,7
fluctuo,7
obstino,7
descendo,7
temulentus,7
inuolo,7
magisterium,7
actutum,7
herba,7
inscius,7
rusticanus,7
autumo,7
praecipitium,7
arcesso,7
sopio,7
ales,7
circumeo,7
nato,7
commodum,7
lepos,7
fastidium,7
amanter,7
frugi,7
congruentia,7
nurus,7
concessus,7
amarus,7
peruicax,7
patrocinium,7
seruilis,7
glaeba,7
ramus,7
depositum,7
tenuo,7
incessus,7
usura,7
publicitus,7
defendo,7
haereo,7
digno,7
discerno,7
consterno,7
conuoco,7
distineo,7
fluuialis,7
urnula,7
pupula,7
expers,7
libro,7
renideo,7
stipes,7
gerulus,7
fas,7
auarus,7
elabor,7
recondo,7
cotidianus,7
puerilis,7
inflo,7
stilus,7
frequentia,7
uestigo,7
uenatio,7
amitto,7
inscendo,7
deuoluo,7
sepultura,7
nimietas,7
queror,7
immisceo,7
auidus,7
securis,7
importunus,7
largiter,7
proelior,7
inanis,7
incutio,7
incanto,7
quisnam,7
pagus,7
possessio,7
iocus,7
faenum,7
cauillor,7
proclamo,7
absonus,7
no,7
uarie,7
depingo,7
crimino,7
scruto,7
consaepio,7
uiolenter,7
laniena,7
defensio,7
prouoco,7
obliuiscor,7
iuro,7
refuto,7
suesco,7
macula,7
obiecto,7
nefas,7
excellens,7
promoueo,7
amatorius,7
saluus,7
opto,7
incognitus,7
turpitudo,7
leuitas,7
inquiro,7
inops,7
exprobro,7
dica,7
liberalitas,7
stultitia,7
nonne,7
frustror,7
calleo,7
discrimen,7
pulmentum,7
eruditio,7
stultus,7
quaestio,7
quotiens,7
sicinius,7
ceno,7
adueho,7
solitarius,7
exuo,7
medeor,7
persequor,7
patrius,7
labia,7
oboedio,7
perpes,7
oborior,7
missa,7
recuso,7
simultas,7
inopinatus,7
nusquam,7
exsilium,7
pudet,7
chaldaeus,7
nouerca,7
sector,7
incunctanter,7
perhorresco,7
exuuia,7
tantisper,7
profectio,7
seruitium,7
defigo,7
continuo,7
trepidatio,7
attraho,7
neco,7
hortulus,7
uerecundia,7
cauda,7
balteus,7
commodo,7
dedico,7
inceptum,7
stipo,7
intexo,7
deosculor,7
particeps,6
professio,6
peruius,6
uniuersitas,6
opertum,6
ignio,6
uagus,6
almus,6
fluo,6
exin,6
infundo,6
sincerus,6
mutabilis,6
desuper,6
uario,6
circumfundo,6
aerius,6
cingo,6
angustus,6
columna,6
surgo,6
pruina,6
frigus,6
exprimo,6
pluuius,6
improuisus,6
frango,6
passio,6
tractus,6
mano,6
exsequor,6
summitto,6
homerus,6
boo,6
impleo,6
uelox,6
obtingo,6
uro,6
admirandus,6
contagio,6
propius,6
admiror,6
egeo,6
conuentus,6
aequalitas,6
portio,6
euentus,6
placo,6
remitto,6
resto,6
procer,6
fuscus,6
fulgeo,6
ebur,6
imperator,6
collustro,6
circuitus,6
tuba,6
clipeus,6
obsum,6
bellus,6
aduerto,6
incolumitas,6
reuincio,6
inuoco,6
abrumpo,6
erepo,6
inuicem,6
subigo,6
pollex,6
puluinar,6
apprecor,6
fremo,6
priscus,6
formositas,6
aemulatio,6
miseria,6
caneo,6
barba,6
plebs,6
complaceo,6
odi,6
suspecto,6
latinus,6
excelsus,6
creo,6
ferus,6
debilito,6
infaustus,6
querulus,6
flammeus,6
monitum,6
ingressus,6
defessus,6
molliter,6
rupes,6
caespes,6
roscidus,6
cauo,6
altrinsecus,6
horreum,6
obstipesco,6
nectareus,6
damnosus,6
monitio,6
neue,6
conubium,6
insero,6
plango,6
opipare,6
perpetro,6
glisco,6
perstrepo,6
dego,6
sortior,6
obdo,6
laboriosus,6
persona,6
collabor,6
nobiscum,6
praeconius,6
propago,6
pignus,6
cresco,6
impius,6
arma,6
continentia,6
documentum,6
supplex,6
germanus,6
uelocitas,6
sedile,6
triclinium,6
mendax,6
ignorantia,6
ingluuies,6
colonus,6
alimonia,6
maturo,6
clandestinus,6
magnopere,6
facinorosus,6
praeacutus,6
opportunitas,6
aduolo,6
poples,6
lacteus,6
pharetra,6
petulans,6
perfidia,6
ferueo,6
audax,6
exsilio,6
deuincio,6
remigium,6
uocula,6
omnimodus,6
instructus,6
coniecto,6
suspiritus,6
trames,6
sollicito,6
uitricus,6
lusus,6
bilis,6
uenustas,6
delinquo,6
luxuries,6
expeto,6
rapax,6
pauculus,6
opitulor,6
litteratus,6
delubrum,6
accommodo,6
suffragium,6
ultroneus,6
gannitus,6
seiugo,6
inextricabilis,6
alumnus,6
balsamum,6
acriter,6
attendo,6
formidabilis,6
cornu,6
saxeus,6
mollities,6
canalis,6
obruo,6
utrimque,6
truculentus,6
accepta,6
contero,6
uelamentum,6
prorumpo,6
subitus,6
inibi,6
hactenus,6
puter,6
decurro,6
horrendus,6
dormio,6
absentia,6
laedo,6
praedo,6
receptus,6
delibero,6
furiosus,6
indago,6
ferio,6
lanio,6
coeptum,6
excio,6
defungor,6
improbus,6
exopto,6
tarditas,6
fidus,6
nex,6
sepulchrum,6
computo,6
crapula,6
papilla,6
commendatio,6
perueho,6
incola,6
lupus,6
eximie,6
crudelis,6
pax,6
aliquanto,6
spongia,6
liquidus,6
caseus,6
commoror,6
nidor,6
emptor,6
ferox,6
hebes,6
praeuenio,6
blatero,6
purpura,6
impono,6
praesumptio,6
concupisco,6
spurcus,6
asellus,6
contemplatio,6
expergo,6
aetatula,6
peccatum,6
paulo,6
sucus,6
dispendium,6
facundus,6
indoctus,6
lasciuus,6
insolentia,6
geminus,6
centunculus,6
discipulus,6
impendium,6
primarius,6
radius,6
obscurus,6
impotentia,6
benignus,6
domesticus,6
claudius,6
egenus,6
confessio,6
acquiro,6
egestas,6
modice,6
caupo,6
communio,6
cantamen,6
arguo,6
obiectum,6
gula,6
prolabor,6
instituo,6
attribuo,6
decerpo,6
comoedia,6
callidus,6
absurdus,6
calculus,6
coalesco,6
magnificus,6
conexum,6
puerulus,6
excogito,6
doctor,6
redigo,6
inuerto,6
concido,6
pulchre,6
uigilo,6
candor,6
clauis,6
condo,6
linteus,6
asseruo,6
indiuiduus,6
desperatus,6
uulturius,6
hesternus,6
forus,6
tantulus,6
seuerus,6
suppeto,6
pinnula,6
ignosco,6
adultus,6
epistola,6
athenae,6
amolior,6
abduco,6
repugno,6
otium,6
monstrum,6
captiuus,6
uitiosus,6
quinquaginta,6
sterilis,6
uiginti,6
omen,6
funditus,6
gladiator,6
aufugio,6
offensus,6
flexus,6
neruus,6
discursus,6
applico,6
pulsus,6
ingemesco,6
mancipo,6
intectus,6
deuotio,6
assidue,6
sulfur,6
depello,6
promineo,6
obliquo,6
profugio,6
pendeo,6
cohors,6
uireo,6
ostento,6
tibicen,6
sitis,6
centum,6
effigies,6
affecto,6
dominor,6
pango,6
iracundia,6
aduersum,6
iurandum,6
sitio,6
folium,6
crastinus,6
nasus,6
inanimus,6
captiuitas,6
receptaculum,6
abstinentia,6
inuestigatio,5
territus,5
despicio,5
uolucer,5
huiuscemodi,5
inexplebilis,5
ordinatio,5
supernus,5
lapsus,5
reuoluo,5
appareo,5
nota,5
ambio,5
aequalis,5
grex,5
totidem,5
uiuacitas,5
soluo,5
emico,5
nix,5
salum,5
attineo,5
densitas,5
erumpo,5
occiduus,5
saepis,5
nauigo,5
longinquus,5
diuisio,5
cingulum,5
umor,5
subtilis,5
serenitas,5
diuersitas,5
discindo,5
effusus,5
eurus,5
aestiuus,5
procreo,5
perturbo,5
fundus,5
occasus,5
reflo,5
signo,5
aristoteles,5
attero,5
catena,5
occido,5
potus,5
mortifer,5
antistes,5
recipero,5
nuto,5
mugitus,5
detrimentum,5
obitus,5
pugno,5
amplector,5
concentus,5
syllaba,5
dispar,5
distinguo,5
figo,5
sospito,5
tendo,5
militia,5
ianitor,5
mancipium,5
resido,5
ignauia,5
conuersio,5
filum,5
deinceps,5
continuus,5
constitutum,5
hymnus,5
tumor,5
innumerus,5
accingo,5
galea,5
unusquisque,5
eques,5
probus,5
praesideo,5
tueor,5
fastigium,5
caedo,5
precor,5
intercipio,5
quondam,5
promulgo,5
dominatio,5
festus,5
ludus,5
genius,5
platanus,5
laurus,5
cupressus,5
animalis,5
frugifer,5
ascribo,5
celebritas,5
inaccessus,5
tributus,5
uirginalis,5
ueneratio,5
impune,5
procax,5
effatum,5
pressulus,5
flagrantia,5
obsisto,5
oceanus,5
petitor,5
polio,5
uolito,5
stygius,5
lamento,5
fuligo,5
senecta,5
conticesco,5
caelamen,5
discrimino,5
porticus,5
libens,5
interficio,5
indefessus,5
dilabor,5
colloquium,5
refectio,5
ubertim,5
parilis,5
amens,5
alloquor,5
praecordia,5
lanosus,5
inumbro,5
praeniteo,5
imperito,5
fetidus,5
superbus,5
ostentatio,5
propello,5
efflo,5
turgidus,5
dolus,5
eminus,5
perfidus,5
insidiae,5
posthac,5
simplicitas,5
infans,5
furia,5
anhelo,5
momentarius,5
hilaro,5
psallo,5
remulceo,5
nequitia,5
dissimulanter,5
uehiculum,5
altercor,5
monstruosus,5
extermino,5
coacta,5
incuriosus,5
declino,5
concubitus,5
tenellus,5
promissio,5
permaneo,5
cuias,5
mutuor,5
audaciter,5
uotiuus,5
alo,5
diffido,5
oblatio,5
intueor,5
purpureus,5
plumula,5
insatiabilis,5
euomo,5
hem,5
excido,5
raptus,5
tondeo,5
capella,5
experimentum,5
alternus,5
salutatio,5
dissipo,5
secedo,5
liberi,5
insuauis,5
immaturus,5
praesumo,5
sobrietas,5
castigo,5
derado,5
ceres,5
arrideo,5
preterea,5
officina,5
concito,5
emetior,5
semoueo,5
corrogo,5
proserpina,5
sacrarium,5
congeries,5
cognatus,5
suffigo,5
leo,5
iuno,5
subuenio,5
profugus,5
ineuitabilis,5
construo,5
columba,5
passer,5
canorus,5
renuo,5
mandatus,5
fugitiuus,5
famulitium,5
inquisitio,5
contumacia,5
interuiso,5
nepos,5
aceruatim,5
assigno,5
agilis,5
perniciter,5
inspiro,5
uiridis,5
laxo,5
atrium,5
palus,5
raucus,5
dedolo,5
tumulus,5
addictus,5
culmen,5
mulsum,5
gratuitus,5
squalidus,5
repleo,5
latratus,5
residuus,5
semita,5
reualesco,5
alumnor,5
arripio,5
coquo,5
fistula,5
adnuntio,5
socio,5
erilis,5
frondosus,5
insilio,5
supino,5
conformo,5
perperam,5
instantia,5
medulla,5
detestor,5
trucido,5
percussor,5
perluo,5
subtraho,5
opprimo,5
exspectatio,5
furtim,5
sicarius,5
unio,5
pullus,5
commeatus,5
perfungor,5
grassor,5
dilectus,5
reuoco,5
frutex,5
auus,5
sarcinula,5
funiculus,5
caro,5
cohaereo,5
subsiciuus,5
conterreo,5
ridiculus,5
pigritia,5
circumsto,5
effugio,5
mire,5
incurro,5
caenosus,5
sericus,5
gestamen,5
talus,5
laniatus,5
aereus,5
quaestus,5
pinguis,5
aries,5
sacrificium,5
cenula,5
complures,5
intus,5
colloquor,5
fortuitus,5
compositus,5
desisto,5
perseuero,5
uecors,5
conuictus,5
loco,5
increpo,5
oriundus,5
promissum,5
exsto,5
sermocinor,5
inutilis,5
rostrum,5
exsculpo,5
sin,5
optimas,5
dirumpo,5
possido,5
facilitas,5
repraesento,5
opifex,5
illido,5
exsero,5
geometria,5
reticeo,5
curius,5
catus,5
supersedeo,5
deprauo,5
scipio,5
moderatio,5
f,5
taurus,5
pera,5
toga,5
alexander,5
nobilitas,5
em,5
aduocatus,5
interpretor,5
eos,5
tus,5
lac,5
surculus,5
pratum,5
peritus,5
iactus,5
moderatus,5
ueneficium,5
genitalis,5
grauitas,5
perpetior,5
conquiro,5
displiceo,5
assurgo,5
proscindo,5
crudus,5
bibliotheca,5
confirmo,5
consultum,5
comitialis,5
contamino,5
euidens,5
examino,5
trinus,5
malignus,5
libere,5
depono,5
insolitus,5
erga,5
uersor,5
uestitus,5
primitia,5
ligneus,5
dictito,5
adulescentulus,5
fundamentum,5
propono,5
exanimo,5
roma,5
saluber,5
descisco,5
simulatio,5
lupanar,5
intrepidus,5
pridie,5
abhorreo,5
restituo,5
minime,5
scaeuus,5
desolo,5
perfecte,5
beneuolentia,5
colloco,5
linteum,5
faueo,5
demo,5
damno,5
transcurro,5
irrumpo,5
angiportus,5
mansuetus,5
capistrum,5
cellula,5
forensis,5
negotiator,5
mola,5
obtego,5
languidus,5
tardus,5
timidus,5
stipendium,5
pessulus,5
uadimonium,5
labium,5
alueus,5
fugo,5
ascisco,5
flebilis,5
rota,5
conor,5
tyrannicus,5
inhibeo,5
uariego,5
modifico,5
riuulus,5
utensilis,5
africa,5
fauor,5
psittacus,5
portus,5
saepenumero,5
regredior,5
uelum,5
dilatio,5
saluto,5
clauus,5
tenere,5
uesper,5
uado,5
corolla,5
confinius,5
antefero,5
conclamatus,5
madidus,5
euello,5
percussus,5
pignero,5
summe,5
fluctuor,5
fascis,5
uillula,5
inueho,5
condignus,5
immoderatus,5
propheta,4
describo,4
moenia,4
amoenitas,4
extollo,4
mirabilis,4
quemadmodum,4
societas,4
radix,4
boreas,4
sidereus,4
roto,4
signifer,4
circumdo,4
infinitus,4
immutabilis,4
uaporo,4
inuro,4
glacialis,4
flabra,4
silua,4
distinctus,4
continens,4
copula,4
uestibulum,4
stadium,4
uisibilis,4
aridus,4
nubecula,4
concerno,4
iactatio,4
udus,4
impulsus,4
uitalis,4
uegeto,4
lacus,4
conglobo,4
atticus,4
uocito,4
septemtrio,4
perseuerantia,4
prosilio,4
ignobilis,4
accessus,4
hibernus,4
onero,4
penetrabilis,4
breuiter,4
fulgor,4
uirga,4
aliquantisper,4
spiraculum,4
circumago,4
interimo,4
insinuo,4
exitus,4
exspiro,4
insolens,4
peregrinus,4
ignauus,4
femineus,4
luteus,4
collecta,4
hiems,4
ordior,4
texo,4
faex,4
sileo,4
uates,4
indulgentia,4
humilitas,4
lenocinium,4
notitia,4
firmitas,4
uenatus,4
speculator,4
quilibet,4
partio,4
astutia,4
uibro,4
propero,4
multiplico,4
saturnus,4
resono,4
releuo,4
reluceo,4
desidia,4
occidens,4
insector,4
aduento,4
scaenicus,4
profundo,4
incumbo,4
iuuo,4
hospitalis,4
proprietas,4
initialis,4
profano,4
uicarius,4
suauior,4
planta,4
hispidus,4
diffamo,4
enodo,4
lugeo,4
profor,4
abstrusus,4
deuersorium,4
deminuo,4
late,4
mirificus,4
ferculum,4
modulor,4
adfatus,4
moneo,4
pessum,4
susurrus,4
uocatus,4
deporto,4
fel,4
iniquus,4
prognatus,4
caluus,4
complico,4
curuo,4
perfrico,4
tumeo,4
nedum,4
redintegro,4
insons,4
plaudo,4
punctulum,4
singultus,4
sacrosanctus,4
erogo,4
indulgeo,4
officio,4
decanto,4
praeuerto,4
nutrimentum,4
uentosus,4
fatuus,4
lanugo,4
peruolo,4
deuolo,4
pressura,4
acquiesco,4
accola,4
innato,4
semihians,4
patens,4
implicitus,4
confinis,4
infirmus,4
ambrosius,4
uacillo,4
uolatilis,4
tremulus,4
punctum,4
spons,4
patulus,4
basio,4
scius,4
pluma,4
edoceo,4
upilio,4
luxuriosus,4
rebullio,4
saltus,4
sceleratus,4
loquax,4
quirito,4
adopto,4
uernula,4
totiens,4
uidua,4
habito,4
squaleo,4
inficio,4
porto,4
bellulus,4
gratiosus,4
aceruus,4
falx,4
rigo,4
uerro,4
cista,4
luminosus,4
tonans,4
moene,4
ueto,4
accipiter,4
pertimesco,4
retraho,4
adrigo,4
cancer,4
inmitto,4
renitor,4
socrus,4
flagellum,4
plurifariam,4
commisceo,4
admolior,4
classis,4
omniparens,4
uagor,4
uellus,4
uaticinor,4
harundo,4
furatrina,4
congestus,4
subrideo,4
adulterinus,4
irrigo,4
ductus,4
diecula,4
deuius,4
transmeo,4
agaso,4
charon,4
aes,4
supernato,4
textrix,4
insidia,4
nauita,4
recolo,4
asinarius,4
aliquantus,4
conuulnero,4
alligo,4
congruus,4
asto,4
nefandus,4
exercitatus,4
antesto,4
aspergo,4
exsulto,4
quorsum,4
umbrosus,4
aper,4
saeta,4
indipiscor,4
uenabulum,4
cunctabundus,4
fidenter,4
transadigo,4
auide,4
affingo,4
bacchor,4
caterua,4
hilarus,4
munia,4
tonitrus,4
interpello,4
auspicor,4
impressus,4
instanter,4
garrio,4
persentisco,4
postpono,4
coaequo,4
orbitas,4
monumentum,4
peremptor,4
ualua,4
elido,4
permetior,4
rabidus,4
ursus,4
collis,4
suppetior,4
obtero,4
uulnero,4
recedo,4
commonefacio,4
pello,4
memorabilis,4
latebra,4
sordeo,4
mordicus,4
emptio,4
mansuetudo,4
modestus,4
mercor,4
incurso,4
flagrum,4
carnificina,4
sacculus,4
adduco,4
iubar,4
principalis,4
uenaticus,4
coquus,4
sagacitas,4
abhinc,4
sex,4
iurgium,4
cunctanter,4
integro,4
integritas,4
delictum,4
friuolus,4
tribus,4
implexus,4
putus,4
inuidiosus,4
succenseo,4
criminosus,4
munditia,4
orator,4
impense,4
carbo,4
rogus,4
belua,4
recludo,4
calamus,4
quanto,4
ludo,4
castus,4
munero,4
immodicus,4
caeles,4
sectator,4
honestas,4
rependo,4
attentus,4
atrocitas,4
mimus,4
opinor,4
cera,4
assimulo,4
repudio,4
obiurgo,4
reflecto,4
spissus,4
subtilitas,4
nuper,4
caecitas,4
inguen,4
satietas,4
inuideo,4
imminuo,4
eripio,4
que,4
triumpho,4
expergiscor,4
perses,4
potentia,4
cibo,4
peroro,4
nuperus,4
pomum,4
uulgus,4
accendo,4
brutus,4
eruo,4
uerisimilis,4
insuo,4
pecten,4
nugae,4
superstes,4
dementia,4
tragoedia,4
condemno,4
medium,4
hariolus,4
emolumentum,4
amicio,4
magius,4
horribilis,4
humor,4
incitamentum,4
arbitratus,4
haudquaquam,4
recenseo,4
eueho,4
sigillum,4
subiectum,4
detineo,4
sudarium,4
tute,4
deficio,4
sacrum,4
conseruo,4
disputatio,4
suggero,4
lineus,4
amictus,4
aegyptius,4
taberna,4
ebrius,4
uendito,4
antequam,4
decenter,4
st,4
confuto,4
antea,4
amans,4
industrius,4
simpliciter,4
socer,4
creditor,4
d,4
inuitamentum,4
deflecto,4
moderor,4
absurde,4
obnoxius,4
uiolentus,4
conqueror,4
condico,4
sportula,4
molestia,4
consulatus,4
bini,4
respuo,4
prouideo,4
donatio,4
tirocinium,4
demum,4
imperfectus,4
meretrix,4
leno,4
foueo,4
gladiatorius,4
exoro,4
dependo,4
prauus,4
obsideo,4
rima,4
lasciuia,4
opero,4
contundo,4
coarto,4
cantharus,4
pomerium,4
coemo,4
instabilis,4
uelo,4
incuruus,4
macies,4
poeticus,4
inseparabilis,4
ientaculum,4
discrucio,4
cautus,4
opportune,4
inauditus,4
turbatio,4
solea,4
permoueo,4
consequenter,4
surripio,4
sodalis,4
intempestiuus,4
forinsecus,4
insperatus,4
lector,4
narratum,4
reatus,4
discerpo,4
spolio,4
exseco,4
nodulus,4
correpo,4
spatha,4
orificium,4
contentio,4
pendo,4
assero,4
marsyas,4
elephantus,4
impero,4
meditatio,4
aequipero,4
contemplatus,4
uisito,4
inconditus,4
illic,4
cinctus,4
capulus,4
aemulor,4
soccus,4
bonitas,4
iucundus,4
bubo,4
querela,4
tyrannus,4
scapula,4
obumbro,4
dependeo,4
gnarus,4
ioco,4
diffiteor,4
cupitor,4
questus,4
securitas,4
refreno,4
retardo,4
persoluo,4
magistra,4
splendeo,4
uicissitudo,4
apex,4
immortalitas,4
arceo,4
sicubi,4
intempestus,4
castrum,4
fibra,4
opacus,4
cumulo,4
fortunatus,4
argutus,4
lumbus,4
capax,4
amiculum,4
perpetuo,4
calidus,4
mane,4
respecto,4
insulto,4
sistrum,4
obnitor,4
herbula,4
examussim,4
replico,4
minister,4
impunis,4
stringo,4
protego,4
crux,4
recido,4
pator,4
praepono,4
ostium,4
agnitio,4
caupona,4
diuturnus,4
coniueo,4
latrocinium,4
uoluntarius,4
marceo,4
affinis,4
renascor,4
exercitatio,4
pulmo,4
haustus,4
debitum,4
consortium,4
intuor,3
acumen,3
intimo,3
robustus,3
saeptum,3
factura,3
distermino,3
innumerabilis,3
inerrans,3
inordinatus,3
aetherius,3
reparo,3
iaculor,3
cometes,3
restinguo,3
afflo,3
nimbus,3
procellosus,3
iaculus,3
ignesco,3
peragro,3
flammo,3
conuexus,3
lacuna,3
anfractus,3
dexter,3
halitus,3
siccus,3
flamen,3
mollitia,3
crassitudo,3
raritas,3
liquor,3
binus,3
auster,3
aequinoctialis,3
aquilo,3
hiatus,3
fragor,3
impingo,3
cognomentum,3
gallus,3
citus,3
deueho,3
coloro,3
seco,3
figuro,3
allabor,3
fluor,3
corripio,3
sulco,3
cognatio,3
diuortium,3
dissolutus,3
satisfacio,3
congrego,3
dissonus,3
pigmentum,3
harmonia,3
sono,3
eloquor,3
machinor,3
circum,3
disicio,3
pestifer,3
madefactus,3
proluo,3
insido,3
sensibilis,3
solium,3
murus,3
armiger,3
quaestor,3
indus,3
administro,3
salutifer,3
quadratum,3
praepes,3
uoluo,3
annuus,3
reuersio,3
mundanus,3
uarietas,3
radior,3
torrens,3
conecto,3
bellicus,3
clangor,3
aliter,3
pacatum,3
prudenter,3
perturbatio,3
sublimitas,3
mutatio,3
tremor,3
strages,3
clementia,3
gubernator,3
sacrifico,3
heiulor,3
poto,3
pinus,3
odorus,3
militaris,3
meto,3
nympha,3
colus,3
stupidus,3
conuerso,3
contumax,3
delphinus,3
infortunatus,3
gener,3
uipereus,3
choragium,3
marcesco,3
zygia,3
hymenaeus,3
eiulatus,3
detrecto,3
praeluceo,3
deuexus,3
reclino,3
gramen,3
recubo,3
semideus,3
pauimentum,3
caesim,3
solido,3
oblectatio,3
gaza,3
inuisus,3
cautela,3
lacrimo,3
pernox,3
diffleo,3
effligo,3
sicco,3
afflicto,3
extorris,3
exulo,3
cucurbita,3
articulo,3
pannus,3
officiosus,3
reuiso,3
uesania,3
congredior,3
heu,3
deuoueo,3
immemor,3
adulo,3
perula,3
edulis,3
oblecto,3
mollio,3
denubo,3
palpebra,3
sanguinans,3
uenor,3
uadum,3
lucifugus,3
pensilis,3
abscido,3
irascor,3
claresco,3
pungo,3
roro,3
gutta,3
festinanter,3
colluuies,3
consequia,3
leuiter,3
proceritas,3
recino,3
recutio,3
confarreo,3
coniugo,3
germanitas,3
lauo,3
scortor,3
ingenuus,3
corruptor,3
irreuerens,3
parricida,3
bellator,3
stellio,3
oportunus,3
uolaticus,3
palpo,3
impugno,3
muliebris,3
praecludo,3
praeuerro,3
uxorius,3
laetificus,3
messis,3
retento,3
maestitia,3
retrorsum,3
postis,3
tepeo,3
amplexor,3
naufragium,3
quaerito,3
stabulo,3
ouo,3
designo,3
illicitus,3
excusatio,3
praedicatio,3
orcus,3
dilorico,3
conquasso,3
papauer,3
faba,3
granum,3
formica,3
succurro,3
separatim,3
grauo,3
crepitus,3
polluo,3
rigeo,3
celero,3
exaro,3
dialis,3
expio,3
maleficus,3
penas,3
derigo,3
delino,3
reicio,3
regia,3
polenta,3
sutilis,3
exactor,3
uiaticum,3
nauigium,3
futilis,3
praegrandis,3
benigne,3
humi,3
redimo,3
subdolus,3
delibo,3
cicatrix,3
prouolo,3
iulius,3
contio,3
corruptela,3
infamo,3
nectar,3
purpuro,3
delirus,3
pugillaris,3
opilio,3
incomitatus,3
scortum,3
petitio,3
caprea,3
feritas,3
pilus,3
minax,3
transabeo,3
inermis,3
ocius,3
dimitto,3
proseco,3
concurro,3
uecordia,3
aruum,3
odiosus,3
inedia,3
insumo,3
senium,3
ineffabilis,3
marito,3
pollicitatio,3
furtiuus,3
operio,3
nutrix,3
uenator,3
somnio,3
imaginor,3
incingo,3
hortor,3
enarro,3
damnatus,3
asporto,3
ferocitas,3
adsuetus,3
infesto,3
iners,3
ductor,3
salubris,3
antecello,3
alacritas,3
obarmo,3
sudis,3
proterreo,3
incolo,3
illinc,3
uirectum,3
conductum,3
consector,3
nominatim,3
pestilens,3
perlino,3
cariosus,3
mansio,3
paganus,3
campester,3
triduum,3
mercatus,3
scalpo,3
cantherius,3
cymbalum,3
mendico,3
quintus,3
inhabito,3
inepte,3
lymphaticus,3
cogitatum,3
nouicius,3
exedo,3
adambulo,3
promiscuus,3
crocota,3
demissus,3
clamosus,3
incesso,3
prolixe,3
pausa,3
aliquid,3
esurio,3
infandus,3
iamiamque,3
castimonia,3
infamia,3
refercio,3
planum,3
tinnio,3
altiusculus,3
adaeque,3
neglegentia,3
sapidus,3
fidius,3
aggressus,3
subscribo,3
plecto,3
pertinacia,3
confidenter,3
impudentia,3
uerecundus,3
decor,3
como,3
impendo,3
despectus,3
eloquium,3
io,3
tersus,3
labellum,3
uidelicet,3
propatulus,3
disserto,3
allego,3
exoticus,3
uipera,3
conditor,3
uernus,3
discus,3
pecco,3
censorius,3
histrio,3
piaculum,3
laudabilis,3
lutum,3
morigerus,3
dialecticus,3
inuiso,3
redux,3
tragicus,3
demuto,3
paucitas,3
octo,3
ineo,3
tyrannis,3
primordium,3
agrellus,3
auditor,3
sortitus,3
supergredior,3
controuersia,3
laelius,3
gracilis,3
obsono,3
infirmitas,3
nobilito,3
pellis,3
incultus,3
sapor,3
colonia,3
degener,3
hilaritas,3
anilis,3
imbuo,3
irreligiosus,3
adnumero,3
perinde,3
pisciculus,3
uerisimiliter,3
uerbena,3
licium,3
niger,3
hamus,3
taenia,3
lapillus,3
impudicus,3
caluaria,3
testa,3
echinus,3
ostrea,3
pergama,3
expello,3
hercle,3
differentia,3
suppleo,3
peritia,3
mustela,3
mus,3
merula,3
pol,3
profluo,3
duodecim,3
lanius,3
praescribo,3
obliuio,3
inclino,3
nudius,3
succutio,3
incredendus,3
gallina,3
excedo,3
demigro,3
insum,3
diffundo,3
uigilans,3
offundo,3
tinnitus,3
curatio,3
instigo,3
liquido,3
lares,3
reminiscor,3
cella,3
obuoluo,3
absque,3
auditio,3
seges,3
indutus,3
indo,3
transcendo,3
oculatus,3
uinarius,3
ieiunus,3
abstemius,3
reuenio,3
migro,3
deformitas,3
sterto,3
alieno,3
rictus,3
ructus,3
stuprum,3
perlego,3
textus,3
retexo,3
loculus,3
tabella,3
perquam,3
larua,3
crispo,3
umbraculum,3
bustum,3
priuatim,3
ulcisco,3
exolesco,3
seueritas,3
diluceo,3
consigno,3
coniunctio,3
callide,3
obstinate,3
index,3
obsequor,3
sestertius,3
aequum,3
auspicium,3
aueo,3
postulatus,3
lis,3
architectus,3
ignominia,3
nequiquam,3
circumuenio,3
causor,3
compos,3
suasus,3
infra,3
impurus,3
supprimo,3
uol,3
rufus,3
barathrum,3
assolo,3
scite,3
equiso,3
suburbanus,3
conuolo,3
interdico,3
duplus,3
ioannes,3
doto,3
indoles,3
obstringo,3
praedium,3
dotalis,3
docilis,3
fructuosus,3
reconcilio,3
iucunditas,3
distributio,3
fere,3
candidatus,3
diuerto,3
parasitus,3
dicto,3
coruinus,3
pertinax,3
substituo,3
reuereor,3
corrigo,3
carnifex,3
disturbo,3
sagax,3
dispositio,3
cohorto,3
membratim,3
alterco,3
missus,3
commonstro,3
circumforaneus,3
soliditas,3
suffarcino,3
coniunctus,3
germino,3
uictoria,3
lacunosus,3
pistrinum,3
circumfluo,3
liuidus,3
pubes,3
ueternus,3
detrudo,3
latrina,3
ualde,3
suadela,3
diffindo,3
metallum,3
iniectus,3
perfacilis,3
subduco,3
sagaciter,3
regressus,3
saliaris,3
exsanguis,3
inesco,3
imprecor,3
exuro,3
testudo,3
gregatim,3
uenustus,3
formula,3
natis,3
proturbo,3
inspergo,3
demoror,3
supplementum,3
hereditarius,3
merx,3
remunero,3
comis,3
ostentus,3
ouum,3
dehisco,3
propugno,3
debilitas,3
crudelitas,3
iniquitas,3
epulo,3
lictor,3
obtestor,3
auritus,3
eminens,3
strido,3
pila,3
certo,3
tactus,3
lyra,3
certamen,3
uapulo,3
delectus,3
senator,3
togatus,3
camena,3
praeopto,3
dialogus,3
singillatim,3
prouincialis,3
senilis,3
duritia,3
ferreus,3
temporarius,3
mentum,3
amissum,3
condisco,3
taciturnitas,3
funebris,3
exsequia,3
intestinum,3
temperies,3
strabo,3
benignitas,3
condiscipulus,3
senatus,3
impatientia,3
grauedo,3
hebeto,3
sonor,3
olor,3
subleuo,3
amplitudo,3
repertor,3
suppedito,3
aroma,3
difficulter,3
limpidus,3
carpentum,3
salebra,3
interuenio,3
sicuti,3
participatio,3
exordior,3
caelicola,3
chorea,3
periculosus,3
seorsus,3
altar,3
uituperatio,3
sodes,3
specus,3
foliatus,3
fontanus,3
gradior,3
flauus,3
musca,3
cooperio,3
faustus,3
reniteo,3
deprimo,3
operosus,3
astringo,3
abundo,3
nummulus,3
exemplar,3
obstinatio,3
ingratiis,3
thessalia,3
deseco,3
indutia,3
uerber,3
conclamo,3
aestuo,3
homicida,3
feliciter,3
instauro,3
solor,3
crebriter,3
uoluptarius,3
egero,3
stridor,3
perungo,3
festiuus,3
rosarius,3
euidentia,3
nodosus,3
tropaeum,3
fimum,3
insto,3
perfluo,3
despolio,3
deriuo,3
auoco,3
dignatio,3
uexatio,3
eleuo,3
exsoluo,3
incubo,3
cereus,3
terror,3
minium,3
superuenio,3
diripio,3
spectator,3
obtrunco,3
praepotens,3
interiacio,3
titio,3
patibulum,3
incorporeus,3
incorruptus,3
trigonus,3
pyramis,3
fabricator,3
intercedo,3
felicitas,3
redundantia,3
imperitia,3
libidinosus,3
aequaliter,3
externus,3
absolute,3
intemperantia,3
adminiculum,3
iuridicialis,3
seditio,3
praepollens,3
furcifer,3
probatio,3
dispenso,3
caduceum,3
peculiaris,3
traditio,3
interpretatio,2
concino,2
domicilium,2
peregrinor,2
exploratio,2
misereo,2
genetrix,2
polus,2
austrinus,2
incensus,2
gradatim,2
pensum,2
luceo,2
claritas,2
glacies,2
inhorresco,2
missilis,2
opacitas,2
inflecto,2
interfluo,2
affinitas,2
implico,2
tero,2
pontus,2
alluo,2
marius,2
arto,2
latitudo,2
sinuo,2
senesco,2
patesco,2
uastitas,2
continuatio,2
africus,2
adiungo,2
exhalatio,2
physicus,2
nubila,2
abolitio,2
concretum,2
restringo,2
agitatio,2
aparctias,2
hiemalis,2
emitto,2
fauonius,2
argestes,2
excursor,2
etesia,2
aestas,2
explodo,2
collido,2
sonitus,2
intono,2
solstitialis,2
brumalis,2
inuenustus,2
fictio,2
apo,2
alias,2
caurus,2
commuto,2
palleo,2
praestigia,2
tono,2
ignifer,2
adflictus,2
iris,2
iaculatio,2
repentino,2
suspiro,2
longinquitas,2
semiuir,2
concauus,2
subsilio,2
dissilio,2
uomo,2
caenum,2
gemitus,2
inualidus,2
caesum,2
menstruus,2
quatenus,2
decet,2
temperantia,2
confusio,2
grammaticus,2
panton,2
uuidus,2
adigo,2
partitio,2
iuuenalis,2
fulmino,2
austeritas,2
disiungo,2
ambigo,2
nuncupatio,2
permeo,2
attrecto,2
adamantinus,2
relatio,2
tribunus,2
explorator,2
scitus,2
semetipse,2
machinator,2
iacio,2
cicur,2
aggrego,2
consurgo,2
infecundus,2
educatio,2
propalam,2
lorica,2
ocrea,2
iugalis,2
adorno,2
praesum,2
intelligo,2
commoditas,2
asperitas,2
minerua,2
pedester,2
discidium,2
multiplex,2
consessus,2
repotia,2
ploratus,2
uergo,2
tenor,2
odoratus,2
aquatilis,2
absumo,2
pan,2
fulgurator,2
triumphator,2
haruspex,2
interminatus,2
fusus,2
actio,2
ultrix,2
incunabulum,2
extimesco,2
sufficienter,2
adoratio,2
peruagor,2
protero,2
translatio,2
licentia,2
gemo,2
uredo,2
compar,2
refluus,2
piscosus,2
salax,2
auriga,2
persulto,2
concha,2
bucino,2
sericum,2
biiugis,2
funereus,2
terrifico,2
congemo,2
iustitium,2
efflagito,2
scindo,2
herbosus,2
uitreus,2
aedifico,2
introitus,2
laquear,2
curiose,2
massa,2
palatium,2
informis,2
semirotundus,2
consenesco,2
accubo,2
centiens,2
imprimo,2
astruo,2
euanesco,2
lautitia,2
temero,2
orbus,2
fortassis,2
pusillus,2
olidus,2
cataplasma,2
arroganter,2
exsibilo,2
lamia,2
teneritudo,2
castra,2
classicus,2
interneciuus,2
parciloquium,2
sororius,2
conspondeo,2
ementior,2
negotior,2
nexilis,2
concolor,2
misere,2
coluber,2
luridus,2
tertio,2
subaudio,2
intraho,2
odio,2
increbresco,2
desideo,2
caesaries,2
auolo,2
appendix,2
sagittarius,2
remoneo,2
consiliatrix,2
uorax,2
tardo,2
ingemo,2
gauius,2
incomptus,2
socialis,2
eluuies,2
uerbosus,2
gannio,2
agedum,2
lena,2
inamabilis,2
instructio,2
denudo,2
propino,2
acidus,2
perstringo,2
praetondeo,2
stomachor,2
cordatus,2
dissemino,2
frumentarius,2
flexilis,2
messorius,2
disquisitio,2
inuentio,2
samos,2
uagitus,2
praegnas,2
praesento,2
obsecratio,2
aurifex,2
gemmeus,2
subuolo,2
cantito,2
melleus,2
occultatio,2
praedicator,2
condecet,2
excrucio,2
milium,2
cicer,2
lens,2
grumulus,2
immanitas,2
ruricola,2
frustum,2
incustoditus,2
floccus,2
requies,2
nutricula,2
flaueo,2
impossibilitas,2
trisulcus,2
praealtus,2
ibis,2
inuius,2
offa,2
naulum,2
afflecto,2
tela,2
oblatro,2
territo,2
atrius,2
hospita,2
legatio,2
caninus,2
gerula,2
gregalis,2
praepolleo,2
fatus,2
caloratus,2
contristo,2
fabella,2
sponsus,2
insigniter,2
exaestuo,2
incommodo,2
assumo,2
praecingo,2
cerua,2
inuisitatus,2
illac,2
conseco,2
tegumentum,2
retorqueo,2
contorqueo,2
amputo,2
quadrupes,2
primo,2
plagosus,2
circumplecto,2
sollerter,2
contrecto,2
pertempto,2
illuuies,2
reuerens,2
dubito,2
imprudentia,2
quouis,2
etiamnunc,2
emano,2
conuerbero,2
personatus,2
coitus,2
sibilus,2
captiosus,2
oenophorum,2
soporifer,2
fraudulentus,2
lucror,2
somnulentus,2
poenalis,2
euigilo,2
proflo,2
abluo,2
infantulus,2
uirilitas,2
siluosus,2
opulens,2
obseruito,2
inhortor,2
abstergeo,2
spolium,2
protelo,2
recuro,2
lacto,2
consido,2
fouea,2
successio,2
celeriter,2
conserua,2
instringo,2
eodem,2
bullio,2
adedo,2
annona,2
contrectatio,2
gingiua,2
uetulus,2
cribrum,2
cinaedus,2
crotalum,2
nimio,2
mordax,2
femur,2
mutus,2
omnipotens,2
pulchellus,2
effemino,2
palumbulus,2
corpulentus,2
mitella,2
bombycinus,2
calceus,2
amiculus,2
musculus,2
asininus,2
farcio,2
quaesticulus,2
deposco,2
praegusto,2
urigo,2
inopportunus,2
perquiro,2
foeditas,2
stramentum,2
quercus,2
catenatus,2
mino,2
ceruus,2
culina,2
descriptio,2
insimulatio,2
proprie,2
mercenarius,2
utiliter,2
auctoramentum,2
admitto,2
impendio,2
assuetudo,2
immerito,2
exsorbeo,2
globosus,2
capitalis,2
poema,2
epistolium,2
urina,2
immundus,2
praeeo,2
censor,2
percolo,2
amaritudo,2
niueus,2
elinguis,2
egressus,2
coniectura,2
intemperans,2
bis,2
uer,2
prostituo,2
abstineo,2
austerus,2
deuro,2
maleuolus,2
impudicitia,2
absterreo,2
eleganter,2
philosophor,2
propensus,2
argumentor,2
orgia,2
iudico,2
aequaeuus,2
intercapedo,2
dedecoro,2
argumentatio,2
utrum,2
rhetor,2
discepto,2
epicurus,2
tango,2
ratiocinatio,2
permuto,2
exaduersum,2
aratrum,2
sulcus,2
ruga,2
rusticor,2
probator,2
tenebra,2
antonius,2
triumphus,2
uernaculus,2
munificus,2
catinus,2
triumphalis,2
breui,2
concinnus,2
gubernaculum,2
irritus,2
superuacaneus,2
faenus,2
aequabilis,2
cursor,2
parcus,2
quantuluscumque,2
imbecillitas,2
diadema,2
sceptrum,2
inuictus,2
census,2
truncus,2
parce,2
immeritus,2
apricus,2
atheniensis,2
uigeo,2
accenseo,2
stipula,2
regno,2
sacerdotium,2
fur,2
cognitio,2
aperte,2
deliramentum,2
orsus,2
uenalis,2
quantitas,2
altilis,2
enumero,2
durabilis,2
aenus,2
reuello,2
extraho,2
adiuto,2
italia,2
graecia,2
sagus,2
medico,2
scrobis,2
follis,2
tristitudo,2
medicamentum,2
causidicus,2
haesito,2
feminal,2
obiectus,2
honeste,2
conicio,2
aucupor,2
elicio,2
euoluo,2
ligula,2
alga,2
reciproco,2
uesica,2
ulcus,2
particula,2
problema,2
promus,2
audacter,2
mas,2
moneta,2
aius,2
decoro,2
uetustas,2
suffodio,2
inspico,2
lectio,2
excito,2
pedisequus,2
soporo,2
prouidus,2
quater,2
occipitium,2
hiulcus,2
subuerto,2
despuo,2
ablego,2
quindecim,2
centesimus,2
morbidus,2
responsum,2
figulus,2
uertigo,2
piacularis,2
derogo,2
huc,2
ludibrium,2
delego,2
antiquitus,2
murmuro,2
lustralis,2
palaestrita,2
ecquis,2
coalo,2
tabes,2
attento,2
cerebrum,2
moribundus,2
rationalis,2
uiolo,2
torpeo,2
sonorus,2
uersutia,2
linteolum,2
neglegenter,2
stulte,2
tacite,2
triennium,2
mentio,2
lana,2
linum,2
derideo,2
unctum,2
oboleo,2
helluo,2
dicis,2
focus,2
suspicax,2
nomenclator,2
luo,2
maxilla,2
cilium,2
sal,2
deprecator,2
coitio,2
impunitus,2
fabricatio,2
subtiliter,2
minutatim,2
compactus,2
qualiscumque,2
damnatio,2
pilleum,2
lepide,2
emineo,2
festiue,2
abunde,2
immolo,2
cn,2
infensus,2
herennius,2
impulsor,2
sexagesimus,2
lubido,2
criminatio,2
condus,2
malignitas,2
electio,2
mediocriter,2
eximo,2
habitatio,2
familiaritas,2
pupilla,2
segnis,2
commentor,2
ganea,2
lustrum,2
probrum,2
caluitium,2
eneruis,2
paciscor,2
dissoluo,2
insigne,2
morum,2
propemodum,2
effetus,2
dehortor,2
obsolesco,2
repudium,2
uecto,2
exhaurio,2
transmitto,2
ueterator,2
exardeo,2
amatrix,2
usitatus,2
tempore,2
accommodatus,2
interpono,2
ducto,2
fodio,2
protraho,2
praecox,2
maritalis,2
tabernarius,2
deridiculus,2
tantopere,2
proles,2
silex,2
uitis,2
sexaginta,2
quinquennium,2
dimidius,2
triginta,2
quadraginta,2
pellicio,2
uobiscum,2
scriptor,2
congressus,2
diuiduus,2
trecenti,2
coniugium,2
intolerabilis,2
reposco,2
oliuom,2
aduoluo,2
praelego,2
laudator,2
argutiae,2
parsimonia,2
comitas,2
commemoratio,2
blandimentum,2
ehem,2
occursus,2
exheredo,2
impensa,2
demitto,2
inofficiosus,2
demoueo,2
delenio,2
fautor,2
atrox,2
emendo,2
cenito,2
petulantia,2
fatalis,2
cubicularius,2
pestilentia,2
peredo,2
incresco,2
sitienter,2
immergo,2
semirutus,2
fabrilis,2
colluctatio,2
uoluto,2
impedimentum,2
additamentum,2
erado,2
intrinsecus,2
dinosco,2
coactus,2
munificentia,2
enoto,2
stagno,2
manipulus,2
currulis,2
manica,2
compingo,2
donarium,2
productum,2
lucubro,2
lautia,2
sagina,2
flexuosus,2
innitor,2
lumino,2
dimico,2
putredo,2
costa,2
recordatus,2
sequestro,2
internuntius,2
longule,2
fidelitas,2
lentus,2
transitus,2
secutor,2
districtus,2
castitas,2
cuneus,2
tenacitas,2
exhorresco,2
auctoro,2
milito,2
periurus,2
uigoro,2
credulitas,2
ominor,2
suppono,2
praematurus,2
fullo,2
subitarius,2
suffundo,2
diffluo,2
uiuax,2
sternutatio,2
semiuiuus,2
truculentia,2
discludo,2
ferula,2
defraudo,2
saga,2
tigillum,2
exanimis,2
perago,2
insideo,2
mustulentus,2
autumnus,2
caries,2
cadus,2
cursito,2
pastoricius,2
strangulo,2
hostilis,2
frugalitas,2
demonstratio,2
quantulum,2
auricula,2
ferocia,2
machaera,2
biduus,2
tabernula,2
inquies,2
prouerbium,2
ingredior,2
unguen,2
fulgur,2
dextrorsum,2
superne,2
bombus,2
tibicinium,2
hirsutus,2
nitidus,2
bellicosus,2
funirepus,2
piper,2
cinnamum,2
squameus,2
oblido,2
praestabilis,2
inoculo,2
domo,2
torpor,2
sano,2
prandeo,2
edictum,2
uilitas,2
deliro,2
tornus,2
sophistes,2
ampulla,2
sellularius,2
plumbum,2
nundinus,2
ferramentum,2
antecessor,2
inseruio,2
supinus,2
planities,2
torquis,2
glans,2
coruus,2
cantio,2
cantilena,2
hirundo,2
cicada,2
noctua,2
ulula,2
perargutus,2
prouisus,2
procinctus,2
palliastrum,2
spectabilis,2
interluceo,2
caelo,2
strictim,2
disto,2
sculpo,2
aegyptus,2
illudo,2
edax,2
coorior,2
obrigesco,2
palaestra,2
luxus,2
consummo,2
intemeratus,2
conscriptus,2
protestor,2
conitor,2
uaco,2
uitupero,2
columen,2
reuerentia,2
claritudo,2
assiduitas,2
splendesco,2
tragoedus,2
toruus,2
hinnitus,2
luscinia,2
adulescentia,2
proscaenium,2
contabulatio,2
subsum,2
querimonia,2
rhetoricus,2
uersutus,2
neuter,2
obuerto,2
conuoluo,2
aculeus,2
locatum,2
murmur,2
riuus,2
cliuus,2
desilio,2
fabulor,2
tempestiue,2
carchesium,2
iuxtim,2
priuus,2
superstitio,2
remoueo,2
perfectio,2
communico,2
interpres,2
augurium,2
cos,2
praecurro,2
sortitio,2
proximitas,2
meo,2
frustro,2
prospero,2
tranquillitas,2
temporalis,2
rapto,2
redarguo,2
cognitor,2
praemoneo,2
dubitatio,2
compesco,2
nempe,2
esca,2
hariolor,2
ingruo,2
repto,2
excolo,2
signifex,2
prodigus,2
adfluentia,2
calamistratus,2
fuco,2
auratus,2
admisceo,2
nouissime,2
ostiatim,2
probitas,2
exsecrabilis,2
suculentus,2
adicio,2
educator,2
uolubilis,2
inhalo,2
summergo,2
euolo,2
iurulentus,2
undo,2
mirabundus,2
apparo,2
foculus,2
igniculus,2
flosculus,2
morsico,2
festiuitas,2
sauiolum,2
occurso,2
porcus,2
contueor,2
cerdo,2
electus,2
dinumero,2
adripio,2
sorbillo,2
dulciter,2
amabilis,2
missio,2
excuso,2
gladiolus,2
uitrum,2
epularis,2
percrebesco,2
commode,2
cantatrix,2
trunco,2
remetior,2
aggero,2
senus,2
corollarium,2
inlibatus,2
quiris,2
introrumpo,2
actor,2
miseret,2
adytum,2
denoto,2
agglutino,2
obtexo,2
honoro,2
affluenter,2
perforo,2
phalerae,2
irruptio,2
portendo,2
palpito,2
constanter,2
reprimo,2
potulentus,2
inimicitia,2
admissum,2
oleagineus,2
eiulo,2
abripio,2
peculium,2
appropinquo,2
admonitus,2
plumeus,2
ardenter,2
caprinus,2
perflabilis,2
ignorabilis,2
lamina,2
trigeminus,2
matronalis,2
buccula,2
inuidus,2
arcula,2
succussus,2
ascea,2
prehenso,2
diluculum,2
nimium,2
obsaepio,2
casa,2
indigena,2
taedeo,2
conuiua,2
equester,2
tortuosus,2
saltatio,2
antepolleo,2
dicacitas,2
decimus,2
nummatus,2
humane,2
annosus,2
aulaeum,2
distendo,2
uinolentia,2
mutilus,2
reapse,2
semimortuus,2
superuiuo,2
tumultuarius,2
restis,2
intentio,2
breuitas,2
fabulosus,2
ancillula,2
erus,2
adiaceo,2
arrogo,2
promptuarium,2
strenue,2
piscatus,2
egredior,2
caleo,2
saepio,2
laureus,2
ansula,2
occumbo,2
lapideus,2
puluereus,2
bulla,2
ingurgito,2
pauidus,2
agminatim,2
nummularius,2
pannosus,2
socia,2
magnanimus,2
tergus,2
rado,2
ualenter,2
iunctura,2
chordus,2
manduco,2
redemptio,2
persecutio,2
figmentum,2
lucrosus,2
languor,2
uexo,2
punctus,2
probabilis,2
plane,2
excarnifico,2
cliens,2
educo,2
urbicus,2
reditus,2
textilis,2
ducatus,2
fornix,2
deliberatio,2
uictimo,2
sterno,2
surrepo,2
prouoluo,2
equa,2
gregarius,2
incursus,2
auersus,2
recello,2
iactura,2
deploro,2
precarius,2
homicidium,2
offirmo,2
mugio,2
finalis,2
claudico,2
fundator,2
cygnus,2
canor,2
confidentia,2
tripertitus,2
moralis,2
idea,2
ambiguus,2
essentia,2
irrationabilis,2
stabilis,2
exsisto,2
subseruio,2
intellegibilis,2
naturaliter,2
prosperitas,2
infelicitas,2
intellegentia,2
proruo,2
exardesco,2
inscientia,2
abundantia,2
dissimilitudo,2
fatuitas,2
iracundus,2
religiositas,2
intestabilis,2
ciuilitas,2
administratio,2
coquinus,2
unguentaria,2
sophisticus,2
imprudens,2
redamo,2
necessitudo,2
facetus,2
aspiro,2
iniurius,2
impunitas,2
inprobus,2
consono,2
scutum,2
febris,2
examen,2
incestus,2
barbaricus,2
complus,2
euidenter,2
urna,2
afficio,2
alluctor,2
quinquennalis,2
accepto,2
puluillus,2
affectatio,2
praetendo,2
maculo,2
uirgula,2
bractea,2
quieto,2
influo,2
originalis,2
purifico,2
palla,2
cymbium,2
aspis,2
carina,2
uannus,2
apertio,2
stola,2
indagatrix,1
expultrix,1
ingenuitas,1
dumtaxat,1
altrix,1
liquiditas,1
defectio,1
machinatio,1
torno,1
forceps,1
rotundo,1
directio,1
axis,1
diuisor,1
septemtrionalis,1
antarcticus,1
caeligenus,1
compago,1
quintum,1
complexio,1
superlatus,1
adhaesio,1
inuectio,1
distinctio,1
scintillo,1
nitesco,1
conflictus,1
uiriditas,1
perennitas,1
aequor,1
sinuosus,1
colluceo,1
serpo,1
scateo,1
refundo,1
coeo,1
diuisus,1
indiscretus,1
recessus,1
agger,1
isthmus,1
egelidus,1
grando,1
tenuiter,1
incanesco,1
denseo,1
grauido,1
praecipitatio,1
spuma,1
gelo,1
lapidosus,1
perrumpo,1
aquosus,1
terrigena,1
stagnum,1
assoleo,1
apeliotes,1
iapyx,1
effringo,1
cataegis,1
praefringo,1
pineus,1
anaphysema,1
ternus,1
arctos,1
noto,1
uulturnus,1
uergilius,1
ignipotens,1
adagium,1
prodromos,1
bucca,1
plaustrum,1
generalis,1
perlongus,1
semicirculus,1
statiuus,1
perrarus,1
secretarius,1
tepidus,1
oppositus,1
lympho,1
phrygius,1
denso,1
concutio,1
crescentus,1
iactans,1
abstrudo,1
palmatias,1
inclinatio,1
inquietudo,1
recursus,1
mortalitas,1
corporatus,1
inaequalis,1
concordo,1
receptrix,1
discors,1
puniceus,1
discordo,1
inconfusus,1
aeternitas,1
interiectio,1
pubertas,1
penniger,1
confligo,1
uirido,1
scatebra,1
alluuio,1
regionalis,1
redintegratio,1
effugium,1
tepor,1
mitifico,1
pullulo,1
specialiter,1
indecoris,1
circumsaepio,1
electrum,1
ferratus,1
stipator,1
atriensis,1
dispensator,1
uectigal,1
aerarius,1
asiaticus,1
a,1
diuum,1
indecorus,1
deeo,1
inconueniens,1
conseruitium,1
ligneolus,1
remissio,1
cylindrus,1
decisio,1
lucifer,1
mauortius,1
biennium,1
praecino,1
concentio,1
configo,1
relatus,1
alimentum,1
frugalis,1
maturitas,1
iugiter,1
ueles,1
excursio,1
moderamen,1
mansuefacio,1
iniustus,1
aestimator,1
fictor,1
compages,1
olympus,1
interitus,1
insulatus,1
euerto,1
conflagro,1
crater,1
decliuis,1
grandaeuus,1
ambeo,1
obsidio,1
baiulus,1
triremis,1
praecento,1
aerumnosus,1
onerosus,1
reciperator,1
minucius,1
frumentor,1
lectisternium,1
circensis,1
libatio,1
graueolens,1
lamentum,1
correctio,1
speculor,1
persicum,1
dulcitas,1
ficus,1
infecunditas,1
rasilis,1
buxus,1
tonitrualis,1
sereno,1
amicalis,1
propagator,1
attributio,1
ineffugibilis,1
lachesis,1
clotho,1
uindex,1
portunus,1
triton,1
ludius,1
exequia,1
siren,1
pythicus,1
echo,1
quaesitio,1
siculus,1
lucina,1
sospita,1
arcas,1
auia,1
aurora,1
gurges,1
arundo,1
cocytus,1
styx,1
achaia,1
charta,1
potatio,1
maturesco,1
amburo,1
dissocio,1
contentiosus,1
dammula,1
callosus,1
inhorreo,1
spumeus,1
fulmineus,1
immunitus,1
captiose,1
ardesco,1
effluo,1
miseriter,1
furibundus,1
labo,1
coaetaneus,1
amoueo,1
puellaris,1
confoueo,1
luctuosus,1
sanies,1
intercido,1
percurro,1
inurgeo,1
antecedo,1
parento,1
pronuba,1
acus,1
crinalis,1
capulum,1
inlacrimo,1
dominium,1
catellus,1
egressio,1
sarcinosus,1
obsido,1
cautio,1
cuneatim,1
clunis,1
spiculum,1
aliorsum,1
iubilatio,1
latrocinor,1
diuerse,1
praeterfluo,1
fasciola,1
ouicula,1
sospes,1
inclamo,1
inquilinus,1
uilico,1
comburo,1
puteus,1
ficulneus,1
candentia,1
uendibilis,1
putidus,1
cincinnus,1
capillatus,1
triuialis,1
forticulus,1
surdus,1
scurrilis,1
uelitaris,1
septendecim,1
circumgesto,1
concubinus,1
subligo,1
tripudium,1
possessor,1
fanaticus,1
disseco,1
exposco,1
fimbriatus,1
spurcitia,1
madesco,1
stomachus,1
siligo,1
palor,1
depraedor,1
propudium,1
abactus,1
ridicule,1
eneruo,1
tympanum,1
incuriose,1
consaluto,1
resipisco,1
ceruinus,1
culter,1
coepi,1
necopinans,1
flagitatio,1
diffidentia,1
lacesso,1
contumaciter,1
professor,1
extraneus,1
auunculus,1
reprehensio,1
communiter,1
loquacitas,1
refello,1
oblittero,1
horror,1
stuppeus,1
tomentum,1
adsimilis,1
inaequaliter,1
hirtus,1
inenodabilis,1
salue,1
tumidulus,1
restrictus,1
russus,1
aspere,1
fetulentus,1
grandiloquus,1
comitium,1
puluis,1
fetutina,1
denticulus,1
iniucundus,1
erratum,1
torreo,1
floreus,1
uerno,1
exsupero,1
dulciloquus,1
lesbius,1
iambicus,1
curium,1
uersiculus,1
afranius,1
melicus,1
inspectio,1
aspectabilis,1
elaboro,1
incussus,1
illino,1
commendabilis,1
edisco,1
iurgo,1
litigans,1
stoicus,1
appositus,1
fomes,1
abacus,1
ignobilitas,1
obsto,1
cambio,1
credibilis,1
adoreus,1
samnis,1
operatio,1
hispania,1
ha,1
nutrico,1
natio,1
fictilis,1
fabricius,1
agr,1
reconciliator,1
atilius,1
regulus,1
censura,1
praependeo,1
exubero,1
philus,1
prauitas,1
homericus,1
creta,1
pedes,1
uexillum,1
quadriga,1
palmatus,1
paludamentum,1
pontifex,1
galerum,1
lituus,1
augur,1
lustro,1
domitor,1
impendeo,1
sucidus,1
immigro,1
socors,1
asseuerate,1
repugnantia,1
inconcessus,1
flacceo,1
ecquando,1
antistita,1
sermocinatio,1
thrax,1
uulgaris,1
caelebs,1
obsonium,1
longitudo,1
conuinco,1
diuidia,1
dilucide,1
contestor,1
obtentus,1
nefarie,1
euerro,1
cuppedinarius,1
taxo,1
uitta,1
fragilis,1
pubens,1
praeripio,1
squama,1
philtrum,1
radicula,1
peruulgo,1
euerriculum,1
rete,1
profundum,1
aemulator,1
medicamen,1
circe,1
colluuio,1
aduoco,1
neptunus,1
myoparo,1
uectis,1
casia,1
murra,1
mergus,1
elleborus,1
cicuta,1
commixtio,1
infantia,1
munditer,1
confugio,1
propinquitas,1
peracutus,1
obscenus,1
uolantes,1
insulsus,1
as,1
litoralis,1
furca,1
lolligo,1
assula,1
festuca,1
resticula,1
uermiculatus,1
muscus,1
exspuo,1
fascinum,1
uincibilis,1
desipio,1
progigno,1
geno,1
inusitatus,1
ennius,1
clipeo,1
brundisium,1
glaucus,1
cumae,1
scarus,1
ce,1
turdus,1
pus,1
qualiter,1
assus,1
elegans,1
ubicumque,1
exos,1
suillus,1
diluuium,1
nonnihil,1
piscarius,1
creditum,1
arula,1
percontatio,1
consulto,1
quingenti,1
delenimentum,1
resumo,1
ingeniosus,1
conflictatio,1
ulcerosus,1
u,1
conspuo,1
gagates,1
uenalicius,1
rotatio,1
refragor,1
ueteratorius,1
frigeo,1
transgressus,1
interdictum,1
ergastulum,1
adiutorium,1
necubi,1
perseueranter,1
litigator,1
anquiro,1
trifariam,1
exorsus,1
albidus,1
insignio,1
maculatio,1
compenso,1
obturbo,1
praenuntia,1
obtorpesco,1
thallium,1
permultus,1
perspicax,1
inuolucrum,1
magice,1
decerto,1
imperatum,1
praeiudico,1
calumniator,1
obsigno,1
thesaurus,1
mysterius,1
crepundia,1
excrementum,1
facetia,1
labrum,1
diritas,1
enumeratio,1
gumia,1
iunius,1
appius,1
aduecto,1
praesentio,1
odoro,1
alexandrinus,1
abusque,1
conuerro,1
fumigo,1
plumbeus,1
notabiliter,1
uinolentus,1
desudo,1
uello,1
populo,1
abligurrio,1
denuntiatio,1
intercessor,1
apprehendo,1
cornelius,1
geometricus,1
affabre,1
inuitatus,1
mechanicus,1
quacumque,1
hebenus,1
occulte,1
uentito,1
macilentus,1
euiscero,1
absento,1
adimo,1
impudens,1
reclamatio,1
dispudet,1
appellito,1
daemonium,1
palaestricus,1
substringo,1
lemures,1
propagatio,1
effabilis,1
subnecto,1
declaro,1
competenter,1
praeuertor,1
mucius,1
sulpicius,1
norbanus,1
inceptio,1
capularis,1
afer,1
africanus,1
suborno,1
quicum,1
pupillus,1
quattuordecim,1
egregie,1
frustratio,1
eludo,1
uitio,1
obstetrix,1
ingrauesco,1
erubesco,1
etiamnum,1
decrepitus,1
improbe,1
obduro,1
liqueo,1
praelatus,1
quadragies,1
respectus,1
aduectus,1
decumbo,1
peridoneus,1
concredo,1
syrtis,1
basilica,1
acclamo,1
pecto,1
derepente,1
instigator,1
conductor,1
fornacula,1
depecto,1
seminarium,1
lupa,1
propulso,1
circumstrepo,1
uectigalis,1
collusio,1
ambitio,1
pacta,1
octophoron,1
inconstantia,1
expostulatio,1
clam,1
exoratio,1
exacerbo,1
ueneficus,1
philomela,1
tabularium,1
pictor,1
siquidem,1
infirmo,1
insanio,1
interloquor,1
deuerticulum,1
uerto,1
insidiosus,1
batis,1
transuerto,1
obiurgatio,1
bacchabundus,1
pronuntiatio,1
excerpo,1
sceleste,1
interuerto,1
clausula,1
reclamo,1
nouo,1
corroboro,1
prouulgo,1
sterilitas,1
auersor,1
impetibilis,1
philippus,1
macedonus,1
contumeliose,1
turpiter,1
commenticius,1
subigito,1
conuersor,1
expungo,1
ulmus,1
dictatura,1
tabularius,1
redono,1
quadruplator,1
quadragensimus,1
computatio,1
circularis,1
huiusmodi,1
condono,1
quamlibet,1
allium,1
impolitus,1
rapacitas,1
impraesentiarum,1
conus,1
repetitio,1
ambitiosus,1
mendicitas,1
retribuo,1
renumero,1
praefloro,1
conciliator,1
exstirpo,1
triticum,1
extundo,1
suppliciter,1
rescribo,1
quantusuis,1
lectito,1
lenitas,1
caesar,1
cicero,1
collaudo,1
praemitto,1
ducenti,1
commigro,1
intestatus,1
aduerso,1
ito,1
lanista,1
punicus,1
elogium,1
perscribo,1
humanitus,1
aduocata,1
coheres,1
acerbe,1
uentilo,1
icio,1
cassius,1
quantulus,1
cupide,1
uerendus,1
areo,1
simulate,1
hinnio,1
proconsularis,1
curso,1
sacrificalis,1
susurro,1
posticus,1
mulio,1
bipennis,1
congressio,1
excubia,1
otiose,1
peluis,1
contactus,1
pertinaciter,1
uas,1
adhoc,1
plausus,1
placide,1
oberro,1
propexus,1
multifariam,1
homuncio,1
percuro,1
scabies,1
pusio,1
superincuruatus,1
ast,1
meretricius,1
calamitosus,1
ah,1
sata,1
sementis,1
necne,1
processus,1
interrogatio,1
fluidus,1
factito,1
impuratus,1
mendosus,1
scrupus,1
farina,1
domitus,1
feriatus,1
abundanter,1
circumroto,1
commutatio,1
homunculus,1
tunicatus,1
semirasus,1
anulatus,1
fumosus,1
pugil,1
farinulentus,1
sordide,1
mulus,1
palea,1
follico,1
tussedo,1
tritura,1
exulcero,1
castigatio,1
suaue,1
poenus,1
ebriosus,1
merum,1
subiungo,1
irrogo,1
amplio,1
praes,1
amicula,1
formidulosus,1
zelotypus,1
acritudo,1
conglutino,1
uigilantia,1
fragilitas,1
uiolens,1
occludo,1
dissentio,1
comminatio,1
euoco,1
suspectus,1
transcursus,1
limes,1
extemplo,1
defaeco,1
nacca,1
propinquo,1
gustus,1
ingigno,1
uimineus,1
intercludo,1
stuprator,1
quippini,1
praetergredior,1
commulceo,1
squalor,1
naccinus,1
dissensio,1
concorditer,1
contemptio,1
diffringo,1
concursus,1
nonus,1
auctio,1
uenditio,1
pauperculus,1
uenditor,1
hortus,1
roratio,1
stramen,1
tegimen,1
gelu,1
cibaria,1
lactuca,1
scopa,1
nocte,1
apporto,1
area,1
calathus,1
gallinaceus,1
lecticula,1
perspergo,1
mina,1
torpidus,1
questio,1
mediator,1
suspendium,1
comperco,1
transueho,1
gloriose,1
prodigiosus,1
contrucido,1
portentosus,1
complodo,1
legio,1
adrogans,1
subueho,1
incuruo,1
scalae,1
cenaculum,1
derepo,1
inertia,1
scrutinium,1
publicum,1
perlustro,1
procacitas,1
fenestrula,1
scala,1
properatio,1
redimio,1
fagus,1
dolamen,1
libamen,1
pluo,1
ningo,1
circumtueor,1
transfodio,1
agnus,1
lepus,1
meticulosus,1
musica,1
flexanimus,1
disperdo,1
patrisso,1
phryx,1
barbaria,1
intonsus,1
promulsis,1
propendulus,1
fatidicus,1
bipes,1
lacer,1
modulator,1
depugno,1
superstitiosus,1
mercator,1
aro,1
strues,1
eous,1
regnator,1
centenus,1
concerto,1
retentor,1
bubulcito,1
bubulcus,1
ensis,1
aruus,1
capra,1
perrogo,1
extrudo,1
inexsuperabilis,1
successus,1
toreuma,1
iuuenta,1
rupico,1
maledico,1
calceo,1
obtrecto,1
despero,1
innotesco,1
soloecismus,1
barbare,1
palliatus,1
obambulo,1
perdiu,1
garrulus,1
opificium,1
indumentum,1
calciamentum,1
babylonicus,1
circumicio,1
crepida,1
signaculum,1
orbiculus,1
circulo,1
insculpo,1
olearius,1
cymula,1
daedalus,1
fecunditas,1
textrinus,1
sutrinus,1
strigilis,1
cetera,1
infitiae,1
subula,1
omnigenus,1
praedicabilis,1
quanam,1
effingo,1
praetura,1
discipula,1
beneficus,1
uiror,1
lolium,1
auena,1
carduus,1
ceruicula,1
petra,1
ancora,1
clauicula,1
indocilis,1
obliuiosus,1
uescor,1
quini,1
digitulus,1
plectrum,1
palatum,1
conuicior,1
meridianus,1
antelucanus,1
occino,1
obstreperus,1
iugis,1
stercus,1
retego,1
gibber,1
cynicus,1
exaduersus,1
oliuetum,1
uinitor,1
sarculum,1
multifarius,1
famigeratus,1
lanx,1
chlamys,1
stria,1
samius,1
syrus,1
humo,1
nuncupator,1
dedisco,1
academicus,1
impigre,1
comicus,1
obiurgator,1
proeliator,1
intermissio,1
postridie,1
sessus,1
stipatio,1
accio,1
recitatio,1
defringo,1
iamiam,1
letum,1
patricius,1
honorificus,1
remuneratio,1
obstrepo,1
commilitium,1
praeconium,1
seiuges,1
acclamatio,1
dedicatio,1
benefacio,1
oppleo,1
albugo,1
obduco,1
robigino,1
uagina,1
desuetudo,1
arteria,1
rudor,1
delectabilis,1
bucina,1
fremor,1
misericors,1
cantor,1
saturitas,1
circumferentia,1
alucinor,1
comoedus,1
uocifero,1
ludio,1
perparuus,1
transmarinus,1
admixtus,1
coniugatio,1
tuber,1
inlectus,1
concilium,1
sexennis,1
decipula,1
ingeniatus,1
perdisco,1
inuincibilis,1
biceps,1
penetratio,1
graius,1
contemplator,1
auspicatus,1
sacricola,1
praetexo,1
incertum,1
pollingo,1
demolio,1
irrideo,1
meracus,1
litterator,1
armo,1
nouem,1
benedico,1
orbita,1
caudex,1
deuito,1
perlabor,1
lucilius,1
quantumuis,1
disceptator,1
perdomo,1
seminudus,1
claua,1
rudens,1
armamenta,1
comminuo,1
tabulinum,1
epulor,1
trifarius,1
corniculatus,1
discolor,1
obstipus,1
nothus,1
utercumque,1
comptus,1
sanctitudo,1
discretus,1
neo,1
dominator,1
deuoco,1
perpetuitas,1
communicor,1
habitaculum,1
interrumpo,1
relego,1
auxiliator,1
apage,1
robiginosus,1
seiungo,1
terricolus,1
extum,1
flaminius,1
extispicium,1
uelifico,1
uersifico,1
quadrifariam,1
pennula,1
perpendiculum,1
geometres,1
interiaceo,1
transuerbero,1
cuiusmodi,1
terreus,1
curuus,1
admixtio,1
robus,1
immuto,1
umectus,1
concretio,1
faeculentus,1
reuerbero,1
praestringo,1
aduersarius,1
aequabilitas,1
subsequor,1
infirmatio,1
perfunctio,1
placamentum,1
choraules,1
mysterium,1
socordia,1
copulatio,1
emeritus,1
abiuro,1
uagatio,1
compes,1
curator,1
insomnia,1
auerrunco,1
fulcio,1
claro,1
dissideo,1
deses,1
decennium,1
uaticinius,1
consultatio,1
praesagio,1
adhortator,1
hortamentum,1
angiportum,1
addubito,1
cumprimis,1
exstruo,1
praeterquam,1
fallax,1
phalera,1
circumiaceo,1
ephippium,1
luxurio,1
animosus,1
generositas,1
anniculus,1
ultor,1
adiutrix,1
plumatus,1
accelero,1
inflexus,1
regula,1
gracilitas,1
caesius,1
uigil,1
aquilinus,1
quadrifarius,1
attolero,1
palmaris,1
reflatus,1
sicunde,1
uirgultum,1
pampinus,1
arbuscula,1
uua,1
racemus,1
frondeo,1
dispello,1
sepulcralis,1
chaos,1
enixe,1
argutulus,1
osculor,1
intingo,1
olla,1
calua,1
illuceo,1
nigredo,1
arabicus,1
permano,1
asso,1
obgannio,1
discessus,1
xeniolum,1
hortator,1
sitarchia,1
rogatus,1
sibylla,1
candelabrum,1
corinthus,1
emereo,1
exosculor,1
adsido,1
regimen,1
enato,1
semiplenus,1
lagena,1
alterno,1
fetialis,1
laxus,1
defatigo,1
sigillatus,1
sucinum,1
diribitor,1
negotiosus,1
secessus,1
choragus,1
secubo,1
urbanitas,1
lucius,1
adiuratio,1
stragulum,1
effultus,1
olympicus,1
uersipellis,1
quaterni,1
sarcio,1
harpyia,1
ineptia,1
insomnis,1
argus,1
conclaue,1
introduco,1
comissor,1
cantatio,1
crepusculum,1
concubius,1
destituo,1
cristatus,1
refulgeo,1
atratus,1
lamentabilis,1
singultim,1
instrepo,1
uerisimilitudo,1
palmeus,1
copticus,1
niloticus,1
coarguo,1
prosectum,1
debilitatio,1
pertracto,1
deruo,1
ebullio,1
cunabulum,1
inruo,1
colluctor,1
lacertus,1
recordatio,1
grabattus,1
miscellaneus,1
minae,1
circumductus,1
sublimus,1
orchestra,1
boatus,1
graciliter,1
fistulatus,1
cruenter,1
fertus,1
audientia,1
obtorqueo,1
tertium,1
cachinnabilis,1
cachinno,1
destitutus,1
duplico,1
necator,1
arrigo,1
applaudo,1
reluctor,1
ostensio,1
trudo,1
euinco,1
obstupefacio,1
compressio,1
gelidus,1
sollemniter,1
floresco,1
pudenter,1
refingo,1
assequor,1
tergeo,1
stupeo,1
pessulum,1
uncinus,1
era,1
obaudio,1
depereo,1
tonsor,1
perinfamis,1
inclementer,1
attondeo,1
orientalis,1
carnosus,1
nodo,1
adoleo,1
inexpugnabilis,1
fumo,1
improuidus,1
armentum,1
duodeni,1
spretor,1
rubeo,1
antepono,1
plumo,1
insono,1
operculum,1
aduncus,1
amentia,1
mellitulus,1
nidulus,1
anethum,1
collega,1
trabs,1
aedicula,1
adnitor,1
rodo,1
consero,1
papyrus,1
inscribo,1
indigenus,1
immutatio,1
desultorius,1
sedentarius,1
uegetatio,1
ambulatorius,1
aspritudo,1
leuigo,1
despumo,1
pertexo,1
callis,1
glutinosus,1
isto,1
circulator,1
uenatorius,1
bacillum,1
magnarius,1
triuius,1
incursio,1
umbilicus,1
enitor,1
spoliatio,1
saccarius,1
scorteus,1
circumspicio,1
tutamentum,1
exstinguo,1
siparium,1
castor,1
praecisio,1
rana,1
roncus,1
hortatio,1
aedificium,1
istinc,1
pertento,1
adductus,1
firmo,1
grabatus,1
probrus,1
consiliator,1
bacchatim,1
contumulo,1
eruptio,1
uaricus,1
exonero,1
repagulum,1
immissio,1
cubito,1
semisomnus,1
conuector,1
sumministro,1
fulcimentum,1
funis,1
calumnior,1
fetor,1
aliquantum,1
auello,1
mantica,1
detrunco,1
approno,1
cernuo,1
harenosus,1
sempiternus,1
contractus,1
incredulitas,1
impossibilis,1
infamis,1
arrhabo,1
aerugo,1
adulescentula,1
cognomen,1
ratiocinor,1
lixa,1
aedilis,1
quisquilia,1
aedilitas,1
officialis,1
seueritudo,1
moleste,1
somnolentus,1
rancidus,1
famelicus,1
comprecor,1
frutectum,1
inspecto,1
inuocatus,1
anteeo,1
rubus,1
uasto,1
sapienter,1
mulco,1
semianimis,1
compugno,1
perfodio,1
diuino,1
transmissus,1
siluester,1
spinetum,1
caulae,1
ouile,1
cannula,1
commissum,1
auiditer,1
argentarius,1
incondite,1
semifer,1
semihomo,1
furtum,1
domuncula,1
uexillarius,1
antesignanus,1
interstinguo,1
stragulus,1
sublica,1
sumptuosus,1
macero,1
sessio,1
praeualeo,1
optio,1
alea,1
habilis,1
tractabilis,1
adaequo,1
respiratus,1
abutor,1
noualis,1
refrigero,1
roridus,1
ualefacio,1
expilatio,1
prorepo,1
retrogradior,1
schema,1
fremitus,1
pigre,1
timide,1
reseco,1
qualus,1
rumigo,1
matronatus,1
seruiliter,1
inno,1
innutrio,1
tendor,1
refrico,1
paululus,1
exaresco,1
coopto,1
consobrinus,1
dispicio,1
extractum,1
ungo,1
consequus,1
dulciolum,1
narratio,1
soter,1
re,1
errabundus,1
inalbeo,1
commendaticius,1
notorius,1
expromo,1
arca,1
impiger,1
consarcino,1
crusto,1
crassities,1
introgredior,1
deuasto,1
magnes,1
exiguum,1
procurator,1
ducenarius,1
decessus,1
aula,1
masculinus,1
monetalis,1
zona,1
flaccidus,1
abitus,1
depilo,1
unanimis,1
inauguro,1
uenundo,1
talentum,1
fiscus,1
sacrificatus,1
hircus,1
sycophanta,1
tepefacio,1
cantharis,1
camelus,1
uicia,1
equinus,1
euocatus,1
armentarius,1
praefatio,1
honesto,1
machinarius,1
frigo,1
furfur,1
edomo,1
dominicus,1
auscultator,1
tripudio,1
concubina,1
capital,1
terribilis,1
riualis,1
largitio,1
molaris,1
coxa,1
praepondero,1
pero,1
lubrico,1
tortilis,1
stuppa,1
carbunculus,1
calesco,1
enutrio,1
suffugium,1
affulgeo,1
lutulentus,1
scisco,1
nubilis,1
atrociter,1
operarius,1
pastoralis,1
eneco,1
detestatio,1
inhabilis,1
ueruex,1
ineditus,1
uaccula,1
molestus,1
indubitatus,1
sectio,1
gratulatio,1
diuerbero,1
derelinquo,1
illigo,1
pertica,1
degrauo,1
obtrudo,1
furenter,1
indiligenter,1
portorium,1
occisio,1
hirudo,1
miluinus,1
tenaciter,1
imploro,1
adhinnio,1
scabo,1
iuba,1
pectino,1
nucleus,1
testatio,1
intermisceo,1
suspiratus,1
triuium,1
circumtorqueo,1
turbulentus,1
cremo,1
obex,1
uacuefacio,1
praemineo,1
uermis,1
uultur,1
tabesco,1
conceptus,1
heroum,1
pubesco,1
litteratura,1
dithyrambus,1
carminum,1
elegantia,1
posteaquam,1
addisco,1
dialectica,1
impolituas,1
limo,1
academia,1
patera,1
municipalis,1
dogma,1
significatio,1
beatificus,1
adultero,1
informo,1
aedificator,1
angulatus,1
uicies,1
tessera,1
iugo,1
iuuentas,1
inuiolatus,1
retrocedo,1
gyrus,1
agitatrix,1
congemino,1
augmentum,1
obscuritas,1
perennis,1
erroneus,1
ordinator,1
nihilominus,1
sextus,1
septimus,1
octauus,1
conseruatrix,1
aeuitas,1
caelius,1
nociuus,1
abdomen,1
popina,1
uicinitas,1
ancillaris,1
machinamentum,1
diiudico,1
apte,1
cognata,1
gustatus,1
biforis,1
multatio,1
mitesco,1
exhalo,1
uallum,1
praestantia,1
uictualis,1
saepes,1
praemunio,1
lien,1
iocur,1
intestinus,1
esculentus,1
sessito,1
adiunctus,1
dispertio,1
ren,1
permixtio,1
excandescentia,1
incompositus,1
praeualens,1
salubriter,1
conseruatio,1
praeceptio,1
stolidus,1
accidens,1
peruicacia,1
uanitas,1
intemperatus,1
inaequalitas,1
incommobilitas,1
prodigo,1
concors,1
fideliter,1
summitas,1
circumsisto,1
timiditas,1
spectatrix,1
diiudicatrix,1
seruatrix,1
conuenientia,1
heros,1
speculatrix,1
obseruantia,1
symbolus,1
communicatio,1
dominatus,1
suffragator,1
subiugo,1
politicus,1
legalis,1
imitatrix,1
assentatio,1
sophistice,1
fugito,1
insciens,1
ineptio,1
indolentia,1
abdico,1
subiectus,1
tristitia,1
maleuolentia,1
distantia,1
diuturnitas,1
paenitentia,1
urbanus,1
corporalis,1
elanguesco,1
consiliarius,1
contemptor,1
insociabilis,1
superlatio,1
inuidentia,1
redundo,1
effreno,1
deamo,1
inlaesus,1
animaduersio,1
numerabilis,1
approbatio,1
inhonestus,1
illicio,1
eicio,1
fido,1
quodammodo,1
excludo,1
segrego,1
accidentia,1
morosus,1
remigro,1
adamo,1
orbo,1
adflictatio,1
emorior,1
perspecto,1
imitator,1
acte,1
cohonesto,1
posteritas,1
constitutio,1
temperans,1
adsuesco,1
excubitor,1
indomitus,1
agricola,1
adnecto,1
gymnicus,1
conuenae,1
consors,1
puerperium,1
stratus,1
moderator,1
emendatio,1
actuosus,1
seditiosus,1
subiacens,1
coniuratio,1
contradico,1
militariter,1
hastile,1
ciuitatula,1
dissigno,1
duodecimus,1
quamdiu,1
imbecillis,1
comprehensio,1
allacrimo,1
negatio,1
mobilitas,1
emancipo,1
ebibo,1
procumbo,1
paedagogus,1
nouercalis,1
uio,1
expugnatio,1
probrosus,1
funero,1
uixdum,1
fraternus,1
responsio,1
allegatio,1
ciuiliter,1
altercatio,1
absens,1
coleus,1
coicio,1
peiero,1
inconcinnus,1
praenosco,1
alternatio,1
effutio,1
comparatio,1
equuleus,1
ludificatus,1
peremptorius,1
somnifer,1
efficax,1
undecim,1
dulciarius,1
uasum,1
expertus,1
modius,1
crustulum,1
scitamenta,1
exilis,1
dinumeratio,1
diuendo,1
discido,1
discordia,1
prolato,1
aruina,1
pilum,1
intactus,1
cauerna,1
foro,1
contempero,1
genialiter,1
consolo,1
quadruplus,1
perdoceo,1
crebresco,1
lucto,1
posthabeo,1
raeda,1
tapes,1
tintinnabulum,1
maritimus,1
corrado,1
conuenticulum,1
altor,1
demos,1
eunuchus,1
praestruo,1
murex,1
suffulcio,1
superstruo,1
stanneus,1
madefacio,1
prolubium,1
unguiculus,1
grauate,1
magnifice,1
publico,1
peregre,1
plebeius,1
recepto,1
sanctimonia,1
insidior,1
astipulor,1
compectum,1
desperatio,1
gusto,1
gemino,1
accumulo,1
pauxillus,1
infantula,1
excetra,1
conscisco,1
scelerosus,1
gemmula,1
spineus,1
pompaticus,1
inerro,1
cuneatus,1
terminalis,1
colligatio,1
saltatorius,1
inauro,1
hasta,1
luxurior,1
cassis,1
ouatus,1
sagittula,1
praeclare,1
coruscus,1
innubo,1
spinula,1
adnuto,1
nundinor,1
proditio,1
legifer,1
pestilentus,1
crocus,1
fragro,1
uorago,1
contagium,1
indemnatus,1
harena,1
obsequenter,1
septies,1
circumfluus,1
triformis,1
inexorabilis,1
dapsilis,1
sublimen,1
rotunditas,1
multicolor,1
byssus,1
croceus,1
umbo,1
fimbria,1
extremitas,1
semenstris,1
recuruo,1
traicio,1
tumesco,1
uictrix,1
progenies,1
uniformis,1
primigenius,1
sagittifer,1
trilinguis,1
illucesco,1
nauigabilis,1
reformido,1
subterraneus,1
prorogo,1
respergo,1
hilaritudo,1
auicula,1
assono,1
pomifer,1
adluuies,1
succingo,1
obauratus,1
hircinus,1
auceps,1
uiscum,1
sella,1
simia,1
eburneus,1
unguentum,1
conspergo,1
facticius,1
symphonia,1
linteamen,1
pectoralis,1
flammula,1
auxiliaris,1
calliditas,1
ramulus,1
amphora,1
spatiosus,1
ansa,1
inclemens,1
paruitas,1
magnificentia,1
nefastus,1
notabilis,1
carbasus,1
nauigatio,1
puppis,1
perpolio,1
intritus,1
strophium,1
ancorale,1
nauticus,1
nostras,1
circumspectus,1
subiaceo,1
protendo,1
utut,1
spondeus,1
obseruabilis,1
auiditas,1
cultura,1
prolatio,1
optabilis,1
capreolatim,1
condensus,1
byssinus,1
gryps,1
consummatio,1
inexplicabilis,1
retinacula,1
retracto,1
ubertas,1
december,1
sacrator,1
thyrsus,1
hedera,1
ambiguitas,1
ecqui,1
marcellus,1
tenuitas,1
erogatio,1
plurimum,1
impaenitendus,1
coepto,1
pernecessarius,1
suada,1
procrastinatio,1
disseminatio,1
deseruio,1
quoquouersus,1
