,count
sum,594
qui,428
et,365
is,363
in,284
num,204
cum,193
hic,189
dico,166
ut,161
ab,147
de,129
non,118
ille,111
ex,110
lex,110
cicero,91
quod,87
ad,84
res,84
facio,82
ipse,79
pompeius,73
sui,72
senatus,69
fero,68
quam,66
autem,64
edo,63
populus,59
idem,59
tribunus,59
possum,57
post,56
ego,56
suus,54
iudicium,54
dies,53
ante,52
nec,52
claudus,52
sed,51
habeo,51
enim,50
uideo,49
magnus,49
consul,47
ac,46
catilina,46
etiam,44
primus,42
annus,42
plebs,42
cornelius,40
duo,40
multus,40
ne,40
significo,39
oratio,38
cn,38
omnis,36
tum,36
tu,34
quis,34
publicus,34
piso,33
deinde,33
nam,32
do,32
quisque,32
locus,32
ita,32
factum,31
pro,31
homo,30
circa,30
per,30
domus,30
tamen,29
quoque,29
si,29
unus,29
apud,28
atque,28
quidem,27
romanus,27
causa,27
seruus,27
absoluo,27
iam,27
scaurus,27
tempus,26
consulatus,26
postea,26
alter,26
pars,25
alius,24
pater,24
paulus,24
ludus,23
contra,23
contio,23
occido,23
propter,22
sententia,22
sulla,22
aut,21
inter,20
domitius,20
nomen,20
ius,20
reus,20
s,20
praetor,20
iudex,20
uolo,20
bellum,19
eques,19
defendo,19
uer,19
postulo,19
quia,19
tres,19
crassus,18
uos,18
ciuitas,18
ob,18
antonius,18
senator,18
paucus,17
peto,17
sex,17
filius,17
gero,17
ago,17
nullus,16
appello,16
nouus,16
urbs,16
accuso,16
bonus,16
creo,16
summa,15
modo,15
puto,15
scipio,15
inuidia,15
uerus,15
frater,15
saepe,15
quaero,15
manus,15
accusator,15
uerbum,14
dictum,14
decerno,14
magistratus,14
uir,14
iubeo,14
posterus,14
pecunia,14
collega,14
f,14
respondeo,13
tuus,13
potestas,13
tantus,13
crimen,13
fio,13
tertius,13
aerarius,13
adsum,13
caedes,13
ambitus,13
pono,12
claudius,12
prouincia,12
genus,12
caesar,12
mos,12
aio,12
uenio,12
itaque,12
auctor,12
curia,12
damnatus,12
inimicus,12
nunc,12
uita,12
uis,12
interrex,12
manifestus,11
familia,11
soleo,11
deduco,11
auus,11
supra,11
quidam,11
opera,11
collegium,11
sicut,11
parum,11
orator,11
consularis,11
animus,11
cassius,11
defero,11
nomino,11
praeterea,11
lepidus,11
maxime,11
sic,10
gabinius,10
liber,10
ideo,10
meus,10
dignitas,10
secundus,10
filia,10
trado,10
auctoritas,10
aduersus,10
quoius,10
restituo,10
statim,10
mitto,10
nemo,10
consilium,10
socius,10
praetura,10
mucius,10
damno,10
ordo,10
nego,10
multitudo,10
plancus,10
abrogo,10
obtineo,9
patior,9
aetas,9
ceterus,9
roma,9
latus,9
tollo,9
superus,9
repetunda,9
uirtus,9
ciuis,9
comitium,9
adulescens,9
competitor,9
obicio,9
aliquis,9
loquor,9
prius,9
an,9
manilius,9
quaesitor,9
suffragium,9
numerus,9
curio,9
argumentum,8
totus,8
credo,8
accipio,8
sine,8
nepos,8
infero,8
corpus,8
antea,8
nisi,8
uterque,8
teneo,8
marcellus,8
pontifex,8
uictoria,8
solus,8
sulpicius,8
iudico,8
male,8
princeps,8
timeo,8
dimitto,8
gratia,8
utor,8
testis,8
patricius,8
grauis,8
dum,8
dictator,8
perfero,8
ostendo,8
torquatus,8
theatrum,7
intellego,7
memoria,7
ulter,7
appius,7
appareo,7
pertineo,7
colonia,7
maneo,7
prope,7
iulius,7
familiaris,7
dux,7
ergo,7
mentio,7
at,7
ibi,7
africa,7
honor,7
aedes,7
nos,7
italicus,7
ratio,7
intercedo,7
cognosco,7
redeo,7
seruilius,7
moueo,7
sacer,7
nobilitas,7
uero,7
scio,7
suspicio,7
curius,7
cos,7
forum,7
sequor,7
hora,7
taberna,7
desisto,7
coepio,7
intercessio,7
maiestas,7
enarratio,6
magis,6
magnopere,6
longus,6
uetus,6
inuenio,6
consido,6
marius,6
sublatus,6
incendo,6
biennium,6
singulus,6
lego,6
inuitus,6
amicus,6
praeter,6
medius,6
placeo,6
pereo,6
mare,6
item,6
semel,6
aedifico,6
palatium,6
extra,6
clarus,6
omitto,6
hortensius,6
tam,6
rursus,6
notus,6
tribunicius,6
existimo,6
patronus,6
acta,6
catus,6
tribus,6
uarius,6
arma,6
studium,6
praesidium,6
adicio,6
contentio,6
uia,6
exercitus,6
uxor,6
tumultus,6
rufus,6
seu,6
eo,6
reliquus,6
licinius,6
tribunatus,6
caput,6
magnificus,5
lentulus,5
ingenium,5
scribo,5
africanus,5
constituo,5
adipiscor,5
italia,5
forte,5
colloco,5
nobilis,5
audeo,5
fenestella,5
ualerius,5
consultum,5
capio,5
prohibeo,5
modus,5
fortis,5
priuatus,5
numquam,5
positus,5
fufius,5
solum,5
popularis,5
rogatio,5
quartus,5
censor,5
nihil,5
templum,5
incendium,5
deus,5
noster,5
mentior,5
ubi,5
ambo,5
cupiditas,5
summum,5
pugna,5
iste,5
periculum,5
poena,5
fuluius,5
exsilium,5
petitio,5
legatus,5
mater,5
armatus,5
soluo,5
uter,5
iterum,5
putus,5
audio,5
paene,5
usus,5
infamia,5
quattuor,5
uester,5
diuido,5
palam,5
studeo,5
perdo,5
mensis,5
conficio,5
comes,5
nox,5
caudex,5
affero,5
candidatus,5
cornificius,5
deprehendo,5
comparo,5
testimonium,5
aliqui,5
specto,5
libertinus,5
flauius,5
caecilius,5
condemno,5
perago,5
minuo,5
passus,5
calpurnius,5
sullanus,5
quo,4
admodum,4
praesertim,4
actus,4
maternus,4
mors,4
debeo,4
iuro,4
ullus,4
contionor,4
iniuria,4
magister,4
constitutum,4
tunc,4
quamuis,4
adhuc,4
aelius,4
perniciosus,4
tribunal,4
lapis,4
socrus,4
uilla,4
rex,4
triumpho,4
gloria,4
subscribo,4
imperitus,4
publice,4
sub,4
flagro,4
scriptum,4
triumphus,4
uulnus,4
animaduerto,4
gratifico,4
habitus,4
graecus,4
diu,4
infitior,4
promulgo,4
queror,4
reddo,4
ineo,4
spolio,4
exerceo,4
leuis,4
uulnero,4
ciuilis,4
equester,4
sumo,4
uox,4
contendo,4
uerum,4
secundum,4
ferrum,4
plebeius,4
descendo,4
aedilis,4
aemilius,4
salus,4
tabella,4
c,4
factio,4
bouillus,4
gladiator,4
grauiter,4
inferus,4
rostrum,4
opinio,4
insidiae,4
expugno,4
quaestio,4
interficio,4
quaestor,4
malus,4
optimas,4
caelius,4
aduentus,4
libertus,4
defensio,4
propono,4
pronuntio,4
silentium,4
quantus,4
excipio,4
liceo,4
uirgo,4
sica,4
induco,4
iussus,4
potens,4
cominius,4
uiolo,4
actio,4
aequus,4
dedico,3
insto,3
reuertor,3
reditus,3
recens,3
inueho,3
reuoco,3
breuis,3
unde,3
natura,3
meritum,3
confiteor,3
annalis,3
punicus,3
sempronius,3
latinus,3
mille,3
erga,3
denique,3
postquam,3
deligo,3
praeco,3
erro,3
comprehendo,3
decimus,3
detrimentum,3
compitalicius,3
par,3
confero,3
designo,3
incido,3
uicus,3
triduum,3
stuprum,3
nefarius,3
seruo,3
resisto,3
praetereo,3
qua,3
aurelius,3
oculus,3
turpis,3
duco,3
aspicio,3
umquam,3
tempore,3
diripio,3
diruo,3
uidelicet,3
miser,3
tandem,3
emo,3
centurio,3
ap,3
laus,3
augeo,3
poeta,3
datus,3
sumptus,3
certus,3
repente,3
plerus,3
depono,3
longe,3
adulescentulus,3
circus,3
humanus,3
imminuo,3
sacerdos,3
sentio,3
amplus,3
lectus,3
uisus,3
aedilitas,3
ops,3
alienus,3
contraho,3
paternus,3
nonus,3
postulatus,3
prior,3
necessitudo,3
brutus,3
offensio,3
repello,3
effusus,3
subeo,3
magnitudo,3
uexo,3
fortuna,3
cur,3
datum,3
semper,3
uel,3
inquam,3
disputo,3
quasi,3
cotidianus,3
inimicitia,3
relinquo,3
atrium,3
regius,3
sanctus,3
laudo,3
annius,3
tunica,3
capitolium,3
traho,3
perficio,3
obsisto,3
patrimonium,3
ultra,3
schola,3
inde,3
scriba,3
hortus,3
aliquot,3
faustus,3
falsus,3
oppugno,3
miles,3
produco,3
superuenio,3
interrogo,3
remitto,3
infestus,3
persto,3
consto,3
sortitio,3
sedeo,3
quini,3
pridie,3
igitur,3
oppugnatio,3
obsideo,3
exemplum,3
probo,3
incestus,3
admoneo,3
papirius,3
adduco,3
profugio,3
nuper,3
scitum,3
iustus,3
infamis,3
coniuratio,3
responsum,3
uoco,3
improbus,3
quoniam,3
repudio,3
pauculus,3
recito,3
catulus,3
pius,3
spectaculum,3
priuatim,3
liuius,3
redigo,3
iunius,3
consessus,3
perseuero,3
principium,3
defensor,3
exigo,3
agito,3
honestus,3
quid,3
decemuir,3
imperium,3
apollo,3
naturalis,2
interuallum,2
philippus,2
paruus,2
ingenuus,2
patria,2
aspernor,2
ignoro,2
haesito,2
colonus,2
gallus,2
porro,2
mereo,2
profectus,2
extremus,2
municipium,2
trans,2
luctus,2
potis,2
nudus,2
decedo,2
interpono,2
consuetudo,2
recondo,2
abeo,2
permitto,2
saluus,2
mortuus,2
praetextatus,2
discutio,2
tempto,2
celer,2
inspecto,2
portendo,2
prodigium,2
propugnaculum,2
murus,2
tranquillitas,2
otium,2
faex,2
seruitium,2
concito,2
censura,2
frumentum,2
aer,2
confirmo,2
neue,2
afficio,2
persequor,2
scelus,2
dilectus,2
castor,2
aditus,2
coniuro,2
quondam,2
forus,2
hercule,2
platea,2
negotior,2
adiuuo,2
exhaurio,2
merces,2
atilius,2
confido,2
macedonia,2
irrideo,2
ter,2
militaris,2
uinco,2
statua,2
consequor,2
censeo,2
oratorius,2
contingo,2
insignis,2
uersus,2
declino,2
atticus,2
lucilius,2
transeo,2
consecro,2
o,2
hispanus,2
praeditus,2
compar,2
dubito,2
antiquus,2
frequens,2
creticus,2
posthac,2
uiuo,2
secum,2
quamquam,2
cura,2
ecquis,2
uerres,2
aliter,2
aeque,2
opimius,2
eicio,2
opprimo,2
adeo,2
impensa,2
aes,2
satis,2
ualde,2
industrius,2
aliquando,2
paro,2
inquiro,2
interea,2
aufero,2
soror,2
familiariter,2
diligo,2
praebeo,2
quisquam,2
felix,2
lectica,2
interimo,2
calidius,2
niger,2
praecipue,2
enumero,2
coopto,2
ibidem,2
legatio,2
accepta,2
cohorto,2
commuto,2
occasio,2
arcessitus,2
acceptum,2
conuenio,2
spes,2
peruenio,2
iaceo,2
proauus,2
tubulus,2
flagitium,2
dominatio,2
octauius,2
imito,2
casus,2
accido,2
perspicio,2
gaius,2
spero,2
nimius,2
procedo,2
siue,2
nondum,2
propinquus,2
suscipio,2
oportet,2
eodem,2
cognomen,2
proximus,2
possideo,2
effugio,2
gens,2
dica,2
testor,2
permoueo,2
cedo,2
calumnia,2
deni,2
circum,2
reduco,2
audacia,2
sto,2
gladiatorius,2
munus,2
refero,2
prodo,2
etenim,2
alloquor,2
decurio,2
ueho,2
fere,2
expedio,2
iter,2
rixa,2
committo,2
respicio,2
lateo,2
saucius,2
recipio,2
circumsto,2
emptum,2
hortor,2
cremo,2
subsellium,2
librarius,2
porcius,2
iungo,2
curulis,2
recreo,2
deterreo,2
tributim,2
perfugio,2
morior,2
extractum,2
rumor,2
tutus,2
nominatim,2
forma,2
conatus,2
uitupero,2
triumuir,2
fugitiuus,2
comperio,2
expono,2
patrocinium,2
suspectus,2
pernicies,2
fides,2
redimo,2
sodalicius,2
quot,2
cito,2
aequo,2
sors,2
clamor,2
biduus,2
albanus,2
mando,2
adhortor,2
idus,2
dispono,2
intra,2
secor,2
commissum,2
pugno,2
incipio,2
contineo,2
elabor,2
declaro,2
amburo,2
potentia,2
crimino,2
paratus,2
prodeo,2
quinque,2
deicio,2
conuerto,2
nescius,2
utique,2
diuidus,2
relatio,2
explico,2
memini,2
contemno,2
indicium,2
ualeo,2
seueritas,2
suadeo,2
uestalis,2
complures,2
minor,2
lumen,2
intentus,2
obex,2
insidior,2
damium,2
monumentum,2
cruento,2
catena,2
cado,2
nusquam,2
sicarius,2
castrum,2
subsequor,2
profiteor,2
intro,2
cogo,2
maius,2
interim,2
clausum,2
proprius,2
noto,2
utrimque,2
praesens,2
utilis,2
uisum,2
praemium,2
aperte,2
terentius,2
natio,2
usura,2
globulus,2
subicio,2
uehementer,2
intento,2
auctus,2
edictum,2
uix,2
turbo,2
perterreo,2
ars,2
destringo,2
uoluntas,2
gallius,2
bis,2
accusatio,2
pactio,2
uerber,2
concordia,2
arbitrium,2
libertas,2
scilicet,2
simultas,2
difficilis,2
initium,2
progressus,2
celeritas,2
disturbo,2
prudentia,2
necessarius,2
omnino,2
statuo,2
reminiscor,2
decretum,2
discedo,2
sitella,2
supersum,2
communis,2
intercessor,2
turpitudo,2
uectigalis,2
calamitas,2
autronius,2
sacro,2
mons,2
diligenter,2
conualesco,2
firmo,2
retineo,2
roscius,2
auunculus,2
plenus,2
coeo,2
cliens,2
turma,2
titulus,2
afer,2
beneficium,2
imputo,2
furtum,2
praedico,2
commentarius,2
praedo,2
introitus,2
quadrigarius,2
quadrigae,2
luscius,2
lucceius,2
culpa,2
subsum,2
fabius,2
adulterium,2
conor,2
asconius,1
dissentio,1
insectatio,1
notabilis,1
conquestus,1
fiducia,1
specimen,1
immo,1
color,1
tametsi,1
frugi,1
ortus,1
glorior,1
municeps,1
optime,1
munio,1
quemadmodum,1
transpadanus,1
incola,1
ducenti,1
oppono,1
certo,1
ascendo,1
coeptus,1
persuasio,1
ascisco,1
ei,1
socer,1
mercator,1
furax,1
partus,1
perduellio,1
sustineo,1
quadraginta,1
appuleius,1
subtilis,1
computatio,1
summatim,1
proinde,1
octauus,1
uicesimus,1
tamquam,1
uagina,1
dubitatio,1
importunus,1
belua,1
compitalium,1
memoro,1
restitutor,1
ninnius,1
fundamentum,1
euerto,1
innumerabilis,1
inauditus,1
uersor,1
annonarius,1
senex,1
triens,1
modius,1
gratis,1
obnuntiatio,1
instituo,1
ignominia,1
pudor,1
modestia,1
continens,1
funus,1
coniueo,1
hilaris,1
intuor,1
reuello,1
gradus,1
reliquiae,1
praeuaricator,1
pello,1
lamia,1
campanus,1
dictus,1
agrarius,1
unguentarius,1
expello,1
ecqui,1
subuenio,1
profectio,1
publico,1
complus,1
inflammo,1
perinde,1
illustris,1
emergo,1
lutulentus,1
caesonius,1
sordes,1
expergiscor,1
celeriter,1
pristinus,1
requiro,1
numerius,1
uulturius,1
laurea,1
perses,1
prospere,1
pietas,1
coeptum,1
decus,1
nouies,1
quin,1
quies,1
splendor,1
conscribo,1
historicus,1
caute,1
exitus,1
aperio,1
tributus,1
concedo,1
obses,1
gratus,1
bene,1
equitatus,1
stultus,1
amens,1
rusticus,1
hostis,1
neuter,1
perimo,1
dialogus,1
cicatrix,1
proelium,1
delinquo,1
abhorreo,1
similitudo,1
littera,1
procus,1
qualis,1
pactum,1
suspicor,1
elephantus,1
uere,1
lasciuus,1
attineo,1
indico,1
accius,1
sescenti,1
stipendiarius,1
que,1
iudiciarius,1
communicor,1
census,1
centuria,1
patrius,1
libero,1
permaneo,1
animo,1
flaccus,1
uitricus,1
uictor,1
munificus,1
donarium,1
hasta,1
magnificentia,1
abstinenter,1
arroganter,1
nequaquam,1
inquisitio,1
insula,1
triceni,1
proficiscor,1
administratio,1
repono,1
liberi,1
matrimonium,1
triarii,1
propensus,1
adiutorium,1
impudicitia,1
aequitas,1
decet,1
prosilio,1
ambulo,1
necesse,1
raro,1
squalor,1
lacrima,1
recordatio,1
iro,1
augur,1
irrogo,1
penates,1
lauinius,1
recte,1
castus,1
punctum,1
damnatio,1
penes,1
rutilius,1
asiaticus,1
continentia,1
custos,1
uocatus,1
exorior,1
uiator,1
morbus,1
dissuadeo,1
ualetudo,1
innitor,1
quiris,1
admiror,1
impello,1
labor,1
claritas,1
iners,1
proueho,1
tenuis,1
sceleratus,1
audax,1
uenenum,1
hospitium,1
conuiua,1
ceno,1
heres,1
irascor,1
praetorius,1
carcer,1
bibo,1
stirps,1
aemulus,1
aquilus,1
coniunctio,1
disiunctiuus,1
appositio,1
attendo,1
praepositio,1
aedilicius,1
tragicus,1
iulus,1
satelles,1
praeuenio,1
sapientia,1
pulcher,1
urbanus,1
ludo,1
subsigno,1
praenomen,1
propinquitas,1
celebritas,1
desidia,1
sinister,1
largus,1
caecinus,1
columna,1
marmoreus,1
ornatus,1
perquam,1
sordidus,1
uanus,1
pellitus,1
humilis,1
obscurus,1
undique,1
suppedito,1
quicumque,1
mens,1
principatus,1
simus,1
conspectus,1
deprecor,1
absum,1
laudatio,1
humiliter,1
genu,1
bifariam,1
supplico,1
laena,1
intendo,1
aestas,1
campester,1
toga,1
cinctus,1
profusus,1
enixe,1
infectus,1
depugno,1
debilis,1
ianuarius,1
largitio,1
gener,1
conuoco,1
stata,1
occurro,1
sacellum,1
equus,1
gladius,1
agmen,1
tardus,1
umerus,1
rhomphaea,1
traicio,1
propior,1
periculose,1
uiuus,1
solacium,1
exturbo,1
antesignanus,1
cadauer,1
rus,1
egredior,1
lamentatio,1
confluo,1
calco,1
mensa,1
ignis,1
basilica,1
sagitta,1
lucus,1
libitina,1
raptus,1
aliquanto,1
indignatio,1
interfectio,1
uoluntarius,1
aduersarius,1
as,1
patruus,1
tricesimus,1
amplius,1
aggressus,1
anulus,1
paruulus,1
puer,1
subtraho,1
articulatim,1
uilicus,1
undecim,1
summe,1
interpello,1
familiaritas,1
consulo,1
onero,1
crebresco,1
cerarium,1
sedo,1
bibulus,1
seruio,1
intercalarius,1
peroro,1
studiosus,1
priuilegium,1
praecipito,1
pertinaciter,1
ira,1
coactus,1
simulo,1
plerumque,1
femur,1
alligo,1
nudo,1
leuo,1
milium,1
pariter,1
abripio,1
perduco,1
praecludo,1
capitalis,1
dormio,1
denuntio,1
erepo,1
inuidiosus,1
inuisus,1
inuestigo,1
meditor,1
alienatio,1
albus,1
talis,1
ateius,1
diuinatio,1
exhibeo,1
consigno,1
pila,1
inscribo,1
obtingo,1
protinus,1
quinquaginta,1
atrocitas,1
exterreo,1
imploro,1
perturbo,1
promitto,1
territus,1
caupo,1
uotum,1
fletus,1
assisto,1
commoueo,1
dolor,1
aprilis,1
claudo,1
saepio,1
quisquis,1
indemnatus,1
apprehendo,1
mino,1
acclamatio,1
metus,1
perfecte,1
expositio,1
intermorior,1
accendo,1
flamma,1
fugo,1
interregnum,1
ianua,1
imago,1
lectulus,1
castitas,1
tela,1
texo,1
furiosus,1
enarro,1
complector,1
forsitan,1
consurgo,1
auditus,1
curiosus,1
satisfacio,1
relatus,1
pusillus,1
dulcedo,1
largiter,1
acerbitas,1
deuoro,1
ingeniosus,1
diuisio,1
asper,1
insania,1
documentum,1
constantia,1
quaestura,1
praesto,1
subnixus,1
cliuus,1
perrumpo,1
offendo,1
persona,1
quotiens,1
praeeo,1
marcius,1
existimatio,1
asperitas,1
quippe,1
quando,1
conquiesco,1
fortassis,1
sextilis,1
excido,1
imperatum,1
appellatio,1
apparitor,1
remotus,1
super,1
cena,1
adductus,1
conuiuium,1
repeto,1
nauis,1
tempestas,1
antius,1
eripio,1
flauus,1
publicanus,1
praecedo,1
improuisus,1
suffragator,1
coacta,1
annona,1
tumultuor,1
tiro,1
insanus,1
inquies,1
opertum,1
latro,1
abicio,1
nocturnus,1
uito,1
accedo,1
subsido,1
latrocinium,1
graeculus,1
quocumque,1
etruscus,1
reticeo,1
muto,1
exaudio,1
perhorresco,1
planus,1
circumdo,1
secta,1
sepelio,1
nuntius,1
crispus,1
excito,1
sacrificulus,1
manumitto,1
lucius,1
corrumpo,1
index,1
uinculum,1
coniectus,1
habito,1
admitto,1
porticus,1
intersum,1
excutio,1
dignus,1
obsigno,1
addico,1
circumscribo,1
proficio,1
sacrificium,1
immineo,1
commemoro,1
flecto,1
delenio,1
adopto,1
totidem,1
reicio,1
inscius,1
dissimulo,1
fauonius,1
remoueo,1
odium,1
considius,1
subscriptio,1
editus,1
fidius,1
aponius,1
caesennius,1
philo,1
alieno,1
exter,1
famosus,1
lucrum,1
expendo,1
cautus,1
mutuus,1
offensus,1
questus,1
prouideo,1
caueo,1
paulatim,1
desino,1
postremo,1
indigne,1
improbe,1
conuicium,1
prehendo,1
lictor,1
frango,1
fascis,1
iacio,1
concilium,1
actutum,1
solutus,1
etsi,1
repugno,1
ambitiosus,1
uarie,1
circumuenio,1
nota,1
mox,1
interuentus,1
scalae,1
fugio,1
tectum,1
uicinus,1
assideo,1
eximo,1
uendo,1
praesideo,1
adhibeo,1
orior,1
plurimus,1
confugio,1
scientia,1
laedo,1
moderatio,1
lectio,1
adiumentum,1
improbo,1
decuria,1
prosum,1
conuentus,1
exspectatio,1
euentus,1
exsto,1
pretium,1
suimet,1
quadriduum,1
utrum,1
interpretatio,1
prospecto,1
proicio,1
simulacrum,1
faenum,1
taurus,1
irrito,1
deiectus,1
orno,1
industria,1
tego,1
quintus,1
macedonicus,1
didius,1
iurandum,1
adigo,1
cumque,1
arripio,1
assertor,1
affectus,1
huc,1
euado,1
hortatus,1
ridiculus,1
excogito,1
reprehendo,1
imprimis,1
compitalis,1
attius,1
celsus,1
egregius,1
noceo,1
ordino,1
defensa,1
furor,1
impulsus,1
cupio,1
turbulentus,1
turba,1
communico,1
exortus,1
impedio,1
praue,1
infeliciter,1
militia,1
stipendium,1
tueo,1
auspicium,1
derogatio,1
persaepe,1
derogo,1
senatorius,1
separo,1
septimus,1
pax,1
libum,1
eos,1
paetus,1
celebro,1
uotiuus,1
calliditas,1
opus,1
contrarius,1
secerno,1
premo,1
eleuo,1
paeniteo,1
haruspex,1
blandior,1
ueto,1
transfero,1
confundo,1
discus,1
praetermitto,1
criminosus,1
finis,1
diuturnus,1
seruitus,1
pirata,1
aliquam,1
arbitro,1
corrigo,1
correctio,1
obsto,1
propugno,1
oporteo,1
desum,1
remedium,1
residuus,1
praesum,1
iniquus,1
tot,1
inique,1
nuntio,1
iustitium,1
metuo,1
uigeo,1
dissimilis,1
nimis,1
bonum,1
eximius,1
adnoto,1
diuisor,1
exstinguo,1
flagito,1
doceo,1
salubris,1
funestus,1
uolgaris,1
frequenter,1
coetus,1
factiosus,1
utilitas,1
faber,1
fictor,1
aduerso,1
stipo,1
domo,1
temeritas,1
abalieno,1
secedo,1
anio,1
hodie,1
aeternus,1
auspicatus,1
curiatus,1
uerginius,1
ueturius,1
ceterum,1
classis,1
pomponius,1
albinius,1
constitutio,1
finio,1
breuiter,1
uindicia,1
secessio,1
dehinc,1
decem,1
liberta,1
addo,1
adimo,1
perinuisus,1
siluanus,1
strabo,1
dominor,1
assecula,1
tracto,1
demum,1
oblino,1
seditiosus,1
quinquennium,1
quirinus,1
controuersia,1
electus,1
infringo,1
mam,1
fimbria,1
figulus,1
galba,1
sergius,1
natus,1
amitto,1
modeste,1
uiso,1
sobrius,1
improbitas,1
cruentus,1
adiutor,1
firmus,1
licentia,1
surgo,1
coitio,1
quaestus,1
sequester,1
acer,1
cresco,1
arguo,1
abscisus,1
artus,1
coniunctus,1
achaius,1
nanciscor,1
educo,1
peregrinus,1
eiuro,1
gellius,1
sexennium,1
recuso,1
praedium,1
mancipo,1
absens,1
disco,1
absolutio,1
turpiter,1
eadem,1
nescio,1
concessio,1
collatio,1
subiectum,1
suffragatio,1
nonne,1
moleste,1
tecum,1
tute,1
auxilium,1
mucus,1
exprobro,1
certe,1
contamino,1
dirus,1
innocens,1
seuerus,1
reseruo,1
similis,1
praeuaricor,1
reiectio,1
collum,1
seco,1
populo,1
amentia,1
mediocriter,1
pecus,1
uendito,1
saltus,1
addictus,1
pastor,1
subito,1
polliceor,1
praesente,1
bestia,1
contentus,1
triennium,1
achaia,1
proscriptio,1
circensis,1
cogito,1
ornamentum,1
uincio,1
urna,1
saccularius,1
crudelitas,1
gemitus,1
gesto,1
spiritus,1
ianiculum,1
utpote,1
diuus,1
augustus,1
actiacus,1
demonstro,1
porta,1
carmentalis,1
flaminius,1
aedis,1
impudentia,1
praeclarus,1
diues,1
centiens,1
proscribo,1
lucretius,1
ofella,1
status,1
ignotus,1
imperator,1
pareo,1
efficio,1
erudio,1
fretus,1
despicio,1
nihilum,1
opprobrium,1
adulter,1
nata,1
cunctus,1
clamo,1
acerbus,1
luctuosus,1
signum,1
missus,1
ablego,1
prouincialis,1
obliuiscor,1
impudens,1
impudenter,1
quadriga,1
agitator,1
neruus,1
pugiunculus,1
capillus,1
quaestorius,1
aleator,1
