,count
qui,1938
in,1694
is,1575
et,1546
sum,1434
ad,1188
sui,1017
hic,997
ab,896
omnis,846
ex,829
cum,805
ut,789
atque,770
res,715
suus,604
magnus,514
non,490
locus,474
possum,462
quod,456
castrum,435
nec,427
caesar,404
miles,361
pars,353
hostis,352
noster,343
facio,338
legio,334
de,333
dies,323
habeo,313
ipse,306
ac,293
reliquus,287
nauis,276
exercitus,272
si,255
ne,247
bellum,244
causa,241
aut,241
ille,234
oppidum,234
sed,228
ciuitas,225
copia,224
unus,222
iter,221
eques,221
uideo,214
edo,213
idem,211
uenio,211
mitto,210
quam,204
proelium,202
tempus,200
cognosco,194
per,192
consilium,192
multus,190
pompeius,184
primus,178
iubeo,177
num,174
equitatus,173
legatus,171
numerus,169
duo,169
mille,163
flumen,160
relinquo,151
tantus,151
alius,150
recipio,148
superus,140
praesidium,138
etiam,136
quis,135
interficio,133
finis,131
dico,127
factum,126
munitio,126
arma,122
homo,121
existimo,121
tamen,120
animus,119
quisque,119
opus,118
inter,117
cohors,117
multitudo,116
iam,116
do,115
nox,111
uolo,110
nullus,109
auxilium,106
fuga,106
fero,105
pro,104
acies,104
ibi,103
alter,102
ante,102
uirtus,101
capio,101
peruenio,101
prouincia,100
gero,100
constituo,100
populus,100
totus,99
frumentum,98
contendo,97
longe,96
paucus,96
summa,96
conficio,93
periculum,93
passus,92
celeriter,92
ubi,91
proficiscor,90
murus,90
signum,90
spes,87
cogo,86
discedo,86
peto,86
impetus,86
pugno,86
coepio,85
ita,84
circiter,82
itaque,81
ratio,81
aduentus,80
sine,79
spatium,79
ago,79
accido,79
dimitto,79
prohibeo,78
conuenio,78
certus,78
teneo,78
imperium,77
transeo,77
enim,76
tum,76
uterque,76
apud,75
impero,75
propter,74
obses,74
uis,72
usus,72
telum,71
fortuna,70
impedio,69
timor,69
ager,68
publicus,68
salus,68
labor,68
fere,67
nouus,66
nam,66
consto,66
paulus,66
turris,66
instituo,65
manus,65
porta,65
annus,64
pes,63
demonstro,63
impedimentum,63
regio,63
absum,62
nihil,62
contra,62
fio,62
efficio,62
appello,61
latus,61
sustineo,61
mons,60
parum,60
infero,60
occupo,60
munio,60
uallum,60
genus,60
autem,59
confirmo,59
senatus,59
princeps,59
ordo,59
quidem,58
perterreo,58
urbs,57
exspecto,57
portus,57
silua,56
tribunus,56
contineo,55
finitimus,55
duco,55
post,55
utor,55
uero,55
centurio,55
deduco,55
eo,54
paro,53
pons,53
uictoria,53
collis,53
pugna,53
fides,52
sequor,52
sub,52
hibernus,52
grauis,52
nuntius,52
longus,52
proximus,51
reuertor,51
traduco,51
agmen,51
intermitto,51
consuetudo,51
at,51
tres,50
tertius,50
conor,50
domus,50
intellego,50
defendo,50
necessarius,50
potestas,50
simul,50
maxime,49
singulus,49
confido,49
sic,49
adeo,49
pax,48
perficio,48
dux,48
instruo,48
colloco,48
castra,48
classis,48
natura,47
facultas,47
posterus,47
subsidium,47
arbitro,46
polliceor,46
interim,46
confero,46
animaduerto,46
supra,46
inopia,46
nanciscor,46
quoius,45
committo,45
quidam,45
item,44
nuntio,44
consuesco,44
complures,44
littera,44
acceptum,44
agger,44
pecunia,44
domitius,44
facile,43
amicitia,43
accipio,43
gratia,43
frumentarius,43
educo,43
casus,43
equus,43
trado,43
subito,43
opinio,43
obtineo,42
initium,42
extremus,42
praeficio,42
quantus,42
medius,42
rex,42
magnitudo,42
celeritas,42
fossa,41
barbarus,41
auctoritas,40
satis,40
reperio,40
missa,40
conicio,40
reduco,40
audio,40
progredior,40
quin,39
dum,39
paruus,39
paene,39
profectus,39
accedo,39
studium,39
rursus,39
dimico,39
datum,38
dispono,38
timeo,38
concilium,38
summum,38
uulnus,38
circumuenio,38
terra,38
uentus,38
incolumis,38
nonnullus,38
oratio,37
uoluntas,37
iniuria,37
beneficium,37
insequor,37
pono,37
colloquium,37
huc,37
consisto,37
administro,37
mare,37
afranius,37
undique,36
omnino,36
castellum,36
praesum,36
supero,36
prius,36
cohorto,36
communis,36
intra,36
postulo,36
imperator,36
aequus,36
doceo,36
premo,36
ullus,35
liber,35
mando,35
praemitto,35
audeo,35
uereor,35
nisi,35
officium,35
sententia,35
inferus,34
adductus,34
incito,34
patior,34
ulter,34
moueo,34
militaris,34
postea,34
condicio,34
affero,34
remitto,34
idoneus,34
cornu,34
fugio,34
eruptio,34
aqua,34
scipio,34
pertineo,33
altitudo,33
debeo,33
nomen,33
prope,33
resisto,33
commeatus,33
aditus,33
oppugnatio,33
excedo,33
praeter,32
qua,32
uigilia,32
positus,32
quisquam,32
consido,32
romanus,32
expedio,32
defero,32
consul,31
ius,31
secundus,31
amplius,31
hortor,31
modus,31
praemium,31
detrimentum,31
etsi,31
regnum,30
permoueo,30
conspectus,30
aliquis,30
uita,30
retineo,30
refero,30
neue,30
par,30
insula,30
tempestas,30
angustus,29
bonus,29
angustia,29
repentinus,29
incommodus,29
modo,29
propono,29
praeda,29
italia,29
deligo,28
filius,28
probo,28
oppugno,28
puto,28
ostendo,28
nemo,28
augeo,28
captiuus,28
compleo,28
deditio,28
procedo,28
nos,28
excipio,28
clamor,28
uniuersus,28
praesto,27
spero,27
ignis,27
ripa,27
diu,27
egredior,27
praeterea,27
creber,27
tutus,27
appropinquo,27
subsequor,27
continens,27
uos,27
addo,27
aduersarius,27
fortis,26
comparo,26
amicus,26
frater,26
plebs,26
magistratus,26
inde,26
consumo,26
uetus,26
adorior,26
uisum,26
intercludo,26
tergum,26
tormentum,26
reficio,26
inquam,26
ciuis,26
saepe,25
trans,25
incendo,25
secum,25
memoria,25
pello,25
iudico,25
siue,25
propinquus,25
perfero,25
lux,25
aperto,25
adduco,25
perturbo,25
perspicio,25
iniquus,25
adulescens,25
cursus,25
expello,25
quo,25
custodia,25
ego,25
lex,24
iudicium,24
mors,24
uia,24
impetro,24
explorator,24
adsum,24
libertas,24
quaero,24
conuerto,24
occurro,24
negotium,24
quoniam,24
palus,24
produco,24
prouideo,24
imperatum,24
statio,24
integer,24
legatio,23
magis,23
semper,23
amissum,23
perpetuus,23
conspicio,23
dexter,23
incipio,23
deficio,23
seruo,23
expono,23
controuersia,23
fama,23
propterea,22
facilis,22
altus,22
tempore,22
plurimus,22
mos,22
complus,22
studeo,22
citer,22
expugno,22
statuo,22
uerus,22
honor,22
loquor,22
uinco,22
hora,22
profugio,22
quicumque,22
uox,22
desum,22
dignitas,22
opprimo,22
plerus,22
terror,22
antecedo,22
pronuntio,22
litus,22
persuadeo,21
constitutum,21
uicus,21
difficilis,21
uel,21
respondeo,21
hiemo,21
quartus,21
oportet,21
dubito,21
circuitus,21
tollo,21
moror,21
consequor,21
exploro,21
coniunctus,21
sex,21
dedo,21
attribuo,21
hiems,21
institutum,20
cotidianus,20
dictum,20
pater,20
ob,20
sublatus,20
occido,20
perduco,20
deiectus,20
circum,20
quattuor,20
curo,20
tam,20
sentio,20
labienus,20
biduus,20
succedo,20
proicio,20
redeo,20
diligentia,20
commodus,20
sinister,20
statim,20
sagittarius,20
procul,20
maritimus,20
tempto,20
noceo,20
materia,20
receptus,20
euoco,20
hispania,20
gallus,19
potior,19
iumentum,19
profectio,19
aedificium,19
repello,19
desisto,19
propior,19
solum,19
equester,19
supplicium,19
cerno,19
conspicor,19
uulnero,19
coniungo,19
aliqui,19
armatus,19
plerumque,19
concurro,19
leuis,19
discessus,19
gallius,19
antonius,19
exeo,18
missus,18
conuoco,18
ualeo,18
restituo,18
aduersus,18
colloquor,18
caput,18
laboro,18
cogito,18
transporto,18
an,18
progressus,18
summitto,18
conseruo,18
aetas,18
cedo,18
opera,18
coacta,18
desidero,18
iugum,17
concedo,17
inimicus,17
intercedo,17
concursus,17
tribuo,17
praesens,17
cotidie,17
auerto,17
queror,17
uito,17
secor,17
gladius,17
corpus,17
reddo,17
remaneo,17
laus,17
propius,17
interpono,17
uerto,17
natio,17
sollicito,17
diripio,17
difficultas,17
ineo,17
uallis,17
pecus,17
priuatus,17
cratis,17
onerarius,17
consulo,17
silentium,17
brundisium,17
diuido,16
attingo,16
sol,16
dolor,16
suspicio,16
effero,16
uix,16
extra,16
contumelia,16
comporto,16
licet,16
paulatim,16
censeo,16
nocturnus,16
dispergo,16
impono,16
offero,16
compello,16
tardo,16
aestus,16
euocatus,16
motus,16
tego,16
cassius,16
incolo,15
pateo,15
firmus,15
familia,15
socius,15
uadum,15
nondum,15
seruitus,15
calamitas,15
pristinus,15
eodem,15
nolo,15
subleuo,15
praesertim,15
conuentus,15
familiaris,15
scio,15
minuo,15
praetor,15
seruus,15
recuso,15
uehementer,15
decerto,15
species,15
inuenio,15
natus,15
desperatus,15
uir,15
credo,15
excito,15
distribuo,15
similis,15
comprehendo,15
clam,15
occasio,15
necesse,15
delectus,15
intereo,15
caedes,15
differo,14
orior,14
longitudo,14
suscipio,14
principatus,14
liceo,14
interea,14
renuntio,14
solus,14
concido,14
abdo,14
magnopere,14
despicio,14
commutatio,14
alienus,14
adhibeo,14
ascendo,14
obicio,14
triduum,14
permitto,14
tenere,14
nunc,14
permaneo,14
maneo,14
stipendium,14
praedico,14
supporto,14
tumulus,14
desero,14
lapis,14
conclamo,14
prodeo,14
minor,14
procurro,14
protinus,14
uineus,14
mora,14
interiacio,14
trabs,14
exitus,14
tot,14
ancora,14
auctor,14
obsidio,14
incendium,14
priusquam,14
musculus,14
thessalia,14
cupidus,13
latitudo,13
poena,13
sumo,13
quinque,13
insidiae,13
lacesso,13
intersum,13
pabulum,13
ops,13
oro,13
defessus,13
acriter,13
conquiro,13
occulto,13
amitto,13
experior,13
neglego,13
tectum,13
tumultus,13
commemoro,13
amplus,13
uersor,13
terreo,13
aegre,13
funditor,13
prior,13
reuoco,13
diuersus,13
plenus,13
defectio,13
opportunitas,13
circumeo,13
metus,13
eicio,13
tueor,13
traicio,13
conscendo,13
palam,13
contio,13
fiducia,13
lentulus,13
inuitus,12
conatus,12
septimus,12
aggredior,12
pagus,12
deus,12
meritum,12
recens,12
insto,12
antea,12
interuallum,12
postquam,12
scutum,12
moratus,12
iuuo,12
perfuga,12
iuro,12
ceterus,12
turpis,12
celer,12
contingo,12
mens,12
contentio,12
suspicor,12
redigo,12
aestas,12
propinquitas,12
iacio,12
arbor,12
adigo,12
euentus,12
singularis,12
saxum,12
ora,12
remus,12
mediocris,12
uersus,12
irrumpo,12
immitto,12
inicio,12
soluo,12
confestim,12
proinde,12
cicero,12
mercator,11
carrus,11
cliens,11
nihilum,11
subeo,11
numquam,11
conscribo,11
abduco,11
inopinans,11
improuisus,11
quare,11
commissum,11
cado,11
uoco,11
obsecro,11
uerbum,11
ascensus,11
comperio,11
supersum,11
seu,11
commuto,11
subicio,11
ignoro,11
unde,11
consensus,11
occulte,11
arcesso,11
uictor,11
cur,11
breuis,11
legionarius,11
planities,11
iustus,11
coicio,11
utrimque,11
antiquitus,11
prosequor,11
confligo,11
defensor,11
armatura,11
propero,11
exstruo,11
onus,11
paucitas,11
nauigo,11
quantum,11
frustra,11
proficio,11
infirmus,11
arbitratus,11
exiguus,11
peditum,11
peditatus,11
religio,11
interior,11
refugio,11
parco,11
ignominia,11
uester,11
muto,11
profero,11
specto,10
uagor,10
eripio,10
nego,10
perrumpo,10
uasto,10
oculus,10
prodo,10
depono,10
pabulatio,10
prex,10
alo,10
uxor,10
cupio,10
deminuo,10
despero,10
moneo,10
cognitus,10
postridie,10
deinde,10
emitto,10
puer,10
mulier,10
congredior,10
radix,10
disciplina,10
imperitus,10
simulatio,10
facinus,10
consultum,10
egressus,10
longinquus,10
circumsisto,10
usque,10
quaestor,10
repente,10
incido,10
significo,10
frons,10
exaudio,10
uacuus,10
impello,10
iniquitas,10
calo,10
respicio,10
gens,10
misericordia,10
productum,10
naualis,10
libero,10
scapha,10
decerno,10
pabulor,10
dissensio,10
communico,10
deprehendo,10
expleo,10
municipium,10
occasus,9
cupiditas,9
potens,9
influo,9
communio,9
exemplum,9
iungo,9
mereo,9
possessio,9
uter,9
commoueo,9
persequor,9
maturus,9
potentia,9
subduco,9
praeceptum,9
denique,9
tener,9
pridie,9
aduerto,9
reicio,9
pilus,9
colligo,9
commode,9
claudo,9
summoueo,9
uesper,9
cruciatus,9
uiuo,9
placeo,9
namque,9
circumdo,9
temere,9
detraho,9
potius,9
durus,9
rumor,9
diligens,9
nudo,9
oppidanus,9
paulisper,9
editus,9
pedester,9
contrarius,9
tegumentum,9
proelior,9
senator,9
cunctus,9
adiungo,9
quoque,9
recipero,9
remex,9
admodum,9
paulo,9
obsideo,9
exigo,9
deinceps,9
indutia,9
tignum,9
disto,9
nonus,9
descendo,9
sermo,9
fabius,9
talis,9
uercingetorix,9
interrumpo,9
pluteus,9
regius,9
roma,9
circa,9
bibulus,9
late,8
concilio,8
enuntio,8
perpaucus,8
immortalis,8
audax,8
subsisto,8
publice,8
grauiter,8
fleo,8
reprehendo,8
subsum,8
pareo,8
perfugio,8
fames,8
factio,8
hospitium,8
decedo,8
secundum,8
cingo,8
tabernaculum,8
ultro,8
munus,8
scientia,8
honestus,8
paco,8
distineo,8
eadem,8
testudo,8
decliuis,8
incursus,8
exanimo,8
deleo,8
praeacutus,8
depositum,8
pellis,8
significatio,8
decretum,8
acer,8
gubernator,8
nauigatio,8
partio,8
rarus,8
sabinus,8
pollicitatio,8
hortatus,8
desilio,8
uestigium,8
humilis,8
frumentor,8
perfidia,8
defigo,8
sagitta,8
certe,8
lenis,8
collaudo,8
scribo,8
sto,8
quies,8
ualetudo,8
diffido,8
transfero,8
dirigo,8
uiuus,8
praeoccupo,8
curius,8
uarus,8
cn,8
libum,8
paries,8
macedonia,8
uergo,7
septentrio,7
nobilitas,7
afficio,7
suppeto,7
conduco,7
priuo,7
porto,7
rescindo,7
heluetius,7
incredibilis,7
nitor,7
coactus,7
propello,7
mater,7
ueteranus,7
proxime,7
pilum,7
ictus,7
tandem,7
redintegro,7
uaco,7
nominatim,7
tametsi,7
primo,7
malus,7
uictus,7
demissus,7
consulatus,7
centum,7
arx,7
exercitatio,7
inermis,7
defatigo,7
decimus,7
praetorius,7
pedes,7
libenter,7
interpello,7
foris,7
meridies,7
erepo,7
neco,7
reseruo,7
consentio,7
introduco,7
defensio,7
propugno,7
fallo,7
tendo,7
adiuuo,7
quisquis,7
praebeo,7
aliter,7
confercio,7
procumbo,7
intercipio,7
duplex,7
paruulus,7
circummunio,7
uimen,7
coorior,7
bis,7
ferreus,7
nauigium,7
exsisto,7
consector,7
bene,7
armo,7
aestimo,7
deicio,7
incertus,7
consterno,7
notus,7
meus,7
obiectum,7
aduolo,7
excludo,7
concito,7
postremo,7
opportunus,7
demitto,7
adhortor,7
praesentia,7
iussus,7
asper,7
praecipio,7
dilectus,7
sacramentum,7
uiginti,7
iactura,7
infectus,7
druides,7
circumfundo,7
excubo,7
intego,7
momentum,7
libere,7
oppono,7
comitium,7
fastigium,7
peritus,7
sulla,7
importo,6
bello,6
gloria,6
filia,6
dubius,6
decem,6
pacatum,6
maleficium,6
pulsus,6
ratis,6
interdiu,6
largitio,6
depopulo,6
insignis,6
consequus,6
aeger,6
perseuero,6
caueo,6
doleo,6
testis,6
responsum,6
creo,6
deterreo,6
audacia,6
separatim,6
complexus,6
consolo,6
custos,6
uiso,6
sarcina,6
ferrum,6
auersus,6
tolero,6
domicilium,6
ferus,6
iterum,6
imploro,6
mensis,6
uulgo,6
paratus,6
simulo,6
interdico,6
exerceo,6
totidem,6
adaequo,6
pila,6
comminus,6
eligo,6
liberaliter,6
fortiter,6
necessitas,6
inutilis,6
praedor,6
siluestris,6
uarius,6
decumanus,6
pondus,6
deprecor,6
adicio,6
completus,6
malo,6
situs,6
funis,6
aptus,6
transcendo,6
contemptio,6
obsido,6
depello,6
crassus,6
imprudens,6
multo,6
refert,6
quoad,6
resto,6
praetermitto,6
mane,6
germanus,6
abicio,6
remoueo,6
aquila,6
obtestor,6
essedum,6
turma,6
infra,6
orbis,6
eiusmodi,6
subuenio,6
profiteor,6
ostento,6
acerrime,6
succurro,6
ambo,6
obstruo,6
clientela,6
soleo,6
falsus,6
patientia,6
hinc,6
tueo,6
abundo,6
acerbus,6
proditio,6
licentia,6
corrumpo,6
contentus,6
campester,6
contego,6
templum,6
rufus,6
pastor,6
uitium,6
contignatio,6
minime,5
quicum,5
induco,5
coniuratio,5
iurandum,5
damnatus,5
metior,5
nuper,5
eos,5
maturo,5
delibero,5
spons,5
obstringo,5
rogatus,5
consanguineus,5
ulcisco,5
admiror,5
quingenti,5
quini,5
frigus,5
iacto,5
uectigal,5
faueo,5
iustitia,5
remotus,5
existimatio,5
uulgus,5
admitto,5
destringo,5
tragula,5
posco,5
purgo,5
tabula,5
oportunus,5
sedes,5
miser,5
arrogantia,5
contraho,5
affectus,5
praescribo,5
denuntio,5
exercitatus,5
pudor,5
fingo,5
aequitas,5
diuturnitas,5
felicitas,5
alacritas,5
umquam,5
quinquaginta,5
pertinacia,5
necessitudo,5
sponte,5
appeto,5
testimonium,5
sicut,5
bellus,5
nobilis,5
promoueo,5
continuus,5
alarius,5
pereo,5
hospes,5
gratulatio,5
praepono,5
coniuro,5
sustento,5
moene,5
periclitor,5
transuersus,5
neuter,5
acta,5
intro,5
omitto,5
nascor,5
introrsus,5
tuba,5
ueto,5
exiguitas,5
lassitudo,5
aduersum,5
tardus,5
manipulus,5
iuxta,5
praefero,5
insisto,5
egregie,5
citra,5
inusitatus,5
forte,5
aliquot,5
abstraho,5
erumpo,5
aedifico,5
moles,5
fluctus,5
reuincio,5
praeparo,5
falx,5
longurius,5
forma,5
destino,5
certamen,5
binus,5
iuuentus,5
edoceo,5
alacer,5
fretus,5
cuniculus,5
diduco,5
campus,5
uisus,5
assuefacio,5
inuito,5
frequens,5
praecipito,5
obtempero,5
figura,5
culpa,5
imprudentia,5
nouitas,5
effugio,5
perago,5
posteaquam,5
insuetus,5
commoror,5
introitus,5
praecludo,5
dimidius,5
parens,5
sudis,5
inanis,5
adiunctus,5
desperatio,5
adiutor,5
pario,5
flamma,5
protego,5
graecus,5
perscribo,5
riuus,5
temeritas,5
sarcio,5
societas,5
indictus,5
quaestio,5
iracundia,5
praeruptus,5
infestus,5
percipio,5
nota,5
status,5
sacrificium,5
admissum,5
simulacrum,5
fructus,5
infamia,5
saltus,5
urbanus,5
circumuallo,5
apparo,5
corium,5
pix,5
bini,5
continuo,5
exterreo,5
eminens,5
exter,5
conueho,5
uallus,5
fanum,5
attius,5
aperio,5
compositio,5
africa,5
deprimo,5
aquor,5
religo,5
super,5
latericius,5
praedo,5
fauonius,5
cultus,4
continenter,4
oriens,4
indicium,4
uinculum,4
oporteo,4
mortuus,4
cibarius,4
allobrox,4
rogo,4
bellicosus,4
populo,4
linter,4
sin,4
disco,4
scelus,4
demum,4
priuatim,4
coerceo,4
secreto,4
liberalitas,4
redimo,4
affinitas,4
antiquus,4
repugno,4
egregius,4
offendo,4
prehendo,4
insigne,4
prospicio,4
phalanx,4
captus,4
dediticius,4
repeto,4
nutus,4
fletus,4
crudelitas,4
coram,4
cura,4
possideo,4
arbitrium,4
quotannis,4
pendeo,4
questus,4
diurnus,4
ortus,4
testamentum,4
accepta,4
grandis,4
arcessitus,4
optime,4
ignosco,4
obseruo,4
dono,4
catena,4
ultra,4
setius,4
sors,4
fas,4
generatim,4
uoluptas,4
inueterasco,4
leniter,4
domesticus,4
speculator,4
ramus,4
uexillum,4
densus,4
praeceps,4
fremitus,4
dissipo,4
desertum,4
machinatio,4
tantulus,4
diuinus,4
celo,4
intromitto,4
renouo,4
decurro,4
saucius,4
exuo,4
memini,4
subitus,4
nauta,4
inscientia,4
nosco,4
detineo,4
planus,4
crassitudo,4
rostrum,4
reprimo,4
armamenta,4
ubique,4
uindico,4
latro,4
diligenter,4
aerarius,4
intentus,4
adhuc,4
caespes,4
imber,4
lac,4
latissime,4
seruio,4
dissimulo,4
finio,4
sublica,4
derigo,4
incognitus,4
essedarius,4
aridus,4
audacter,4
fundus,4
commendo,4
reditus,4
aer,4
puluis,4
incursio,4
satisfacio,4
arbiter,4
adimo,4
territo,4
flo,4
meridianus,4
angulus,4
triginta,4
pabulator,4
ardeo,4
consurgo,4
carus,4
octauus,4
tenuis,4
sicuti,4
scalae,4
deturbo,4
laetitia,4
elicio,4
circummitto,4
contemno,4
diutinus,4
erga,4
gallicus,4
odium,4
confugio,4
inimicitia,4
aes,4
tributus,4
dominus,4
morbus,4
artificium,4
aestimatio,4
liberi,4
notitia,4
uiolo,4
argentum,4
tabulatus,4
occulo,4
oppositus,4
praecurro,4
deposco,4
negotior,4
supplementum,4
nix,4
turpiter,4
effectus,4
diuisus,4
quemadmodum,4
conquiesco,4
manipularis,4
umerus,4
otium,4
emineo,4
subiectum,4
ingressus,4
intercessio,4
crudelis,4
castigo,4
contionor,4
tribunicius,4
promulgo,4
curio,4
exspectatio,4
praetura,4
antesignanus,4
ciuilis,4
explico,4
lignum,4
perpetior,4
fufius,4
apparatus,4
triremis,4
contabulatio,4
struo,4
edictum,4
hordeum,4
incedo,4
octauius,4
acilius,4
auster,4
tiro,4
lingua,3
humanitas,3
perfacilis,3
lacus,3
coemo,3
biennium,3
duodecim,3
quadringenti,3
impendo,3
fluo,3
patens,3
lenitas,3
dolus,3
dubitatio,3
decipio,3
obliuiscor,3
glorior,3
flagito,3
annuus,3
nex,3
accuso,3
taceo,3
domi,3
soror,3
iniussu,3
praesente,3
offensio,3
pernicies,3
dextra,3
praeteritus,3
qualis,3
aequo,3
perfringo,3
transfigo,3
nudus,3
anceps,3
quot,3
stipendiarius,3
indico,3
sancio,3
merces,3
semel,3
dicio,3
periculosus,3
spiritus,3
pedum,3
ingens,3
miseror,3
timidus,3
furor,3
impulsus,3
constantia,3
subministro,3
male,3
auaritia,3
praecipue,3
inno,3
deueho,3
quotiens,3
deperdo,3
auctus,3
ornamentum,3
iuba,3
nauicula,3
trinus,3
mobilitas,3
leuitas,3
uexo,3
coacto,3
coeptum,3
surruo,3
fumus,3
fastigatus,3
strepitus,3
consimilis,3
patria,3
transgredior,3
breuitas,3
galea,3
induo,3
prospectus,3
obuenio,3
iaceo,3
cadauer,3
accliuis,3
exagito,3
quindecim,3
quisnam,3
aries,3
patefacio,3
arduus,3
uendo,3
supplicatio,3
singillatim,3
scindo,3
demoror,3
sanctus,3
rebellio,3
quando,3
erigo,3
quiuis,3
clauus,3
digitus,3
uelum,3
rego,3
congressus,3
firmitudo,3
muralis,3
antemna,3
abscisus,3
ternus,3
cultura,3
carpo,3
hac,3
auditus,3
mollis,3
deuoueo,3
cunctor,3
auxiliaris,3
circumduco,3
proruo,3
uicis,3
colo,3
uenatio,3
cibus,3
humanus,3
uentito,3
expers,3
amplitudo,3
grauitas,3
demigro,3
infirmitas,3
paeniteo,3
utilis,3
cito,3
communicor,3
occupatio,3
insuper,3
bipedalis,3
succido,3
utilitas,3
excuso,3
nequaquam,3
septem,3
feliciter,3
proueho,3
reporto,3
prouisus,3
adflictus,3
duplico,3
actuaria,3
humilitas,3
dedux,3
spolio,3
laudo,3
octingenti,3
tripertitus,3
infinitus,3
albus,3
sero,3
uestio,3
color,3
aspectus,3
labrum,3
perexiguus,3
extraho,3
depereo,3
aliquamdiu,3
beneuolentia,3
leuo,3
dissentio,3
disputatio,3
circumspicio,3
concurso,3
conflicto,3
indignus,3
os,3
praeustus,3
lorica,3
tunc,3
erro,3
succenseo,3
antefero,3
pullus,3
intus,3
gaius,3
consulto,3
sollicitudo,3
pubes,3
publico,3
excusatio,3
sceleratus,3
defugio,3
consecro,3
militia,3
disputo,3
adfectus,3
immolo,3
contextus,3
latrocinium,3
illustris,3
excrucio,3
femina,3
agricultura,3
proprius,3
assiduus,3
fera,3
auris,3
excelsus,3
palma,3
incautus,3
auratus,3
tribus,3
requiro,3
obsessio,3
mentio,3
quintus,3
frumentatio,3
recte,3
perpes,3
ductus,3
obuiam,3
exposco,3
insimulo,3
interrogo,3
sollertia,3
distraho,3
eminus,3
praetereo,3
aliquando,3
prouentus,3
nimius,3
sano,3
donum,3
autumnus,3
nefarius,3
iniurius,3
fraus,3
ostentatio,3
praeduco,3
similitudo,3
excido,3
permisceo,3
stipes,3
scrobis,3
patienter,3
ergo,3
iniungo,3
intericio,3
definio,3
conuicium,3
marcellus,3
consularis,3
secessio,3
potis,3
colonus,3
quaterni,3
asseruo,3
faux,3
ualerius,3
brutus,3
mutuus,3
crebro,3
uasum,3
montuosus,3
conclamatus,3
saluus,3
aquarius,3
concipio,3
sulpicius,3
praetorium,3
penes,3
magister,3
lutum,3
cento,3
later,3
uectis,3
tribunal,3
huiusmodi,3
aduoco,3
nonne,3
fascis,3
excellens,3
caelius,3
fortasse,3
dictito,3
praeteruehor,3
otacilius,3
senatorius,3
caluisius,3
aggressus,3
laelius,3
obiecto,3
recordor,3
praemunio,3
crastinus,3
quinqueremis,3
septimius,3
minerua,3
alexandrinus,3
commeo,2
effemino,2
ei,2
matrimonium,2
cremo,2
conscisco,2
comburo,2
ascisco,2
expedite,2
tempero,2
deprecator,2
auus,2
internecio,2
insolenter,2
interdum,2
diuturnus,2
emo,2
destitutus,2
improbus,2
designo,2
portorium,2
pretium,2
largior,2
sumptus,2
odi,2
interpres,2
lacrima,2
adulescentia,2
neruus,2
fraternus,2
condono,2
octo,2
accurro,2
abstineo,2
fugitiuus,2
decurio,2
triplico,2
disicio,2
inflecto,2
bracchium,2
bipertitus,2
rota,2
suppliciter,2
senex,2
habito,2
frango,2
postulatus,2
crudeliter,2
temerarius,2
exprimo,2
mirus,2
grauo,2
percontatio,2
uultus,2
fatum,2
obsigno,2
incuso,2
repudio,2
amentia,2
seruilis,2
indulgeo,2
satisfactio,2
exquiro,2
sanitas,2
rescribo,2
denus,2
subtraho,2
gratus,2
dirimo,2
pecco,2
uelox,2
propulso,2
luna,2
raeda,2
reuello,2
trano,2
traho,2
utrum,2
constanter,2
cis,2
ingredior,2
circumiectus,2
eximius,2
obduco,2
indignitas,2
clementia,2
mansuetudo,2
amplifico,2
uinum,2
luxuria,2
increpito,2
instar,2
saepes,2
nomino,2
dimetior,2
proturbo,2
fors,2
deuenio,2
profligatus,2
cohortatio,2
urgeo,2
signifer,2
primipilus,2
coaceruo,2
nequiquam,2
aestuarium,2
supplex,2
rupes,2
prognatus,2
statura,2
prae,2
quamuis,2
claudus,2
intellectus,2
cortex,2
refringo,2
factura,2
languidus,2
fusus,2
uectigalis,2
uastus,2
conspiro,2
afflicto,2
deporto,2
carinus,2
puppis,2
accommodatus,2
robur,2
pedalis,2
attributus,2
necessario,2
despectus,2
circumsto,2
tranquillitas,2
corona,2
perditor,2
cunctatio,2
confirmatio,2
laetus,2
uirgultum,2
collecta,2
promptus,2
proconsul,2
conuallis,2
timide,2
euolo,2
caesum,2
separo,2
immanis,2
uestitus,2
delecto,2
nata,2
deformis,2
floreo,2
inscius,2
remigro,2
auditio,2
passim,2
rapiditas,2
discludo,2
artus,2
illigo,2
contexo,2
truncus,2
solitudo,2
fidelis,2
membrum,2
dedecus,2
aggrego,2
auxilior,2
perturbatio,2
initus,2
armarium,2
perequito,2
currus,2
moderor,2
flecto,2
percurro,2
aequinoctium,2
siccitas,2
onero,2
sescenti,2
transmissus,2
idcirco,2
iusiurandum,2
postpono,2
retraho,2
clamito,2
accessus,2
britannia,2
nummus,2
talea,2
mensura,2
septingenti,2
carnis,2
capillus,2
duodeni,2
uirgo,2
dispar,2
praefigo,2
exsto,2
semita,2
confiteor,2
exstinguo,2
tu,2
instrumentum,2
excogito,2
trepido,2
arripio,2
quispiam,2
funda,2
ululatus,2
aquilifer,2
contabulo,2
penna,2
circumcido,2
glans,2
feruefacio,2
iaculus,2
stramentum,2
recedo,2
simultas,2
regredior,2
uerutum,2
diiudico,2
antecursor,2
epistola,2
casu,2
adhaeresco,2
recito,2
lucius,2
praesentio,2
exsul,2
allicio,2
uoluntarius,2
proterreo,2
comprobo,2
foedus,2
uere,2
uenia,2
custodio,2
transitus,2
laedo,2
innocens,2
pendo,2
egeo,2
procuro,2
hereditas,2
suffragium,2
nonnumquam,2
ars,2
quaestus,2
animal,2
dos,2
funus,2
diligo,2
aperte,2
impubes,2
allium,2
cognatio,2
coeo,2
colonia,2
frugifer,2
transmarinus,2
nouem,2
recta,2
bos,2
ceruus,2
uarietas,2
applico,2
reclino,2
tantum,2
affligo,2
elephantus,2
studiose,2
circumcludo,2
ducenti,2
firmo,2
maturesco,2
imparatus,2
comes,2
segnis,2
adiaceo,2
stirps,2
interuenio,2
careo,2
immineo,2
tractus,2
imito,2
expugnatio,2
alieno,2
iuuenis,2
affingo,2
clandestinus,2
deseco,2
effodio,2
documentum,2
aurum,2
discutio,2
receptaculum,2
solacium,2
pulcher,2
succendo,2
indiligentia,2
maiestas,2
acerbitas,2
indignor,2
concessus,2
paluster,2
sanguis,2
scienter,2
restinguo,2
inspecto,2
scorpio,2
infans,2
seditio,2
ingratus,2
sacerdos,2
deuinco,2
necubi,2
coniectura,2
quasi,2
mendacium,2
patronus,2
compendium,2
cliuus,2
canis,2
sonus,2
uestis,2
pectus,2
uobiscum,2
abeo,2
extorqueo,2
industrie,2
sonitus,2
resido,2
subluo,2
maceria,2
tantundem,2
obliquus,2
fodio,2
octoni,2
terni,2
stimulus,2
discerno,2
imbecillitas,2
praesaepio,2
inuidia,2
scala,2
harpago,2
dimicatio,2
accelero,2
correpo,2
philippus,2
lictor,2
uetustas,2
noto,2
roscius,2
parthicus,2
compono,2
municeps,2
memor,2
forum,2
lucretius,2
consilior,2
internuntius,2
lupus,2
discepto,2
quoquouersus,2
imprimis,2
caninus,2
inaedifico,2
deuincio,2
catus,2
actuarius,2
pyrenaeus,2
impar,2
supprimo,2
maturitas,2
annona,2
modius,2
seclusus,2
montanus,2
caelum,2
beneficiarii,2
inuoluo,2
proripio,2
remedium,2
recurro,2
porticus,2
administratio,2
luctus,2
secius,2
praependeo,2
pressio,2
eleuo,2
aeque,2
capreolus,2
admoueo,2
deuoluo,2
taeda,2
foras,2
repono,2
libet,2
punctum,2
obiectus,2
moenia,2
infringo,2
dictator,2
pestilentia,2
mutatio,2
remulcum,2
fons,2
theatrum,2
dimissus,2
contubernium,2
alienatio,2
praeiudicium,2
insolens,2
debitum,2
admisceo,2
quiesco,2
onustus,2
terrestris,2
lignor,2
sedo,2
usura,2
seruilius,2
hispanus,2
quadriremis,2
africus,2
publicanus,2
pergama,2
locuples,2
uectura,2
ephesius,2
industria,2
pabularis,2
elicius,2
summergo,2
aegyptius,2
percrebesco,2
sata,2
laeuus,2
panis,2
achaius,2
stringo,2
fraudo,2
comitatus,2
includo,2
similiter,2
sacerdotium,2
tabella,2
pomponius,2
antiochia,2
rhodium,2
procuratio,2
aegyptus,2
nutricius,2
praecedo,1
dis,1
fortitudo,1
sementis,1
conata,1
obtendo,1
dictio,1
obaeratus,1
exsequor,1
reditio,1
molior,1
exuro,1
sedecim,1
saepis,1
persoluo,1
socer,1
reminiscor,1
conscius,1
impune,1
impunitas,1
rapina,1
populatio,1
senus,1
subueho,1
uergobretus,1
seditiosus,1
liceor,1
largiter,1
nuptus,1
insciens,1
temperantia,1
commonefacio,1
amor,1
copiosus,1
euello,1
sinistra,1
praeopto,1
matara,1
sepultura,1
rescisco,1
frux,1
bonitas,1
nonaginta,1
census,1
gratulor,1
fructuosus,1
mandatus,1
tantopere,1
potentatus,1
superbe,1
iracundus,1
emigro,1
tristis,1
intueor,1
miror,1
tristitia,1
uelut,1
horreo,1
molimentum,1
inuitatus,1
commodum,1
deterior,1
inuictus,1
praecaueo,1
circinus,1
circumductus,1
mediocriter,1
arroganter,1
conuinco,1
innocentia,1
repraesento,1
respuo,1
dictus,1
irridicule,1
terrenus,1
honorificus,1
remunero,1
adequito,1
iniectus,1
coepi,1
una,1
speculor,1
decido,1
uaticinatio,1
declaro,1
necne,1
phalanga,1
insilio,1
desuper,1
uincio,1
ter,1
moleste,1
fertilitas,1
ferax,1
prudentia,1
popularis,1
duodeuiginti,1
supersedeo,1
paululum,1
interscindo,1
relanguesco,1
incisum,1
enascor,1
rubus,1
sentes,1
munimentum,1
aequaliter,1
accliuitas,1
identidem,1
porricio,1
lateo,1
prouolo,1
accommodo,1
laxo,1
nauo,1
innitor,1
turpitudo,1
obitus,1
excursio,1
irrideo,1
contemptus,1
despolio,1
inuideo,1
dominor,1
aceruus,1
indiligenter,1
intexo,1
sectio,1
relatus,1
galbus,1
culmen,1
breui,1
gaesum,1
flustrum,1
nauticus,1
uenetus,1
inuiolatus,1
concludo,1
mobiliter,1
lingula,1
promunturium,1
extrudo,1
adaequatus,1
aliquanto,1
decessus,1
prora,1
transtrum,1
configo,1
pollex,1
aluta,1
tenuiter,1
linum,1
copula,1
saeuio,1
extimesco,1
affigo,1
absimilis,1
praerumpo,1
malacia,1
interuentus,1
callidus,1
sarmentum,1
pergo,1
defatigatio,1
euado,1
adulescentulus,1
alias,1
sectura,1
soldurius,1
fruor,1
repulsus,1
intritus,1
impugno,1
caedo,1
continuatio,1
suebus,1
frigidus,1
lauo,1
iners,1
ephippium,1
ephippiatus,1
remollesco,1
quamquam,1
triennium,1
mobilis,1
uiator,1
permulceo,1
unio,1
profluo,1
diffluo,1
piscis,1
ouum,1
auis,1
aquatio,1
suffodio,1
dementia,1
gaudeo,1
confluens,1
germanicus,1
sesquipedalis,1
fistuca,1
derecte,1
perpendiculum,1
prone,1
iunctura,1
fibula,1
oblique,1
coeptus,1
exporto,1
antepono,1
contractus,1
instabilis,1
planum,1
ignotus,1
insuefactus,1
euenio,1
firmiter,1
speculatorius,1
orator,1
demeto,1
delitesco,1
meto,1
insinuo,1
auriga,1
stabilitas,1
temo,1
perfugium,1
subductio,1
mas,1
apporto,1
lis,1
tango,1
familiaritas,1
exardeo,1
obstinate,1
seuoco,1
sanus,1
uectorius,1
remigo,1
annotinus,1
trecenti,1
expeditio,1
aliquantum,1
faber,1
aureus,1
examino,1
plumbum,1
mediterraneus,1
fagus,1
abies,1
lepus,1
gallina,1
anser,1
gusto,1
temperatus,1
triquetrus,1
occidens,1
bruma,1
uicies,1
uitrum,1
inficio,1
caeruleus,1
horridus,1
promissum,1
rado,1
meridie,1
absisto,1
nobiscum,1
acuo,1
quadraginta,1
defensa,1
prouenio,1
confinius,1
medeor,1
maius,1
regno,1
lignator,1
porro,1
pietas,1
arpineius,1
ignobilis,1
quantusuis,1
clarus,1
sapio,1
reposco,1
perendinus,1
languor,1
obeo,1
femur,1
lignatio,1
adipiscor,1
attexo,1
ferramentum,1
sagulum,1
exhaurio,1
ferueo,1
fusilis,1
argilla,1
casa,1
torreo,1
conflagro,1
constipo,1
recessus,1
introeo,1
tuus,1
percutio,1
balteus,1
uagina,1
uerso,1
quanto,1
interitus,1
amentum,1
demo,1
perlego,1
admoneo,1
caute,1
praeco,1
introrumpo,1
expio,1
laetatio,1
armoricae,1
praecipuus,1
haud,1
scius,1
miro,1
lapsus,1
instigo,1
confinis,1
suggestus,1
aestiuus,1
concerto,1
deuoco,1
territus,1
placide,1
comito,1
perquiro,1
penitus,1
natiuus,1
interpretor,1
interdictum,1
impius,1
contagio,1
excello,1
uacatio,1
immunitas,1
edisco,1
uiceni,1
perdisco,1
anima,1
sidus,1
mundus,1
ambactus,1
uictima,1
uoueo,1
administer,1
numen,1
placo,1
furtum,1
noxius,1
inuentor,1
mercatura,1
caelestis,1
natalis,1
adolesco,1
puerilis,1
assisto,1
coniunctim,1
magnificus,1
sumptuosus,1
chordus,1
duritia,1
uicesimus,1
occultatio,1
promiscue,1
perluo,1
reno,1
caseus,1
accurate,1
desidia,1
proditor,1
derogo,1
quacumque,1
bellicus,1
egestas,1
sinistrorsus,1
diffundo,1
alces,1
capra,1
mutilus,1
crus,1
nodus,1
articulus,1
cubile,1
uenator,1
urus,1
taurus,1
uelocitas,1
fouea,1
duro,1
adsuesco,1
epula,1
poculum,1
ambiorix,1
detestor,1
taxus,1
uicinitas,1
insidior,1
sector,1
fortunatus,1
siquidem,1
seges,1
conualesco,1
subsido,1
discrimen,1
conscriptus,1
cuneus,1
prosum,1
admirandus,1
latebra,1
damnum,1
recido,1
agito,1
caerimonia,1
ubicumque,1
patruus,1
seueritas,1
delictum,1
anteuerto,1
prouincialis,1
sudor,1
peruagor,1
subuectio,1
seco,1
detrecto,1
coniunx,1
perangustus,1
dissuadeo,1
tenuitas,1
nusquam,1
parento,1
haesito,1
condemno,1
fortuitus,1
mollities,1
sincere,1
eueho,1
sufficio,1
concrepo,1
approbo,1
laqueus,1
ferraria,1
usitatus,1
effarcio,1
coagmento,1
alternus,1
recingo,1
lineus,1
quadrageni,1
fumo,1
fax,1
fundo,1
curro,1
deuro,1
dignus,1
glaeba,1
transgressus,1
fungor,1
propugnator,1
persto,1
languidius,1
forus,1
cuneatim,1
depugno,1
disparo,1
obsequentia,1
obsisto,1
affirmatio,1
subdolus,1
permagnus,1
detrimentosus,1
praeuertor,1
magistra,1
horribilis,1
nimis,1
adiudico,1
disceptator,1
lacrimo,1
nosmet,1
prauus,1
nefas,1
gener,1
proclino,1
pudet,1
marcus,1
contamino,1
mitis,1
confluo,1
dorsum,1
tumultuosus,1
mulus,1
mulio,1
cassis,1
circumuehor,1
anfractus,1
mollio,1
promineo,1
excepto,1
praemetuo,1
exsero,1
intolerans,1
aduocata,1
modestia,1
continentia,1
admaturo,1
breuiter,1
aueho,1
abiungo,1
repleo,1
infidelis,1
acquiro,1
transmitto,1
tumultuor,1
luce,1
duodecimus,1
indulgentia,1
heluius,1
fugo,1
perspecto,1
excubitor,1
irruptio,1
indiligens,1
octoginta,1
uiritim,1
parce,1
deriuo,1
commissura,1
materior,1
delibro,1
cacumen,1
implico,1
cippus,1
quincunx,1
teres,1
stabilio,1
exculco,1
flos,1
lilium,1
hamus,1
infigo,1
infodio,1
dissero,1
quattuordecim,1
confundo,1
immunis,1
consensio,1
incumbo,1
recenseo,1
consobrinus,1
habitus,1
iste,1
mollitia,1
praeterquam,1
exspolio,1
stultitia,1
prosterno,1
quid,1
subigo,1
aeternus,1
securis,1
maestus,1
librilis,1
tenebra,1
transfodio,1
circumplector,1
pactum,1
decliuitas,1
coniectus,1
succumbo,1
deuexus,1
sedulus,1
septuaginta,1
minae,1
censor,1
adulatio,1
polleo,1
exaequo,1
dominatus,1
raptim,1
turbate,1
turbulentus,1
actio,1
descensus,1
comitialis,1
propere,1
faustus,1
paludatus,1
uotum,1
nuncupo,1
capitolium,1
obtrectatio,1
quotienscumque,1
uocatus,1
perniciosus,1
cogitatum,1
irascor,1
semenstris,1
quonam,1
scriptum,1
posteritas,1
inuado,1
aduento,1
collega,1
gladiator,1
ludus,1
monitus,1
campanus,1
praefectura,1
libens,1
cingulum,1
exaedifico,1
camerinus,1
iuger,1
ratus,1
arcanus,1
circummunitio,1
consero,1
collegium,1
pontifex,1
petitio,1
luceo,1
ruber,1
manlius,1
graecia,1
uadosus,1
adorno,1
disturbo,1
magius,1
digressus,1
platea,1
inaequo,1
monitum,1
caecus,1
adhaereo,1
longinquitas,1
duumuir,1
profecto,1
extraordinarius,1
legitimus,1
contradico,1
insolentia,1
circumscribo,1
expeto,1
denego,1
reformido,1
anteeo,1
libertus,1
officina,1
heluus,1
oceanus,1
scutatus,1
pignus,1
plancus,1
pontus,1
medium,1
inconsultus,1
datus,1
conitor,1
caecilius,1
proluo,1
procliuis,1
rapidus,1
ingrauesco,1
denarius,1
inclino,1
conflictor,1
uber,1
statumen,1
eludo,1
transcurro,1
detergeo,1
uocabulum,1
tarditas,1
umidus,1
contribuo,1
suffragor,1
sertorius,1
obscurus,1
re,1
difficulter,1
tantummodo,1
circularis,1
centuria,1
abripio,1
argumentum,1
albeo,1
contumeliosus,1
retorqueo,1
digredior,1
aquator,1
prouoco,1
commendatio,1
quieto,1
sagus,1
centuriatim,1
edico,1
lente,1
peragito,1
nocte,1
sarcinarius,1
triplex,1
semoueo,1
querimonia,1
miseratio,1
abhorreo,1
igitur,1
pridem,1
praesideo,1
absens,1
pergratus,1
iucundus,1
missio,1
dissoluo,1
ostium,1
alluo,1
asser,1
cuspis,1
ballista,1
conuoluo,1
iactus,1
aeratus,1
perueho,1
industrius,1
piscatorius,1
senium,1
diuus,1
externus,1
agnosco,1
praefringo,1
effundo,1
structura,1
laterculus,1
suspendo,1
axis,1
tabulatio,1
catapulta,1
ancorarius,1
demissio,1
fenestra,1
primum,1
columella,1
lamina,1
quadro,1
regula,1
ordinatim,1
canalis,1
diluo,1
firmitas,1
elabor,1
cupa,1
refercio,1
delabor,1
furca,1
fundamentum,1
conuello,1
tus,1
ruina,1
direptio,1
infula,1
exorior,1
langueo,1
admonitum,1
perdolesco,1
inauditus,1
congesticius,1
firmamentum,1
contigno,1
reconcilio,1
fiduciarius,1
pondo,1
triticum,1
addico,1
peruulgo,1
colonicus,1
uernaculus,1
asto,1
monumentum,1
conclusio,1
panicum,1
labefacio,1
turbidus,1
praestolor,1
peridoneus,1
restagno,1
substructio,1
paternus,1
pronuntiatio,1
conclamatio,1
appellatio,1
unusquisque,1
permano,1
improbo,1
pudens,1
demoueo,1
descisco,1
iro,1
perdo,1
deminutio,1
aduenio,1
profligo,1
sinus,1
equidem,1
infidelitas,1
eloquor,1
enitor,1
moneris,1
aspicio,1
turba,1
indigeo,1
bucinator,1
sal,1
salina,1
congero,1
numida,1
somnus,1
properatus,1
spolium,1
lentus,1
milium,1
dumtaxat,1
protero,1
lenunculus,1
adno,1
ueho,1
creditor,1
rogatio,1
ambitus,1
iudex,1
arrogans,1
praeripio,1
feria,1
dictatura,1
abdico,1
infrequens,1
saluber,1
otiosus,1
dynastes,1
tetrarches,1
numero,1
sexcenarius,1
hippotoxotae,1
partim,1
mercenarius,1
mancipium,1
mature,1
serius,1
aura,1
liburnus,1
oct,1
denuntiatio,1
ligneus,1
praeseco,1
crinis,1
antequam,1
ideo,1
clausum,1
metor,1
ros,1
summe,1
aedilitas,1
cogitatio,1
implicitus,1
lucceius,1
pactio,1
frequentia,1
alterco,1
obtego,1
cornelius,1
balbus,1
tiburs,1
sella,1
solutio,1
clementer,1
auctionor,1
fateor,1
impudentia,1
sexennis,1
habitatio,1
conductor,1
reliquiae,1
neapolis,1
solutus,1
ergastulum,1
sollicitus,1
seuerus,1
coponius,1
increbesco,1
perseuerantia,1
elido,1
naufragium,1
scopulus,1
allido,1
incolumitas,1
salum,1
nausea,1
sentina,1
tracto,1
extractum,1
ponto,1
transueho,1
statiuus,1
quia,1
tyrannus,1
columnarium,1
ostiarium,1
differtus,1
exactor,1
praescriptio,1
prolatio,1
donatio,1
multiplico,1
promutuus,1
diana,1
posthabeo,1
petraeus,1
ambracia,1
subiectus,1
opimius,1
libra,1
naturalis,1
biremis,1
scutula,1
asiaticus,1
petra,1
italicus,1
canuleius,1
horreum,1
describo,1
permultus,1
amplexus,1
pasco,1
tunica,1
loco,1
redux,1
percello,1
legumen,1
chara,1
admixtus,1
odor,1
taeter,1
aggero,1
puteus,1
exaresco,1
imperatorius,1
pariter,1
flaccus,1
scaeuus,1
obtexo,1
subnubilus,1
obex,1
instructus,1
isthmus,1
expertus,1
folium,1
harundo,1
contundo,1
adaugeo,1
herba,1
macies,1
lego,1
pecuniarius,1
stultus,1
animaduersio,1
obiectatio,1
conscientia,1
mutuor,1
particeps,1
prout,1
fuluius,1
uimineus,1
morior,1
comprimo,1
ericius,1
ignorantia,1
malum,1
granius,1
salutaris,1
laureus,1
commilito,1
offensus,1
concelebro,1
oppleo,1
error,1
recreo,1
extendo,1
praegredior,1
quarto,1
opulentus,1
classicus,1
consideratus,1
lucilius,1
hirrius,1
acutius,1
gestus,1
damno,1
pernicitas,1
insolitus,1
detendo,1
rogito,1
transpadanus,1
syriacus,1
attenuo,1
abutor,1
alteruter,1
hodie,1
triarii,1
distendo,1
incitatio,1
naturaliter,1
concino,1
profundo,1
turmatim,1
clare,1
fatigo,1
thrax,1
trichila,1
secludo,1
recusatio,1
requiesco,1
classiarius,1
syrus,1
phoenix,1
cumque,1
serpo,1
quantuscumque,1
corrogata,1
illic,1
negotiator,1
gabinius,1
ampius,1
enumero,1
ualua,1
limen,1
discurro,1
recondo,1
adytum,1
tympanum,1
sono,1
coagmentum,1
pauimentum,1
coniecto,1
concitatio,1
eunuchus,1
inflatus,1
heres,1
corripio,1
dedisco,1
fido,1
actus,1
procurator,1
