,count
sum,341
qui,269
tu,202
et,191
ego,176
in,159
num,143
ad,141
hic,139
non,137
nec,119
ut,103
meus,84
cum,83
ille,81
sed,80
omnis,74
tuus,71
si,71
quis,68
o,58
aut,57
dico,56
sui,55
atque,54
ab,53
facio,52
quod,52
ipse,51
ex,51
amor,51
nam,49
multus,47
possum,47
quam,46
iam,43
fero,43
puella,42
is,42
bonus,40
malus,39
mens,38
noster,37
uolo,36
unus,35
ac,35
nunc,34
uideo,34
do,33
io,33
suus,32
at,32
nos,32
magnus,32
nullus,31
miser,30
domus,30
tum,29
mater,29
edo,29
totus,29
simul,28
quare,26
homo,26
uos,26
ne,26
animus,25
amo,25
curro,25
diuus,25
dulcis,25
uir,25
deus,24
tam,23
uenio,23
habeo,22
uirgo,22
nihil,22
nouus,21
iste,21
pes,21
tantus,21
de,20
puer,20
ago,20
pectus,20
puto,19
sic,19
talis,19
corpus,19
magis,19
lumen,19
bene,18
uita,18
frater,18
dies,18
dum,18
soleo,17
carus,17
solus,17
factum,17
saepe,17
duco,17
tamen,17
uerus,17
munus,17
pater,17
reddo,17
parens,16
tempus,16
nascor,16
modo,15
oculus,15
quisquam,15
ubi,15
mille,15
candidus,15
quantus,15
amicus,15
beatus,15
os,15
unda,15
mollis,15
alius,15
coniunx,15
opto,15
qualis,15
namque,14
primus,14
huc,14
bellus,14
iucundus,14
manus,14
dea,14
linquo,14
carmen,14
adsum,14
uertex,14
libet,13
credo,13
eo,13
audio,13
caput,13
mitto,13
peto,13
longus,13
quisque,13
idem,13
fusus,13
tecum,12
cura,12
usque,12
per,12
siue,12
lux,12
fugio,12
an,12
ante,12
uelut,12
res,12
sine,12
abeo,12
uester,12
furor,12
pars,12
uentus,12
cor,12
leuis,12
uagus,12
semper,12
sedes,12
subtemen,12
litus,11
loquor,11
mare,11
nox,11
uiuo,11
altus,11
cupio,11
nupta,11
gaudeo,11
mons,11
maestus,11
uox,11
maritus,11
maneo,10
ludo,10
prius,10
taceo,10
satis,10
inquam,10
teneo,10
tollo,10
potis,10
dens,10
nomen,10
pro,10
colo,10
sub,10
iuuenis,10
gaudium,10
ita,10
mors,10
patruus,10
gremium,9
domina,9
aequor,9
cubile,9
sidus,9
desino,9
perdo,9
fulgeo,9
quondam,9
nolo,9
laetus,9
certe,9
natus,9
flos,9
castus,9
ignis,9
absum,9
saeuus,9
par,9
trado,9
limen,9
tener,9
terra,9
hymen,9
etiam,9
uestis,9
delicia,8
tristis,8
nego,8
ullus,8
post,8
scio,8
uetus,8
sacer,8
lingua,8
ibi,8
collum,8
paro,8
quicumque,8
dictum,8
moecha,8
postquam,8
accipio,8
impius,8
labor,8
parum,8
frustra,8
pulcher,8
mentula,8
urbs,8
medulla,8
quaero,8
canus,8
indomitus,8
niueus,8
genus,8
aduenio,8
ianua,8
desertum,8
nemus,8
rapidus,8
aetas,8
quisquis,7
saeculum,7
fletus,7
uenustus,7
ocellus,7
aura,7
uterque,7
nequiquam,7
tremulus,7
quatio,7
cur,7
quot,7
sol,7
adeo,7
labellum,7
uiso,7
locus,7
cinaedus,7
extremus,7
seu,7
ualeo,7
culpa,7
uel,7
muto,7
nasus,7
poeta,7
pereo,7
pudicus,7
populus,7
cauus,7
sino,7
pronus,7
annus,7
liceo,7
liber,7
umquam,7
mirus,7
mulier,7
iubeo,7
fides,7
cano,7
tectum,7
sancio,7
numquam,7
eripio,7
cupidus,7
prodeo,7
medius,7
crudelis,7
felix,7
cedo,7
spero,7
soror,7
aliquis,6
passer,6
sinus,6
grauis,6
gratus,6
soluo,6
moueo,6
illic,6
male,6
insula,6
ulter,6
erus,6
senex,6
deinde,6
centum,6
alter,6
ni,6
lectus,6
caelum,6
uere,6
requiro,6
inuitus,6
refero,6
comes,6
longe,6
amans,6
quamuis,6
falsus,6
fatum,6
pius,6
lego,6
quidam,6
praeceps,6
putidus,6
sentio,6
tango,6
finis,6
regius,6
attingo,6
mundus,6
culus,6
paruus,6
nisi,6
placeo,6
rideo,6
filius,6
ora,6
relinquo,6
poena,6
turpis,6
nimis,6
dominus,6
ardeo,6
somnus,6
membrum,6
tenuis,6
flamma,6
auris,6
iungo,6
capio,6
complexus,6
assiduus,6
sanguis,6
tympanum,6
fluctus,6
uirtus,6
luctus,6
olim,6
heu,6
uestigium,6
donum,5
lepidus,5
libellus,5
carta,5
doceo,5
digitus,5
incito,5
nitor,5
nescius,5
iter,5
aufero,5
misellus,5
fleo,5
hospes,5
linteus,5
silua,5
iugum,5
coma,5
inde,5
dextra,5
secundus,5
uotum,5
quies,5
basium,5
uerum,5
diligo,5
super,5
sepulcrum,5
amata,5
rogo,5
doleo,5
mos,5
commodus,5
sodalis,5
horribilis,5
sinister,5
affero,5
contra,5
suauis,5
interea,5
modus,5
metuo,5
infestus,5
irrumo,5
durus,5
supinus,5
urbanus,5
seruus,5
casus,5
addo,5
gero,5
patior,5
tertius,5
immemor,5
desero,5
oblino,5
tunica,5
nota,5
prope,5
moenia,5
restituo,5
fax,5
hora,5
renideo,5
amplius,5
codicilli,5
otium,5
clarus,5
coetus,5
iuuo,5
tego,5
aspicio,5
nimius,5
summum,5
roseus,5
citus,5
inferus,5
alo,5
dux,5
queo,5
uerbum,5
nux,5
concubinus,5
teres,5
laus,5
cerno,5
ius,5
carpo,5
taurus,5
pello,5
fera,5
genitor,5
caedes,5
cunctus,5
aurum,5
coniungo,5
gurges,5
concedo,5
flauus,5
potius,5
ingratus,5
fraternus,5
fortuna,5
foedus,5
ferrum,5
officium,5
adimo,5
dolor,4
diu,4
unde,4
bellum,4
aio,4
celer,4
tot,4
uoco,4
latus,4
iaceo,4
furtiuus,4
basio,4
quoque,4
quoius,4
trecenti,4
narro,4
cohors,4
paulus,4
uter,4
molestus,4
neglego,4
pratum,4
uinum,4
necesse,4
cachinnus,4
plenus,4
reperio,4
uenenum,4
hinc,4
decet,4
denique,4
pons,4
palus,4
libido,4
fio,4
suscipio,4
scribo,4
tergum,4
arca,4
purus,4
caco,4
malo,4
ostendo,4
lentus,4
uorax,4
perfidus,4
irritus,4
aereus,4
memini,4
uastus,4
uix,4
campus,4
quandoquidem,4
saltus,4
cursus,4
gens,4
uoro,4
ambo,4
moror,4
iambus,4
sanctus,4
ceterus,4
unicus,4
pinguis,4
undique,4
quiuis,4
quin,4
plurimus,4
leuiter,4
purpureus,4
aureus,4
studium,4
duo,4
densus,4
nepos,4
sensus,4
artus,4
rex,4
admiror,4
templum,4
uultus,4
papilla,4
puellula,4
flammeus,4
taeda,4
floridus,4
fama,4
femina,4
cognosco,4
quoniam,4
hymenaeus,4
innubo,4
palma,4
penitus,4
nata,4
retineo,4
conubium,4
iuuencus,4
cito,4
pelagus,4
era,4
sequor,4
umbra,4
patria,4
famulus,4
ferox,4
procul,4
flamen,4
monstrum,4
heros,4
infero,4
uero,4
amictus,4
passim,4
pestis,4
cogo,4
funus,4
porto,4
odor,4
flumen,4
promitto,4
turbo,4
filum,4
aestus,4
querella,4
autem,4
praeterea,4
caecus,4
anxius,4
mando,4
diua,4
copia,4
scelus,4
coniugium,4
solum,4
adulterium,4
amicitia,4
lesbius,4
aridus,3
cornelius,3
audeo,3
quicum,3
appeto,3
acer,3
nosco,3
phaselus,3
nauis,3
opus,3
minax,3
trux,3
sto,3
imbuo,3
laeuus,3
incido,3
lacus,3
gemellus,3
breuis,3
perpetuus,3
illepidus,3
iacio,3
clamo,3
pando,3
numerus,3
inter,3
iocosus,3
obduro,3
anus,3
repente,3
inuenustus,3
uarius,3
praetor,3
frango,3
colloco,3
defero,3
mane,3
ratio,3
insulsus,3
licet,3
ulcisco,3
complector,3
ile,3
cado,3
aratrum,3
iocus,3
furtum,3
enim,3
hendecasyllabus,3
remitto,3
apud,3
cena,3
sal,3
dono,3
odi,3
odium,3
malum,3
dispereo,3
supplicium,3
forte,3
uereor,3
foris,3
paratus,3
insidiae,3
pateo,3
pathicus,3
uersiculus,3
ineptus,3
uiridis,3
nescio,3
excito,3
prior,3
satur,3
decem,3
rursus,3
infacetus,3
rus,3
poema,3
fallo,3
error,3
silex,3
timeo,3
cornu,3
frigus,3
saliua,3
tero,3
posthac,3
diuitia,3
languidus,3
ducenti,3
lympha,3
datum,3
nihilum,3
unice,3
paternus,3
praeda,3
gener,3
dubito,3
anima,3
libenter,3
onus,3
fessus,3
neue,3
integer,3
progenies,3
sono,3
potens,3
agricola,3
antiquus,3
sospes,3
ops,3
scriptum,3
taberna,3
acceptum,3
nonus,3
sedeo,3
pugno,3
istic,3
indignus,3
opacus,3
lugeo,3
ater,3
bibo,3
iterum,3
laedo,3
tussis,3
torreo,3
seruio,3
conuenio,3
incensus,3
uersor,3
prex,3
mirifice,3
proicio,3
dignus,3
improbus,3
magnanimus,3
uxor,3
ferus,3
cingo,3
excio,3
concino,3
rupes,3
arbor,3
implico,3
dedo,3
ingenuus,3
adnuo,3
uro,3
thalamus,3
albus,3
puluis,3
exerceo,3
mensa,3
uinco,3
igitur,3
incipio,3
hesperus,3
hostis,3
pecus,3
educo,3
aruus,3
contingo,3
ueho,3
redimio,3
furo,3
rabies,3
salum,3
tardus,3
curuus,3
uolito,3
liquidus,3
reditus,3
uadum,3
nix,3
decus,3
pubes,3
torqueo,3
candeo,3
mortalis,3
nudo,3
eximius,3
auctus,3
laeto,3
nemo,3
priscus,3
figura,3
classis,3
uelo,3
pendo,3
conspicio,3
immitis,3
praemium,3
bracchium,3
discedo,3
fundo,3
cieo,3
sicine,3
ara,3
numen,3
periurium,3
letum,3
morior,3
fors,3
iuppiter,3
fidus,3
mutus,3
tellus,3
dimitto,3
constans,3
signum,3
nondum,3
inuiso,3
depono,3
celebro,3
coepio,3
deduco,3
expers,3
mano,3
egregius,3
crinis,3
pietas,3
nefandus,3
conficio,3
erepo,3
caelestis,3
regina,3
facinus,3
ala,3
serus,3
flagro,3
acerbus,3
sepelio,3
lapis,3
cinis,3
cupido,3
excrucio,3
efficio,3
formosus,3
inferia,3
pumex,2
laboriosus,2
tenere,2
desiderium,2
ioco,2
acquiesco,2
ardor,2
aureolus,2
zona,2
quantum,2
mortuus,2
mellitus,2
redeo,2
tenebrae,2
deuoro,2
impetus,2
trabs,2
praetereo,2
palmula,2
nobilis,2
horridus,2
cacumen,2
impotens,2
fretus,2
recondo,2
dedico,2
seuerus,2
as,2
occido,2
semel,2
dormio,2
inuideo,2
fateor,2
uiduus,2
fragro,2
ineptia,2
uersus,2
harena,2
oraculum,2
aestuosus,2
uesanus,2
sata,2
uiuus,2
uale,2
scelestus,2
uae,2
mordeo,2
penas,2
unanimus,2
nuntius,2
suauior,2
forus,2
otiosus,2
sane,2
sermo,2
prosum,2
aes,2
respondeo,2
pilus,2
prouincia,2
recingo,2
quaeso,2
utor,2
tundo,2
monumentum,2
paucus,2
nuntio,2
identidem,2
rumpo,2
salsus,2
inepte,2
facetia,2
exspecto,2
sudarium,2
faueo,2
araneus,2
merus,2
elegans,2
unguentum,2
olfacio,2
luceo,2
incommodus,2
horreo,2
penis,2
qua,2
excipio,2
uecors,2
impello,2
porta,2
molliculus,2
prurio,2
pilosus,2
nequeo,2
pedico,2
crus,2
risus,2
lutum,2
uorago,2
sapio,2
instar,2
delicatus,2
uua,2
subleuo,2
ferreus,2
tenax,2
mula,2
esuritio,2
haereo,2
disco,2
refert,2
ruber,2
derigo,2
aequo,2
nimirum,2
nouerca,2
pulcre,2
concoquo,2
incendium,2
periculum,2
siccus,2
sudor,2
sperno,2
sestertius,2
abicio,2
capillus,2
rapax,2
procella,2
pallium,2
palam,2
tamquam,2
auitus,2
unguis,2
laneus,2
flagellum,2
aestuo,2
deprehendo,2
flatus,2
amarus,2
lex,2
ebriosus,2
pernicies,2
fames,2
tabula,2
lucellum,2
secor,2
impudicus,2
aleo,2
unctum,2
superbus,2
columbus,2
imperator,2
amnis,2
opulentus,2
caelicola,2
eheu,2
tutus,2
paeniteo,2
inuisus,2
desidero,2
salue,2
lepus,2
obsero,2
tabella,2
nothus,2
annuus,2
rusticus,2
expleo,2
sis,2
uia,2
tempore,2
incoho,2
interior,2
ignosco,2
musa,2
uoueo,2
caeruleus,2
creo,2
pontus,2
annalis,2
contubernalis,2
hircus,2
frons,2
pusillus,2
defrico,2
facilis,2
allocutio,2
irascor,2
lacrima,2
rogus,2
orbus,2
morbus,2
puriter,2
mingo,2
gingiua,2
rixa,2
notus,2
decoctor,2
sanus,2
persequor,2
reflagito,2
rubor,2
exprimo,2
proficio,2
niger,2
contendo,2
expello,2
uenter,2
sumptuosus,2
grauedo,2
frigidus,2
frequens,2
peccatum,2
deprecor,2
tunc,2
perdite,2
porro,2
assidue,2
obuius,2
leo,2
dexter,2
sternuo,2
approbatio,2
reflecto,2
proficiscor,2
mutuus,2
fidelis,2
uer,2
ager,2
praepono,2
arista,2
illinc,2
defessus,2
lectulus,2
caueo,2
fas,2
specto,2
sonitus,2
geminus,2
emorior,2
corona,2
subtilis,2
sacro,2
nudus,2
reduco,2
en,2
lateo,2
clausum,2
fructus,2
uerbosus,2
uis,2
ridiculus,2
pariter,2
adulter,2
fingo,2
languor,2
rapio,2
leaena,2
taeter,2
luteus,2
nuptialis,2
pellis,2
pineus,2
nubo,2
myrtus,2
aditus,2
pergo,2
careo,2
splendidus,2
diues,2
iners,2
abstineo,2
remoror,2
ludus,2
indico,2
consurgo,2
tandem,2
exsilio,2
temere,2
aequalis,2
meditor,2
laboro,2
diuido,2
auello,2
caelus,2
firmo,2
pango,2
aduentus,2
questus,2
ignotus,2
imber,2
intactus,2
amitto,2
pondus,2
incultus,2
adipiscor,2
uirginitas,2
ratis,2
cupide,2
stimulo,2
acuo,2
itaque,2
alienus,2
truculentus,2
cymbalum,2
thiasus,2
trepido,2
propero,2
furibundus,2
uado,2
operio,2
rabidus,2
recipio,2
alloquor,2
acies,2
patrius,2
tepidus,2
corolla,2
sterilis,2
columen,2
cerua,2
agedum,2
imperium,2
pinus,2
robur,2
auerto,2
puppis,2
arx,2
inflecto,2
texo,2
carina,2
rostrum,2
uentosus,2
nutrix,2
saluete,2
frequento,2
prae,2
purgo,2
robigo,2
puluinar,2
loco,2
uario,2
prospecto,2
tueor,2
utpote,2
fallax,2
remus,2
promissum,2
alga,2
bacchor,2
prospicio,2
fluctuo,2
mitra,2
curo,2
tempestas,2
egressus,2
perhibeo,2
daps,2
lenis,2
exspiro,2
misceo,2
timor,2
munusculum,2
radicitus,2
late,2
cumque,2
prosterno,2
clarisonus,2
praeruptus,2
protendo,2
procurro,2
deuoueo,2
flecto,2
consilium,2
discerpo,2
iuro,2
superus,2
ales,2
gigno,2
spumo,2
permulceo,2
ignarus,2
missa,2
uacuus,2
utinam,2
spes,2
auxilium,2
respergo,2
multo,2
ira,2
motus,2
sustollo,2
nuper,2
expromo,2
infectus,2
obscuro,2
incola,2
condio,2
funestus,2
uelum,2
absumo,2
amissum,2
offero,2
multiplex,2
uoluo,2
euhoe,2
iacto,2
incingo,2
orgia,2
procerus,2
aer,2
barbarus,2
cantus,2
no,2
uestibulum,2
pario,2
fecundus,2
nuto,2
unigena,2
infirmus,2
ueridicus,2
aeternus,2
lana,2
decerpo,2
uellus,2
diuinus,2
perfundo,2
substerno,2
concordia,2
haud,2
fortis,2
certamen,2
confero,2
uasto,2
aruum,2
testis,2
caesum,2
permisceo,2
percello,2
succumbo,2
reuiso,2
praesens,2
festus,2
fugo,2
desisto,2
for,2
gemo,2
creditum,2
prosilio,2
certus,2
polliceor,2
uirgineus,2
exuuia,2
adiuro,2
iuuentus,2
principium,2
figo,2
quamquam,2
onyx,2
impurus,2
benigne,2
malignus,2
semen,2
suppono,2
suffigo,2
eicio,2
requiesco,2
peruigilo,2
statua,2
uallis,2
communis,2
ualde,2
hiems,2
auidus,2
abrumpo,2
cognatus,2
barathrum,2
emulgeo,2
suscito,2
uulturius,2
praecipue,2
etsi,2
contentus,2
rarus,2
stultus,2
demo,2
noto,2
cubo,2
oportet,2
podagra,2
futuo,2
immo,2
accido,2
difficilis,2
subito,2
laetitia,2
pretium,2
intestinum,2
gallus,2
spurcus,2
impune,2
uendo,2
fatuus,2
insidia,2
singulus,2
surripio,2
macer,2
inuenio,2
magus,2
usus,2
moechor,2
gaius,2
aemilius,2
lingo,2
omnino,2
iuuentius,2
ambrosius,2
propono,2
caelius,2
insperans,2
inimicus,2
laudo,2
sumptus,2
gellius,2
telum,2
priapus,2
expolio,1
nugae,1
aeuum,1
tribus,1
explico,1
qualiscumque,1
patrona,1
perennis,1
morsus,1
solaciolum,1
sicut,1
leuo,1
pernix,1
ligo,1
circumsilio,1
pipio,1
tenebricosus,1
opera,1
turgidulus,1
rubeo,1
nato,1
antea,1
comata,1
sibilus,1
buxifer,1
origo,1
litoralis,1
limpidus,1
rumor,1
aestimo,1
conturbo,1
inelegans,1
febriculosus,1
scortum,1
pudet,1
oliuom,1
puluinus,1
peraeque,1
attero,1
argutatio,1
inambulatio,1
effutuo,1
basiatio,1
lasarpicifer,1
pernumero,1
curiosus,1
fascino,1
ineptio,1
uentito,1
sector,1
obstino,1
perfero,1
destino,1
antesto,1
incolumis,1
natio,1
applico,1
uisus,1
scortillum,1
uisum,1
quonam,1
praesertim,1
irrumator,1
lectica,1
maligne,1
octo,1
grabatus,1
deceo,1
penetro,1
resono,1
sagittifer,1
septemgeminus,1
coloro,1
trans,1
gradior,1
uoluntas,1
tempto,1
respecto,1
tactus,1
belle,1
sordidus,1
talentum,1
lepor,1
differtus,1
aestimatio,1
mnemosynum,1
ceno,1
sacculus,1
cliens,1
suspicor,1
litterator,1
scilicet,1
continuo,1
librarius,1
scrinium,1
colligo,1
remunero,1
lector,1
admoueo,1
uenia,1
pudens,1
expeto,1
integellus,1
conseruo,1
platea,1
occupo,1
pudenter,1
lacesso,1
attraho,1
percurro,1
raphanus,1
mugilis,1
lepos,1
lumbus,1
mas,1
salio,1
ponticulus,1
axula,1
rediuiuus,1
recumbo,1
municeps,1
liuidus,1
maxime,1
profundus,1
bimulus,1
ulna,1
tenellulus,1
haedus,1
asseruo,1
diligens,1
alnus,1
fossa,1
suppernatus,1
securis,1
tantundem,1
usquam,1
stupor,1
stolidus,1
ueternus,1
derelinquo,1
caenum,1
clam,1
experior,1
instruo,1
irrumatio,1
esurio,1
sitio,1
probe,1
dicax,1
perscribo,1
palimpsestus,1
umbilicus,1
lorum,1
membrana,1
plumbum,1
caprimulgus,1
fossor,1
abhorreo,1
scurra,1
scite,1
aeque,1
miror,1
aliqui,1
re,1
attributus,1
mantica,1
cimex,1
ligneus,1
ruina,1
dolus,1
mucus,1
pituita,1
mundities,1
salillum,1
deciens,1
faba,1
lapillus,1
frico,1
inquino,1
precor,1
sat,1
flosculus,1
inquies,1
eleuo,1
cuniculus,1
anser,1
medullula,1
imulus,1
oricilla,1
situs,1
araneosus,1
turbidus,1
aries,1
oscitans,1
catagraphus,1
reglutino,1
latusculum,1
mollicellus,1
inuro,1
turpiter,1
conscribillo,1
insolenter,1
minuo,1
uesanio,1
uillula,1
oppositus,1
quindecim,1
pestilens,1
pincerna,1
uetulus,1
calix,1
magistra,1
acinus,1
migro,1
inanis,1
aptus,1
sarcinula,1
expedio,1
optime,1
uappa,1
ecquisnam,1
expendo,1
uerpa,1
farcio,1
opprobrium,1
superfluens,1
perambulo,1
albulus,1
occidens,1
diffututus,1
ducenties,1
trecentiens,1
liberalitas,1
expatro,1
lancino,1
aurifer,1
foueo,1
patrimonium,1
socer,1
unanimis,1
misereo,1
amiculus,1
quid,1
tute,1
inique,1
induco,1
quasi,1
retraho,1
nebula,1
postmodo,1
liqueo,1
stagnum,1
solutus,1
repono,1
peregrinus,1
lar,1
meridio,1
adiuuo,1
foras,1
domi,1
nouem,1
continuus,1
fututio,1
statim,1
prandeo,1
pertundo,1
balnearius,1
exsilium,1
rapina,1
uendito,1
oliua,1
puerperus,1
menstruum,1
metior,1
frux,1
papyrus,1
cogitatio,1
millies,1
reuoco,1
inicio,1
depereo,1
uibro,1
electissimus,1
tardipes,1
infelix,1
ustulo,1
lignum,1
iocose,1
aperto,1
harundinosus,1
infacetia,1
pilleatus,1
pila,1
confutuo,1
continenter,1
sessor,1
sopio,1
scriba,1
consido,1
quidem,1
semitarius,1
moechus,1
praeter,1
capillatus,1
cuniculosus,1
barba,1
urina,1
hercule,1
solor,1
subsellium,1
orator,1
ubicumque,1
arbitro,1
moneo,1
dentatus,1
lauo,1
russus,1
praedico,1
lotos,1
aduocatus,1
peruenio,1
uulgus,1
defututus,1
posco,1
turpiculus,1
propinquus,1
medicus,1
conuoco,1
imaginosus,1
quotquot,1
pugillaris,1
incedo,1
mimice,1
moleste,1
catulus,1
circumsisto,1
lupanar,1
conclamatus,1
probus,1
comparo,1
insapiens,1
fundus,1
autumo,1
pignus,1
suburbanus,1
uilla,1
conuiua,1
oratio,1
petitor,1
pestilentia,1
quasso,1
recuro,1
urtica,1
reficio,1
grates,1
nefarius,1
caesium,1
ebrius,1
auspicium,1
auspicatus,1
egelidus,1
tepor,1
aequinoctialis,1
silesco,1
uber,1
uolemus,1
praetrepidans,1
aueo,1
uagor,1
uigesco,1
ualete,1
diuersus,1
uarie,1
reporto,1
scabies,1
uerpus,1
conuiuium,1
triuium,1
uocatio,1
seges,1
osculatio,1
gratia,1
patronus,1
cibus,1
semimortuus,1
perspicio,1
audax,1
oro,1
despuo,1
reposco,1
uehemens,1
supero,1
aduersus,1
torpeo,1
demano,1
tintino,1
exsulto,1
gestio,1
sella,1
curulis,1
struma,1
consulatus,1
peiero,1
crimen,1
salaputium,1
disertus,1
oppidum,1
semilautus,1
peditum,1
displiceo,1
recoquo,1
demonstro,1
minor,1
ambulatio,1
femella,1
amice,1
prehendo,1
serenus,1
flagito,1
audacter,1
committo,1
lacteolus,1
loquela,1
palatum,1
particeps,1
pupulus,1
truso,1
protelo,1
rigidus,1
macula,1
impressus,1
resideo,1
eluo,1
morbosus,1
eruditulus,1
riualis,1
socius,1
quadriuium,1
angiportum,1
glubo,1
custos,1
uolatus,1
biga,1
uolatilis,1
peredo,1
quaerito,1
fello,1
sepulcretum,1
deuoluo,1
prosequor,1
panis,1
semirasus,1
ustor,1
latrans,1
inguen,1
procreo,1
supplex,1
contemptus,1
cultor,1
oleo,1
amaracus,1
soccus,1
hilaris,1
tinnulus,1
humus,1
iudex,1
enitor,1
ramulus,1
ludicrum,1
roscidus,1
nutrio,1
umor,1
specus,1
nympha,1
irrigo,1
frigero,1
reuincio,1
hedera,1
erro,1
item,1
coniugator,1
inuoco,1
zonula,1
capto,1
comprobo,1
stirps,1
praeses,1
claustrum,1
tardo,1
pudor,1
hortulus,1
hyacinthinus,1
probrus,1
secubo,1
assero,1
procax,1
iocatio,1
sordeo,1
uilica,1
hodie,1
heri,1
cinerarius,1
tondeo,1
unguentatus,1
glaber,1
aliunde,1
anilitas,1
transfero,1
omen,1
rasilis,1
subeo,1
intus,1
accubo,1
torus,1
immineo,1
penite,1
bracchiolum,1
praetextatus,1
floridulus,1
parthenice,1
papauer,1
caeles,1
abscondo,1
subduco,1
numero,1
liberi,1
indidem,1
ingenero,1
torquatus,1
paruulus,1
porrigo,1
similis,1
facile,1
inscius,1
noscito,1
pudicitia,1
approbo,1
claudo,1
ostium,1
iuuenta,1
surgo,1
perniciter,1
secum,1
memorabilis,1
uictoria,1
saltem,1
conuerto,1
despondeo,1
effero,1
uigilo,1
custodia,1
fur,1
reuertor,1
comprehendo,1
innuptus,1
tacita,1
saeptum,1
secerno,1
hortus,1
mulceo,1
defloresco,1
polluo,1
uitis,1
extollo,1
mitis,1
deflecto,1
radix,1
ulmus,1
coniunctus,1
senesco,1
maturus,1
pugna,1
dos,1
marius,1
maculo,1
initium,1
adorior,1
tremebundus,1
exsul,1
secta,1
exsequor,1
hilaro,1
mora,1
reboo,1
tibicen,1
calamus,1
hederiger,1
ululatus,1
agito,1
suesco,1
celero,1
tripudium,1
ululo,1
remugio,1
recrepo,1
chorus,1
anhelo,1
comito,1
iuuenca,1
uito,1
properipes,1
lassulus,1
piger,1
labo,1
sopor,1
radior,1
lustro,1
aether,1
uegetus,1
sonipes,1
recolo,1
ubique,1
lacrimo,1
miseriter,1
creatrix,1
genetrix,1
erifuga,1
gelidus,1
stabulum,1
latibulum,1
ubinam,1
positus,1
reor,1
pupula,1
remotus,1
palaestra,1
stadium,1
queror,1
obeo,1
adulescens,1
ephebus,1
gymnasium,1
oleum,1
orior,1
cubiculum,1
ministra,1
algidus,1
amicio,1
siluicultrix,1
aper,1
nemoriuagus,1
nuntia,1
resoluo,1
ictus,1
libere,1
cauda,1
uerber,1
mugio,1
fremitus,1
retono,1
rutilus,1
torosus,1
ceruix,1
iuba,1
religo,1
adhortor,1
fremo,1
refringo,1
uirgultum,1
umidus,1
albico,1
marmor,1
demens,1
spatium,1
prognatus,1
auratus,1
decurro,1
uerro,1
abiegnus,1
diuum,1
currus,1
rudis,1
proscindo,1
remigium,1
spuma,1
incanesco,1
emergo,1
aequoreus,1
marinus,1
tenus,1
exsto,1
humanus,1
despicio,1
iugo,1
compello,1
neptis,1
amplector,1
orbis,1
finio,1
conuentus,1
oppleo,1
declaro,1
coeo,1
mollesco,1
humilis,1
uinea,1
rastrum,1
glaeba,1
conuello,1
uomer,1
falx,1
attenuo,1
frondator,1
squalidus,1
recedo,1
regia,1
splendeo,1
argentum,1
ebur,1
solium,1
colluceo,1
poculum,1
regalis,1
gaza,1
genialis,1
polio,1
tingo,1
conchylium,1
purpura,1
fucus,1
ars,1
fluentisonus,1
necdum,1
saxeus,1
effigies,1
contego,1
strophium,1
lactens,1
uincio,1
delabor,1
alludo,1
fluito,1
uicis,1
spinosus,1
sero,1
iniustus,1
exsoluo,1
eligo,1
angustus,1
uexo,1
praecingo,1
distinctus,1
uernus,1
color,1
flagrantia,1
declino,1
concipio,1
funditus,1
exardeo,1
misere,1
exagito,1
frondosus,1
incendo,1
suspiro,1
langueo,1
quanto,1
fulgor,1
expallesco,1
quercus,1
coniger,1
sudo,1
cortex,1
contorqueo,1
eruo,1
exturbo,1
domito,1
uanus,1
iactans,1
errabundus,1
rego,1
labyrintheus,1
flexus,1
egredior,1
frustror,1
inobseruabilis,1
digressus,1
commemoro,1
filia,1
consanguineus,1
deperdo,1
praeopto,1
spumosus,1
deuincio,1
conscendo,1
aduerto,1
tegmen,1
sura,1
frigidulus,1
udus,1
singultus,1
aueho,1
clementia,1
praesto,1
miseresco,1
blandus,1
praegestio,1
apiscor,1
parco,1
satio,1
medium,1
germanus,1
dilacero,1
tumulo,1
quisnam,1
conceptus,1
exspuo,1
praeceptum,1
attamen,1
famulor,1
consterno,1
conqueror,1
appareo,1
insulto,1
omnipotens,1
dirus,1
stipendium,1
nauita,1
funis,1
celo,1
forma,1
discerno,1
consolo,1
egomet,1
incuruo,1
fuga,1
ostento,1
languesco,1
secedo,1
iustus,1
exposco,1
postremus,1
comprecor,1
uindex,1
anguinus,1
praeporto,1
aduento,1
profero,1
inops,1
amens,1
uanesco,1
funesto,1
profundo,1
inuictus,1
rector,1
contremesco,1
concutio,1
caligo,1
portus,1
concredo,1
dubius,1
senecta,1
feruidus,1
saturo,1
canities,1
infundo,1
foedo,1
suspendo,1
carbasus,1
ferrugo,1
defendo,1
memor,1
uigeo,1
oblittero,1
antenna,1
intorqueo,1
rudens,1
agnosco,1
redux,1
prosperus,1
sisto,1
ceu,1
nubes,1
prospectus,1
scopulus,1
ingressus,1
saucius,1
floreo,1
alacer,1
lymphatus,1
cuspis,1
thyrsus,1
serpens,1
obscurus,1
cista,1
profanus,1
plango,1
tinnitus,1
raucisonus,1
efflo,1
bombus,1
strido,1
tibia,1
amplifice,1
decoro,1
decedo,1
placidus,1
matutinus,1
horrifico,1
exorior,1
tarde,1
clemens,1
procedo,1
plangor,1
crescentus,1
increbesco,1
refulgeo,1
abitus,1
princeps,1
siluester,1
propter,1
indistinctus,1
plecto,1
confestim,1
impendo,1
chorea,1
fagus,1
stipes,1
laurus,1
platanus,1
flammo,1
circum,1
contextus,1
frondeo,1
uireo,1
consequor,1
sollers,1
extenuo,1
restrictus,1
catena,1
persoluo,1
cultrix,1
aspernor,1
iugalis,1
large,1
construo,1
talus,1
resido,1
uitta,1
rite,1
colus,1
formo,1
pollex,1
libro,1
uerso,1
aridulus,1
morsum,1
uirgatus,1
calathiscus,1
perfidia,1
arguo,1
augeo,1
tutamen,1
faustus,1
flexanimus,1
languidulus,1
pareo,1
robustus,1
contexo,1
terror,1
persaepe,1
uictor,1
praeuerto,1
obsideo,1
longinquus,1
heres,1
putridus,1
praecerpo,1
messor,1
demeto,1
diffundo,1
angusto,1
aceruus,1
tepefacio,1
excelsus,1
coaceruo,1
agger,1
bustum,1
uinculum,1
madefacio,1
anceps,1
uictima,1
truncus,1
summitto,1
poples,1
dudum,1
oriens,1
hesternus,1
circumdo,1
discors,1
secubitus,1
praefor,1
procumbo,1
effusus,1
certatim,1
ruo,1
fumo,1
letifer,1
armatus,1
hortor,1
caterua,1
iustitia,1
extinguo,1
primaeuus,1
scelero,1
iustificus,1
digno,1
seuoco,1
fetus,1
pallidulus,1
alluo,1
subter,1
obtero,1
amabilis,1
ramus,1
maeror,1
effluo,1
missus,1
sponsus,1
locatum,1
excutio,1
decursus,1
conscius,1
dispicio,1
stella,1
ortus,1
comperio,1
obitus,1
furtim,1
saxum,1
gyrus,1
deuoco,1
caesaries,1
clare,1
nocturnus,1
frustro,1
lacrimula,1
ubertim,1
intra,1
proelium,1
toruus,1
flebilis,1
discidium,1
exedo,1
sollicitus,1
excido,1
taurinus,1
pristinus,1
dissoluo,1
inaniter,1
postulo,1
euerto,1
superuehor,1
uena,1
insisto,1
stringo,1
durities,1
abiungo,1
penna,1
equus,1
aetherius,1
auolo,1
uuidulus,1
pono,1
uerto,1
occasus,1
mergo,1
premo,1
pax,1
euoluo,1
discrucio,1
reicio,1
incolo,1
placo,1
unguen,1
largus,1
afficio,1
corruo,1
proximus,1
aucto,1
porricio,1
quacumque,1
siculus,1
beta,1
neruosus,1
cognitus,1
specula,1
praecurro,1
ausculto,1
tigillum,1
aperio,1
ancilla,1
flagitium,1
auricula,1
supercilium,1
lis,1
mendacium,1
puerperium,1
casu,1
opprimo,1
conscriptus,1
epistolium,1
naufragus,1
perpetior,1
scriptor,1
oblecto,1
merso,1
lusius,1
amarities,1
interitus,1
tribuo,1
capsula,1
ultro,1
reticeo,1
obliuiscor,1
notesco,1
sublimis,1
aranea,1
tela,1
duplex,1
tabesco,1
cesso,1
madeo,1
gena,1
aerius,1
perluceo,1
riuus,1
muscosus,1
transeo,1
uiator,1
lassus,1
leuamen,1
exuro,1
hiulco,1
nauta,1
aspiro,1
imploro,1
patefacio,1
limes,1
planta,1
innitor,1
argutus,1
constituo,1
solea,1
hostia,1
eris,1
ieiunus,1
cruor,1
coacta,1
miles,1
murus,1
raptus,1
primoris,1
nefas,1
miserabilis,1
ei,1
compositus,1
obscenus,1
detineo,1
penetralis,1
focus,1
abduco,1
pacatum,1
dego,1
absorbeo,1
sicco,1
fodio,1
falsiparens,1
sagitta,1
deterior,1
testor,1
derideo,1
gentilis,1
compar,1
osculum,1
multiuolus,1
concilio,1
circumcurso,1
crocinus,1
uerecundus,1
omniuolus,1
aequus,1
unio,1
scaber,1
femur,1
labefacto,1
perlucidulus,1
fabula,1
habito,1
caper,1
bestia,1
interficio,1
aqua,1
obsto,1
merito,1
seco,1
aemulus,1
nanciscor,1
quotiens,1
totiens,1
affligo,1
impense,1
uilis,1
iniuria,1
mereo,1
taedeo,1
obsum,1
urgeo,1
obiurgo,1
perdepso,1
recordor,1
benefacio,1
uoluptas,1
cogito,1
abusus,1
offirmo,1
istinc,1
salus,1
peruinco,1
misereor,1
surrepo,1
torpor,1
peruro,1
monstro,1
commingo,1
tres,1
hibernus,1
exeo,1
octauus,1
susurro,1
grandis,1
tento,1
labrum,1
praeterquam,1
moribundus,1
inauro,1
debeo,1
praesente,1
mulus,1
gannio,1
obloquor,1
iro,1
quando,1
auunculus,1
maternus,1
auus,1
auia,1
leniter,1
postilla,1
illuc,1
fortasse,1
recta,1
confiteor,1
uenustas,1
mica,1
ecquis,1
abluo,1
ultra,1
demissus,1
quantumuis,1
religio,1
ueneror,1
omentum,1
liquefacio,1
ideo,1
inhibeo,1
probrum,1
germana,1
causa,1
quia,1
totidem,1
studeo,1
holus,1
olla,1
messis,1
coeptum,1
editus,1
quingenti,1
peruoluo,1
laxus,1
scomber,1
tumidus,1
caluus,1
renouo,1
immaturus,1
immundus,1
sesquipedalis,1
rictus,1
diffindo,1
meio,1
cunnus,1
pistrinum,1
asinus,1
aegrotus,1
carnifex,1
crepida,1
carpatinus,1
summa,1
crux,1
tantillus,1
saeuitia,1
diluo,1
gutta,1
abstergeo,1
articulus,1
contractus,1
commictus,1
lupa,1
suauiolum,1
elleborus,1
marcus,1
sodalicius,1
perspecto,1
postremo,1
auis,1
commissum,1
putus,1
silus,1
nummus,1
delecto,1
leno,1
maledico,1
praeco,1
discupio,1
obtingo,1
proprius,1
cominius,1
arbitrium,1
senectus,1
spurco,1
intereo,1
equidem,1
exseco,1
effodio,1
guttur,1
coruus,1
canis,1
lupus,1
sincerus,1
perduco,1
instituo,1
mentior,1
corripio,1
fraudo,1
meretrix,1
auarus,1
prostituo,1
scindo,1
maecilius,1
consul,1
aucupium,1
piscis,1
exsupero,1
desum,1
egeo,1
triginta,1
iugerum,1
quadraginta,1
possideo,1
ingens,1
hyperboreus,1
oceanus,1
studiosus,1
uenor,1
lenio,1
conor,1
euito,1
fragmentum,1
lucus,1
consecro,1
ligurrio,1
effugio,1
