,count
et,3769
sum,3315
qui,2740
in,1975
is,1549
ut,1246
cum,1221
si,1012
hic,992
non,958
uel,912
nec,905
sed,746
quam,699
nam,673
etiam,642
aut,582
ad,535
ab,519
facio,504
ne,504
pars,494
atque,486
possum,482
autem,454
tamen,447
ex,447
num,431
deinde,422
omnis,405
ita,404
per,400
quod,391
locus,374
de,345
idem,342
semen,339
debeo,335
habeo,330
genus,328
dies,315
ac,307
uitis,305
terra,299
alius,299
multus,296
unus,294
tempus,290
parum,289
ipse,286
quisque,281
tum,275
res,266
sic,265
iam,263
arbor,262
suus,260
magnus,260
pes,251
edo,246
dico,245
aqua,245
enim,237
annus,236
ager,231
bonus,229
fio,224
pecus,224
primus,220
duo,218
quoniam,216
opus,213
nisi,204
post,203
sui,200
solus,199
fructus,197
maxime,196
ille,189
quidam,188
praebeo,187
totus,184
alter,182
ante,182
ratio,181
uinum,175
ceterus,170
singulus,169
ubi,163
patior,158
nos,157
radix,152
itaque,151
sero,151
quia,150
modus,150
quis,149
cura,148
uelut,143
tres,143
uolo,143
fere,142
inter,139
sine,138
dum,135
mensis,135
conuenio,132
nunc,131
regio,130
materia,128
sol,127
magis,126
oportet,126
adicio,125
quidem,124
bene,124
at,124
praecipio,122
supra,122
do,121
uetus,120
uua,119
oleum,119
uterque,117
rusticus,116
plurimus,113
paruus,112
uideo,112
siccus,111
propter,111
usque,108
quattuor,107
quasi,106
uineus,104
insero,104
satis,103
uoco,103
uas,103
desidero,102
saepe,102
quamuis,102
agricola,101
latus,101
diligenter,101
sequor,100
uinea,99
longus,99
prius,98
siue,98
tertius,98
relinquo,98
pluuius,98
sal,97
nouus,95
herba,95
spatium,95
surculus,95
sub,95
corpus,94
cibus,94
praedico,93
circa,93
bos,93
celeriter,92
noster,91
scrobis,91
iugum,91
mater,91
hiems,91
usus,91
semper,90
exiguus,90
mox,90
facile,90
factum,90
medius,90
uerus,89
inferus,89
plerumque,89
sicut,89
similis,89
iuger,89
pono,88
nihil,88
uitium,88
caput,87
tempestas,87
pinguis,87
sextarius,87
nullus,86
opera,86
apis,86
liber,85
tam,85
tener,85
frigus,85
frigidus,85
mustus,85
tantus,83
depono,82
rursus,82
auis,82
modius,82
igitur,81
numerus,81
summa,81
autumnus,81
interdum,81
curo,81
fetus,80
mille,80
satio,79
adhibeo,79
quoque,79
misceo,79
quisquis,78
uiridis,78
recte,78
uis,77
pabulum,77
recipio,76
stercus,76
puto,76
item,75
causa,74
uentus,74
labor,74
conficio,74
infundo,74
censeo,73
ordo,73
adhuc,73
manus,73
dispono,73
malus,72
summitto,72
aliqui,72
lego,72
aliter,71
gemma,71
quantus,71
eximo,71
ego,70
contingo,70
uero,70
eligo,70
natura,70
mel,70
nonnullus,69
truncus,69
maturus,69
homo,69
condio,69
humus,68
efficio,68
sulcus,68
durus,68
custodio,68
aridus,68
significo,68
pro,67
femina,67
oliua,66
solum,65
postea,65
probo,65
seruo,65
permisceo,65
palmes,64
oporteo,64
ago,64
idoneus,64
sapor,64
consero,63
praecipue,63
intra,63
transfero,63
dominus,63
acetum,63
aestas,62
repono,62
remedium,62
uita,61
pondus,61
reddo,61
trado,61
praeparo,61
rarus,61
quinque,61
ramus,61
occido,61
capio,60
stirps,60
pullus,60
incrementum,59
humor,59
superus,59
ferrum,59
talis,59
folium,59
mos,59
frumentum,59
pix,59
grex,59
potius,58
colo,58
cacumen,58
reliquus,57
appello,57
uindemia,57
quin,57
iste,56
minor,56
cultus,56
exigo,56
oculus,56
doceo,56
calidus,56
sucus,56
uilicus,56
mensura,55
modo,55
affero,55
malleolus,55
commode,55
dulcis,55
permitto,54
commodus,54
paucus,54
pasco,54
ficus,54
nimius,53
recens,53
sustineo,53
exprimo,53
impono,53
umidus,53
aequinoctium,53
altus,52
refero,52
plaga,52
antiquus,52
caelus,52
macero,52
uilla,52
aio,51
quare,51
obruo,51
sex,51
laetus,51
resoluo,50
subicio,50
summum,50
statim,50
amplus,50
sicco,50
liceo,50
eiusmodi,50
partus,50
ideo,49
detraho,49
nonnumquam,49
sarmentum,49
conualesco,49
placeo,49
bracchium,49
par,49
subigo,49
seges,49
tabulatus,49
palea,49
ouum,49
aluus,49
demitto,48
paulus,48
longe,48
iuxta,47
optime,47
ius,47
uernus,47
caelum,47
species,47
integer,47
flos,47
color,47
an,47
tectum,47
tero,47
defrutum,47
familia,47
laboro,46
totidem,46
tamquam,46
nouellus,46
digitus,46
quartus,46
officium,46
incipio,46
emitto,46
serus,46
expedio,46
uber,45
existimo,45
uniuersus,45
planta,45
sin,45
compono,45
altitudo,44
latitudo,44
niger,44
dubius,44
imber,44
protinus,44
aptus,44
peruenio,44
demum,44
stercoro,44
nota,44
mane,44
exorior,44
auctor,43
certus,43
ulter,43
comprehendo,43
fecundus,43
cortex,43
ullus,43
mare,43
lac,43
decoquo,43
aliquis,42
prosum,42
palus,42
obseruo,42
decido,42
prohibeo,42
longitudo,42
proximus,42
infesto,42
putatio,42
albus,42
uiginti,42
olea,42
fauus,42
status,41
antequam,41
uirga,41
falx,41
contineo,41
fero,41
hortus,41
utilis,41
fodio,41
area,41
decem,41
faba,41
examen,41
rus,40
diligens,40
uicinus,40
leuis,40
laedo,40
facilis,40
quoius,40
amurca,40
saepis,40
ouis,40
coquo,40
sanguis,40
muria,40
prior,39
perduco,39
certe,39
aestiuus,39
nascor,39
ulmus,39
situs,39
densus,39
aro,39
ferax,39
quippe,38
positio,38
confero,38
postulo,38
frequens,38
amputo,38
uere,38
custos,38
persequor,38
lino,38
faux,38
findo,38
siluestris,38
animal,38
amphora,38
deprimo,37
positus,37
recido,37
soleo,37
mollis,37
calor,37
aetas,37
bruma,37
largus,37
specto,37
corrumpo,37
ignis,37
campus,37
uinetum,36
robustus,36
minime,36
qua,36
posterus,36
qualis,36
seminarium,36
educo,36
admitto,36
octo,36
prouenio,36
macer,36
repleo,36
liquidus,36
praeceptum,35
super,35
diuido,35
plerus,35
duco,35
uito,35
consisto,35
cogo,35
crus,35
diuersus,35
superpono,35
tollo,35
mediocris,35
uenio,35
nox,35
pomum,35
mas,35
frux,35
triticum,35
deficio,34
pater,34
ergo,34
utor,34
natus,34
umbra,34
minuo,34
alo,34
insitio,34
constituo,34
sino,34
alienus,34
luna,34
exploro,34
nux,34
pratum,34
odor,34
operculum,34
uarius,33
pampinus,33
reseco,33
cultura,33
quemadmodum,33
committo,33
facultas,33
sedes,33
occupo,33
baca,33
lapis,33
proscindo,33
condo,33
uerum,32
destino,32
fundus,32
seu,32
utique,32
hibernus,32
noceo,32
ualeo,32
serius,32
cornu,32
colonus,32
separo,32
administro,32
foenum,32
pondo,32
stabulum,32
claudo,32
reperio,31
pastino,31
abunde,31
accido,31
generosus,31
accipio,31
credo,31
applico,31
omitto,31
propior,31
pretium,31
tu,31
sarrio,31
triduum,31
uiuiradix,30
propono,30
colligo,30
confestim,30
angustus,30
secundus,30
firmus,30
septem,30
breuis,30
donec,30
hora,30
oblino,30
grauis,30
coepio,30
gallina,30
purgo,30
alimentum,29
consumo,29
fecunditas,29
iustus,29
praecido,29
ferramentum,29
cicatrix,29
modicus,29
summoueo,29
paene,29
tenuis,29
nomen,29
scripulum,29
similiter,29
aratrum,29
modice,29
libra,29
legumen,29
paries,29
ualidus,28
proprius,28
recingo,28
terrenus,28
apricus,28
careo,28
alligo,28
cito,28
instituo,28
diffundo,28
uastus,28
porro,28
necessarius,28
portio,28
admoueo,28
foramen,28
uacuus,28
aruus,28
concipio,28
subinde,28
pastor,28
progenero,28
umor,28
mundus,28
fictilis,28
lacus,28
cera,28
dolium,28
propago,27
disciplina,27
reditus,27
deinceps,27
aeque,27
dimidius,27
uinculum,27
superuacuus,27
noxius,27
excedo,27
plenus,27
frondeo,27
uer,27
editus,27
traho,27
putresco,27
procedo,27
maturitas,27
nego,27
scio,27
lutum,27
sumo,27
quadraginta,27
respondeo,27
liquor,27
lupinus,27
contundo,27
conspicio,27
premo,26
percipio,26
creber,26
simul,26
amplius,26
fimum,26
transuersus,26
frequenter,26
considero,26
ungula,26
comperio,26
perago,26
contego,26
collis,26
medicamentum,26
os,26
cytisus,26
morbus,26
uenter,26
eruum,26
frutex,26
spargo,26
holus,26
columella,25
complus,25
moueo,25
prudens,25
armentum,25
quaero,25
formo,25
uulnus,25
memini,25
enascor,25
magister,25
binus,25
conditio,25
religo,25
conuerto,25
iungo,25
mitto,25
quisquam,25
multiplico,25
uir,25
creo,25
caueo,25
copia,25
diligentia,25
equus,25
pascuus,25
collum,25
contero,25
pridie,25
prodo,24
arbustus,24
suspendo,24
flagellum,24
numquam,24
exsto,24
caulis,24
medulla,24
biennium,24
pertica,24
infra,24
qualitas,24
aer,24
ros,24
praesto,24
animalis,24
ineo,24
cinis,24
agrestis,24
ramulus,24
dictum,24
refrigero,24
labrum,24
planum,23
uix,23
incommodus,23
impensa,23
porrum,23
naturalis,23
auctumnalis,23
deseco,23
diu,23
supersum,23
forma,23
molior,23
aestus,23
gero,23
superpositus,23
acuo,23
tunc,23
dissero,23
siccitas,23
habitus,23
intellego,23
meus,23
uliginosus,23
stramentum,23
rigo,23
uesper,23
paro,23
candidus,23
medicina,23
hordeum,23
pestis,23
uitio,23
memoria,23
familiaris,23
sementis,23
equa,23
itero,23
cella,23
substerno,22
solutus,22
robur,22
queo,22
deterior,22
obtineo,22
ortus,22
lex,22
arundo,22
ligo,22
alte,22
differo,22
alternus,22
iterum,22
bonitas,22
impleo,22
neue,22
tutus,22
sterilis,22
arbuscula,22
aedificium,22
dubito,22
sidus,22
occo,22
conspergo,22
disto,22
quicumque,22
consuesco,22
includo,22
caseus,22
messis,22
ligneus,22
harundo,22
desino,22
unusquisque,22
piscis,22
marinus,22
piscina,22
radicula,21
impendo,21
animus,21
ceruix,21
paulatim,21
uicis,21
cunctus,21
quot,21
expurgo,21
uitiosus,21
spissus,21
ignoro,21
acinus,21
aditus,21
scientia,21
uolumen,21
bubulcus,21
iucundus,21
pariter,21
urna,21
hiemo,21
pretiosus,21
incubo,21
medicamen,21
faex,21
recondo,21
naris,21
fumus,21
signum,21
gustus,21
fons,21
uestio,20
contentus,20
crudus,20
consummo,20
excolo,20
possideo,20
frons,20
gramen,20
germino,20
unde,20
noxa,20
urina,20
caelestis,20
contrarius,20
intereo,20
sufficio,20
contra,20
conseruo,20
quintus,20
oriens,20
usurpo,20
ob,20
cuneus,20
interuenio,20
redeo,20
tepidus,20
habilis,20
talea,20
runco,20
decimus,20
gens,20
incedo,20
munio,20
cibarius,20
orior,20
esca,20
emo,20
cauda,20
clausum,20
farina,20
uicia,20
eluo,20
negotium,20
seruus,20
domicilium,20
cubile,19
comparo,19
adolesco,19
scilicet,19
euenio,19
repeto,19
exerceo,19
nutrio,19
necesse,19
iniuria,19
ablaqueo,19
comprimo,19
forte,19
excipio,19
passus,19
triennium,19
reformido,19
aequaliter,19
protego,19
semel,19
concido,19
exilis,19
procerus,19
uetustus,19
quilibet,19
lineus,19
exubero,19
emundo,19
consuetudo,19
deduco,19
tantum,19
apto,19
demeto,19
bis,19
nouem,19
nitidus,19
fossa,19
interpono,19
ulcus,19
lentiscus,19
spina,19
mercor,19
purus,19
pario,19
domesticus,19
muto,19
granum,19
custodia,19
permaneo,19
uinaceus,19
glaeba,19
serenus,19
addo,19
scriptum,18
studium,18
onero,18
idcirco,18
depositum,18
macies,18
laxus,18
patens,18
namque,18
competo,18
libero,18
opinio,18
ars,18
siquidem,18
uimen,18
palma,18
absumo,18
fasciculus,18
tempestiuus,18
quaterni,18
meridies,18
difficilis,18
proles,18
exsequor,18
crassus,18
uireo,18
ter,18
affirmo,18
inhaereo,18
inutilis,18
riguus,18
gracilis,18
laeto,18
sicuti,18
mons,18
quantum,18
desum,18
triginta,18
quindecim,18
denique,18
sto,18
cauea,18
seco,18
solstitium,18
magnitudo,18
mulsum,18
ferula,18
lana,18
sus,18
assiduus,18
horreum,18
prelum,18
puluis,17
iugo,17
apud,17
praecipuus,17
fatigo,17
leuiter,17
uetustas,17
disputatio,17
fabrico,17
cognosco,17
membrum,17
penuria,17
uapor,17
noto,17
tergum,17
fera,17
salsus,17
uinitor,17
priusquam,17
remitto,17
detergeo,17
iuuo,17
floreo,17
insum,17
rubus,17
flumen,17
demonstro,17
incendo,17
iugerum,17
maneo,17
quinquaginta,17
sublimis,17
animaduerto,17
inicio,17
ternus,17
bubulus,17
humanus,17
finis,17
agnus,17
consto,17
genitalis,17
litus,17
auris,17
milium,17
iacio,17
rex,17
uilica,17
cribro,17
humilis,16
cultor,16
tueor,16
domus,16
ubertas,16
alueus,16
fossor,16
bidens,16
prorepo,16
crassitudo,16
uehemens,16
consulo,16
pango,16
onus,16
ordino,16
aestimo,16
ingenium,16
uligo,16
ieiunus,16
loquor,16
rotundus,16
nequeo,16
medeor,16
disco,16
solidus,16
appareo,16
subiectum,16
dux,16
suboles,16
abstineo,16
eximius,16
creta,16
oliuetum,16
congero,16
acer,16
cotidie,16
parens,16
pernicies,16
foueo,16
saeptum,16
duro,16
conduco,16
potio,16
defluo,16
thymum,16
confundo,16
cyathus,16
far,16
fluo,16
uinco,16
rapum,16
immisceo,16
nummus,16
uasum,16
olla,16
uiuarium,16
diduco,15
semis,15
ceterum,15
fortis,15
calamus,15
pampino,15
eneco,15
anniculus,15
ostendo,15
uehementer,15
instar,15
placidus,15
secundum,15
salix,15
uaco,15
citra,15
cliuus,15
quadratum,15
saluber,15
fallo,15
leuo,15
iter,15
nodus,15
pruina,15
sat,15
perpetuus,15
adhaereo,15
extremus,15
spes,15
tardus,15
neco,15
puter,15
sileo,15
nimis,15
silua,15
lentus,15
rutilus,15
prouincia,15
urbanus,15
populus,15
iaceo,15
semino,15
inuenio,15
iumentum,15
campester,15
culmus,15
pertineo,15
faenum,15
potestas,15
subtraho,15
asinus,15
promo,15
rescindo,15
datum,15
obicio,15
ferueo,15
riuus,15
dolor,15
aceruus,15
adoreus,15
studiosus,14
adminiculum,14
maternus,14
subsido,14
falsus,14
quamquam,14
exordium,14
instrumentum,14
fructuosus,14
confirmo,14
redigo,14
orbis,14
studeo,14
elicio,14
curuo,14
bimus,14
pedalis,14
sitio,14
produco,14
male,14
assicco,14
uersus,14
transmitto,14
temperatus,14
nata,14
asper,14
frango,14
fides,14
purpureus,14
prodeo,14
requiro,14
ducenti,14
uro,14
erigo,14
uernaculus,14
gratus,14
compositus,14
gaudeo,14
teneo,14
ficulneus,14
malum,14
colloco,14
siliqua,14
soluo,14
qualiscumque,14
genero,14
uentosus,14
uestibulum,14
amitto,14
longinquus,14
pastio,14
decipio,14
cicercula,14
stagnum,14
iubeo,14
decocta,14
lignum,14
cucumis,14
duplex,14
gigno,14
defrico,14
refrigesco,14
infero,14
sata,14
multitudo,14
unda,14
sapa,14
dodrans,13
sumptus,13
continuus,13
irrepo,13
sinus,13
exemplum,13
admodum,13
coerceo,13
statumen,13
inquam,13
exstruo,13
planus,13
neglegentia,13
pristinus,13
obnoxius,13
saucio,13
fossio,13
exstirpo,13
seruio,13
deputo,13
adeo,13
inaresco,13
defendo,13
superfundo,13
aequalis,13
effero,13
compesco,13
simplex,13
undique,13
ibi,13
celsus,13
posco,13
emendo,13
erado,13
coalesco,13
destringo,13
aequus,13
imbecillus,13
induo,13
poto,13
ictus,13
munus,13
caedo,13
peto,13
maturesco,13
experimentum,13
circumdo,13
excito,13
quini,13
abundantia,13
glans,13
centum,13
retineo,13
quadrans,13
praepono,13
sextus,13
prolixus,13
repudio,13
exitus,13
inimicus,13
ingero,13
aduro,13
mulier,13
abundo,13
poeta,13
ueho,13
ferus,13
conceptus,13
libido,13
consterno,13
hara,13
admisceo,13
occasus,13
pellis,13
axungia,13
sacer,13
lauo,13
adeps,13
tepor,13
effodio,13
accedo,13
gypsum,13
iuuencus,13
tracto,13
spica,13
ruta,13
spongia,13
inspicio,13
aperio,13
lactuca,13
maritimus,13
cedo,13
arbustum,13
napus,13
excludo,13
excudo,13
gradus,12
fundamentum,12
multo,12
fertilis,12
mergus,12
prosterno,12
tango,12
uiolentia,12
adaperio,12
alleuo,12
intermitto,12
adiuuo,12
nondum,12
iuncus,12
intersum,12
praecipito,12
praeceps,12
prouentus,12
mitesco,12
incertus,12
uallis,12
hinc,12
inuro,12
tantummodo,12
respuo,12
pronus,12
moror,12
aduersus,12
perfero,12
requiesco,12
tot,12
necessitas,12
uulgaris,12
recuso,12
castro,12
septentrionalis,12
suscipio,12
quadratus,12
procul,12
terni,12
umquam,12
carpo,12
rubrica,12
caprinus,12
diluo,12
uello,12
discutio,12
memoro,12
noualis,12
aries,12
uenus,12
auricula,12
matrix,12
admissarius,12
foris,12
canalis,12
cupido,12
nemus,12
aduersum,12
matutinus,12
expleo,12
diuus,12
mula,12
cunela,12
sano,12
medico,12
minute,12
spiritus,12
rusticatio,12
mando,12
domo,12
manifestus,12
mortalis,12
amor,12
priscus,12
cesso,12
plebs,12
pediculus,12
coicio,12
deferueo,12
contribuo,11
dupondius,11
marito,11
cratis,11
conecto,11
perficio,11
nihilum,11
infringo,11
nepos,11
fundo,11
tactus,11
repugno,11
adrado,11
pollex,11
uepris,11
illigo,11
circumfodio,11
deorsum,11
praesidium,11
dependeo,11
figuro,11
renouo,11
frugifer,11
sterilitas,11
uellus,11
unguis,11
adsum,11
induco,11
concito,11
dissimilis,11
scobis,11
utiliter,11
extra,11
canna,11
principium,11
littera,11
tuus,11
octauus,11
quadrageni,11
compleo,11
sentio,11
chordus,11
fastidium,11
condimentum,11
fraxinus,11
pareo,11
proculco,11
absum,11
euagor,11
circumcido,11
omnino,11
subsum,11
tego,11
suppono,11
congius,11
transitus,11
pineus,11
coeo,11
pinguesco,11
quoquouersus,11
celeber,11
dens,11
carmen,11
paluster,11
bibo,11
praesaepium,11
frendo,11
nutrix,11
compositio,11
inlino,11
candeo,11
salio,11
pilus,11
uermiculus,11
respergo,11
uersor,11
contraho,11
requies,11
imperium,11
gallinaceus,11
praesens,11
mano,11
myrtus,11
cepa,11
madefactus,11
decresco,11
aperto,11
sententia,11
quaestus,11
harena,11
panicum,11
tellus,11
exaresco,11
secerno,11
uertex,11
sordidus,11
sestertius,11
uerumtamen,11
appono,11
fuga,11
apium,11
mustum,11
arceo,10
defodio,10
demissus,10
pulcher,10
infirmus,10
dos,10
decutio,10
decerpo,10
recedo,10
penetro,10
articulus,10
secor,10
pampinarius,10
insequor,10
nudo,10
euoco,10
uincio,10
canis,10
sedulus,10
interuallum,10
cursus,10
extendo,10
interim,10
defloresco,10
superuenio,10
halitus,10
amarus,10
opacus,10
glarea,10
meridianus,10
occidens,10
emorior,10
uena,10
mergo,10
profiteor,10
terebro,10
paululum,10
roscidus,10
arator,10
octingenti,10
uncia,10
imito,10
uexo,10
uomer,10
illustris,10
delibro,10
paleatus,10
operio,10
intorqueo,10
innoxius,10
calefacio,10
uermis,10
hactenus,10
quiuis,10
farcio,10
rumpo,10
praeterea,10
uoluptas,10
uilis,10
urbs,10
communis,10
palatum,10
saeuitia,10
uterus,10
peregrinus,10
effetus,10
progenies,10
sexus,10
crepusculum,10
inde,10
saxum,10
salutaris,10
scabies,10
conplus,10
depello,10
aeneus,10
satietas,10
hordeaceus,10
somnus,10
tumor,10
clarus,10
cibaria,10
panis,10
augeo,10
neruus,10
uia,10
offa,10
torrefacio,10
linum,10
machina,10
exeo,10
facies,10
libenter,10
prouideo,10
impedio,10
tempestiue,10
trimestris,10
meto,10
cauus,10
rosa,10
lixiuus,10
pauoninus,10
scribo,9
geminus,9
egero,9
consurgo,9
demergo,9
intumesco,9
praesertim,9
uiuo,9
instruo,9
audio,9
recta,9
angulus,9
uerto,9
peruro,9
initium,9
pampinatio,9
ordinarius,9
adimo,9
inuado,9
internodium,9
iniurius,9
perforo,9
rigor,9
complures,9
stella,9
uastitas,9
similitudo,9
dependo,9
numerosus,9
praefringo,9
paulo,9
restituo,9
prosilio,9
torreo,9
superiacio,9
sabulo,9
nudus,9
mitis,9
acquiro,9
haud,9
cauo,9
muscus,9
exhaurio,9
parcus,9
impero,9
moneo,9
probabilis,9
tumeo,9
immitto,9
puer,9
torpeo,9
etsi,9
graecus,9
pedum,9
defero,9
ripa,9
senectus,9
reor,9
asseuero,9
uindico,9
uicesimus,9
as,9
denus,9
sicubi,9
plurimum,9
supero,9
periculum,9
stilus,9
uagor,9
abluo,9
pirum,9
salubritas,9
sorbum,9
pruna,9
delecto,9
mola,9
ualetudo,9
mitigo,9
neuter,9
testis,9
canus,9
auctoritas,9
reseruo,9
biduus,9
furfur,9
succurro,9
cano,9
grauidus,9
fur,9
affatim,9
educatio,9
excoquo,9
prosequor,9
mediocriter,9
testa,9
discrimen,9
austerus,9
ardeo,9
propulso,9
inuoluo,9
clunis,9
separatim,9
contritus,9
uendo,9
porticus,9
nidus,9
profluo,9
auoco,9
lumen,9
pectus,9
lacesso,9
iners,9
taurus,9
patrius,9
grandis,9
iudico,9
insisto,9
appeto,9
scindo,9
tussis,9
mors,9
fistula,9
expono,9
nihilominus,9
spons,9
aruum,9
laus,9
tertio,9
malo,9
anser,9
saeuus,9
perennis,9
ciuitas,9
audeo,9
circumeo,9
kalendae,9
satureia,9
aluarium,9
plumbeus,9
defundo,9
profundus,8
repello,8
quando,8
nemo,8
destituo,8
demorior,8
praefero,8
consector,8
incoho,8
amicus,8
pecco,8
culta,8
aliquatenus,8
antea,8
quantuluscumque,8
scaber,8
bini,8
induresco,8
eatenus,8
uestigium,8
penitus,8
caudex,8
pullulo,8
superficies,8
tenus,8
afficio,8
sublatus,8
frequento,8
attraho,8
arcus,8
trimus,8
uulnero,8
adigo,8
pando,8
semita,8
inhibeo,8
grando,8
praetereo,8
figura,8
distendo,8
exedo,8
uirgultum,8
differentia,8
uiuus,8
aresco,8
sagitta,8
nomino,8
procurro,8
luxuria,8
motus,8
concedo,8
casus,8
rado,8
tradux,8
salictum,8
quincunx,8
eruo,8
quotiens,8
perenno,8
metior,8
uoluntas,8
quadringenti,8
sextans,8
septimus,8
consequor,8
statura,8
cubo,8
curiosus,8
serra,8
admoneo,8
excido,8
difficulter,8
rastrum,8
commoueo,8
offendo,8
limosus,8
oleaster,8
suillus,8
calx,8
maceria,8
ferreus,8
fames,8
tolero,8
uarietas,8
hirtus,8
lingua,8
macula,8
tergus,8
surgo,8
pugna,8
improbo,8
obligo,8
suburbanus,8
sitis,8
cunctor,8
serpens,8
odoratus,8
nidor,8
fugio,8
tarde,8
morsus,8
semodius,8
concoquo,8
leuigo,8
deprehendo,8
describo,8
exsisto,8
pestilens,8
celer,8
sponte,8
piger,8
exuro,8
conspectus,8
lupus,8
laudo,8
excutio,8
aufero,8
degenero,8
uox,8
ingredior,8
operarius,8
moles,8
martius,8
detero,8
fibra,8
cruditas,8
brassica,8
calco,8
remoueo,8
fastidio,8
indo,8
sagino,8
exercitatio,8
proprie,8
uter,8
nonus,8
peritus,8
lira,8
cicer,8
extrinsecus,8
nocturnus,8
auiarius,8
patrimonium,8
industria,8
nescio,8
cotidianus,8
insula,8
spurcitia,8
uiola,8
inula,8
menta,8
sinapi,8
cucurbita,8
asparagus,8
fiscus,8
penna,8
cohors,8
fermento,7
sane,7
condenso,7
grauor,7
auspicor,7
recreo,7
consitio,7
reuoco,7
experior,7
dirigo,7
obliquus,7
tricesimus,7
acies,7
ultra,7
aestuo,7
canicula,7
hiemalis,7
quinquennium,7
deuexus,7
germen,7
genesta,7
praecedo,7
propinquus,7
gemmo,7
defigo,7
fascis,7
putator,7
porrigo,7
centenus,7
distinguo,7
acerbus,7
intrinsecus,7
iniungo,7
excerno,7
uiduus,7
suadeo,7
consenesco,7
clementia,7
aequinoctialis,7
obiectum,7
quamdiu,7
subministro,7
promineo,7
quercus,7
decurro,7
inculco,7
hilaris,7
adultus,7
sapio,7
industrius,7
tribus,7
atticus,7
tepeo,7
rima,7
utrimque,7
nosco,7
castaneus,7
interimo,7
prudentia,7
cado,7
professio,7
digno,7
actus,7
porca,7
quadro,7
exhibeo,7
semuncia,7
primordium,7
septeni,7
exter,7
adueho,7
incola,7
consequus,7
capra,7
postmodum,7
translatio,7
exsilium,7
circuitus,7
cliuosus,7
quanto,7
neglego,7
speciosus,7
caespes,7
aliquanto,7
contristo,7
generatim,7
sinister,7
regius,7
foro,7
crescentus,7
dilabor,7
scalpellum,7
disputo,7
laeuus,7
asellus,7
imprudens,7
tutela,7
sollemnis,7
ouillus,7
uictus,7
hirsutus,7
mutilus,7
angustia,7
herbidus,7
muliebris,7
haereo,7
obscurus,7
exolesco,7
eo,7
compello,7
consido,7
agilis,7
agito,7
perluo,7
cutis,7
robigo,7
gallus,7
haedus,7
maritus,7
languor,7
tantundem,7
fiscella,7
calathus,7
aspergo,7
construo,7
decumbo,7
triticeus,7
large,7
dulcedo,7
intestinus,7
imprimo,7
polliceor,7
uisus,7
laudabilis,7
catulus,7
copiosus,7
honor,7
agricultura,7
uitulus,7
ueteranus,7
desiderium,7
tento,7
uinaceum,7
ulpicum,7
aeger,7
aduentus,7
laurus,7
suppuratio,7
imbuo,7
fuligo,7
descendo,7
regula,7
consaepio,7
recognosco,7
egressus,7
magus,7
certamen,7
mens,7
cunctatio,7
coriandrum,7
speculor,7
generositas,7
cur,7
aeuum,7
succido,7
dinosco,7
aegre,7
obsum,7
siligo,7
farrago,7
obsero,7
curculio,7
feriae,7
influo,7
exortus,7
idus,7
exacuo,7
otium,7
commendo,7
probus,7
aequor,7
princeps,7
mora,7
uestis,7
digero,7
deus,7
serotinus,7
dedignor,7
addisco,7
turba,7
uates,7
possido,7
tectorius,7
coma,7
inroro,7
figo,7
cresco,7
tempto,7
tamdiu,7
puleium,7
liquo,7
rutabulum,7
metreta,7
pluma,7
pauo,7
uergilius,7
regero,6
prouincialis,6
substituo,6
minister,6
tueo,6
annuus,6
gratia,6
ablaqueatio,6
coaequo,6
duritia,6
retorridus,6
conuello,6
conor,6
serpo,6
senus,6
diuinus,6
damno,6
corroboro,6
flexus,6
propius,6
destitutus,6
statuo,6
attamen,6
explico,6
pruinosus,6
perflo,6
perspicio,6
exstimulo,6
sarcio,6
laetitia,6
uario,6
flecto,6
affligo,6
assidue,6
tondeo,6
mucro,6
auersus,6
possessio,6
axis,6
sanus,6
uocabulum,6
quotannis,6
spero,6
deflecto,6
resupinus,6
condicio,6
subtilis,6
rostrum,6
fungor,6
teres,6
incido,6
reficio,6
confringo,6
dissimulo,6
tempero,6
hio,6
molestus,6
sesquipedalis,6
frutico,6
tolerabilis,6
caesum,6
mus,6
immotus,6
quo,6
duodecimus,6
triens,6
duodecim,6
formus,6
basis,6
eodem,6
intelligo,6
capitatus,6
promitto,6
assigno,6
torus,6
dispergo,6
aquosus,6
amo,6
frumentarius,6
ignorantia,6
sarculum,6
haurio,6
dextra,6
praecox,6
error,6
areola,6
grandesco,6
ora,6
reuertor,6
ater,6
utensilis,6
dorsum,6
utilitas,6
mensa,6
expers,6
collinus,6
bestia,6
paternus,6
candor,6
lanatus,6
promptus,6
tabula,6
aculeus,6
conscribo,6
iuuenis,6
capto,6
annona,6
satiuus,6
salubris,6
uilitas,6
delitesco,6
capillus,6
ubique,6
liquamen,6
percenseo,6
enumero,6
tepefacio,6
tritium,6
resero,6
febricito,6
alumen,6
pituita,6
taeter,6
foedus,6
querneus,6
capella,6
quies,6
armus,6
opimus,6
nucleus,6
perfundo,6
senesco,6
aquatilis,6
recenseo,6
exspecto,6
infestus,6
detineo,6
uirilis,6
indigeo,6
fidelis,6
pastoralis,6
terreo,6
aduenio,6
uanus,6
appropinquo,6
musca,6
stercoratio,6
terrestris,6
pecunia,6
terminus,6
crispus,6
genu,6
funis,6
stipes,6
ira,6
merus,6
montanus,6
exitium,6
folliculus,6
probe,6
murra,6
remaneo,6
mulus,6
equinus,6
madeo,6
pendeo,6
spuma,6
salum,6
figularis,6
hirundo,6
quadrupes,6
uacca,6
coitus,6
eadem,6
animo,6
diligo,6
clatra,6
medicus,6
rudis,6
cretosus,6
aequo,6
iteratio,6
attingo,6
granarium,6
olearius,6
purgamentum,6
suppeto,6
egeo,6
secum,6
tritura,6
festus,6
publicus,6
octoginta,6
intercipio,6
ministerium,6
concha,6
taleola,6
dispositio,6
aedifico,6
officina,6
discipulus,6
sperno,6
detrimentum,6
transmarinus,6
merx,6
habito,6
supellex,6
brumalis,6
furnus,6
torcular,6
egredior,6
celo,6
eruca,6
siser,6
anethum,6
lucubratio,6
receptaculum,6
iunceus,6
origanum,6
supernato,6
decoloro,6
peragito,6
urceus,6
piperatus,6
praeterquam,6
accipiter,6
columba,6
curator,6
etenim,5
fermentum,5
effugio,5
sterno,5
ango,5
compendium,5
promissum,5
strenue,5
uotum,5
refugio,5
scite,5
impatiens,5
declaro,5
artus,5
procella,5
subsequor,5
incresco,5
attenuo,5
nisus,5
reuello,5
praegelidus,5
declino,5
aeternus,5
timeo,5
adnodo,5
apprehendo,5
comminuo,5
fossura,5
summergo,5
condisco,5
allium,5
proxime,5
quadrimus,5
paxillus,5
operosus,5
quadragesimus,5
incursus,5
porto,5
nebula,5
pestifer,5
constringo,5
uasto,5
emico,5
aliquot,5
no,5
quandoque,5
aspicio,5
ingruo,5
circumspicio,5
secta,5
afflo,5
formica,5
compes,5
obduco,5
contortus,5
bifurcus,5
obsideo,5
benignitas,5
exulcero,5
parco,5
hebes,5
transigo,5
culter,5
scalprum,5
ductus,5
imprudentia,5
trigeminus,5
temere,5
aliquando,5
naturaliter,5
arto,5
circumuenio,5
profundo,5
excauo,5
merso,5
iniquus,5
orbiculus,5
limes,5
bulbus,5
inertia,5
caecus,5
saeculum,5
monumentum,5
quapropter,5
computo,5
tribuo,5
progredior,5
quater,5
triceni,5
infinitus,5
spatiosus,5
corona,5
excursus,5
patruus,5
erudio,5
abscondo,5
dispositus,5
senium,5
pigeo,5
cor,5
collecta,5
nebulosus,5
attero,5
seuerus,5
promoueo,5
procreo,5
consimilis,5
arbutus,5
inuerto,5
emineo,5
pomarius,5
amygdala,5
puluinus,5
inopia,5
uiceni,5
saepes,5
massa,5
saturo,5
pestilentia,5
stabulo,5
fuscus,5
unitas,5
porricio,5
armatus,5
aduerto,5
inhabilis,5
filix,5
fetura,5
flatus,5
dexter,5
testiculus,5
puerilis,5
satur,5
puteus,5
ingens,5
domi,5
fraus,5
lactens,5
masculus,5
coluber,5
torridus,5
frigo,5
sulfur,5
pinso,5
instillo,5
fomentum,5
perfrico,5
commisceo,5
conuerro,5
strenuus,5
subito,5
poculum,5
mulctra,5
acor,5
flamma,5
exsudo,5
pressus,5
scrofa,5
inprobus,5
uoluto,5
euado,5
garum,5
funiculus,5
inmitto,5
passim,5
fama,5
insidiae,5
arma,5
abrumpo,5
cuminum,5
tritus,5
abnuo,5
pernosco,5
posteritas,5
ciuis,5
difficultas,5
aspectus,5
obiaceo,5
implico,5
pateo,5
femur,5
mutatio,5
sentis,5
radicitus,5
thus,5
immixtus,5
casia,5
anas,5
incoquo,5
solea,5
salsamentum,5
potis,5
subtero,5
linteolum,5
araneus,5
uenenum,5
bitumen,5
murus,5
curatio,5
uacerra,5
fluuius,5
sabulosus,5
cupiditas,5
remotus,5
ardor,5
insignis,5
diffugio,5
inanis,5
fingo,5
seruitium,5
uidelicet,5
siluester,5
coarto,5
inaro,5
dissipo,5
perfodio,5
scamnum,5
uomo,5
reduco,5
temperamentum,5
huc,5
phaselus,5
durabilis,5
intus,5
gypsatus,5
ministro,5
identidem,5
satisfacio,5
discerno,5
uolucris,5
desidia,5
infigo,5
concalesco,5
deferuesco,5
lenis,5
sacrificium,5
ops,5
ubicumque,5
frequentia,5
uulgo,5
uirtus,5
uocito,5
praedium,5
coleus,5
usura,5
exercitus,5
munia,5
nequam,5
momentum,5
infodio,5
inuiolatus,5
latebra,5
abicio,5
faber,5
bellum,5
fluctus,5
seruitus,5
delicia,5
segnis,5
oliuitas,5
rapina,5
contemplo,5
profugio,5
qualiter,5
fenestella,5
praedo,5
metuo,5
quondam,5
epula,5
parturio,5
maestus,5
dolo,5
intibum,5
cumulo,5
cupio,5
castus,5
thymbra,5
glomero,5
conuiuium,5
olearis,5
roro,5
simulo,5
menstruus,5
uagus,5
seorsus,5
expando,5
calcar,5
amaritudo,5
spatha,5
adoperio,5
patina,5
uimineus,5
caro,5
ala,5
rete,5
uestigo,5
fucus,5
auarus,4
stabilio,4
innato,4
uiduo,4
innitor,4
dispendium,4
nauigium,4
mancipium,4
miror,4
auaritia,4
desero,4
tempestiuitas,4
uisum,4
reicio,4
prospicio,4
pampinarium,4
lacero,4
uiolentus,4
columbinus,4
inuetero,4
uirgula,4
inualidus,4
erro,4
pertinaciter,4
prouoco,4
adnecto,4
alligator,4
uncus,4
necto,4
capreolus,4
inseco,4
decusso,4
distineo,4
stipo,4
late,4
procellosus,4
obumbro,4
percoquo,4
iacto,4
dirimo,4
praeter,4
eos,4
festino,4
insto,4
opportunus,4
accliuis,4
luxuriosus,4
licet,4
furunculus,4
inolesco,4
degener,4
internecio,4
harenosus,4
electio,4
detondeo,4
perennitas,4
declinatio,4
ordinatio,4
septentrio,4
sordes,4
citus,4
dispenso,4
alteruter,4
ritus,4
dispicio,4
pinguitudo,4
immineo,4
frustror,4
pinus,4
retracto,4
proceritas,4
corrigo,4
obsequor,4
clemens,4
infitior,4
finio,4
iunius,4
coniungo,4
circumlino,4
gallicus,4
uiuax,4
prosperus,4
index,4
subterraneus,4
glareosus,4
nostras,4
sedulo,4
singularis,4
calculus,4
duplico,4
olim,4
ratiocinium,4
praefor,4
quattuordecim,4
formula,4
semicirculus,4
nonaginta,4
talus,4
octoni,4
circummunio,4
gyrus,4
proicio,4
praeferuidus,4
propero,4
paratus,4
rubicundus,4
spisse,4
abrado,4
opprimo,4
obseruatio,4
tendo,4
perdo,4
constitutum,4
urgeo,4
gelidus,4
aestuosus,4
uuidus,4
ilex,4
manubrium,4
molliter,4
pabulor,4
insulsus,4
effectus,4
pomifer,4
umerus,4
contactus,4
palmus,4
acidus,4
incorruptus,4
exquiro,4
osseus,4
caprificus,4
emplastrum,4
legens,4
flaccesco,4
daps,4
auitus,4
infusco,4
cornutus,4
telum,4
rixa,4
glaber,4
maceries,4
sudor,4
ieiunium,4
senex,4
enitor,4
ignarus,4
extraho,4
occurro,4
praesentia,4
auidus,4
castratus,4
pulchritudo,4
euerro,4
galbaneus,4
uipera,4
tonsura,4
aegroto,4
horridus,4
tundo,4
ferio,4
caninus,4
sanies,4
seuum,4
inserto,4
consiligo,4
correpo,4
igneus,4
memorabilis,4
bilis,4
nepeta,4
cupressus,4
frutectum,4
perniciosus,4
concordia,4
audax,4
pluuiatilis,4
congelo,4
gelo,4
amplitudo,4
salax,4
porcus,4
lotus,4
prunus,4
pirus,4
cisterna,4
elido,4
denoto,4
uerbero,4
confrico,4
cornum,4
nausea,4
ruscum,4
religio,4
insidior,4
lux,4
deiectus,4
immo,4
fortiter,4
praeda,4
rabies,4
amoueo,4
aboleo,4
discordo,4
societas,4
particeps,4
signo,4
laboriosus,4
lumbus,4
improbus,4
subiungo,4
indomitus,4
uerber,4
indigenus,4
uereor,4
festinanter,4
corbis,4
iulius,4
iactura,4
collyrium,4
sedo,4
profectus,4
proluuies,4
rana,4
decedo,4
lacrima,4
tractus,4
cultellus,4
lilium,4
sudo,4
disiungo,4
suffundo,4
fauilla,4
grauitas,4
trifolium,4
quantuscumque,4
aduolo,4
praecludo,4
stomachus,4
recurro,4
sonus,4
militaris,4
fretus,4
eruptio,4
accendo,4
aura,4
mirabilis,4
dictus,4
sollicito,4
sagina,4
obsequium,4
firmo,4
dimitto,4
honestus,4
concauus,4
madesco,4
lente,4
capparis,4
nitrum,4
urtica,4
frustro,4
occaeco,4
concutio,4
filius,4
scriptor,4
confiteor,4
perrumpo,4
planities,4
nemorosus,4
artifex,4
tolerabiliter,4
decliuis,4
sortior,4
nitor,4
sulco,4
dissentio,4
necubi,4
subeo,4
satus,4
cannabis,4
memor,4
october,4
mediocritas,4
immoror,4
fragilis,4
assumo,4
incesso,4
fallax,4
colus,4
proficio,4
consummatio,4
columbarium,4
culina,4
bubile,4
februarius,4
aliquantus,4
september,4
intubum,4
exporto,4
fauonius,4
populatio,4
expolio,4
turbo,4
feria,4
saepio,4
felix,4
utcumque,4
caligo,4
tenax,4
iucunditas,4
nuper,4
basilica,4
potior,4
potus,4
quamobrem,4
bonum,4
depereo,4
comprobo,4
fraudo,4
ueritas,4
intempestiuus,4
uictoria,4
deterreo,4
dono,4
tutor,4
tegmen,4
diripio,4
intempestiue,4
coeptum,4
alioqui,4
fortuna,4
gener,4
circum,4
subiaceo,4
sapientia,4
perosus,4
ingenuus,4
industrie,4
pax,4
ignauus,4
consilium,4
diuturnus,4
popularis,4
postremo,4
experientia,4
perperam,4
distantia,4
metus,4
inueho,4
catus,4
praeteritus,4
praemium,4
ergastulum,4
delicatus,4
putealis,4
repo,4
amnis,4
inuolo,4
fenestra,4
ianua,4
torcularius,4
uinarius,4
balneum,4
uentilo,4
interiacio,4
remeo,4
hospes,4
repraesento,4
aggredior,4
perpetior,4
seditio,4
adnumero,4
caeruleus,4
pelagus,4
qualus,4
immundus,4
aurum,4
tristis,4
uitreus,4
crinis,4
uolito,4
beta,4
gurges,4
papauer,4
uigeo,4
penis,4
focus,4
uespertinus,4
introitus,4
forum,4
spartum,4
sporta,4
religiosus,4
aggero,4
fossula,4
raphanus,4
intermisceo,4
forensis,4
sepono,4
langueo,4
fontanus,4
obturo,4
transfundo,4
texo,4
aenus,4
dolus,4
acesco,4
labellum,4
plusculus,4
mortarium,4
intro,4
ales,4
fumigo,4
esurio,4
turdus,4
euolo,4
murena,4
specus,4
papilio,4
paucitas,4
uineaticus,3
prudenter,3
aestimatio,3
subiacens,3
approbo,3
conuinco,3
claudico,3
factura,3
periclitor,3
persuadeo,3
praetermitto,3
filia,3
supinus,3
exalto,3
exsupero,3
intactus,3
immaturus,3
suspicio,3
pampinator,3
intolerabilis,3
commissura,3
curuus,3
displiceo,3
pueritia,3
curuatura,3
abscindo,3
neglegenter,3
subitus,3
languesco,3
consortium,3
fortuitus,3
occidio,3
deuincio,3
labefacto,3
pendo,3
agmen,3
uindemiator,3
fatigatio,3
inuito,3
laxitas,3
quatenus,3
torrens,3
firmitas,3
impedimentum,3
meo,3
allido,3
innecto,3
decumanus,3
quinquennis,3
exilitas,3
pergula,3
incito,3
detrunco,3
labo,3
praeruptus,3
proprietas,3
denuntio,3
aquilo,3
obeo,3
opaco,3
madefacio,3
delibero,3
ueternus,3
culpa,3
praeualeo,3
decor,3
magnopere,3
coniunctus,3
uiresco,3
necne,3
inscitia,3
aduncus,3
retraho,3
adminiculo,3
suber,3
iuniperus,3
sambucus,3
cariosus,3
strangulo,3
loco,3
torqueo,3
orbus,3
consentio,3
scrupulus,3
meritum,3
quocumque,3
immobilis,3
absimilis,3
interuentus,3
commentum,3
lanugo,3
comparatio,3
uiminalis,3
palo,3
destinatum,3
flauus,3
immergo,3
intercido,3
egenus,3
nouember,3
exstructum,3
familiariter,3
centuria,3
tripartitus,3
merces,3
sescenti,3
triquetrus,3
numeratio,3
uicies,3
duceni,3
nongenti,3
sexies,3
difficiliter,3
angularis,3
seni,3
molitio,3
contractus,3
immodicus,3
infantia,3
pertingo,3
teges,3
adumbro,3
tegumen,3
raresco,3
subscribo,3
cribrum,3
praerodo,3
inflecto,3
detorqueo,3
tabulatum,3
primo,3
suffero,3
emunio,3
prout,3
complector,3
uinearius,3
defectus,3
deligo,3
arbitro,3
egregius,3
stringo,3
deicio,3
pala,3
continuo,3
diuisus,3
prouerbium,3
rogo,3
impar,3
clibanus,3
computresco,3
flosculus,3
anceps,3
recuruo,3
putamen,3
iuglans,3
superbus,3
orbiculatus,3
melimela,3
pusillus,3
cohaereo,3
glisco,3
costa,3
reporto,3
liberalis,3
uelamen,3
elegans,3
natio,3
mirus,3
deporto,3
feritas,3
maculosus,3
udus,3
uniuersitas,3
caper,3
pugnax,3
fatisco,3
concresco,3
dubie,3
callidus,3
uicinia,3
luxurio,3
uirgeus,3
blandus,3
ulmeus,3
accubo,3
saltus,3
proluo,3
uigilans,3
baculum,3
raro,3
clades,3
enutrio,3
ouile,3
caenum,3
aggrauo,3
pigre,3
distribuo,3
gelu,3
exiguitas,3
coinquino,3
contagio,3
cicuta,3
auerto,3
clauus,3
uenenatus,3
eblandior,3
limen,3
depasco,3
miser,3
inmodicus,3
lasciuia,3
hedera,3
rupes,3
strigosus,3
sincerus,3
denarius,3
percolo,3
concerno,3
trans,3
coloro,3
proinde,3
quinto,3
rimor,3
praegnas,3
inconditus,3
pabulatio,3
productum,3
mutus,3
latratus,3
comes,3
constans,3
deses,3
auditus,3
fugo,3
terribilis,3
tenebrae,3
glaucus,3
conseruus,3
indico,3
strepitus,3
institutum,3
uelox,3
conterreo,3
pecuarius,3
ceruus,3
indoles,3
ueratrum,3
maius,3
discrepo,3
compactus,3
torosus,3
palearis,3
saetosus,3
pauidus,3
mansuesco,3
temo,3
patientia,3
plaustrum,3
contumax,3
arbitrium,3
gradior,3
subleuo,3
stimulus,3
saeuio,3
uexatio,3
arcesso,3
traduco,3
pons,3
ianuarius,3
lorum,3
fraxineus,3
obtero,3
insuesco,3
ablego,3
fibula,3
circumscribo,3
intestinum,3
anus,3
ligamen,3
anhelo,3
doleo,3
quadriduum,3
lamina,3
recludo,3
extenuo,3
sulphur,3
illino,3
argentum,3
molestia,3
lucerna,3
obuius,3
obluctor,3
insido,3
caecilius,3
inspiro,3
polenta,3
gena,3
roboreus,3
opportune,3
uegetus,3
fluuialis,3
congruo,3
desilio,3
polleo,3
profluuium,3
oblecto,3
sedulitas,3
circus,3
flagro,3
excepto,3
scopulus,3
auster,3
transcendo,3
euito,3
lassitudo,3
mica,3
pollen,3
nato,3
imago,3
uigor,3
sensus,3
paulisper,3
onager,3
lacertosus,3
adsilio,3
ascensus,3
iuuenta,3
denego,3
succedo,3
innumerabilis,3
accommodatus,3
pila,3
repastinatio,3
cinereus,3
salina,3
perexiguus,3
glutinosus,3
lentesco,3
uersura,3
occatio,3
nimbus,3
infecundus,3
opperior,3
cumulus,3
reliquiae,3
duodeuiginti,3
gloria,3
lenticula,3
nouissime,3
arista,3
serenitas,3
incommode,3
extero,3
interior,3
optabilis,3
pisum,3
transcurro,3
congestus,3
auena,3
perimo,3
satius,3
dumtaxat,3
undecim,3
mediastinus,3
uepres,3
cors,3
sterquilinium,3
colluuies,3
arcessitus,3
porcius,3
commemoro,3
incendium,3
manipulus,3
meta,3
flaueo,3
protero,3
fustis,3
ueto,3
pontifex,3
apporto,3
intemperies,3
perhibeo,3
duracinus,3
bumastus,3
cognomen,3
descisco,3
ualenter,3
caries,3
argitis,3
appellatio,3
aucupium,3
felicitas,3
queror,3
socio,3
alienigena,3
inquisitio,3
inno,3
stipendium,3
sexaginta,3
intueor,3
transeo,3
moenia,3
forsitan,3
benignus,3
basilicum,3
specialiter,3
sipho,3
illinc,3
delego,3
infirmitas,3
gressus,3
complexus,3
oratio,3
nedum,3
opilio,3
residuus,3
argilla,3
lis,3
libella,3
purpura,3
conspicuus,3
completus,3
interitus,3
depango,3
retorqueo,3
praemoneo,3
obiectus,3
socors,3
almus,3
numen,3
cupidus,3
orator,3
eloquentia,3
scrupulosus,3
militia,3
praeceptor,3
professor,3
dissideo,3
negotiatio,3
alea,3
locuples,3
forus,3
penso,3
nescius,3
tributus,3
uectigal,3
imperator,3
uiritim,3
auus,3
theatrum,3
bellus,3
senatus,3
uiator,3
magisterium,3
rosarius,3
desperatio,3
commentarius,3
celebro,3
ueneror,3
sermo,3
illumino,3
lar,3
occasio,3
particula,3
commeo,3
penas,3
plebeius,3
nexus,3
reuiso,3
matrona,3
amoenitas,3
offensus,3
horreo,3
edomo,3
eructo,3
liquesco,3
conquiesco,3
habitatio,3
procurator,3
immunditia,3
spiro,3
pauimentum,3
actor,3
contubernalis,3
superstitio,3
seueritas,3
resarcio,3
poena,3
numquid,3
frugalitas,3
poeticus,3
auxilium,3
peruius,3
uerso,3
trames,3
dirus,3
genetrix,3
pontus,3
sidereus,3
pingo,3
narcissus,3
hyacinthus,3
extermino,3
flagito,3
uirgo,3
silentium,3
uago,3
nasturcium,3
caneo,3
sanguineus,3
uos,3
nympha,3
gutta,3
regnum,3
fiscina,3
cylindrus,3
paruulus,3
pulex,3
erodo,3
spolio,3
pluo,3
anguis,3
exundo,3
undecimus,3
rusticor,3
dedo,3
permeo,3
proelium,3
cellarium,3
amissum,3
astrologus,3
aceo,3
sepes,3
nauis,3
crebre,3
pampinatus,3
nigresco,3
diurnus,3
palmaris,3
aprilis,3
mediterraneus,3
esculentus,3
pulmentarium,3
inscribo,3
pereo,3
nonnunquam,3
inlibatus,3
sciscitor,3
penus,3
selibra,3
lectus,3
suppleo,3
mella,3
secundarius,3
lapideus,3
anesum,3
collido,3
urceolus,3
introeo,3
saccus,3
destillo,3
conicio,3
frico,3
aromata,3
despumo,3
pressura,3
laguncula,3
intritus,3
pallor,3
frustum,3
granatum,3
fluuiatilis,3
arcula,3
summatim,3
trapetum,3
depleo,3
reticulum,3
limus,3
auiarium,3
auceps,3
concubitus,3
interficio,3
gallinarius,3
feles,3
palumbes,3
feto,3
quiesco,3
turtur,3
canaliculus,3
caementum,3
conchylium,3
saxatilis,3
lacertus,3
oblongus,3
patefacio,3
aluear,3
reuolo,3
iuuentus,3
proripio,3
arcturus,3
relego,2
reprehendo,2
refello,2
durities,2
tumidus,2
excelsus,2
laxo,2
leuitas,2
pubesco,2
iudex,2
iuuenilis,2
infans,2
nubo,2
perpendiculum,2
definio,2
confodio,2
reuiuesco,2
subsidium,2
assurgo,2
clauicula,2
depluo,2
caeco,2
frondesco,2
primitia,2
frustra,2
luxurior,2
siluesco,2
pedo,2
acquiesco,2
subnixus,2
adiungo,2
retinacula,2
inumbro,2
praesidiarius,2
libet,2
stabilis,2
mutuus,2
imbecillitas,2
instauro,2
immortalis,2
inflexus,2
libramentum,2
camera,2
hortulus,2
constitutio,2
series,2
attollo,2
perpetuitas,2
distorqueo,2
salebra,2
retardo,2
oppositus,2
effundo,2
tempore,2
commodo,2
nimium,2
tofus,2
libo,2
feruor,2
nodosus,2
percuro,2
internascor,2
caedes,2
annotinus,2
fulgur,2
aemulus,2
delectus,2
subsidiarius,2
compluuium,2
eous,2
consano,2
nouacula,2
securis,2
gnarus,2
caesim,2
dedolo,2
despicio,2
consanesco,2
calleo,2
alumnus,2
dapsilis,2
quoad,2
coniueo,2
fungosus,2
refectio,2
obstringo,2
adaequo,2
receptus,2
deuro,2
sedeo,2
conueho,2
amerinus,2
accessus,2
prospere,2
denso,2
refringo,2
rubricosus,2
castanea,2
densitas,2
duodeni,2
fissilis,2
dumosus,2
inutiliter,2
inquiro,2
indago,2
architectus,2
uenia,2
geometres,2
clima,2
stadium,2
octies,2
breuiter,2
septuagesimus,2
sextula,2
sicilicus,2
cuneatus,2
multiplicatio,2
centiens,2
quingenti,2
triangulus,2
trecenti,2
dispar,2
circulus,2
septuagies,2
arduus,2
quinquies,2
quotcumque,2
strata,2
expertus,2
facilitas,2
imbrifer,2
semiplenus,2
stiua,2
palmeus,2
quomodo,2
opinor,2
lateo,2
alterno,2
illectus,2
montosus,2
cooperio,2
circumcalco,2
enodo,2
astringo,2
adipiscor,2
coniunx,2
rorulentus,2
trunco,2
sursum,2
furca,2
commendabilis,2
frondosus,2
ornus,2
notitia,2
miliarium,2
sexagesimus,2
priuo,2
cerno,2
tinea,2
saxetum,2
bifer,2
trigonus,2
absconditus,2
uinosus,2
uolemus,2
morum,2
egregie,2
considerate,2
derado,2
insectus,2
sancio,2
exsicco,2
municipium,2
mercatus,2
mansuefacio,2
eximie,2
discolor,2
patulus,2
opto,2
riualis,2
petulcus,2
configo,2
stimulo,2
bimatus,2
minax,2
uidua,2
tonsa,2
hamus,2
reparo,2
maestitia,2
austrinus,2
deueho,2
secus,2
papilla,2
emulgeo,2
lasciuio,2
lambo,2
emergo,2
moderor,2
acclamatio,2
laniger,2
ineptia,2
macto,2
detego,2
cedrus,2
chelydrus,2
praesaepe,2
renascor,2
festinatio,2
fessus,2
lacinia,2
particulatim,2
expedite,2
detritus,2
admixtus,2
obliuiscor,2
dupliciter,2
comburo,2
cautus,2
circumseco,2
insanabilis,2
pulmo,2
corniculum,2
excandesco,2
aspernor,2
spumo,2
aegritudo,2
mortifer,2
perlino,2
dumetum,2
maxilla,2
flaccidus,2
praegrauo,2
castrum,2
quieto,2
abortus,2
cohibeo,2
supplementum,2
alacer,2
solitudo,2
ruina,2
gregatim,2
coagulum,2
ingratus,2
origo,2
caducus,2
paliurus,2
scirpus,2
multiformis,2
conditiuus,2
cateruatim,2
uigilax,2
nauus,2
agnosco,2
procumbo,2
postridie,2
anguineus,2
extractum,2
splen,2
periculosus,2
prodigium,2
accuro,2
propello,2
uenor,2
fremitus,2
maleficium,2
oppono,2
radio,2
crudelis,2
intuor,2
pulchre,2
odoror,2
attento,2
perseueranter,2
pernix,2
damma,2
sector,2
raptor,2
celeritas,2
uocatus,2
exaudio,2
quadragensimus,2
ricinus,2
coniunctio,2
adiutorium,2
quaestuosus,2
locupleto,2
ueneratio,2
capax,2
praedurus,2
domitor,2
impetus,2
ambulo,2
arcte,2
gula,2
traicio,2
inuitus,2
contumacia,2
tormentum,2
ignauia,2
musculus,2
degrauo,2
macresco,2
pratensis,2
pabulatorius,2
laureus,2
perrepo,2
nex,2
tabes,2
aegrotus,2
cornelius,2
sonitus,2
inflatio,2
gemitus,2
unctum,2
curro,2
tormina,2
cupressinus,2
resto,2
sanitas,2
saliua,2
molo,2
demo,2
hircinus,2
fascia,2
auius,2
uacatio,2
confragosus,2
efficax,2
malagma,2
intendo,2
compungo,2
sepia,2
supercilium,2
reluctor,2
lapidosus,2
abigo,2
stratum,2
profero,2
exhilaratus,2
illecebra,2
effemino,2
quadriga,2
uerro,2
coniugium,2
oceanus,2
roboro,2
ignobilis,2
alacritas,2
iuba,2
profusus,2
substringo,2
molaris,2
canesco,2
rego,2
ile,2
lens,2
emano,2
unguen,2
picus,2
linteus,2
socordia,2
iudicium,2
contemptus,2
furo,2
inquieto,2
sopio,2
musculosus,2
proturbo,2
colluctor,2
deposco,2
reuereor,2
eleganter,2
fauor,2
faenus,2
agitatio,2
peruideo,2
delabor,2
refoueo,2
tractatus,2
incultus,2
uestitus,2
imbrex,2
lapsus,2
informo,2
saxosus,2
lectio,2
substructio,2
morior,2
uiuacitas,2
ambigo,2
admiror,2
argumentum,2
illido,2
faeculentus,2
ebulum,2
iunctura,2
delibo,2
dolabra,2
uescor,2
obsto,2
subitaneus,2
disicio,2
multiplex,2
propterea,2
aquarius,2
elix,2
deriuo,2
caelius,2
iactus,2
calens,2
subseco,2
ni,2
fatum,2
ruo,2
retro,2
sublabor,2
diffindo,2
albidus,2
interpretor,2
radius,2
latesco,2
cudo,2
resido,2
iaculor,2
congesticius,2
piso,2
commuto,2
nouitas,2
inflo,2
erunco,2
limax,2
iniucundus,2
permoueo,2
exaggero,2
pluuialis,2
pabularis,2
uerisimilis,2
cloaca,2
rigeo,2
uaporo,2
romanus,2
irrigo,2
pendulus,2
exaro,2
interrumpo,2
extergeo,2
suo,2
uannus,2
attineo,2
fas,2
praetendo,2
tergeo,2
mortuus,2
tumultuosus,2
concredo,2
carbunculus,2
nobilis,2
germanus,2
praepinguis,2
nobilitas,2
praeuenio,2
uisula,2
fertilitas,2
arcanus,2
perpendo,2
excellens,2
doctrina,2
octogeni,2
seligo,2
arca,2
faenerator,2
ueneo,2
racemus,2
dubitatio,2
euentus,2
meatus,2
taceo,2
testimonium,2
ingigno,2
damnatus,2
ludus,2
eminens,2
crocum,2
nimirum,2
solium,2
huiusmodi,2
incredibilis,2
intersero,2
anima,2
ignotus,2
genitor,2
opifex,2
umbraculum,2
suspicor,2
culpo,2
silex,2
figulus,2
siticulosus,2
uiuidus,2
putrefacio,2
sorbeo,2
infundibulum,2
inaequalitas,2
examino,2
libro,2
contemplatio,2
conspiro,2
uigilo,2
exactor,2
emoueo,2
ciconia,2
fabrilis,2
organum,2
bibulus,2
squaleo,2
effusus,2
partio,2
assentio,2
uixdum,2
capitulum,2
clausula,2
mico,2
uersicolor,2
colluceo,2
eleuo,2
antistes,2
uenditio,2
consemineus,2
uietus,2
sortitus,2
cantus,2
musicus,2
aduoco,2
rector,2
coetus,2
miro,2
ludicer,2
iustitia,2
innocens,2
neglectus,2
mercenarius,2
fortunatus,2
adiaceo,2
dedecus,2
gratuitus,2
donum,2
possessor,2
turpis,2
desertum,2
flagitiosus,2
uictor,2
accepta,2
captiuus,2
attono,2
procer,2
prolato,2
uultus,2
aratio,2
nolo,2
conquiro,2
inclutus,2
deuoluo,2
culmen,2
fulmen,2
territus,2
restinguo,2
quousque,2
astrum,2
acumen,2
scruto,2
astrologia,2
intepesco,2
siculus,2
tandem,2
censorius,2
consultum,2
dominor,2
ciuilis,2
ambitio,2
dica,2
heres,2
flagitium,2
decet,2
incolo,2
captus,2
prorogo,2
cunabulum,2
oriundus,2
poenus,2
consularis,2
hostis,2
magistratus,2
derelinquo,2
inspectio,2
abdo,2
punicus,2
oraculum,2
perdisco,2
nusquam,2
tuba,2
hospitium,2
resisto,2
structura,2
cubiculum,2
illustro,2
apotheca,2
scala,2
testaceus,2
redundo,2
pensilis,2
expello,2
tenor,2
italia,2
crux,2
praeficio,2
liberi,2
infamo,2
somniculosus,2
necdum,2
adulescentulus,2
confingo,2
conuictus,2
haruspex,2
saga,2
nundinus,2
exhortor,2
manicatus,2
cucullus,2
instructus,2
crudeliter,2
detestor,2
punio,2
delinquo,2
exactio,2
negotior,2
promercalis,2
ioco,2
fraudulenter,2
libertas,2
perlustro,2
absentia,2
moratus,2
frugalis,2
monitor,2
classis,2
praeeo,2
aemulatio,2
distributio,2
census,2
paupertas,2
instigo,2
taxus,2
ferratus,2
spiculum,2
ecce,2
marra,2
canto,2
pudet,2
latrina,2
leo,2
palleo,2
puella,2
madidus,2
caepa,2
deleo,2
lympha,2
floridus,2
bicornis,2
pecto,2
pignus,2
cingo,2
croceus,2
hilarus,2
diues,2
niteo,2
thyrsus,2
feralis,2
filum,2
corymbus,2
pungo,2
pallidus,2
uirgineus,2
chorus,2
antrum,2
letum,2
salus,2
luctus,2
timor,2
securus,2
redimo,2
amaracus,2
formosus,2
inspergo,2
rapax,2
uolucer,2
opero,2
obscenus,2
cruor,2
uoluo,2
lubricus,2
trichila,2
luteus,2
arboreus,2
rite,2
uetulus,2
contemno,2
monitio,2
beneuolentia,2
reuerentia,2
immensus,2
suimet,2
despondeo,2
dormio,2
languidus,2
epulor,2
ceno,2
hercule,2
aucupor,2
adnoto,2
antelucanus,2
bipedalis,2
administratio,2
aquilonius,2
infructuosus,2
mellatio,2
flo,2
carex,2
fallacia,2
odoramentum,2
mentio,2
uelum,2
plenilunium,2
comporto,2
breuitas,2
munimentum,2
structilis,2
restis,2
alga,2
totiens,2
contexo,2
studiose,2
alueolus,2
cophinus,2
thallium,2
bestiola,2
matronalis,2
grauo,2
fastidiosus,2
conclaue,2
eques,2
locatum,2
concinno,2
postquam,2
seruulus,2
coquus,2
continens,2
uenerius,2
pessum,2
praesum,2
onychinus,2
innascor,2
tugurium,2
orca,2
sublego,2
olidus,2
redoleo,2
pure,2
lampas,2
fornax,2
exagito,2
pertundo,2
resina,2
caleo,2
aroma,2
nardus,2
iris,2
crocus,2
ligula,2
perfecte,2
efferuesco,2
posteaquam,2
effluo,2
defaeco,2
cadus,2
sorex,2
uindemio,2
appendo,2
insuper,2
cacabus,2
granatus,2
carbo,2
grossus,2
uasculum,2
suspendium,2
uestimentum,2
luteolus,2
cero,2
exosso,2
flammula,2
cista,2
contextus,2
pistillum,2
minutatim,2
piper,2
ligusticus,2
uicensima,2
propagatio,2
tubulus,2
duresco,2
euanidus,2
ostium,2
primitiuus,2
titulus,2
crista,2
uulgus,2
rixosus,2
obsidium,2
aquilus,2
rhodium,2
salacitas,2
obuerto,2
polio,2
lolium,2
aquila,2
singultus,2
nouenus,2
guttur,2
integritas,2
exsero,2
dignus,2
concilio,2
dominicus,2
cibo,2
concurro,2
harundineus,2
congrego,2
circumuolo,2
cubito,2
sollers,2
obsidio,2
laterculus,2
mustela,2
euomo,2
cammarus,2
festuca,2
dubitanter,2
mugilis,2
lautitia,2
rhombus,2
pelagius,2
petra,2
merula,2
squamosus,2
recessus,2
lito,2
lepusculus,2
uenatio,2
oryx,2
aper,2
licentia,2
crabro,2
aluearium,2
rosmarinus,2
amellus,2
tumultus,2
cancer,2
cereus,2
uolantes,2
mellificus,2
erumpo,2
apiastrum,2
melisphyllum,2
praescisco,2
conuerso,2
ruber,2
publicum,2
consentiens,2
reprehensio,1
praealtus,1
hospitalis,1
scando,1
diffiteor,1
radico,1
cancello,1
irretio,1
unicus,1
perinde,1
armamenta,1
emacitas,1
beneficium,1
destruo,1
nuptiae,1
auare,1
intabesco,1
cassus,1
nuptus,1
recumbo,1
fateor,1
enato,1
impressus,1
superincido,1
confessio,1
uiticula,1
hastile,1
curuatio,1
ulua,1
prope,1
gracilitas,1
aeternitas,1
diuidus,1
ancora,1
turbidus,1
distinctio,1
descriptio,1
modulus,1
debilito,1
prauitas,1
configuro,1
capistrum,1
duramen,1
linea,1
hibernum,1
intero,1
prorumpo,1
incassum,1
funditus,1
dicto,1
dimoueo,1
teredo,1
litura,1
fugito,1
ferme,1
icio,1
praeripio,1
auidius,1
officio,1
uerruca,1
conuulnero,1
obtusus,1
retusus,1
inaequalis,1
lanio,1
uinitorius,1
capulus,1
apex,1
quadripartitus,1
diuortium,1
deturbo,1
inscite,1
reputo,1
nequiquam,1
temeritas,1
nouo,1
enodis,1
coagmento,1
transluceo,1
cuneolus,1
subligo,1
orbo,1
caluitium,1
obtrunco,1
circumrado,1
alienigenus,1
reuiresco,1
ramentum,1
reposco,1
emptio,1
consulto,1
obsolesco,1
plenitudo,1
stipatio,1
quid,1
obrigesco,1
complano,1
talpa,1
quadrifidus,1
bifidus,1
supputo,1
lucror,1
italicus,1
uenator,1
commetior,1
mensor,1
consummator,1
erratum,1
quingentesimus,1
ducentesimus,1
octogesimus,1
septunx,1
bes,1
deunx,1
putus,1
decuma,1
quinquagies,1
quingeni,1
diametros,1
septuageni,1
subduco,1
septingenti,1
sedecim,1
hexagonum,1
tricies,1
noueni,1
statio,1
adiumentum,1
defringo,1
perstringo,1
pampinosus,1
flammeus,1
atinius,1
incerno,1
anguste,1
suppar,1
praeualens,1
hornotinus,1
medium,1
defloreo,1
inuenustus,1
cornus,1
carpinus,1
umbro,1
indulgeo,1
pausia,1
uarus,1
largior,1
iniectus,1
surruo,1
coxa,1
ubero,1
subiectus,1
exoro,1
arctos,1
confugio,1
postmodo,1
enumeratio,1
struthius,1
excerpo,1
inoculatio,1
exseco,1
permodicus,1
adaggero,1
finitio,1
circumaggero,1
uolgaris,1
uehiculum,1
agitator,1
incussus,1
exorno,1
mollities,1
concolor,1
atrox,1
procax,1
astutia,1
intonsus,1
uillus,1
lanosus,1
oblido,1
lanitium,1
lappa,1
tribolus,1
auello,1
upilio,1
lanius,1
ratus,1
obstetrix,1
umecto,1
compar,1
exsultatio,1
pastus,1
sumptuosus,1
grauedo,1
circumspectus,1
recubo,1
specula,1
alucinor,1
consocio,1
amans,1
deuerro,1
exitiosus,1
discus,1
exterreo,1
adsuetus,1
mina,1
sibilo,1
ceruina,1
delibutus,1
perbibo,1
aquatio,1
segniter,1
extinguo,1
persido,1
scalpo,1
affrico,1
pumex,1
sinistra,1
arquatus,1
sternuo,1
sanguinarius,1
pasta,1
mulgeo,1
auersor,1
nauta,1
stuprum,1
hircus,1
petulantia,1
primum,1
propinquo,1
uendibilis,1
uado,1
antecedo,1
percello,1
incisum,1
carduus,1
argenteus,1
glacio,1
glandulosus,1
uerres,1
saeta,1
stipula,1
semenstris,1
uulua,1
fagus,1
termes,1
corylus,1
abutor,1
lacto,1
claudus,1
supergredior,1
suile,1
spurce,1
obstipus,1
uertigo,1
proclino,1
strumosus,1
struma,1
nauseo,1
eburneus,1
uomito,1
illuuies,1
caenosus,1
poema,1
insatiabilis,1
medicabilis,1
epotus,1
reticeo,1
sollertia,1
uociferatio,1
famulus,1
excubitor,1
ultor,1
uindex,1
triplex,1
uenaticus,1
canorus,1
maleficus,1
horribilis,1
propendeo,1
uillosus,1
trux,1
adulo,1
erroneus,1
temerarius,1
comminus,1
eminus,1
sagaciter,1
uiolenter,1
farreus,1
iuueniliter,1
lusus,1
catena,1
syllaba,1
enuntio,1
mordicus,1
letifer,1
praeoccupo,1
stillo,1
cedrinus,1
gregarius,1
abominor,1
subuecto,1
peculium,1
diuitia,1
interrogo,1
inscius,1
responsum,1
nuncupatio,1
moene,1
socius,1
capital,1
diuersitas,1
campania,1
decorus,1
resimus,1
degredior,1
asser,1
laqueus,1
laxamentum,1
colluctatio,1
desaeuio,1
claua,1
pauor,1
placide,1
adulatio,1
pauesco,1
tingo,1
blandimentum,1
perdomo,1
machinatio,1
peruicax,1
inedia,1
fiducia,1
formidulosus,1
edax,1
corporo,1
corpulentus,1
saturitas,1
febris,1
segrego,1
morbidus,1
labefacio,1
euinco,1
eryngion,1
fenuculum,1
testudo,1
elabor,1
uiscum,1
ructus,1
intentio,1
ruminor,1
papyrus,1
detractio,1
cruentus,1
conus,1
abrotonum,1
erraticus,1
fluidus,1
sorbitio,1
claudicatio,1
fricatio,1
pannus,1
poples,1
polygonos,1
butyrum,1
rabiosus,1
praesentio,1
dedux,1
phthisis,1
suspirium,1
moto,1
aureus,1
calceo,1
scato,1
improuidus,1
personatus,1
caulae,1
subula,1
luo,1
conuersio,1
d,1
ammoniacum,1
inunguo,1
supprimo,1
leuigatus,1
hirudo,1
cimex,1
compingo,1
affigo,1
cateno,1
laqueatus,1
toruus,1
uenustus,1
pilosus,1
mulctrum,1
carectum,1
externus,1
hiberno,1
exsorbeo,1
subsisto,1
senio,1
obesitas,1
iuuenca,1
forda,1
fordus,1
fulcio,1
tenere,1
forceps,1
uirilitas,1
equitius,1
furia,1
hippomanes,1
licens,1
furor,1
sono,1
trano,1
subdo,1
zephyrus,1
conuallis,1
eurus,1
boreas,1
caurus,1
hispania,1
abduco,1
annosus,1
intrepidus,1
certo,1
transilio,1
documentum,1
arrigo,1
introrsus,1
exaequo,1
concitatio,1
ren,1
exinanio,1
pediculo,1
impetigo,1
papula,1
strigilis,1
subluo,1
cedrium,1
cetus,1
lanx,1
thunnus,1
inueterasco,1
fossilis,1
reprimo,1
labes,1
corripio,1
uesania,1
concurso,1
deformitas,1
incensus,1
astus,1
modestus,1
tacita,1
africa,1
modestia,1
fortitudo,1
hinnus,1
murinus,1
palpebra,1
conuersor,1
decennium,1
inaedifico,1
ascendo,1
capistratus,1
admissum,1
clitella,1
edoceo,1
uitellus,1
lassus,1
anilis,1
etiamsi,1
cessatio,1
regressus,1
adduco,1
benigne,1
clementer,1
cogitatio,1
ambitus,1
uerbum,1
copulo,1
syzygia,1
alias,1
remunero,1
antepono,1
clamito,1
tractatio,1
filictum,1
contendo,1
ponticulus,1
constructio,1
illapsus,1
exstirpatio,1
inhaeresco,1
immeritus,1
excrucio,1
dentalis,1
impendium,1
impingo,1
conflagro,1
sibilus,1
allecto,1
incalesco,1
offensio,1
semimadidus,1
iniquitas,1
accliuitas,1
robus,1
ocior,1
edissero,1
nubila,1
niuosus,1
hyaena,1
anguinus,1
praeclare,1
hexastichus,1
praeualidus,1
euoluo,1
puls,1
oscillum,1
adedo,1
ueretrum,1
fabalis,1
properatus,1
confercio,1
furcilla,1
acus,1
uentilabrum,1
uentilator,1
dimidiatus,1
medicatio,1
arietinus,1
eicio,1
cerebrosus,1
remollio,1
deuenio,1
messor,1
messorius,1
sesquimodius,1
rastellus,1
septuaginta,1
uectura,1
feruidus,1
auium,1
quamlibet,1
compitum,1
immodice,1
saepenumero,1
restagno,1
euello,1
solstitialis,1
suffodio,1
rapio,1
grumus,1
striga,1
areo,1
rostratus,1
denticulatus,1
pecten,1
segnities,1
irritus,1
repurgo,1
emolumentum,1
balo,1
alluo,1
fax,1
candela,1
clitellarius,1
sepelio,1
denicalis,1
lustratio,1
perscribo,1
glacialis,1
callosus,1
praecurro,1
fidenter,1
scaturio,1
infelix,1
dactylus,1
unciarius,1
diuturnitas,1
abolesco,1
ocius,1
germana,1
exuo,1
numero,1
rubeo,1
rubellianus,1
nuncupo,1
eugeneus,1
apianus,1
disparilis,1
mature,1
cognomino,1
heluus,1
psithius,1
raritas,1
amethystos,1
nequaquam,1
incognitus,1
demoror,1
caeduus,1
prodigialiter,1
infamis,1
amplexor,1
ratiocinator,1
sors,1
debitor,1
computatio,1
lucrum,1
redemptor,1
agrellus,1
uulgatus,1
cohorto,1
institutio,1
accurate,1
columen,1
tametsi,1
confinius,1
cognominatus,1
malleus,1
emeritus,1
quadriennium,1
signifer,1
iamdudum,1
natalis,1
praeuerto,1
mentum,1
decoro,1
apparatus,1
pompa,1
indium,1
belua,1
elephantus,1
tureus,1
peculiaris,1
dito,1
soror,1
perpaucus,1
tarditas,1
exploratio,1
quisnam,1
adsuesco,1
opportunitas,1
mechanicus,1
ico,1
indiuiduum,1
importunus,1
religiose,1
ei,1
pensum,1
auriga,1
insolenter,1
praeditus,1
opertum,1
elementum,1
effingo,1
grauida,1
attributus,1
argumentor,1
spado,1
altrix,1
pubertas,1
malignitas,1
surdus,1
demonstrator,1
inuentor,1
uitupero,1
absurdus,1
praue,1
largitas,1
hebeto,1
extrico,1
mobilis,1
alluuius,1
inundatio,1
limitatio,1
uinealis,1
stupeo,1
propensus,1
suffragor,1
dissensio,1
uergo,1
ingressus,1
reuerbero,1
nutricius,1
obtego,1
normo,1
conductor,1
permetior,1
insuo,1
sator,1
munimen,1
hiulcus,1
aestifer,1
incuso,1
praetorqueo,1
antiquitas,1
recuruus,1
praerumpo,1
contorqueo,1
racemarius,1
accresco,1
reflecto,1
superfluo,1
distinctus,1
uredo,1
athleta,1
perseuero,1
discretus,1
impense,1
istinc,1
puerperium,1
faueo,1
luculentus,1
interiectio,1
aueo,1
separatio,1
commoditas,1
notabilis,1
pluries,1
nobilito,1
ignobilitas,1
infecunditas,1
querimonia,1
defatigo,1
intemperantia,1
carnifex,1
modulator,1
saltatio,1
guberno,1
consanguineus,1
schola,1
rhetor,1
gulosus,1
ferculum,1
struo,1
doctor,1
causidicus,1
hebeo,1
amplifico,1
crimen,1
repugnantia,1
pererro,1
inuisus,1
allatro,1
concessus,1
latrocinium,1
salutator,1
mendax,1
circumuolito,1
rumor,1
auguro,1
catenatus,1
repulsus,1
ianitor,1
famulatus,1
decus,1
rependo,1
indoctus,1
expergiscor,1
pedisequus,1
lecticarius,1
mecum,1
recogito,1
consensus,1
pudeo,1
inhonestus,1
consul,1
liberator,1
dictatura,1
pello,1
conqueror,1
gestus,1
mentior,1
ganea,1
exsuctus,1
ebrietas,1
fluxus,1
uenatus,1
exercitatus,1
uiso,1
nundina,1
conuentus,1
atauus,1
hosticus,1
incursio,1
hasta,1
publice,1
existimatio,1
sagax,1
praescribo,1
cognitus,1
spurcus,1
ascisco,1
subulcus,1
impendeo,1
praedicatio,1
tardo,1
diffido,1
concupisco,1
sapienter,1
affecto,1
honeste,1
fastigium,1
adytum,1
tonans,1
facundia,1
admiratio,1
sagacitas,1
prouidentia,1
quandoquidem,1
domina,1
imprudenter,1
dissono,1
cardo,1
coarguo,1
excuso,1
athenae,1
interpres,1
epitome,1
eloquor,1
potens,1
paedagogus,1
mereo,1
facetus,1
erudite,1
aduocatus,1
improspere,1
compos,1
perlego,1
auspicatus,1
immuto,1
euocatus,1
exspectatio,1
successor,1
umbratilis,1
nauigabilis,1
agnatus,1
gentilis,1
orcus,1
perceptio,1
principalis,1
libens,1
conductum,1
nobiscum,1
demens,1
achaei,1
pelasgi,1
calamitas,1
priuatus,1
graecia,1
hesperius,1
conterminus,1
palatinus,1
gaudium,1
finitimus,1
cacus,1
adnexus,1
pronuntio,1
praeclarus,1
tribunus,1
uetero,1
curius,1
triumphalis,1
criminosus,1
senator,1
rogatio,1
tribunicius,1
promulgo,1
fruor,1
eripio,1
praepotens,1
testificor,1
insalubris,1
atilius,1
historia,1
concinnitas,1
lues,1
damnosus,1
dego,1
comito,1
demereo,1
aedificator,1
circumfundo,1
boeotius,1
affluo,1
lignatio,1
haustus,1
prae,1
pulso,1
ordior,1
fultura,1
praestruo,1
incumbo,1
rimosus,1
prospecto,1
balnearius,1
ambulatio,1
contignatio,1
circumsaepio,1
iugarius,1
uescus,1
uenalis,1
camara,1
sirus,1
iampridem,1
festinato,1
pistrinum,1
pauio,1
pulsus,1
lapillus,1
glaebula,1
inconstantia,1
comiter,1
pensio,1
remissio,1
accessio,1
opulentus,1
indigena,1
familiaritas,1
locatio,1
rapacitas,1
peccatum,1
euerto,1
eloco,1
imputo,1
popina,1
lupanar,1
somnio,1
succumbo,1
illitteratus,1
conscientia,1
fors,1
cento,1
sagus,1
seruilis,1
remisse,1
crudelitas,1
defatigatio,1
utinam,1
salubriter,1
missus,1
paeniteo,1
alloquor,1
comitas,1
quispiam,1
reuincio,1
permissus,1
uestiarium,1
iniuriose,1
manicae,1
calumnior,1
honoro,1
adoro,1
agilitas,1
frugi,1
malefactum,1
decuria,1
animaduersio,1
querela,1
stipulor,1
spondeo,1
debitum,1
persoluo,1
pauper,1
ferinus,1
carnis,1
libidinosus,1
cena,1
subnecto,1
postulatio,1
successus,1
termino,1
effor,1
incomprehensibilis,1
paruitas,1
elucubro,1
necnon,1
stagno,1
querulus,1
conuicium,1
iniussus,1
elleborus,1
toxicum,1
semihomo,1
uesanus,1
mandragoras,1
inlacrimo,1
inguen,1
rosarium,1
adopto,1
quasso,1
defessus,1
abnego,1
confido,1
trepidus,1
chelae,1
barathrum,1
tremo,1
strepo,1
eia,1
pellitus,1
amictus,1
uiscus,1
polus,1
rudus,1
dirumpo,1
squalor,1
niueus,1
purpuro,1
pudor,1
profugus,1
uinctura,1
armo,1
lactucula,1
zythum,1
planto,1
fletus,1
lacrimosus,1
cyma,1
cymosus,1
pomosus,1
agger,1
exhorreo,1
nubigena,1
portitor,1
inuigilo,1
priuigna,1
redimio,1
crispo,1
stacta,1
amarantus,1
releuo,1
uibro,1
puniceus,1
depecto,1
lacteus,1
ingenero,1
bacchor,1
adamo,1
aequoreus,1
regnator,1
polluo,1
flammo,1
ignesco,1
infrenis,1
aether,1
impello,1
orgia,1
fremo,1
modulor,1
uirido,1
refert,1
hispidus,1
mino,1
acanthus,1
ara,1
famosus,1
spinosus,1
bryonia,1
alnus,1
ceu,1
cuspis,1
lotos,1
uiolarium,1
rubor,1
caeles,1
templum,1
oro,1
uester,1
intentus,1
chorea,1
raptus,1
tyrannus,1
infernus,1
canistrum,1
sanctus,1
iocus,1
cachinnus,1
egelidus,1
argutus,1
rigidus,1
ostrum,1
nubifugus,1
coruscus,1
fulgeo,1
iubar,1
praetexo,1
balaustium,1
ligustrum,1
balsamum,1
merum,1
textus,1
ferrugineus,1
cumulate,1
stamen,1
presso,1
flammeolum,1
titubo,1
gerulus,1
implicitus,1
luridus,1
cumque,1
dilapido,1
ruricola,1
monstrum,1
placo,1
extum,1
praecingo,1
fleo,1
latex,1
pudibundus,1
lustro,1
magicus,1
antes,1
globosus,1
tumesco,1
lagena,1
liuidus,1
fetidus,1
tenuo,1
tremebundus,1
barbarus,1
roseus,1
rideo,1
nubes,1
anxius,1
lasciuus,1
biformis,1
iactans,1
oppidum,1
claudius,1
eruditio,1
adulescens,1
extundo,1
expeto,1
conlibet,1
subtexo,1
tirunculus,1
adulescentia,1
rogatus,1
utrum,1
uicarius,1
imperito,1
eduro,1
aestimator,1
artificium,1
conquestus,1
oratorius,1
philosophia,1
obmutesco,1
uilicatio,1
ebriosus,1
cogito,1
pellicio,1
supplicium,1
frustratio,1
tricor,1
nauiter,1
fonticulus,1
refrigeratio,1
cessator,1
cunctanter,1
exhortatio,1
exhilaro,1
parumper,1
ualetudinarium,1
largitio,1
compareo,1
recognitio,1
impunitas,1
iussus,1
colonia,1
amicitia,1
negotiator,1
praelabor,1
irreparabilis,1
insidiosus,1
menstruum,1
lucidus,1
uectis,1
ostrifer,1
argumentatio,1
stata,1
praesagium,1
prouidus,1
accommodo,1
praemonitus,1
praefestino,1
amygdalus,1
persicum,1
oleagineus,1
abies,1
character,1
signarius,1
harundinetum,1
tranquillitas,1
secrete,1
tumentia,1
eris,1
ningo,1
constanter,1
pluuia,1
disturbo,1
subuerto,1
clare,1
tono,1
inoculo,1
tegumentum,1
perlucidus,1
austeritas,1
colon,1
napina,1
seminalis,1
medica,1
seminarius,1
barbaricus,1
defensa,1
circumspargo,1
pridem,1
palor,1
augustus,1
december,1
inemptus,1
dignitas,1
circumuallo,1
nauticus,1
interiaceo,1
inclino,1
syriacus,1
taeniola,1
intondeo,1
testula,1
exspolio,1
mentastrum,1
uelo,1
perungo,1
uiolo,1
excaeco,1
relaxo,1
praematurus,1
rotula,1
intego,1
paululus,1
lorica,1
citer,1
incolumitas,1
precor,1
cantherius,1
maritalis,1
longinquitas,1
propugnaculum,1
propatulus,1
nauigo,1
extraneus,1
timidus,1
amplector,1
diuiduus,1
luxus,1
diffluo,1
peruerto,1
obiurgo,1
uigilia,1
foeditas,1
desidiosus,1
contubernium,1
elaboro,1
adiutrix,1
capesso,1
foras,1
inspico,1
expostulo,1
spectaculum,1
dissonus,1
conspiratio,1
concino,1
resono,1
permulceo,1
miles,1
inermis,1
pedes,1
praeparatio,1
armamentum,1
trepidatio,1
gubernator,1
postulatus,1
narro,1
ornatus,1
calciamentum,1
conuenientia,1
assoleo,1
lauatio,1
exornatio,1
epulatio,1
saluus,1
hospitus,1
exscribo,1
persona,1
tergiuersor,1
pigritia,1
sedentarius,1
tela,1
inuiso,1
orno,1
promus,1
attendo,1
atriensis,1
aeramentum,1
nitido,1
primoris,1
optimas,1
iurisdictio,1
pistor,1
contrecto,1
quartarius,1
atrium,1
miluinus,1
miluus,1
pertergeo,1
unio,1
prunum,1
laurea,1
praecordium,1
acclino,1
opercularis,1
dilato,1
emollio,1
moderatio,1
plataninus,1
cremo,1
tabesco,1
uindemitor,1
fetor,1
radula,1
penicillum,1
gremium,1
commodum,1
colum,1
malleo,1
absisto,1
aerugo,1
resinosus,1
terebinthina,1
costum,1
amomum,1
emptor,1
marmor,1
siler,1
preterea,1
pactum,1
conferuesco,1
inuectio,1
sensim,1
suauis,1
commolior,1
arefacio,1
adoleo,1
duplus,1
limpidus,1
absinthium,1
tussio,1
inferueo,1
mucidus,1
deliquo,1
consideratus,1
stanneus,1
deliquesco,1
adimpleo,1
doliolum,1
forfex,1
rugosus,1
laxe,1
ansa,1
condus,1
forpex,1
capacitas,1
proruo,1
transmissus,1
simplicitas,1
dispereo,1
coruus,1
cornix,1
aliquantulum,1
exanimus,1
fagineus,1
carta,1
conseminalis,1
cilicium,1
resipio,1
inferuesco,1
superemineo,1
alba,1
regia,1
contusio,1
liuor,1
corticulus,1
exstillo,1
que,1
qualum,1
importo,1
tegula,1
tudicula,1
trapetus,1
mercator,1
cerarium,1
crasse,1
mendacium,1
quantumcumque,1
oliuom,1
dedico,1
xylobalsamum,1
imbecillis,1
insuauis,1
unctio,1
unguentum,1
infarcio,1
nubilus,1
carnarius,1
librarius,1
offula,1
luno,1
amylum,1
catillus,1
lasar,1
incunabulum,1
plantaria,1
raritudo,1
aequilibrium,1
adaequatus,1
quarto,1
serrula,1
supplanto,1
inaequaliter,1
praeustus,1
arte,1
dissoluo,1
puluillus,1
praeuro,1
lutulentus,1
ualde,1
ursinus,1
scalae,1
inualesco,1
argillosus,1
sexageni,1
perangustus,1
pilleolus,1
bisulcus,1
abscido,1
libere,1
infinitio,1
zea,1
praeseco,1
stips,1
opulento,1
uenditor,1
nauita,1
africanus,1
galea,1
pertinax,1
imperitus,1
ferox,1
lanista,1
pyctes,1
cuiusmodi,1
insidiator,1
abripio,1
cristula,1
perfringo,1
albico,1
incanus,1
barba,1
sudis,1
coniugalis,1
minae,1
nothus,1
humilitas,1
procacitas,1
corium,1
sublimitas,1
acta,1
aspero,1
forinsecus,1
scandula,1
podagra,1
quadrum,1
conspurco,1
carus,1
obex,1
uolatilis,1
ephesius,1
apricor,1
testor,1
recolligo,1
gluttio,1
pinnula,1
suppositio,1
conformo,1
anserinus,1
expio,1
concauo,1
undeuicesimus,1
ausculto,1
hesternus,1
ingluuies,1
ceruinus,1
pertracto,1
plumula,1
coacta,1
labrusca,1
excrementum,1
fartor,1
mordeo,1
columbus,1
abhorreo,1
turris,1
nidifico,1
apricatio,1
auolo,1
alexandrinus,1
oblectamentum,1
ponticus,1
scythicus,1
gangeticus,1
aegyptius,1
subuolo,1
abundanter,1
cellula,1
mutulus,1
mansuetus,1
emptito,1
triumpho,1
epulum,1
tetricus,1
conuoco,1
intercurro,1
lingula,1
promisce,1
emiror,1
roto,1
alibi,1
atramentum,1
educatrix,1
lucusta,1
missa,1
humi,1
clangor,1
capitolium,1
ostiolum,1
anserculus,1
coaequalis,1
aspiro,1
conseco,1
tenebricosus,1
colocasium,1
gestio,1
uelocitas,1
concerto,1
myrteus,1
squalus,1
romulus,1
aurata,1
tolerantia,1
marius,1
neptunus,1
circumfero,1
marcius,1
appositus,1
exspuo,1
periurium,1
tiberis,1
terentius,1
nebulo,1
pupillus,1
uendito,1
deuinco,1
sergius,1
licinius,1
usitatus,1
castigator,1
passer,1
ostrea,1
auratus,1
helops,1
atlanticus,1
scarus,1
reuoluo,1
secedo,1
cochlea,1
cuniculus,1
flexuosus,1
opacitas,1
praefigo,1
cancellus,1
uerbena,1
comminiscor,1
mullus,1
claustrum,1
scopulosus,1
margo,1
praeicio,1
atrocitas,1
crepido,1
tranquillus,1
exturbo,1
congeries,1
maeander,1
tabeo,1
sardinus,1
pelamis,1
scomber,1
uentriculus,1
cetarius,1
pelagicus,1
gobius,1
baeticus,1
semetipse,1
piscator,1
lector,1
caprea,1
querceus,1
ames,1
feliciter,1
peruagor,1
lepus,1
surrepo,1
imperfectus,1
fabulosus,1
dedeceo,1
uersiculus,1
paueo,1
negotiosus,1
peripateticus,1
conditor,1
meliusculus,1
aureolus,1
iracundia,1
delino,1
decumo,1
insulto,1
bucula,1
persicus,1
glandifer,1
terebinthus,1
tilia,1
acanthinus,1
scapus,1
asphodelus,1
gladiolus,1
hortensis,1
armoracia,1
rapistrum,1
nemorensis,1
procliuis,1
deuolo,1
fraudulentus,1
segnitia,1
praeterfluo,1
argutiae,1
frigeo,1
latericius,1
compages,1
suggestus,1
stellio,1
scarabaeus,1
lucifugus,1
blatta,1
populo,1
inhio,1
effugium,1
meditor,1
obsido,1
commoror,1
commeatus,1
cerintha,1
uerno,1
rationabilis,1
patria,1
murmur,1
raucus,1
canor,1
inuoco,1
proelior,1
mire,1
incruentus,1
dimico,1
reconcilio,1
patera,1
iro,1
squama,1
sputum,1
spuo,1
inglorius,1
regno,1
aula,1
dicio,1
infrequentia,1
discordia,1
spiramentum,1
contumaciter,1
alatus,1
trulla,1
aduesperascit,1
inlectus,1
auide,1
aceruatim,1
resumo,1
offero,1
concors,1
adoptio,1
mellificium,1
duodequinquaginta,1
cognatio,1
inseruio,1
temulentus,1
feteo,1
acrimonia,1
undequinquagesimus,1
u,1
suffio,1
malua,1
quinquagesimus,1
capricornus,1
fastus,1
subtilitas,1
infrequens,1
supertego,1
munditia,1
hilaritas,1
transporto,1
concussio,1
immunis,1
assideo,1
procreatio,1
insideo,1
damnum,1
exaspero,1
carptim,1
fragmen,1
complaceo,1
