,count
qui,909
in,869
sum,740
et,682
is,624
cum,545
ad,490
sui,416
ab,392
suus,345
ex,332
ut,325
non,248
caesar,248
omnis,245
castrum,245
hic,244
locus,236
oppidum,231
magnus,218
atque,215
legio,208
facio,204
res,197
pars,186
possum,183
hostis,179
nec,178
eques,165
quod,164
copia,164
num,160
noster,160
ipse,156
nauis,144
miles,134
habeo,131
praesidium,123
ita,121
dies,117
tempus,109
ac,109
proelium,100
multus,99
mitto,97
recipio,95
idem,92
exercitus,92
equitatus,91
ille,90
edo,90
de,90
coepio,90
acies,89
interim,89
aut,88
reliquus,87
ne,82
tamen,82
capio,82
uenio,82
cognosco,80
aduersarius,80
quam,79
scipio,79
multitudo,77
nullus,76
unus,76
per,76
gero,75
paucus,74
iter,73
enim,72
bellum,72
mille,72
interficio,72
uideo,71
ibi,71
munitio,71
animus,70
factum,70
si,67
duo,67
opus,67
sed,66
rex,66
contra,63
prouincia,63
autem,61
longe,61
auxilium,60
classis,60
celeriter,59
itaque,59
consilium,58
legatus,58
propter,58
iubeo,58
causa,56
sine,56
homo,56
uirtus,56
numerus,56
ciuitas,55
periculum,55
instruo,55
superus,54
tantus,53
insequor,52
contendo,51
oppidanus,51
relinquo,50
primus,49
armatura,49
flumen,49
ante,48
inter,46
do,46
etiam,45
proficiscor,45
animaduerto,45
fuga,45
cohors,44
nam,44
nox,44
pro,43
dum,42
existimo,42
passus,41
colloco,40
signum,40
accedo,40
leuis,40
conficio,39
munio,39
peto,38
constituo,38
defendo,38
telum,38
secundus,38
confero,37
complures,37
littera,37
pompeius,37
postquam,37
aduentus,36
dimico,36
pugno,36
regnum,36
frumentum,35
arma,35
impetus,35
uictoria,35
labienus,35
uolo,34
ciuis,34
finis,33
accido,33
iam,33
natura,33
equus,33
quis,33
praeterea,33
manus,32
certus,32
fero,32
propius,32
uis,32
parum,32
cornu,32
conspectus,31
posterus,31
ubi,31
castellum,31
deduco,31
dexter,31
romanus,31
bene,30
gratia,30
uallum,30
uterque,30
collis,30
occupo,30
quisque,30
post,30
paro,29
perterreo,29
potior,29
totus,29
consuetudo,29
dispono,29
simul,29
regio,29
sinister,29
iuba,29
quoius,28
complus,28
namque,28
amplius,28
duco,28
cogo,28
alter,28
peruenio,28
incendo,28
datum,28
mare,28
populus,27
item,27
insidiae,27
longus,27
fugio,27
aqua,27
dico,26
ullus,26
pono,26
porta,26
uniuersus,26
campus,26
genus,26
medius,25
tum,25
timor,25
adduco,25
ratio,25
deinde,25
siue,25
sustineo,25
aduerto,25
teneo,25
ago,25
subsidium,25
regius,25
facultas,24
satis,24
fides,24
sub,24
dux,24
rursus,24
subito,24
turris,24
fio,24
nuntius,24
potestas,24
pecunia,24
facile,23
ceterus,23
pedes,23
commeatus,23
eo,23
pons,23
oppugno,23
patior,23
circiter,23
legionarius,23
elephantus,23
ueteranus,23
adeo,22
hibernus,22
centurio,22
discedo,22
prohibeo,22
agmen,22
impero,22
profectus,22
armatus,22
procedo,22
bonus,22
credo,22
cassius,22
numida,22
marcellus,22
uita,21
summa,21
quisquam,21
resisto,21
propior,21
latus,21
contineo,21
opprimo,21
turma,21
magis,21
impono,21
conuerto,21
clamor,21
murus,21
africa,21
nihil,20
aedificium,20
consuesco,20
diu,20
annus,20
dignitas,20
accipio,20
barbarus,20
sic,20
par,20
caedes,20
fere,20
tertius,20
nos,19
ego,19
alius,19
nuntio,19
spatium,19
dimitto,19
secum,19
paruus,19
nisi,19
statio,19
uulnero,19
saepe,19
fortuna,19
obtineo,19
uigilia,19
terra,19
tiro,19
portus,19
consto,18
audio,18
praeficio,18
salus,18
terror,18
nomen,18
conuenio,18
fossa,18
transeo,18
seruus,18
aduersus,18
consumo,18
iugum,18
liber,18
senatus,18
uentus,18
pugna,18
urbs,18
nauigium,18
difficultas,17
intermitto,17
confido,17
condicio,17
maxime,17
amissum,17
creber,17
praesto,17
publicus,17
castra,17
etsi,17
pes,17
tutus,17
inde,17
quidam,17
committo,17
uulnus,17
imperium,17
apud,17
modo,17
prope,17
litus,17
scio,16
occurro,16
amicus,16
educo,16
tempestas,16
conicio,16
positus,16
undique,16
ulter,16
circumuenio,16
detrimentum,16
celer,16
equester,16
proelior,16
uereor,16
trado,16
imperator,16
uictor,16
beneficium,16
uiuus,16
tempore,16
proximus,16
sagittarius,16
supra,16
aequus,16
moueo,16
tuus,15
comparo,15
usque,15
impedimentum,15
repente,15
necessitas,15
offero,15
magnitudo,15
impedio,15
cedo,15
expedio,15
at,15
extremus,15
fortis,15
consequor,15
uel,15
paulus,15
appello,15
commoror,15
singulus,15
difficilis,14
interpono,14
infero,14
permaneo,14
ius,14
demonstro,14
profugio,14
consisto,14
princeps,14
ordo,14
aggredior,14
perturbo,14
uix,14
refugio,14
nonnullus,14
planities,14
concido,14
concurro,14
instituo,14
confligo,14
auctoritas,14
adductus,14
adorior,14
efficio,14
concedo,14
dolor,14
repello,14
eruptio,14
tu,14
intra,14
uos,14
derigo,14
onerarius,14
quidem,13
affero,13
persequor,13
mora,13
opinio,13
quin,13
prius,13
retineo,13
dubito,13
praeda,13
audeo,13
tego,13
iudico,13
excelsus,13
palus,13
tres,13
postea,13
spes,13
incito,13
sequor,13
missa,13
conor,13
subsequor,13
modus,13
nemo,13
refero,13
quo,13
oppugnatio,13
antea,13
administro,13
mons,13
deterreo,13
transfugio,13
intercludo,13
cn,13
reduco,13
cotidianus,12
suscipio,12
nouus,12
supero,12
diuersus,12
ager,12
intellego,12
sublatus,12
calamitas,12
constitutum,12
circumdo,12
odium,12
paucitas,12
iumentum,12
casus,12
inferus,12
soleo,12
absum,12
numquam,12
responsum,12
arbitro,12
idoneus,12
perfuga,12
premo,12
dubius,12
quartus,12
conscendo,12
occido,12
familia,12
circum,12
extra,12
praesum,12
inquam,12
incolumis,12
circa,12
scribo,11
tam,11
labor,11
aliquis,11
talis,11
confugio,11
progredior,11
pax,11
propono,11
obses,11
remitto,11
quantus,11
paene,11
altitudo,11
deprimo,11
coniungo,11
incido,11
dimicatio,11
cotidie,11
cupidus,11
usus,11
qua,11
tormentum,11
distribuo,11
cursus,11
timeo,11
captiuus,11
sex,11
uinco,11
acceptum,11
integer,11
commemoro,11
nanciscor,11
ob,11
hora,11
uehementer,11
interuallum,11
grauis,11
pello,11
quoniam,11
descendo,11
bracchium,11
saucius,11
missus,11
contio,11
receptus,11
metus,11
praeter,11
mos,11
scapha,11
insula,11
maritimus,11
minor,11
scientia,10
subeo,10
quaestor,10
finitimus,10
amicitia,10
polliceor,10
arcesso,10
aliqui,10
deligo,10
statuo,10
fiducia,10
traicio,10
doceo,10
diligentia,10
peditum,10
aetas,10
contentio,10
similis,10
paulatim,10
praemitto,10
occasio,10
deditio,10
firmus,10
redeo,10
moror,10
deleo,10
coniunctus,10
consido,10
agger,10
tribuo,10
comporto,10
ignis,10
uernaculus,10
deiectus,10
necessarius,10
progressus,10
mens,10
remex,10
cohorto,10
moles,10
bestia,10
proficio,10
dissensio,9
editus,9
explico,9
quamquam,9
reficio,9
incendium,9
priuatus,9
dispergo,9
silua,9
initium,9
summum,9
pertineo,9
euoco,9
inuenio,9
cupiditas,9
decedo,9
spero,9
frumentor,9
eodem,9
comminus,9
iniquus,9
acriter,9
effero,9
gladius,9
caput,9
uasto,9
obsideo,9
intercipio,9
puto,9
confestim,9
lux,9
afficio,9
praemium,9
oro,9
frater,9
clam,9
uerbum,9
lapis,9
excludo,9
conuallis,9
militaris,9
uersus,9
speculator,9
iugulo,9
utor,9
egredior,9
custodia,9
accessus,9
negotium,9
desisto,9
tergum,9
conuulnero,9
circumeo,9
inopia,9
expugno,9
commoueo,9
lepidus,9
commentarius,8
probo,8
incommodus,8
confirmo,8
pridie,8
adiungo,8
acer,8
socius,8
postulo,8
onus,8
excipio,8
quaero,8
nondum,8
defero,8
uallis,8
claudo,8
subitus,8
minuo,8
traduco,8
unde,8
flamma,8
intro,8
comperio,8
appropinquo,8
acerrime,8
sententia,8
uero,8
citer,8
gens,8
praesens,8
redigo,8
rapina,8
semper,8
diuido,8
nocturnus,8
angustus,8
sentio,8
scelus,8
fretus,8
ultra,8
fons,8
deus,8
inimicus,8
debeo,8
produco,8
consul,8
aduersum,8
tribunus,8
augeo,8
pedester,8
succurro,8
praeteritus,8
dono,8
domus,8
nihilum,8
incola,8
egressus,8
omnino,8
iulianus,8
uergilius,8
uarus,8
studium,8
meus,7
praebeo,7
uerus,7
repentinus,7
deficio,7
celeritas,7
poena,7
perfero,7
nolo,7
tectum,7
officium,7
miser,7
remotus,7
uetus,7
frons,7
altus,7
utrimque,7
interiacio,7
transgredior,7
malus,7
suspicor,7
tardus,7
prior,7
repugno,7
concito,7
curo,7
firmo,7
coactus,7
uir,7
succedo,7
uisum,7
passim,7
proicio,7
collecta,7
cupio,7
tueor,7
plurimus,7
fugo,7
uelocitas,7
ripa,7
supplicium,7
funditor,7
aditus,7
compleo,7
uoluntas,7
secundum,7
feliciter,7
conuentus,7
praecipio,7
conscribo,7
detineo,7
prex,7
opinor,7
aliquot,7
respondeo,7
mors,7
laboro,7
scutum,7
reperio,7
puer,7
oratio,7
desero,7
idcirco,7
mane,7
restituo,7
uersor,7
institutum,7
gallus,7
defensor,7
fallo,7
aduenio,7
iaculus,7
uilla,7
defatigo,7
male,7
ferrum,7
uagor,7
paternus,7
italia,7
diripio,7
paruulus,7
protinus,7
deprecor,7
domitius,7
quadriremis,7
excusatio,6
exitus,6
perficio,6
deuinco,6
bello,6
tueo,6
necesse,6
effugio,6
decem,6
erumpo,6
quicumque,6
reuertor,6
expello,6
gloria,6
mereo,6
auctor,6
plebs,6
prodeo,6
singularis,6
forte,6
mediocris,6
certamen,6
duplex,6
propugnator,6
uadum,6
transitus,6
pertinaciter,6
ostendo,6
ineo,6
insidior,6
imperatum,6
tempto,6
colloquium,6
familiaris,6
ictus,6
colonia,6
hortor,6
felicitas,6
supporto,6
corpus,6
facilis,6
uineus,6
auersus,6
uacuus,6
honor,6
glorior,6
pater,6
loricatus,6
tumulus,6
angustia,6
sicut,6
distineo,6
prosequor,6
conseruo,6
cado,6
coeptum,6
sto,6
immortalis,6
introeo,6
indicium,6
uendo,6
procul,6
uester,6
pilum,6
pereo,6
adiuuo,6
materia,6
statim,6
nauigo,6
praetor,6
leniter,6
mirabilis,6
grandis,6
ideo,6
cunctus,6
turpis,6
considius,6
addo,6
aperto,6
disciplina,6
scriptum,5
desum,5
colligo,5
aestas,5
recuso,5
libertas,5
copiosus,5
induco,5
pabulum,5
potius,5
cogito,5
fidelis,5
clementia,5
patientia,5
sestertius,5
tot,5
moratus,5
exiguus,5
plerumque,5
durus,5
dissipo,5
legatio,5
attribuo,5
opportunitas,5
uicis,5
infinitus,5
prudentia,5
expono,5
species,5
uelut,5
exspectatio,5
opto,5
tabulatus,5
consterno,5
audax,5
procurro,5
nonnumquam,5
propterea,5
solum,5
inermis,5
insto,5
tardo,5
intercido,5
freno,5
uehemens,5
constanter,5
uictus,5
inuito,5
sollicito,5
affectus,5
latrocinium,5
pecus,5
sarcina,5
laetitia,5
dextra,5
solus,5
ascendo,5
trinus,5
improuisus,5
conscientia,5
libero,5
concursus,5
constantia,5
iustus,5
praeruptus,5
aquor,5
sitis,5
orior,5
tollo,5
reuoco,5
controuersia,5
paratus,5
libenter,5
commendo,5
incredibilis,5
amor,5
obuiam,5
lex,5
frequens,5
consultum,5
incertus,5
tabellarius,5
exeo,5
studeo,5
decerno,5
minime,5
excellens,5
quinque,5
filius,5
congredior,5
eligo,5
inicio,5
laus,5
patria,5
dominus,5
fautor,5
praeterquam,5
reddo,5
dirimo,5
antecedo,5
mundus,5
seditio,5
praesentia,5
depugno,5
didius,5
nauigatio,5
conspicio,5
depello,5
subduco,5
salum,5
praetermitto,5
congero,5
praesertim,5
iniuria,5
perspicio,5
simulo,5
iste,5
consequus,5
longitudo,5
oppono,5
roma,5
dilectus,5
opera,5
multo,5
pario,5
depono,5
quasi,5
utilis,5
quinqueremis,5
inceptum,5
eicio,5
supplex,5
pontus,5
iudicium,4
aliter,4
coniuratio,4
uindico,4
disicio,4
societas,4
frustra,4
alienus,4
reditus,4
fama,4
desertum,4
uicus,4
hiems,4
fungor,4
renuntio,4
remaneo,4
propinquus,4
decerto,4
pabulatio,4
plenus,4
contemptus,4
octauus,4
elicio,4
gradus,4
munus,4
eminus,4
ascensus,4
admoueo,4
oppositus,4
promoueo,4
subsisto,4
laeuus,4
aliquamdiu,4
imprudens,4
excedo,4
recens,4
ingressus,4
conuoco,4
profecto,4
commodus,4
infirmus,4
quia,4
percutio,4
diffugio,4
maneo,4
desperatus,4
externus,4
recedo,4
mando,4
caedo,4
ualeo,4
subleuo,4
sumo,4
uigil,4
accepta,4
demissus,4
felix,4
ortus,4
praecipue,4
neue,4
cingo,4
radix,4
cuniculus,4
suspicio,4
liceo,4
exstruo,4
exsisto,4
comprehendo,4
lenitas,4
captus,4
intereo,4
dubitatio,4
nobilitas,4
meritum,4
infestus,4
defessus,4
municipium,4
euocatus,4
forus,4
quintus,4
adulescens,4
mensis,4
praecipito,4
proxime,4
ignosco,4
adfectus,4
glans,4
corona,4
deicio,4
crudelis,4
diruo,4
licet,4
obicio,4
dedo,4
quemadmodum,4
aio,4
insigne,4
desidero,4
specto,4
oliuetum,4
iniquitas,4
sol,4
mirificus,4
temere,4
decumanus,4
requiro,4
circummunio,4
recipero,4
ancora,4
remus,4
aduocata,4
egregius,4
malo,4
inscius,4
haud,4
simplex,4
uito,4
compello,4
pilus,4
donec,4
armo,4
reliquiae,4
funditus,4
praeditus,4
dulcis,4
lacrima,4
transporto,4
periclitor,4
seditiosus,4
despicio,4
perfugio,4
illustris,4
accurro,4
fortiter,4
amitto,4
actuarius,4
puteus,4
uestitus,4
hispania,4
specus,4
coicio,4
elephans,4
stridor,4
natus,4
coniunx,4
subiectum,4
nomino,4
ruina,4
sollertia,4
adnato,4
terrestris,4
adiunctus,4
rostrum,4
inertia,3
ciuilis,3
lego,3
careo,3
admiratio,3
intersum,3
sermo,3
testimonium,3
renouo,3
coacta,3
bini,3
imparatus,3
colo,3
hospitium,3
domesticus,3
pateo,3
condono,3
queror,3
octo,3
frumentarius,3
nuper,3
nascor,3
exploro,3
aestiuus,3
impressio,3
optime,3
expeditio,3
iniungo,3
speculor,3
consensus,3
stipendium,3
uetustas,3
deposco,3
excito,3
foris,3
pabulor,3
rarus,3
conquiro,3
tametsi,3
diuturnitas,3
diligens,3
pudor,3
uter,3
insolens,3
an,3
trans,3
fastigium,3
pertinacia,3
muto,3
fascis,3
discessus,3
subuenio,3
adsum,3
percello,3
uestigium,3
euito,3
aduento,3
contentus,3
sanitas,3
perduco,3
peccatum,3
grauiter,3
togatus,3
differo,3
umquam,3
respicio,3
potis,3
praeceptum,3
confercio,3
latro,3
cognitus,3
pernicies,3
clientela,3
saxum,3
tripertito,3
quantum,3
circuitus,3
decimus,3
experior,3
notus,3
abundo,3
auerto,3
decurro,3
profero,3
moene,3
aequo,3
iacio,3
praeceps,3
impugno,3
desperatio,3
crudelitas,3
sicuti,3
qualis,3
libens,3
incensus,3
protero,3
uenia,3
pareo,3
petitio,3
attingo,3
consulatus,3
lustro,3
dictum,3
delectus,3
totidem,3
quoad,3
unusquisque,3
sponte,3
largitio,3
festinatio,3
utilitas,3
nequaquam,3
demitto,3
insuper,3
huc,3
circumcludo,3
fugitiuus,3
excursio,3
porto,3
iacto,3
senator,3
inscribo,3
ballista,3
pristinus,3
hospes,3
cratis,3
argentum,3
uestimentum,3
transfuga,3
quare,3
ligneus,3
abduco,3
edictum,3
resto,3
aufero,3
efflagito,3
circumsedeo,3
hinc,3
orno,3
laeto,3
culpa,3
obiectum,3
supersum,3
aquila,3
cadauer,3
naualis,3
carteius,3
lectica,3
libertinus,3
libertus,3
pyra,3
sextus,3
maleficium,3
coniuro,3
talus,3
uectigal,3
clarus,3
odi,3
impulsus,3
caelum,3
fluctus,3
nequeo,3
ueho,3
errabundus,3
imprudentia,3
porrigo,3
uiso,3
leptus,3
plaustrum,3
lignum,3
uesper,3
innumerabilis,3
nudo,3
edico,3
orbis,3
quoque,3
pectus,3
uerto,3
immitto,3
paulisper,3
demum,3
germanus,3
frenum,3
occasus,3
catus,3
nefarius,3
adulescentulus,3
amplus,3
nauicula,3
prosterno,3
annona,3
forsitan,3
communis,3
titius,3
persuadeo,3
scorpio,3
accurate,3
productum,3
honestus,3
suppeto,3
praeparo,3
proprius,3
uoluptas,3
tandem,3
nunc,3
collaudo,3
denique,3
summitto,3
adhortor,3
iaceo,3
oleum,3
contumelia,3
suggestus,3
habito,3
ignominia,3
saburra,3
speciosus,3
prospectus,3
uelum,3
licentia,3
adigo,3
praetergredior,3
configo,3
adicio,3
uarie,3
promunturium,3
trepido,3
onustus,3
praecurro,3
processus,3
morbus,3
seruitium,3
parco,3
urbanus,3
subicio,3
dissimilis,3
bis,3
praedico,3
laetus,3
rumor,3
proconsul,3
faustus,3
locuples,3
palam,3
fallax,3
notitia,3
biduus,3
cumque,3
uictrix,3
classiarius,3
naturalis,3
ars,3
propugno,3
emitto,3
demergo,3
religio,3
flagito,3
centenus,3
prouincialis,3
consentio,3
hostilis,3
tetrarches,3
assiduus,2
inuitus,2
arrogantia,2
crimen,2
elegantia,2
scriptor,2
praeripio,2
sors,2
incursio,2
terreo,2
studiosus,2
incolo,2
stramentum,2
tentorium,2
inaedifico,2
conflo,2
undecimus,2
perpetuus,2
demigro,2
obtempero,2
uicinitas,2
temeritas,2
inseruio,2
late,2
loricula,2
denus,2
dirigo,2
permitto,2
pabulator,2
cogitatio,2
tenere,2
perniciosus,2
hiemo,2
siluestris,2
contemno,2
admoneo,2
timidus,2
obsessio,2
carrus,2
uallus,2
sedeo,2
uirgultum,2
densus,2
calliditas,2
patens,2
turmatim,2
incursus,2
insidiator,2
uiuo,2
concilium,2
ops,2
concitator,2
imperitus,2
delego,2
euentus,2
perfidia,2
comprimo,2
simulatio,2
arripio,2
permoueo,2
extimesco,2
depopulo,2
exercitatus,2
clausum,2
conuello,2
perdo,2
uoco,2
ascisco,2
defectio,2
uexo,2
erro,2
latito,2
memoria,2
sollicitus,2
moneo,2
importo,2
explorator,2
caninius,2
consolatio,2
sano,2
cura,2
securis,2
ferio,2
exemplum,2
deriuo,2
descensus,2
arduus,2
aquator,2
uaco,2
continuus,2
ardeo,2
restinguo,2
periculosus,2
moenia,2
uena,2
praecido,2
indignitas,2
nusquam,2
conscius,2
quattuor,2
percurro,2
hiberno,2
alo,2
incautus,2
scius,2
magnopere,2
perago,2
sacerdos,2
potentia,2
frequentia,2
insolenter,2
creo,2
spolio,2
ornatus,2
templum,2
triumphus,2
opulentus,2
humilis,2
commendatio,2
concilio,2
mutatio,2
dominatio,2
discessio,2
discutio,2
frango,2
detraho,2
tamquam,2
d,2
contrarius,2
dictator,2
recta,2
tendo,2
coangusto,2
retraho,2
lanista,2
aquilus,2
auxiliaris,2
nimis,2
aquatio,2
rudus,2
specula,2
contingo,2
grumus,2
constitutus,2
iactus,2
eos,2
exuo,2
reprimo,2
praepono,2
obseruo,2
necopinans,2
nefandus,2
facinus,2
aperio,2
conata,2
sustento,2
diurnus,2
pugio,2
loquor,2
deprehendo,2
promitto,2
indignor,2
uitium,2
tabella,2
adhibeo,2
prehendo,2
crux,2
fallacia,2
conterreo,2
parumper,2
eximius,2
aquarius,2
agito,2
congressus,2
alacer,2
concessus,2
aureus,2
bellus,2
lignor,2
priusquam,2
fustis,2
percussus,2
uexillum,2
intercedo,2
riuus,2
aequitas,2
tributus,2
desino,2
admitto,2
auris,2
cornum,2
diffido,2
figo,2
ceno,2
intromitto,2
precor,2
praecludo,2
dissentio,2
applico,2
intorqueo,2
spelunca,2
quiuis,2
largior,2
ingratus,2
otium,2
adaugeo,2
publice,2
praeteruehor,2
cohibeo,2
instar,2
assigno,2
signo,2
perlego,2
aucupor,2
quanto,2
immunis,2
error,2
lateo,2
exonero,2
rabirius,2
interea,2
miror,2
insidiosus,2
natio,2
uultus,2
erigo,2
prae,2
acquiesco,2
procliuis,2
albeo,2
exspecto,2
puluis,2
ingens,2
prouideo,2
artificium,2
latitudo,2
extenuo,2
aegre,2
condensus,2
turbo,2
punctum,2
nudus,2
impello,2
cassis,2
contortus,2
affigo,2
circumspicio,2
peditatus,2
nausea,2
languor,2
perseuero,2
languidus,2
conatus,2
curio,2
triennium,2
audacia,2
planus,2
commeo,2
officina,2
sagitta,2
fundo,2
aries,2
plumbum,2
stipendiarius,2
blande,2
sceleratus,2
unio,2
conflicto,2
conscriptus,2
nobilis,2
mirus,2
doctrina,2
uetustus,2
pulsus,2
ornamentum,2
nex,2
colloquor,2
irrumpo,2
fors,2
turritus,2
minutatim,2
peritus,2
ignotus,2
breuis,2
subministro,2
obsido,2
auctus,2
sollicitudo,2
comes,2
lacesso,2
pollicitatio,2
proloquor,2
saepenumero,2
cliens,2
propemodum,2
triticum,2
locatum,2
hispanus,2
ala,2
gallius,2
caesum,2
exporrigo,2
expertus,2
uinum,2
corrumpo,2
incolumitas,2
tunc,2
ira,2
dispertio,2
neglegentia,2
auditus,2
grando,2
pondus,2
surruo,2
eripio,2
arbor,2
occulte,2
angulus,2
officio,2
conspicor,2
nimius,2
modestia,2
inutilis,2
remoueo,2
sulla,2
lumen,2
accensi,2
superbus,2
transfero,2
persto,2
gaudium,2
cispius,2
penteris,2
admissum,2
custos,2
triremis,2
seruo,2
retardo,2
conduco,2
recreo,2
eadem,2
pariter,2
interitus,2
eiusmodi,2
gladiator,2
commissum,2
consideratus,2
dolus,2
uagus,2
obsecro,2
erga,2
antequam,2
lixa,2
inspecto,2
antiquus,2
dicio,2
infra,2
dedecus,2
fidus,2
stagnum,2
concurso,2
possideo,2
immoderate,2
iniussu,2
cano,2
funda,2
genu,2
abicio,2
assumo,2
pecco,2
coaceruo,2
dumtaxat,2
destino,2
cubiculum,2
patefacio,2
redimo,2
domicilium,2
carus,2
minae,2
impetro,2
reseruo,2
aspernor,2
afranius,2
iuuo,2
fornix,2
rota,2
frugifer,2
transmarinus,2
praeoccupo,2
uarius,2
machinatio,2
exprimo,2
salsus,2
traho,2
immineo,2
affirmo,2
libere,2
flo,2
hortatio,2
nauticus,2
ostium,2
occulo,2
sumministro,2
plerus,2
obtestor,2
scalae,2
aurum,2
rapio,2
alexandrinus,2
tantum,2
accessio,2
coniectura,2
sin,2
splendidus,2
bonitas,2
eludo,2
festino,2
uallo,2
ductus,2
praeclare,2
aggressus,2
auratus,2
sumptus,2
maiestas,2
iussus,2
planum,2
faux,2
tenuis,2
sinus,2
infelicitas,2
antemna,2
significo,2
seueritas,2
expendo,2
tribunal,2
iactura,2
reus,2
minucius,2
dictito,2
obsidio,2
cassus,2
adiudico,2
ponto,2
scriptus,1
uox,1
recusatio,1
deprecatio,1
contexo,1
imperfectus,1
utinam,1
stultitia,1
operose,1
emendate,1
nota,1
nouitas,1
nimirum,1
uale,1
quies,1
uerisimilis,1
rus,1
uulgaris,1
interdictum,1
brumalis,1
frigus,1
intolerandus,1
duceni,1
nummus,1
tolero,1
intego,1
compingo,1
auxiliarius,1
diligenter,1
frumentatio,1
consentiens,1
iuuentus,1
collatio,1
aduocatus,1
septimus,1
nonus,1
quadratum,1
admiror,1
pedum,1
uimineus,1
uicissim,1
summoueo,1
stultus,1
quingenti,1
nitor,1
obuenio,1
praefectura,1
inflo,1
moderatus,1
constans,1
subsidiarius,1
turpiter,1
confundo,1
luce,1
incipio,1
collum,1
diuidus,1
decliuis,1
cuneus,1
absoluo,1
pernocto,1
declaro,1
pronuntio,1
continens,1
initus,1
fumus,1
indago,1
deuenio,1
diuerto,1
nequiquam,1
iracundia,1
cantus,1
tuba,1
conclamo,1
mutuor,1
humanitas,1
adflictus,1
orans,1
mortuus,1
polleo,1
contraho,1
nocte,1
infidelitas,1
uocatus,1
cautus,1
insuetus,1
destringo,1
mortifer,1
bellicosus,1
duodecimus,1
decursio,1
cultus,1
feritas,1
fabius,1
nosco,1
defatigatio,1
inuado,1
memini,1
discursus,1
circumfundo,1
exsul,1
infamia,1
perditor,1
c,1
accisus,1
instigo,1
mentio,1
libet,1
uago,1
quondam,1
egregie,1
clandestinus,1
subtraho,1
effectus,1
partio,1
strepitus,1
uerber,1
exanimo,1
prorumpo,1
sexaginta,1
cupa,1
pix,1
scandula,1
prouoluo,1
supprimo,1
insignis,1
suspendo,1
interscindo,1
perennis,1
exaresco,1
asper,1
improbus,1
uinculum,1
cibus,1
abstineo,1
uincio,1
denego,1
subigo,1
fidelitas,1
uulneratio,1
motus,1
parens,1
attributus,1
nouissime,1
inuoco,1
impunitus,1
calcar,1
lancea,1
femur,1
expio,1
praescribo,1
postulatio,1
ignoro,1
status,1
decessus,1
honorificus,1
factio,1
augur,1
erepo,1
suffragium,1
familiaritas,1
excogito,1
hostia,1
immolo,1
triclinium,1
stratum,1
forum,1
magnificentia,1
salubritas,1
laedo,1
inuidia,1
obscurus,1
quisnam,1
discepto,1
medium,1
designo,1
itero,1
afflicto,1
obscuro,1
agnosco,1
incommodum,1
sileo,1
insciens,1
excio,1
corbis,1
trabs,1
tripertitus,1
coagulo,1
alternus,1
exaggero,1
exaequo,1
auia,1
circumduco,1
excubo,1
matutinus,1
nebula,1
crassus,1
obscuratio,1
montuosus,1
firmamentum,1
inops,1
tegula,1
prospicio,1
perperam,1
falsus,1
exsulto,1
auersor,1
harpago,1
casa,1
aedifico,1
ara,1
focus,1
funestus,1
recido,1
indigeo,1
luctuosus,1
prosperus,1
excepto,1
apprehendo,1
signifer,1
innotesco,1
uxor,1
perquiro,1
comburo,1
ceruix,1
abscisus,1
excurro,1
lapidaris,1
intento,1
discingo,1
compar,1
regressus,1
offendo,1
necessario,1
deuoco,1
spolium,1
interitio,1
lito,1
uocifero,1
fido,1
ferocitas,1
bellator,1
auidus,1
praefulgeo,1
caelo,1
torquis,1
transitio,1
prout,1
propello,1
adhuc,1
luna,1
deuro,1
etenim,1
decursus,1
paluster,1
curro,1
serenitas,1
diuus,1
quisquis,1
interdum,1
patrocinor,1
secus,1
definio,1
moleste,1
acerbe,1
cumulo,1
cornus,1
intermisceo,1
gemitus,1
crepitus,1
praepedio,1
tero,1
fusus,1
funus,1
circumuallo,1
caespes,1
mucro,1
ordino,1
tragula,1
circumplecto,1
ualerius,1
miliarium,1
clanculum,1
conuicior,1
scapula,1
cena,1
insterno,1
resina,1
nardus,1
identidem,1
infundo,1
concubinus,1
discordo,1
rixa,1
denuo,1
philo,1
caecilius,1
niger,1
hasta,1
tessera,1
partim,1
umerus,1
crus,1
quamuis,1
circummunitio,1
uehiculum,1
exedo,1
aprilis,1
no,1
pelagus,1
recurro,1
adiumentum,1
succido,1
deporto,1
quaestura,1
peculiaris,1
praetura,1
amplio,1
patrocinium,1
inimicitia,1
absento,1
commodum,1
immemor,1
magistratus,1
semel,1
nefarie,1
concordia,1
exsto,1
obsisto,1
tabernaculum,1
uerbero,1
profectio,1
ora,1
appareo,1
gubernator,1
quispiam,1
casu,1
digredior,1
mediterraneus,1
necne,1
tergiuersatio,1
dementia,1
uectigalis,1
receptaculum,1
sulpicius,1
solacium,1
uigor,1
hilaritas,1
adueho,1
antecessor,1
hercule,1
coeptus,1
ordinatim,1
galeo,1
condenso,1
extendo,1
complector,1
cancellus,1
infatuo,1
mehercule,1
misereor,1
scitum,1
alternis,1
intrinsecus,1
redintegro,1
neglegenter,1
inusitatus,1
quippe,1
brundisium,1
hibridus,1
condocefacio,1
inflammo,1
quater,1
hippotoxotae,1
purus,1
frequento,1
ferrarius,1
sudis,1
arator,1
messis,1
commigro,1
ambio,1
aliquantus,1
parce,1
assidue,1
obiurgo,1
istic,1
exsilium,1
claritas,1
nonne,1
enitor,1
efflagitatus,1
gener,1
rostratus,1
que,1
alga,1
esurio,1
conualesco,1
satius,1
acerbitas,1
querela,1
statiuus,1
accio,1
euerto,1
oculus,1
exuro,1
trucido,1
catena,1
seruitus,1
abripio,1
imploro,1
exerceo,1
condoceo,1
lapillus,1
tarde,1
rudis,1
edoceo,1
actuaria,1
custodio,1
assisto,1
decurio,1
saepis,1
latissime,1
porricio,1
modeste,1
tumultus,1
coram,1
prospeculor,1
praetorius,1
stilus,1
caecus,1
catapulta,1
tirocinium,1
cuiusmodi,1
cruentus,1
adipiscor,1
exsultatio,1
affinis,1
cateruatim,1
hilaro,1
leuo,1
commuto,1
uer,1
comparatio,1
ueritas,1
comprobo,1
afer,1
modius,1
negotiator,1
italicus,1
apparitor,1
procliuitas,1
degredior,1
praealtus,1
theatrum,1
peruetus,1
semihora,1
properus,1
deturbo,1
abscedo,1
permagnus,1
occaeco,1
exturbo,1
purgo,1
pretium,1
amplitudo,1
quadruplex,1
arbitratus,1
ieiunium,1
deseruio,1
residuus,1
trieris,1
consector,1
quapropter,1
quid,1
actus,1
capto,1
forsan,1
commilito,1
percieo,1
adnuo,1
secerno,1
contamino,1
sagino,1
cominius,1
nimbus,1
saxeus,1
exortus,1
uas,1
mancipium,1
acquiro,1
caritas,1
attenuo,1
perquam,1
pellis,1
harundo,1
contextus,1
imber,1
grauo,1
intempestus,1
exstinguo,1
contego,1
acumen,1
spons,1
ardesco,1
seorsum,1
absens,1
intellectus,1
retro,1
oblino,1
rupes,1
decusso,1
coniectus,1
internecio,1
incredibiliter,1
memor,1
causula,1
petulantia,1
aliquando,1
terminus,1
dissimiliter,1
egomet,1
documentum,1
auienus,1
hodie,1
indignus,1
separatim,1
marius,1
calo,1
aquinius,1
attineo,1
uiator,1
oboedio,1
purpureus,1
oportet,1
albus,1
ineptus,1
supercilium,1
promptus,1
prosilio,1
aequalis,1
substituo,1
ordior,1
triplex,1
praedator,1
centum,1
appropero,1
iactatus,1
mercor,1
omitto,1
periurium,1
neco,1
numero,1
condo,1
index,1
suffigo,1
hordeum,1
ficus,1
camelus,1
oppius,1
aceruus,1
pergo,1
iterum,1
ieiunus,1
placide,1
quot,1
obuerto,1
quantulus,1
comminor,1
mirifice,1
anxius,1
insector,1
uelox,1
quotienscumque,1
quonam,1
remedium,1
tegmen,1
odor,1
reformido,1
largiter,1
pertracto,1
tarditas,1
praepilatus,1
cito,1
campester,1
concipio,1
illic,1
abhorreo,1
supersedeo,1
carpo,1
mercator,1
merx,1
treceni,1
dextrorsum,1
marcius,1
derecto,1
satago,1
penuria,1
opportunus,1
interior,1
salina,1
luno,1
citatim,1
incutio,1
quini,1
aemulor,1
pauidus,1
inconstanter,1
portendo,1
placeo,1
clamito,1
concieo,1
frequenter,1
stipo,1
semifactus,1
ruo,1
maurus,1
subdo,1
innitor,1
uibro,1
eneco,1
sublimis,1
extollo,1
umbilicus,1
ingredior,1
salutatio,1
tullius,1
impunitas,1
dedux,1
diuinus,1
digressus,1
constringo,1
acerbus,1
iulius,1
faueo,1
ulcisco,1
posteaquam,1
queo,1
sedo,1
importunitas,1
intendo,1
hortatus,1
assentio,1
dormio,1
anima,1
exspiro,1
medicus,1
obligo,1
diuello,1
interimo,1
integritas,1
sepultura,1
obuius,1
caecinus,1
accuso,1
uenditio,1
exsanguis,1
promereo,1
despero,1
millies,1
pensio,1
exopto,1
construo,1
gaza,1
cremo,1
penas,1
asporto,1
praenuntio,1
utrobique,1
gladiatorius,1
imbecillus,1
f,1
torquatus,1
irrogo,1
hadrumetinus,1
arbiter,1
pondo,1
humilitas,1
idus,1
decuma,1
pendeo,1
proueho,1
testudo,1
musculus,1
apto,1
foramen,1
contignatio,1
structura,1
pauimentum,1
meridies,1
large,1
cunctatio,1
conquisitor,1
conueho,1
pubes,1
semoueo,1
celeber,1
quacumque,1
uia,1
angiportum,1
triplico,1
obduco,1
quadratus,1
ambulatorius,1
funis,1
platea,1
apparatus,1
suggero,1
ingeniosus,1
imito,1
infesto,1
maturus,1
filia,1
eunuchus,1
nutricius,1
suffodio,1
priuo,1
liquesco,1
subsido,1
limosus,1
turbidus,1
admonitus,1
uicatim,1
extractum,1
intersaepio,1
sapor,1
uulgo,1
degusto,1
bibo,1
incedo,1
celo,1
apparo,1
disto,1
descisco,1
temerarius,1
absumo,1
aptus,1
proditio,1
naturaliter,1
proinde,1
obliuiscor,1
fodio,1
operosus,1
occursus,1
dediticius,1
continenter,1
praedor,1
noto,1
casurus,1
remulcum,1
reparo,1
incubo,1
exigo,1
portorium,1
porticus,1
gymnasium,1
detego,1
asser,1
postremo,1
seruio,1
remigium,1
circumuehor,1
dubitanter,1
malleolus,1
dimidius,1
rhodium,1
circumsisto,1
dispar,1
transuersus,1
detergeo,1
spectaculum,1
uotum,1
effugium,1
incertum,1
perpaucus,1
caueo,1
contubernalis,1
prosum,1
adaequo,1
biremis,1
protego,1
asperitas,1
mobiliter,1
scienter,1
pertempto,1
membrum,1
debilito,1
enato,1
communio,1
artus,1
obtendo,1
excursus,1
oppleo,1
obstruo,1
area,1
propero,1
exaudio,1
alleuo,1
egero,1
quandocumque,1
diuulgo,1
admonitum,1
taedium,1
puella,1
fiduciarius,1
pactum,1
dimissus,1
conuenae,1
consulo,1
praeclarus,1
deformo,1
adultus,1
erudio,1
degenero,1
fleo,1
iucundus,1
carcer,1
profundo,1
prudens,1
infirmitas,1
propensus,1
claustrum,1
multiplex,1
perseuerantia,1
paco,1
similitudo,1
rideo,1
influo,1
impar,1
ignauia,1
certo,1
trano,1
excido,1
pertimesco,1
pertendo,1
lassus,1
electissimus,1
discurro,1
perturbatio,1
aceruatim,1
dignus,1
fructus,1
uestis,1
dominor,1
sacer,1
offensus,1
iro,1
consolo,1
gratulatio,1
testamentum,1
impotenter,1
fideliter,1
coerceo,1
persoluo,1
infamis,1
occupatio,1
denuntiatio,1
tumultuarius,1
iuste,1
siluester,1
finio,1
paganus,1
obuersor,1
decipio,1
anteeo,1
reicio,1
appeto,1
forma,1
castellanus,1
gratus,1
propinquitas,1
instauro,1
gabinius,1
exinanio,1
infidelis,1
crebro,1
pressus,1
foedus,1
ualetudo,1
praeparatio,1
aeger,1
oct,1
turbulentus,1
deinceps,1
fortuitus,1
remigo,1
admirandus,1
transilio,1
mergo,1
myoparo,1
breui,1
mutuus,1
difficulter,1
dissimulo,1
compenso,1
offensio,1
contractus,1
aes,1
exsoluo,1
liberalitas,1
largitor,1
grex,1
quaestus,1
euidens,1
sordidus,1
uadimonium,1
interpello,1
impensa,1
requies,1
describo,1
uigilans,1
postmeridianus,1
basilica,1
libellus,1
corripio,1
lictor,1
confidentia,1
municeps,1
inuolo,1
saucio,1
plaga,1
refert,1
gratulor,1
secundani,1
secor,1
excrucio,1
profiteor,1
uere,1
cruciatus,1
sestius,1
auaritia,1
misceo,1
utrum,1
militia,1
sacramentum,1
redemptio,1
inspicio,1
unetuicesimani,1
thorium,1
aeque,1
potens,1
certe,1
fateor,1
prodo,1
mater,1
praetextatus,1
deformitas,1
possessio,1
redundo,1
aequum,1
silentium,1
continuo,1
pabularis,1
foueo,1
exter,1
compono,1
obsequium,1
interdico,1
indutia,1
complano,1
indignatio,1
correpo,1
periculose,1
flecto,1
commode,1
tribunicius,1
ambitio,1
indulgentia,1
dissoluo,1
praefero,1
cilicium,1
impendeo,1
inflatus,1
uiritim,1
tyrannus,1
dynastes,1
tarsus,1
bellona,1
dea,1
maius,1
sacerdotium,1
repeto,1
hereditas,1
depositum,1
habitus,1
iudex,1
decretum,1
defensio,1
coarguo,1
lentulus,1
exercitatio,1
crebritas,1
deminuo,1
satisfacio,1
repraesento,1
mitis,1
officiosus,1
negotior,1
exseco,1
uirilitas,1
publicanus,1
penes,1
donum,1
liberaliter,1
promissum,1
lentus,1
pactio,1
frustro,1
consero,1
zelo,1
circumpono,1
peruulgo,1
ostentatio,1
auspicium,1
uicies,1
irrideo,1
inanis,1
coartatio,1
sanus,1
trepidatio,1
falcatus,1
quadriga,1
permisceo,1
benignitas,1
bellicus,1
detrudo,1
profligo,1
totiens,1
recordatio,1
recepto,1
caelius,1
pergamenum,1
aegyptus,1
pergama,1
cognatio,1
possido,1
