,count
sum,1959
qui,1792
et,1657
in,1352
is,812
rex,784
non,684
cum,665
ad,662
ut,560
hic,552
ipse,500
sed,468
ab,466
quam,451
suus,449
sui,421
ille,401
possum,389
ex,351
omnis,335
iubeo,304
quisque,272
edo,267
nec,267
alius,266
hostis,262
si,227
magnus,225
animus,223
urbs,220
ne,217
iam,216
ego,216
etiam,212
multus,212
num,207
miles,206
deinde,201
corpus,193
habeo,192
ceterus,190
quidem,190
idem,181
inter,178
res,171
mille,167
ac,164
quis,162
uideo,159
credo,159
quod,156
gens,153
itaque,153
haud,150
per,149
eques,148
dies,148
tamen,146
quippe,143
tantus,139
tu,139
primus,134
manus,133
exercitus,130
facio,128
modo,127
aut,125
coepio,124
arma,124
fortuna,123
agmen,123
meus,123
dico,121
sequor,120
capio,118
fides,115
regio,114
totus,113
unus,112
consilium,109
ante,108
tum,108
uolo,107
pars,106
terra,106
ulter,105
amnis,105
de,105
do,104
peruenio,103
amicus,103
iter,103
imperium,102
bellum,102
inquam,102
mos,101
ergo,101
equus,100
dux,100
uis,99
deus,99
trado,98
tuus,97
peto,96
ingens,96
quoque,96
acies,95
igitur,94
tam,94
mare,93
copia,92
at,92
regius,92
adeo,92
locus,92
opus,89
enim,89
nihil,88
fero,88
excipio,86
regnum,85
nunc,84
pro,82
uos,82
castrum,81
atque,81
occupo,80
quia,80
alexander,79
periculum,79
magis,78
mons,78
nos,77
caput,76
duo,74
uenio,73
ago,73
quidam,73
sine,71
sto,71
uictor,70
armatus,70
ceterum,70
an,70
nomen,70
spes,70
nullus,70
accipio,69
tot,69
mors,68
causa,68
uir,68
mitto,68
metus,68
inde,67
post,67
autem,67
liber,66
uinco,64
solus,64
procul,64
admoueo,63
fuga,62
nox,62
relinquo,62
hinc,62
ita,61
adhuc,61
nisi,61
uerus,61
paucus,60
tandem,60
aurum,59
telum,59
apud,58
ostendo,58
ubi,58
captiuus,58
uictoria,58
occido,58
cognosco,57
oculus,57
ueho,57
uestis,56
maxime,56
flumen,56
modus,56
aqua,55
proelium,54
murus,54
fama,54
uox,54
gloria,54
tempus,53
reddo,53
uterque,53
magnitudo,53
filius,53
species,52
rursus,52
uel,51
occurro,51
uelut,51
praeficio,51
simul,51
pater,51
ops,50
moueo,50
intro,50
nuntio,50
fugio,50
medius,49
salus,49
saxum,49
nam,49
tabernaculum,49
proximus,48
nouus,48
uix,48
ira,48
bonus,48
nauigium,48
eo,47
duco,47
plerus,47
datum,47
iuuenis,47
deficio,47
praeter,47
dum,47
latus,46
audeo,46
respondeo,46
stadium,45
currus,45
quoius,45
signum,45
uero,45
grauis,45
homo,45
uiuo,45
par,45
cornu,45
patior,44
natura,44
uulnus,44
audio,44
uester,44
finis,43
procedo,43
pes,43
peditum,43
conspicio,43
ripa,43
quantus,43
paulus,42
siue,42
namque,42
dedo,42
ignis,42
nemo,42
exspecto,42
debeo,42
scelus,42
multitudo,42
appello,41
praesidium,41
lux,41
classis,41
posterus,40
uoco,40
statuo,40
littera,40
similis,40
ullus,40
quisquis,40
auctor,40
fere,39
spatium,39
soleo,39
discrimen,39
supplicium,39
uita,39
iugum,39
quisquam,39
ob,39
ratus,39
interficio,39
gratia,39
pugna,39
noster,39
campus,38
satis,38
arbor,38
habitus,38
cura,38
mater,38
fatigo,38
ordo,38
sub,38
sanguis,38
quamquam,38
barbarus,38
cogo,38
frater,38
sicut,37
fortis,37
subeo,37
tunc,37
secor,37
offero,37
transeo,37
patrius,37
os,37
colo,36
undique,36
recipio,36
legatus,36
paro,35
incola,35
moles,35
factum,35
uirtus,35
aetas,35
nauis,35
malus,35
alter,35
defero,35
labor,35
nondum,35
hasta,35
dubito,34
praeda,34
sic,34
donum,34
singulus,34
sustineo,34
super,34
ineo,34
auris,34
honor,34
dignus,34
scio,34
saepe,34
timeo,34
traho,33
nobilis,33
pecunia,33
coniunx,33
praemitto,33
laeuus,32
impono,32
diu,32
princeps,32
praesum,32
adicio,32
dolor,32
laetus,32
tergum,32
belua,32
turris,31
absum,31
iungo,31
parens,31
femina,31
omitto,31
praesens,31
territus,31
ius,31
refero,31
gero,30
conspectus,30
sedes,30
consto,30
cultus,30
conuiuium,30
dimico,30
comperio,30
alienus,30
uultus,30
tueor,30
uincio,30
insto,30
sermo,30
confiteor,30
custos,29
suimet,29
tutus,29
impetus,29
muto,29
permitto,29
perpetuus,29
petra,29
aperio,29
reuertor,29
modicus,29
uentus,29
intueor,29
uastus,29
mens,29
caedes,29
talentum,28
ibi,28
excedo,28
sol,28
experior,28
decerno,28
obicio,28
iustus,28
semper,28
quaero,28
redeo,28
humanus,28
clamor,28
leuis,28
excito,28
extinguo,28
contio,28
gladius,28
longus,27
dictum,27
circa,27
pedes,27
altus,27
forte,27
supero,27
solum,27
caelum,27
fallo,27
supersum,27
superuenio,27
solitudo,27
paruus,27
praesto,27
potestas,27
persequor,27
teneo,27
facinus,27
aureus,27
talis,26
memoria,26
munimentum,26
tertius,26
eximius,26
lacrima,26
praeceps,26
gigno,26
quasi,26
dexter,26
dimitto,26
domus,26
oppidum,26
adsum,26
impleo,26
uniuersus,25
specto,25
iaceo,25
obsideo,25
fastigium,25
reperio,25
subinde,25
retineo,25
cursus,25
summa,25
parum,25
praetor,25
cedo,25
certamen,25
elephantus,25
donec,25
haereo,25
positus,25
propior,25
prohibeo,25
turbo,25
exsequor,25
indicium,25
insula,25
cunctus,25
usus,24
mano,24
coeo,24
arx,24
condo,24
emineo,24
iussus,24
inhibeo,24
placeo,24
impero,24
uestigium,24
secundus,24
opprimo,24
cado,24
patria,24
perseuero,24
postquam,24
suadeo,24
humus,24
certus,24
impedimentum,23
antea,23
motus,23
ualidus,23
silua,23
militaris,23
pariter,23
infero,23
aditus,23
euado,23
circumeo,23
certe,23
phalanx,23
ingenium,23
uereor,23
spiritus,23
destino,23
praebeo,23
inueho,23
clipeus,23
defectio,23
aegre,22
obsidio,22
praefero,22
aequo,22
inicio,22
seruo,22
argentum,22
tristis,22
inuictus,22
nuper,22
affirmo,22
editus,22
saltus,22
silentium,22
somnus,22
qua,22
terreo,22
aduersus,22
dextra,22
ratio,22
rego,22
insidiae,22
orbis,22
numerus,22
scribo,22
subito,22
tormentum,22
pax,22
interim,21
quin,21
ferrum,21
ingredior,21
turba,21
acer,21
nemus,21
genus,21
auxilium,21
angustia,21
ignarus,21
subigo,21
diuido,21
desero,21
uicus,21
tego,21
agnosco,21
aestimo,21
numquam,21
parco,21
praeparo,21
amitto,21
perses,21
imperatum,21
sperno,21
ultra,21
protinus,21
iste,21
fiducia,21
perduco,21
desertum,20
expedio,20
sane,20
cerno,20
pristinus,20
pecus,20
longe,20
exemplum,20
moror,20
sentio,20
comito,20
transfuga,20
tres,20
subsisto,20
praemium,20
ignoro,20
orior,20
ignotus,20
libertas,20
fera,20
strenue,20
olim,20
uetus,20
liceo,20
uinculum,20
utique,19
oratio,19
paulatim,19
fons,19
promptus,19
uicis,19
conuerto,19
iacio,19
immineo,19
uinum,19
epula,19
consido,19
mitigo,19
metuo,19
excutio,19
sagitta,19
felicitas,19
lingua,19
sors,19
obruo,19
comprehendo,19
pateo,19
perfero,19
eligo,19
popularis,19
abeo,19
clades,19
stirps,19
desum,19
facile,19
obsto,19
intra,19
bellus,18
mox,18
spado,18
tectum,18
propter,18
artus,18
aduentus,18
deditio,18
grex,18
externus,18
regno,18
molior,18
effusus,18
adduco,18
uigilia,18
accendo,18
natio,18
terror,18
indico,18
interrogo,18
admoneo,18
precor,18
rupes,18
penetro,18
ramus,18
ciuis,18
uerto,18
praecipio,18
fio,18
breuis,18
dicio,18
intuor,18
pignus,18
contra,18
expeto,18
meritum,18
concipio,18
pareo,18
destitutus,18
emitto,18
philippus,18
expono,17
ager,17
uulgo,17
emetior,17
interuallum,17
laus,17
custodia,17
compono,17
obtineo,17
deligo,17
fremitus,17
puer,17
sacer,17
occulo,17
anceps,17
secum,17
quies,17
leuo,17
adhibeo,17
necessitas,17
facies,17
nudus,17
suspicio,17
potis,17
propemodum,17
adsuetus,17
quondam,17
consumo,17
malo,17
oro,17
recedo,17
euentus,17
creber,17
fluctus,17
inuicem,17
repente,17
libero,17
macedonus,17
desperatio,16
doceo,16
uates,16
exigo,16
uisum,16
stipes,16
onero,16
uiso,16
commeatus,16
cohors,16
egregius,16
sententia,16
falsus,16
senex,16
ludibrium,16
solacium,16
extra,16
ignobilis,16
urgeo,16
regina,16
incido,16
uerro,16
remedium,16
fretus,16
oraculum,16
consulo,16
continens,16
uarius,16
poena,16
infestus,16
lacero,16
ars,16
intendo,16
terminus,16
attono,16
unde,16
potius,16
ruo,16
includo,16
pauor,16
clarus,16
uanus,16
remitto,16
paene,16
inuidia,16
inuado,16
secus,16
uxor,16
sollicitudo,16
temeritas,16
soluo,16
curtius,15
intactus,15
supra,15
corona,15
sidus,15
premo,15
pons,15
desiderium,15
minister,15
exaudio,15
gradus,15
sagittarius,15
materia,15
propinquus,15
dorsum,15
incutio,15
eminens,15
aestus,15
inuius,15
frons,15
gemitus,15
diuersus,15
celeritas,15
misericordia,15
pono,15
membrum,15
utor,15
carus,15
erigo,15
prius,15
incendium,15
equidem,15
profecto,15
amicitia,15
sarcina,15
sanus,15
forsitan,15
seruus,15
uehiculum,15
paucitas,15
ora,15
acceptum,15
contentus,15
sumo,15
memini,15
insignis,15
dominus,15
admitto,15
concito,15
queror,15
spolium,15
condio,15
annus,15
equitatus,15
aufero,15
cogitatio,15
pugno,15
ictus,15
crimen,15
inimicus,15
cur,15
status,14
paelex,14
claudo,14
altitudo,14
alo,14
radix,14
amor,14
uictus,14
cupiditas,14
pudor,14
distribuo,14
conuenio,14
subduco,14
procumbo,14
alueus,14
ortus,14
caesum,14
impedio,14
prex,14
clementia,14
committo,14
recuso,14
haurio,14
alleuo,14
armiger,14
praecipue,14
ferme,14
nota,14
loquor,14
beneficium,14
uiuus,14
interior,14
rarus,14
uestibulum,14
expleo,14
honestus,14
sino,14
medicus,14
proinde,14
communis,14
tempto,14
agito,14
repeto,14
index,14
intentus,14
occasio,14
reuoco,14
propius,14
mutuus,14
iumentum,14
robur,14
particeps,14
uehementer,14
medium,14
exsisto,14
ratis,14
uulnero,14
augeo,14
amissum,14
uindico,14
fructus,14
censeo,14
epistula,14
aptus,13
fames,13
pretiosus,13
celeriter,13
gratus,13
dispono,13
cumulo,13
oppidanus,13
pretium,13
proditor,13
peregrinus,13
sonus,13
subicio,13
restituo,13
prodo,13
praetereo,13
peritus,13
callis,13
praeruptus,13
deprehendo,13
caedo,13
commoueo,13
temere,13
frustra,13
moneo,13
cibus,13
abstineo,13
miserabilis,13
consequor,13
graecus,13
incertus,13
tolero,13
redigo,13
inuenio,13
hercule,13
insequor,13
curo,13
aequus,13
impetro,13
quicumque,13
dubius,13
finio,13
interimo,13
socius,13
litus,13
praecipito,13
pronuntio,13
moenia,13
casus,13
uirgo,13
effero,13
uter,13
seditio,13
ceruix,13
sollicitus,13
prosterno,13
contineo,13
arcesso,13
reus,13
polliceor,13
onus,12
eadem,12
inferus,12
humor,12
irrumpo,12
flos,12
prodeo,12
alimentum,12
specus,12
summum,12
merces,12
dono,12
opulentia,12
spero,12
forma,12
subdo,12
leuiter,12
erubesco,12
filia,12
ingero,12
militia,12
pertineo,12
frequens,12
torrens,12
uia,12
castra,12
incedo,12
uertex,12
festino,12
cupio,12
unicus,12
uilis,12
semetipse,12
accedo,12
genu,12
uerbum,12
pario,12
mitis,12
ni,12
hortor,12
nuntius,12
parricida,12
fleo,12
insidior,12
appeto,12
amplius,12
nego,12
demum,12
accepta,12
uro,12
missus,12
constituo,12
introduco,12
unda,12
celebro,12
laxo,12
usque,12
caligo,12
excubo,12
situs,12
denuntio,12
desidero,12
saltem,12
saucius,12
uitium,12
opera,12
mereo,12
auctoritas,12
coniuro,12
nosco,12
foris,11
plenus,11
pergo,11
necessarius,11
noto,11
angustus,11
quartus,11
effundo,11
confugio,11
supplex,11
carmen,11
complector,11
instruo,11
duro,11
imito,11
ludus,11
identidem,11
adiunctus,11
testis,11
uelocitas,11
rudis,11
contingo,11
recido,11
uiolo,11
tutela,11
obiectum,11
responsum,11
uenia,11
cogito,11
miser,11
inultus,11
protego,11
plurimus,11
damnatus,11
sacrificium,11
monstro,11
difficilis,11
pridie,11
porto,11
nix,11
commilito,11
antequam,11
detraho,11
comes,11
fundo,11
fraus,11
adfectus,11
cumque,11
defungor,11
fors,11
saeuitia,11
cunctor,11
passim,11
induo,11
prope,11
castigo,11
abhorreo,11
domo,11
intersum,11
tendo,11
fluo,11
lex,11
auersor,11
societas,11
asper,11
stringo,11
officium,11
qualis,11
securus,11
alloquor,11
percontor,11
arbiter,11
damno,11
uelo,11
eripio,11
confodio,11
contendo,11
aliquis,11
affero,11
apparatus,11
gesto,11
alacritas,11
profundus,11
utrimque,11
circumdo,11
auis,11
oriens,11
inconditus,11
corrumpo,11
demo,11
uotum,11
animal,11
deuinco,11
obscurus,11
decem,11
quoniam,11
utcumque,11
inuisus,11
coniunctus,10
conuoco,10
abundo,10
auidus,10
disco,10
supellex,10
repleo,10
munio,10
benigne,10
luxuria,10
interfluo,10
renouo,10
lego,10
promitto,10
arbitro,10
requiro,10
purpura,10
decipio,10
nefas,10
finitimus,10
auersus,10
exiguus,10
faux,10
scutum,10
planities,10
oppono,10
tumultus,10
terribilis,10
auerto,10
praealtus,10
diripio,10
paenitentia,10
frumentum,10
comparo,10
crudelitas,10
trucido,10
desilio,10
ulcisco,10
taceo,10
obsequium,10
effugio,10
parricidium,10
pernicies,10
assequor,10
inuoco,10
oportet,10
aduento,10
compleo,10
ministerium,10
aeger,10
reliquus,10
quattuor,10
sitis,10
traicio,10
intellego,10
inopia,10
obliuiscor,10
superus,10
applico,10
intercipio,10
remus,10
dirigo,10
torpeo,10
biduus,10
comminus,10
impello,10
acquiesco,10
exploro,10
iacto,10
cupido,10
mortalis,10
satelles,10
gemma,10
praepono,10
torqueo,10
extendo,10
pectus,10
admodum,10
quotiens,10
exspectatio,10
exprimo,10
segnis,10
cicatrix,10
obtero,10
confundo,10
fateor,10
profugio,10
milito,10
superbia,10
satrapes,10
suspectus,10
conscius,10
ferox,10
profiteor,10
lectus,10
aduersum,9
maturus,9
studium,9
leo,9
coerceo,9
harena,9
umbra,9
disciplina,9
dubie,9
cubiculum,9
praesideo,9
fortitudo,9
mensa,9
omen,9
oborior,9
ueneror,9
lenis,9
addo,9
iactus,9
eminus,9
morior,9
deprecor,9
repugno,9
contemptus,9
ritus,9
illinc,9
promissum,9
bene,9
maneo,9
pendeo,9
rumpo,9
educo,9
erumpo,9
abrumpo,9
paeniteo,9
spectaculum,9
calamitas,9
mirus,9
sponte,9
luxus,9
auaritia,9
cremo,9
contraho,9
tempestas,9
frigus,9
antecedo,9
efficio,9
exitus,9
accola,9
erga,9
expertus,9
ingratus,9
arbitrium,9
asseruo,9
simulo,9
purgo,9
conscientia,9
discedo,9
fatum,9
quiesco,9
strenuus,9
adimo,9
uallis,9
superbe,9
postulo,9
sterilis,9
distinctus,9
sufficio,9
felix,9
templum,9
agrestis,9
adorior,9
accido,9
facilis,9
destinatum,9
obduco,9
appareo,9
complexus,9
iniuria,9
neco,9
firmo,9
lubricus,9
statiuus,9
color,9
fulgor,9
beneuolentia,9
hercules,9
obses,9
totidem,9
compos,9
improuisus,9
postea,9
usurpo,9
diuturnus,9
gaudium,9
progredior,9
lancea,9
linquo,9
quaeso,9
quot,9
extraho,9
insons,9
defendo,9
detrecto,9
cohaereo,8
celeber,8
dictus,8
percello,8
praeterea,8
cauerna,8
adultus,8
regia,8
latitudo,8
quadriga,8
astringo,8
stratum,8
inmodicus,8
purpuratus,8
dedecus,8
aduenio,8
otium,8
iudico,8
uisus,8
attribuo,8
tuba,8
incredibilis,8
missa,8
pietas,8
ignosco,8
uasto,8
cacumen,8
superstitio,8
collis,8
saluber,8
sensim,8
statio,8
concurro,8
fulgeo,8
pedester,8
dispar,8
prior,8
superbus,8
orsus,8
expugno,8
praeteritus,8
uasum,8
tugurium,8
incendo,8
assentio,8
inmitto,8
grauor,8
documentum,8
decus,8
desino,8
initium,8
contemno,8
circumsto,8
proditio,8
interpres,8
differo,8
desperatus,8
miror,8
circumfero,8
discurro,8
excogito,8
utpote,8
calcar,8
accenseo,8
consisto,8
inanis,8
descendo,8
admiror,8
nimius,8
strepitus,8
praecipuus,8
potens,8
flamma,8
exaestuo,8
prora,8
succedo,8
loco,8
religio,8
lorica,8
portus,8
existimo,8
naturalis,8
nomino,8
porta,8
defluo,8
ardor,8
largus,8
uadum,8
dispergo,8
calor,8
natus,8
interfector,8
iuppiter,8
spiculum,8
formido,8
odium,8
indus,8
discutio,8
palam,8
aggredior,8
adsuesco,8
turma,8
exsanguis,8
immemor,8
cesso,8
uulgus,8
irascor,8
senectus,8
ciuilis,8
potentia,8
exolesco,8
erepo,8
curro,8
ualeo,8
absoluo,8
expeditio,8
licentia,8
publicus,8
coniungo,7
opulentus,7
morbus,7
satietas,7
percurro,7
egredior,7
argenteus,7
uetustas,7
numero,7
meo,7
trecenti,7
conductum,7
denarius,7
domesticus,7
plerumque,7
camelus,7
aspernor,7
munus,7
soror,7
occulte,7
matrimonium,7
industria,7
pronus,7
rabies,7
impunis,7
haesito,7
receptus,7
contego,7
spatiosus,7
bis,7
captus,7
arduus,7
adiuuo,7
ala,7
remotus,7
reficio,7
implico,7
integer,7
memorabilis,7
amputo,7
simulacrum,7
pudet,7
abscondo,7
fastidio,7
prorsus,7
lateo,7
aspectus,7
commercium,7
serus,7
excidium,7
sex,7
imber,7
constantia,7
merus,7
fax,7
deleo,7
sollicito,7
mehercule,7
posteritas,7
licet,7
nobilitas,7
uetustus,7
adorno,7
haudquaquam,7
gubernator,7
auspicium,7
exhaurio,7
odi,7
inexpertus,7
secerno,7
abduco,7
moneris,7
aduerto,7
maiestas,7
ueneratio,7
consternatio,7
ruina,7
utinam,7
celo,7
eludo,7
nolo,7
abicio,7
paulo,7
paulisper,7
pauidus,7
galea,7
maritimus,7
populo,7
aeternus,7
indignatio,7
patientia,7
destituo,7
recipero,7
fidus,7
commissum,7
euerto,7
aio,7
diuinus,7
uelum,7
priusquam,7
truncus,7
feruidus,7
subitus,7
rapio,7
solutus,7
summoueo,7
diffundo,7
capto,7
uoluntas,7
interpello,7
palus,7
penna,7
septentrio,7
patera,7
immortalitas,7
bactrianus,7
ducenti,7
falcatus,7
recens,7
habena,7
luna,7
lumen,7
interritus,7
dumtaxat,7
condicio,7
macedonia,7
dissimulo,7
circumfundo,7
incurro,7
uigor,7
cingo,7
instinctus,7
ubique,7
refugio,7
uito,7
quisnam,7
circuitus,7
deduco,7
maestus,7
produco,7
prouincia,7
utilis,7
puto,7
suspendo,7
supprimo,7
medicamentum,7
anulus,7
sepelio,7
poculum,7
latro,7
ualetudo,7
nauigo,7
oblino,7
festinatio,7
inops,7
discordia,7
reparo,6
principium,6
confirmo,6
congero,6
odor,6
campester,6
amplus,6
bitumen,6
obuiam,6
magnificentia,6
continuus,6
circumuenio,6
demissus,6
rigo,6
pondus,6
irrito,6
hospes,6
stuprum,6
debilis,6
quo,6
uenor,6
supplementum,6
stipendium,6
certo,6
septimus,6
eximo,6
fumus,6
spons,6
transfero,6
hora,6
maestitia,6
indutus,6
debitum,6
siluestris,6
tractus,6
excurro,6
obsido,6
concedo,6
satrapa,6
quintus,6
ascendo,6
nitor,6
propello,6
retro,6
aperto,6
meridies,6
eueho,6
herba,6
populus,6
dilabor,6
adueho,6
sin,6
bestia,6
uorago,6
interniteo,6
fodio,6
raptim,6
diruo,6
induco,6
multiplex,6
ultor,6
conclamo,6
uallum,6
rogo,6
scilicet,6
pius,6
opto,6
misereor,6
armentum,6
onustus,6
obuius,6
aedes,6
gelu,6
perfringo,6
erro,6
indoles,6
uoluptas,6
tolerabilis,6
temulentus,6
scortum,6
late,6
funditor,6
ignauus,6
precarius,6
malum,6
nouo,6
subsum,6
acinaces,6
secedo,6
ostento,6
desisto,6
incolumis,6
titulus,6
stimulo,6
negotium,6
nexus,6
pereo,6
paratus,6
arguo,6
inclino,6
perspicio,6
eos,6
lugubris,6
cito,6
pellis,6
nocturnus,6
adiungo,6
incompositus,6
alioqui,6
nubes,6
scruto,6
sensus,6
quantuscumque,6
indignus,6
continentia,6
interdum,6
persicus,6
pendo,6
incautus,6
assumo,6
pulsus,6
missilis,6
cruor,6
portendo,6
furo,6
cresco,6
puppis,6
falx,6
omnino,6
orno,6
transfigo,6
mensis,6
origo,6
dos,6
eodem,6
concilium,6
perterreo,6
uergo,6
luo,6
cupidus,6
funus,6
capesso,6
summitto,6
transitus,6
opportunus,6
coniecto,6
egressus,6
umerus,6
obstrepo,6
audacia,6
inuitus,6
percipio,6
confido,6
deterreo,6
maeror,6
mendacium,6
nempe,6
liberalitas,6
lacesso,6
monumentum,6
alacer,6
timidus,6
temerarius,6
prosperus,6
seruio,6
ubicumque,6
perdomo,6
laetitia,6
frux,6
tamquam,6
sucus,6
deturbo,6
detego,6
opperior,6
clamito,6
eloquor,6
stupeo,6
munia,6
tollo,6
creditum,6
mecum,6
uenenum,6
humilis,6
consurgo,6
spolio,6
manifestus,6
decurro,6
extum,6
mundus,6
gaza,5
ingressus,5
repello,5
illustris,5
incito,5
stipo,5
amplector,5
spargo,5
sero,5
corripio,5
penitus,5
fundamentum,5
egero,5
illido,5
lapis,5
aeque,5
inuiolatus,5
disto,5
conuiualis,5
damnum,5
incrementum,5
praeceptum,5
fertilis,5
iudex,5
datus,5
regalis,5
thesaurus,5
sella,5
mando,5
cor,5
neptis,5
contumelia,5
excusatio,5
dulcis,5
fluuius,5
deuoluo,5
decedo,5
sisto,5
diligo,5
cognatio,5
conor,5
sollemnis,5
euoluo,5
auditus,5
pello,5
surgo,5
congredior,5
opinor,5
ignauia,5
fugo,5
propero,5
laudo,5
memoro,5
afficio,5
inuisitatus,5
infelix,5
fastidium,5
consuetudo,5
aliqui,5
infundo,5
consultum,5
aggero,5
inundo,5
moene,5
solium,5
praecedo,5
lixa,5
aduena,5
iactura,5
conseruo,5
impius,5
elabor,5
fungor,5
potior,5
cogitatum,5
lacrimo,5
conscendo,5
series,5
perpes,5
saluus,5
incipio,5
exsul,5
periculosus,5
leuitas,5
uindex,5
exhibeo,5
ululatus,5
sordidus,5
acta,5
uespera,5
momentum,5
resisto,5
trepidatio,5
lentus,5
infigo,5
scriptum,5
ascisco,5
oppugno,5
naualis,5
inclutus,5
immo,5
iuro,5
prudens,5
claritas,5
difficultas,5
ferreus,5
riuus,5
frango,5
exprobro,5
agger,5
assideo,5
remex,5
uerbero,5
culpa,5
recta,5
quinqueremis,5
turbidus,5
deueho,5
ara,5
minime,5
irritus,5
pudeo,5
auguro,5
fusus,5
crux,5
auius,5
quando,5
claustrum,5
uigil,5
arcanus,5
sabulo,5
resoluo,5
conatus,5
penuria,5
uapor,5
siccus,5
aduro,5
impotens,5
absumo,5
obluctor,5
iaculus,5
mandatus,5
quantum,5
aegritudo,5
libido,5
parcus,5
sublatus,5
praegrauis,5
persoluo,5
proficiscor,5
ardeo,5
tumulus,5
sedeo,5
prospicio,5
aestimatio,5
praeses,5
exeo,5
inermis,5
thorax,5
imbellis,5
latebra,5
decorus,5
indulgeo,5
uiscus,5
albus,5
tenuis,5
subtraho,5
placidus,5
limen,5
triginta,5
exsilium,5
sinus,5
consero,5
infra,5
muliebris,5
genero,5
heres,5
grauiter,5
flagro,5
defleo,5
caritas,5
pulcher,5
collaudo,5
superuacuus,5
quaestio,5
edico,5
confero,5
amiculus,5
aliter,5
iniquus,5
dedignor,5
bibo,5
purgamentum,5
uerber,5
trepidus,5
scelestus,5
diluo,5
anxius,5
oleum,5
alibi,5
crus,5
pertinacia,5
obequito,5
obstino,5
sapientia,5
incesso,5
quandoque,5
uerum,5
immobilis,5
distinguo,5
exorno,5
aes,5
curuo,5
pulso,5
epulor,5
cantus,5
benignitas,5
margarita,5
percutio,5
sopio,5
ordior,4
opimus,4
pinguis,4
quingenti,4
seco,4
uicinus,4
consterno,4
magus,4
cano,4
pulchritudo,4
instructus,4
cubitum,4
limus,4
firmus,4
exedo,4
usquam,4
flagitium,4
exuo,4
comitas,4
mercenarius,4
metior,4
discribo,4
conspicuus,4
accio,4
signo,4
uescor,4
depono,4
conficio,4
cauus,4
considero,4
mollis,4
cos,4
testudo,4
perpello,4
excuso,4
moderatio,4
fundus,4
consulto,4
praedico,4
intempestiuus,4
humo,4
minor,4
alluo,4
uestio,4
tempero,4
tepor,4
iterum,4
uacuus,4
triduum,4
anima,4
misceo,4
pabulum,4
quatio,4
profundo,4
delibero,4
tenebrae,4
carcer,4
optime,4
quotus,4
nobiscum,4
fortuitus,4
mortalitas,4
despero,4
penas,4
seruitus,4
immensus,4
dolabra,4
habito,4
saepio,4
colloquium,4
bellicosus,4
coma,4
decet,4
merum,4
serius,4
qualiscumque,4
surdus,4
pertinax,4
receptaculum,4
error,4
uerso,4
lucus,4
praetorius,4
simulatio,4
floreo,4
tecum,4
attineo,4
deposco,4
inhaereo,4
digredior,4
planctus,4
posco,4
transfugio,4
puluis,4
imploro,4
dissipo,4
exsto,4
oboedienter,4
possideo,4
colonia,4
etsi,4
permissus,4
paupertas,4
concutio,4
abluo,4
illudo,4
diues,4
contemplatus,4
libet,4
inualidus,4
promoueo,4
nihilum,4
iuuentus,4
centum,4
multo,4
incolo,4
superfundo,4
scalae,4
instabilis,4
coruus,4
tueo,4
caduceator,4
porrigo,4
tabulatus,4
uehemens,4
demergo,4
asser,4
collido,4
nauta,4
catena,4
numen,4
efficax,4
propugnator,4
mergo,4
affigo,4
incognitus,4
reliquiae,4
piraticus,4
raptus,4
perfidia,4
affecto,4
sancio,4
cuniculus,4
inutilis,4
moratus,4
cunctatio,4
constans,4
circumago,4
memor,4
assurgo,4
siccitas,4
procella,4
quadriduum,4
complures,4
consecro,4
occidens,4
notus,4
sacerdos,4
rector,4
capax,4
substituo,4
atheniensis,4
gratulor,4
impendo,4
debello,4
depositum,4
quinque,4
speculator,4
plaga,4
uiolentus,4
indo,4
diuisus,4
incommodus,4
strages,4
uer,4
recito,4
collabor,4
custodio,4
nescius,4
suspicor,4
eiulatus,4
nequeo,4
prouoco,4
fingo,4
respicio,4
tribuo,4
simpliciter,4
comitatus,4
item,4
lymphatus,4
trepido,4
discors,4
increpo,4
candidus,4
insolitus,4
necesse,4
admiratio,4
ordino,4
suffodio,4
incitamentum,4
eruo,4
propulso,4
auriga,4
prouideo,4
exanimo,4
adhortor,4
recingo,4
praeterfluo,4
auide,4
reduco,4
bracchium,4
planum,4
industrius,4
uibro,4
moribundus,4
offendo,4
honesto,4
deiectus,4
cohibeo,4
rumor,4
apto,4
infringo,4
possessio,4
uobiscum,4
fruor,4
ferus,4
conceptus,4
expello,4
fidelis,4
armatura,4
incumbo,4
tener,4
frondeo,4
nodus,4
escendo,4
aliquantus,4
arcus,4
mas,4
diadema,4
imprimo,4
exuro,4
equester,4
perennis,4
crater,4
muliebriter,4
male,4
ei,4
reconcilio,4
adductus,4
coniuratio,4
plebs,4
sopor,4
calo,4
quomodo,4
suborno,4
o,4
spiro,4
quamdiu,4
incubo,4
malignus,4
noxius,4
deuersorium,4
obligo,4
nequiquam,4
cruciatus,4
approbo,4
seditiosus,4
uiolentia,4
imputo,4
moderatus,4
reputo,4
ferio,4
ignominia,4
superne,4
uitis,4
rigor,4
hiems,4
sterno,4
uitalis,4
professio,4
proprius,4
canis,4
intereo,4
nudo,4
lectica,4
aduoco,4
admissum,4
cuneus,4
penso,4
no,4
defigo,4
bello,4
proueho,4
liquidus,4
infensus,4
aspicio,4
quadraginta,4
inuito,4
rigeo,4
luctus,4
innoxius,4
neue,4
cautus,4
uagor,4
conterreo,4
aspergo,4
liberi,4
ploratus,4
commemoro,4
elido,4
inuidus,4
nauticus,4
cubo,4
ornamentum,3
dis,3
cadauer,3
uber,3
uena,3
quadratum,3
altar,3
artifex,3
stata,3
denus,3
ambitus,3
perficio,3
aedificium,3
crepido,3
appono,3
struo,3
fabula,3
miraculum,3
hortus,3
amoenus,3
noceo,3
chordus,3
ebrietas,3
uelamentum,3
proicio,3
octoginta,3
tributus,3
demitto,3
praetorium,3
interdiu,3
libo,3
obsecro,3
abunde,3
depello,3
labo,3
abnuo,3
abscisus,3
peruius,3
continuo,3
umbrosus,3
semita,3
uexatio,3
obscuritas,3
flatus,3
eluuies,3
excludo,3
communio,3
fossa,3
reseruo,3
liqueo,3
abstergeo,3
familiaris,3
obliuio,3
obeo,3
mulco,3
redimo,3
careo,3
parento,3
diuitia,3
uexo,3
squalor,3
deuius,3
conplus,3
funda,3
conuiua,3
aedifico,3
perfodio,3
aestiuus,3
declino,3
aduocatus,3
conitor,3
satius,3
ultio,3
tropaeum,3
horror,3
perstringo,3
suppeto,3
ambo,3
orbus,3
taedium,3
mancipium,3
simplex,3
alienigena,3
dubitatio,3
uidelicet,3
prudenter,3
uenalis,3
nutus,3
iustitia,3
salubris,3
auello,3
diurnus,3
prospectus,3
prosequor,3
congrego,3
miro,3
rufus,3
sublimis,3
suscipio,3
proxime,3
emo,3
uenus,3
conditor,3
saluto,3
permuto,3
interea,3
mutatio,3
octo,3
large,3
hospitaliter,3
rite,3
salum,3
decretum,3
exitium,3
procerus,3
scapha,3
inlino,3
proruo,3
cumulus,3
lapsus,3
aries,3
quadriremis,3
offundo,3
cieo,3
fragor,3
deterior,3
deuincio,3
saeculum,3
ingenuus,3
funis,3
torreo,3
opportunitas,3
redimio,3
icio,3
triremis,3
clam,3
uarietas,3
mansuetudo,3
aura,3
tyrannus,3
elicio,3
rota,3
exposco,3
unguis,3
aduoluo,3
auare,3
aequor,3
enimuero,3
densus,3
caelus,3
diuus,3
adulatio,3
passus,3
appellatio,3
obnoxius,3
deuerto,3
utrum,3
praefigo,3
tigris,3
explico,3
operio,3
persica,3
rapidus,3
gurges,3
iactatio,3
impendium,3
saeuus,3
mutabilis,3
speculor,3
admonitum,3
amens,3
ingemo,3
questio,3
sanctus,3
transigo,3
misericors,3
cognatus,3
discretus,3
liberaliter,3
liberalis,3
immisceo,3
septem,3
sinister,3
circumiectus,3
intonsus,3
absentia,3
freno,3
uecors,3
perpetro,3
exonero,3
admonitus,3
locatum,3
subsidium,3
noxa,3
defodio,3
extimesco,3
ungula,3
contrarius,3
mobilis,3
obliquus,3
obuerto,3
circumuehor,3
ferociter,3
mature,3
nimirum,3
reprimo,3
defatigo,3
hebes,3
causor,3
auidius,3
fraudo,3
sudor,3
ultro,3
bellicus,3
indignor,3
tempestiuus,3
parabilis,3
excio,3
excellens,3
reuereor,3
capitalis,3
duodecim,3
colligo,3
peragro,3
expers,3
mitesco,3
fas,3
flexus,3
serpens,3
piscis,3
stagno,3
oberro,3
digno,3
purpureus,3
insigne,3
insolentia,3
obsigno,3
imperator,3
laeto,3
primo,3
sileo,3
praefor,3
amator,3
prae,3
incorruptus,3
cinctus,3
dissimulatio,3
faueo,3
contumacia,3
inuetero,3
credulus,3
familiariter,3
securitas,3
uenerabilis,3
mentio,3
orbitas,3
innocentia,3
pridem,3
uictima,3
obsolesco,3
piger,3
defensio,3
amplexus,3
laedo,3
diuino,3
ueritas,3
carnifex,3
credulitas,3
perdo,3
tortor,3
repraesento,3
affirmatio,3
profero,3
assisto,3
periclitor,3
innocens,3
diuidus,3
separo,3
denique,3
desertor,3
accusator,3
acclamatio,3
decido,3
lassitudo,3
adminiculum,3
multiplico,3
prauus,3
labes,3
uelox,3
sollerter,3
figo,3
potio,3
sextus,3
dolus,3
trux,3
propitius,3
missio,3
acte,3
deicio,3
depopulo,3
aequalis,3
pubes,3
emico,3
insisto,3
contentio,3
proficio,3
significo,3
priuatus,3
horreo,3
insatiabilis,3
clipeatus,3
nisus,3
confercio,3
adhortatio,3
hedera,3
perpetior,3
rimor,3
enitor,3
resto,3
sexaginta,3
foedus,3
gnarus,3
quinquaginta,3
lignum,3
uanitas,3
colluceo,3
ambiguus,3
sacro,3
caelo,3
mora,3
cubile,3
laxus,3
subiectum,3
mucro,3
femur,3
amiculum,3
triumphus,3
indictus,3
paternus,3
atrocitas,3
columna,3
exerceo,3
praeditus,3
degenero,3
deporto,3
nusquam,3
procax,3
insanabilis,3
tribunal,3
parumper,3
uagus,3
miseratio,3
uoluo,3
superstes,3
caelestis,3
sicuti,3
iro,3
probrus,3
indomitus,3
legatio,3
lustro,3
umquam,3
solea,3
inhabilis,3
beluus,3
contemptim,3
refert,3
nonus,3
excolo,3
regulus,3
tardus,3
instituo,3
magister,3
tympanum,3
porus,3
ductus,2
interrumpo,2
satio,2
speciosus,2
ingruo,2
fertilitas,2
perimo,2
resudo,2
interlino,2
tus,2
caneo,2
gener,2
laterculus,2
coctilis,2
commeo,2
structura,2
subministro,2
lacus,2
uulgatus,2
pila,2
amoenitas,2
maritus,2
modestus,2
matrona,2
uilitas,2
domitor,2
sagino,2
septingenti,2
duceni,2
propono,2
utilitas,2
seorsus,2
exorior,2
obuersor,2
uerecundia,2
ignoratio,2
adnuo,2
occasus,2
cratis,2
castellum,2
orator,2
colus,2
indulgentia,2
fouea,2
eicio,2
denso,2
longitudo,2
procurro,2
opacus,2
semel,2
armarium,2
demonstro,2
agema,2
concursus,2
cauo,2
minuo,2
caute,2
extemplo,2
calamitosus,2
denego,2
haustus,2
ingigno,2
detineo,2
assigno,2
ternus,2
attributus,2
refercio,2
ostentatio,2
intolerabilis,2
glacies,2
feritas,2
promineo,2
hirtus,2
usitatus,2
foedo,2
uiolarium,2
licens,2
incalesco,2
cedrus,2
aridus,2
resurgo,2
comissabundus,2
auctus,2
quousque,2
uersabilis,2
obtestor,2
inauditus,2
etiamsi,2
alieno,2
accensi,2
inflo,2
secessio,2
perago,2
timor,2
persuadeo,2
perfundo,2
rogus,2
uoluto,2
deploro,2
dissonus,2
aduolo,2
compes,2
exosus,2
palor,2
nequaquam,2
testor,2
prehendo,2
abigo,2
semiuiuus,2
triumpho,2
diligens,2
immanis,2
absens,2
percussor,2
quanto,2
repurgo,2
illuuies,2
squalidus,2
somnium,2
crimino,2
transmitto,2
hortatus,2
ostium,2
profugus,2
contractus,2
dirimo,2
fido,2
ambio,2
arceo,2
anniuersarius,2
marius,2
profundum,2
exaggero,2
remoueo,2
absorbeo,2
obtrunco,2
segniter,2
sulphur,2
debilitas,2
compages,2
strues,2
terrestris,2
bini,2
propugno,2
spissus,2
conecto,2
pertinaciter,2
intermitto,2
aereus,2
caenum,2
pestis,2
attingo,2
peruro,2
gratulatio,2
rostrum,2
euello,2
confestim,2
machina,2
nonnullus,2
praeco,2
saeuio,2
occulto,2
furto,2
denuntiatio,2
coeptum,2
refoueo,2
romanus,2
puerilis,2
obuenio,2
partio,2
praeteruehor,2
ludicer,2
aggrego,2
lembus,2
paciscor,2
horridus,2
uestigo,2
probrum,2
augurium,2
orans,2
aegyptius,2
imperito,2
octingenti,2
tenax,2
emorior,2
hio,2
temperies,2
uernus,2
salubritas,2
frigidus,2
languesco,2
effigies,2
auratus,2
propitio,2
exaedifico,2
iniustus,2
inuiso,2
otiosus,2
polenta,2
frequentia,2
madeo,2
nato,2
semianimis,2
adflictus,2
magnificus,2
interitus,2
cyprius,2
longinquus,2
temo,2
perarmatus,2
subueho,2
progressus,2
uirgultum,2
undecimus,2
consequus,2
studeo,2
adequito,2
guttur,2
suffundo,2
edoceo,2
percenseo,2
aceruus,2
gremium,2
nepos,2
paruulus,2
exclamo,2
reuoluo,2
reuerentia,2
reicio,2
stabilio,2
lugeo,2
sepultura,2
termino,2
ideo,2
expedite,2
quid,2
magnopere,2
anus,2
puella,2
mercator,2
internecio,2
nubo,2
frustror,2
hinnitus,2
explorator,2
patens,2
armo,2
degener,2
splendeo,2
umidus,2
perpendo,2
intempestus,2
fur,2
sollertia,2
alias,2
iniussu,2
raro,2
euito,2
libro,2
fortiter,2
spondeo,2
infirmus,2
aspiro,2
instar,2
appropinquo,2
excido,2
calidus,2
elanguesco,2
placide,2
aquila,2
frendo,2
lacuna,2
ouo,2
effuse,2
laco,2
poples,2
retorqueo,2
dulcedo,2
aemulatus,2
reluctor,2
ascribo,2
contubernalis,2
plaustrum,2
senus,2
permulceo,2
despicio,2
hereditarius,2
proculco,2
repercussus,2
asperitas,2
quadratus,2
amazon,2
prospecto,2
indium,2
pomum,2
nascor,2
folium,2
mel,2
tingo,2
comiter,2
bonitas,2
nouem,2
uario,2
confinis,2
latrocinium,2
factura,2
flecto,2
intorqueo,2
insero,2
adolesco,2
laqueus,2
insido,2
sexus,2
lasciuia,2
salubriter,2
aemulor,2
uenerabundus,2
seruilis,2
opportune,2
hostilis,2
praeuertor,2
perfugio,2
intestinus,2
constanter,2
constringo,2
effemino,2
iugulum,2
dimissus,2
communicor,2
armamentarium,2
occursus,2
iurgium,2
risus,2
reticeo,2
aemulatio,2
internuntius,2
inuitatus,2
ceno,2
uigilo,2
clausum,2
fatigatio,2
amentia,2
declaro,2
inuideo,2
feliciter,2
religo,2
attollo,2
ecquis,2
tenere,2
hodie,2
equuleus,2
interpono,2
stolidus,2
inuidiosus,2
clamo,2
intumesco,2
sons,2
exaequo,2
prosum,2
euerbero,2
colloquor,2
perturbo,2
excrucio,2
inquino,2
infitior,2
socer,2
triennium,2
honoro,2
concilio,2
secreto,2
amoueo,2
probabilis,2
scriba,2
inceptum,2
minae,2
infitiae,2
obstringo,2
displiceo,2
cogitate,2
recessus,2
exanimus,2
tumultuosus,2
primoris,2
intromitto,2
remaneo,2
prospere,2
gregarius,2
probo,2
libere,2
conqueror,2
gelidus,2
meridianus,2
taurus,2
senium,2
retrocedo,2
uirga,2
prosilio,2
treceni,2
caro,2
ferocia,2
canities,2
declinatio,2
feruor,2
pigeo,2
uas,2
intercludo,2
potus,2
circum,2
stramentum,2
nongenti,2
nauo,2
exstirpo,2
collum,2
mutilo,2
fascia,2
contemplo,2
difficulter,2
fibra,2
nescio,2
scius,2
egregie,2
binus,2
pernicitas,2
consaluto,2
transporto,2
sortior,2
concupisco,2
stultus,2
aliquando,2
robigo,2
bos,2
succurro,2
pactum,2
subsido,2
lorum,2
margo,2
inferia,2
subsequor,2
urus,2
insalubris,2
puteus,2
alte,2
tarde,2
frenum,2
perangustus,2
portio,2
durus,2
intellectus,2
conduco,2
circumsedeo,2
phrygius,2
adhaereo,2
innumerabilis,2
stabilis,2
impatiens,2
abstraho,2
uocifero,2
uagina,2
imago,2
tunica,2
intexo,2
sescenti,2
mulus,2
populatio,2
perpetuo,2
liquor,2
pallor,2
exspiro,2
iuuenta,2
nouitas,2
alumnus,2
nuptiae,2
sigillum,2
illucesco,2
criminatio,2
grates,2
exter,2
uiginti,2
praetergredior,2
noscito,2
comparatio,2
crinis,2
abscissa,2
cutis,2
mulier,2
consolo,2
actus,2
prouoluo,2
penes,2
crudelis,2
aggrauo,2
poenus,2
perquam,2
sospes,2
sepulchrum,2
puter,2
athenae,2
discerno,2
eloquium,2
circumfluo,2
insanio,2
sordeo,2
asiaticus,2
uenter,2
tutor,2
pie,2
peruicax,2
indecorus,2
mutus,2
persono,2
retracto,2
mortuus,2
obstreperus,2
tantum,2
praesentia,2
procellosus,2
gaudeo,2
absisto,2
tumultuor,2
concordia,2
canus,2
pacatum,2
abutor,2
aegyptus,2
formo,2
assero,2
ebur,2
securis,2
laboro,2
patefacio,2
lacertus,2
lapillus,2
latratus,2
primordium,2
solidus,2
interuenio,2
imprudens,2
dego,2
claudus,2
affinitas,2
coetus,2
aduocata,2
exanimis,2
insum,2
profluuium,2
deuoueo,2
theatrum,2
lineus,2
aulaeum,2
conuictus,2
monstrum,2
ominor,2
coactus,2
caecus,2
reuerbero,2
recurro,2
languidus,2
inconsulte,2
eno,2
insperatus,2
resono,2
pestilentia,2
coquo,2
cibarius,2
circumpendeo,2
comissor,2
conubium,2
sobrius,2
patienter,2
seruator,2
cruentus,2
nutrix,2
indigenus,2
abdo,2
sustento,2
profusus,2
respergo,2
demorior,2
suffugium,2
capital,2
mentum,2
gratuitus,2
apte,2
coram,2
repercutio,2
capillus,2
pecto,2
effectus,2
stridor,2
odorus,1
pastus,1
profluo,1
diuortium,1
utroque,1
pardalis,1
cauea,1
recognosco,1
iuger,1
laterculum,1
lapideus,1
mirabilis,1
suffulcio,1
adnecto,1
pensilis,1
proceritas,1
crassitudo,1
frugifer,1
paries,1
illicio,1
instructe,1
amicula,1
profano,1
meretrix,1
rudimentum,1
sesceni,1
quingeni,1
deses,1
numerius,1
quingenarius,1
pertica,1
delicatus,1
dromas,1
excelsus,1
ingemesco,1
hospitalis,1
assuefacio,1
lana,1
quotienscumque,1
clemens,1
insinuo,1
pluteus,1
deprecatio,1
immunitas,1
contribuo,1
pylae,1
paueo,1
subiacens,1
protero,1
ango,1
remetior,1
insepultus,1
later,1
uersus,1
platanus,1
obumbro,1
presso,1
foueo,1
pastor,1
quamuis,1
anfractus,1
planus,1
saepes,1
aceo,1
inuro,1
miseria,1
inaresco,1
fideliter,1
querulus,1
mutuo,1
fortunatus,1
ergastulum,1
detrimentum,1
domi,1
contubernium,1
consentio,1
tristitia,1
deni,1
diffugio,1
grassor,1
uoluntarius,1
supersedeo,1
concerno,1
carnis,1
tricesimus,1
profectus,1
temperantia,1
aemulus,1
ebrius,1
contabulo,1
praeclarus,1
fidelitas,1
exsulo,1
demereo,1
condono,1
maius,1
nobilito,1
nefarius,1
naufragium,1
pigre,1
fiduciarius,1
exopto,1
properus,1
stultitia,1
imperatorius,1
propalam,1
exortus,1
suppliciter,1
praesentio,1
numquid,1
copulo,1
immutabilis,1
dilato,1
perfidus,1
lar,1
praeopto,1
perosus,1
contuitus,1
intego,1
relaxo,1
dimachae,1
caueo,1
inordinatus,1
coicio,1
conuulnero,1
seuum,1
resistentia,1
credibilis,1
macero,1
sorbeo,1
domitius,1
offensus,1
rescribo,1
mactus,1
adulo,1
adnexus,1
suburbanus,1
stips,1
probitas,1
sordes,1
resideo,1
nex,1
proterue,1
humilitas,1
specimen,1
possido,1
caleo,1
tribus,1
sacrifico,1
monitum,1
africus,1
tranquillus,1
surruo,1
punicus,1
opifex,1
officina,1
strepo,1
fornax,1
excudo,1
follis,1
panis,1
gutta,1
extrinsecus,1
pertracto,1
insectatio,1
corium,1
obtendo,1
palmes,1
innitor,1
obstruo,1
antemna,1
inhorresco,1
scindo,1
eiusmodi,1
classicus,1
syracusae,1
sacrilegium,1
humanitas,1
dirus,1
illigo,1
uncus,1
dependo,1
decoquo,1
ferueo,1
inusitatus,1
diuerbero,1
abripio,1
obsero,1
seu,1
domicilium,1
renascor,1
senesco,1
conuentus,1
temporarius,1
quocumque,1
denuo,1
opinio,1
effringo,1
pirata,1
accepto,1
euomo,1
desideo,1
agilitas,1
praeteruolo,1
glaeba,1
lucto,1
uolatus,1
resido,1
cognomen,1
quaestuosus,1
munitio,1
tepidus,1
calesco,1
decresco,1
accommodo,1
umbilicus,1
smaragdus,1
coagmento,1
contumax,1
peregrinatio,1
uectigal,1
commigro,1
pasta,1
cultura,1
crepida,1
aequum,1
praedo,1
cratera,1
idoneus,1
dimidium,1
tegumentum,1
lamina,1
terni,1
radius,1
equitabilis,1
contemptor,1
fumo,1
obscuro,1
luctatio,1
fluito,1
hebeo,1
emergo,1
uigeo,1
relatus,1
abdico,1
expromo,1
morator,1
socrus,1
redundo,1
necessitudo,1
inuitamentum,1
gemo,1
parca,1
amans,1
suspiro,1
caste,1
pudicitia,1
specio,1
uendo,1
clementer,1
ueneficus,1
affor,1
oriundus,1
fluctuo,1
nitidus,1
exquiro,1
furtum,1
parate,1
inspiro,1
edictum,1
uerbena,1
praeeo,1
detorqueo,1
anxietas,1
marceo,1
saepis,1
compello,1
tactus,1
asseuero,1
transcurro,1
exinanio,1
murex,1
interequito,1
reprehendo,1
dissimilis,1
circumstantia,1
diutinus,1
cultor,1
prouidus,1
elegi,1
aculeus,1
preterea,1
affligo,1
fragilitas,1
extremus,1
propere,1
nuntia,1
arripio,1
praecox,1
uallus,1
ile,1
profligatus,1
occumbo,1
paululum,1
laureus,1
subuenio,1
refreno,1
languidius,1
langueo,1
queo,1
proh,1
praecordia,1
tumultuarius,1
extraordinarius,1
foede,1
miserabiliter,1
mars,1
dominatio,1
dissentio,1
probe,1
achaei,1
perpoto,1
peruigilo,1
insanus,1
querela,1
inconsultus,1
graecia,1
uerecunde,1
congiarius,1
percrebesco,1
conquestus,1
boeotius,1
ecce,1
enumero,1
rigidus,1
maturitas,1
scintilla,1
neglegentia,1
pecco,1
egeo,1
festinus,1
merito,1
fugitiuus,1
incursio,1
alueolus,1
dispenso,1
chalybs,1
argumentum,1
relabor,1
uua,1
quercus,1
aruus,1
exulo,1
hospitium,1
nonagesimus,1
sponsio,1
uireo,1
circulus,1
uimen,1
latibulum,1
gemino,1
pueritia,1
papilla,1
perlustro,1
communico,1
femininus,1
eminentia,1
infectus,1
restinguo,1
habilis,1
correpo,1
herbidus,1
obmolior,1
fauonius,1
torridus,1
inardesco,1
iniectus,1
sono,1
intermorior,1
semustulo,1
supinus,1
periurium,1
attamen,1
incoho,1
pudicus,1
sciscitor,1
rescisco,1
perturbatio,1
dilatio,1
scitum,1
iocus,1
delatio,1
acerbitas,1
inquiro,1
recepto,1
prouidentia,1
reformido,1
lauo,1
praepotens,1
consanguineus,1
punio,1
hisco,1
taedeo,1
praesente,1
egomet,1
praesertim,1
crucio,1
iudicium,1
digressus,1
indormio,1
sceleratus,1
condormio,1
furia,1
consummo,1
inimicitia,1
natiuus,1
praedicatio,1
orbo,1
procreo,1
aduersor,1
adulescentia,1
cunctanter,1
repulsus,1
recte,1
proturbo,1
uicinia,1
rusticus,1
consul,1
incolumitas,1
discerpo,1
ulcus,1
flagellum,1
ludificor,1
coniectura,1
indigne,1
adopto,1
proauus,1
adulescens,1
crudeliter,1
confessio,1
recrudesco,1
meditor,1
suffragatio,1
productum,1
scisco,1
iaculor,1
refello,1
laeua,1
praeiudicium,1
blandus,1
affectus,1
uitupero,1
affectio,1
praeuerto,1
dignatio,1
sacramentum,1
huc,1
figuro,1
quare,1
periculose,1
bonum,1
uterus,1
pubesco,1
conturbo,1
conuerbero,1
demens,1
consensus,1
ualde,1
noctu,1
illic,1
spatior,1
comprimo,1
satisfacio,1
ambigo,1
familiaritas,1
constitutum,1
iuuo,1
axis,1
carina,1
foramen,1
perniciabilis,1
deficientia,1
recreo,1
cohaerentia,1
antiquitas,1
extollo,1
socordia,1
nedum,1
magice,1
scientia,1
probus,1
nonnunquam,1
moderate,1
abominor,1
mordeo,1
inseruio,1
prudentia,1
exardeo,1
intemperies,1
cliens,1
quadrageni,1
amphora,1
nonageni,1
triticum,1
fluuiatilis,1
conuerro,1
obseruo,1
uiritim,1
postfero,1
defectus,1
ros,1
matutinus,1
uomitus,1
intemperans,1
nefastus,1
uindicta,1
circumsisto,1
ementior,1
bilinguis,1
inserto,1
naris,1
configo,1
admirabilis,1
sacrilegus,1
electio,1
euoco,1
inexpiabilis,1
inexorabilis,1
percuro,1
prouisus,1
extenuo,1
iniquitas,1
incuso,1
hariolus,1
addico,1
haruspex,1
quodammodo,1
nosmet,1
subdeficiens,1
infirmitas,1
quonam,1
lito,1
siluester,1
praeualens,1
sollers,1
auiditas,1
meto,1
aratrum,1
glorior,1
auarus,1
esurio,1
prouerbium,1
pedis,1
iurandum,1
cautio,1
consigno,1
audacter,1
intutus,1
uacillo,1
perforo,1
acriter,1
firmitas,1
suppleo,1
lepus,1
uirilis,1
absconditus,1
tripudium,1
lasciuus,1
oppeto,1
paco,1
biennium,1
pando,1
consuesco,1
neglego,1
strata,1
subiecto,1
ascensus,1
uocatus,1
concentus,1
fabulosus,1
udus,1
poeta,1
nympha,1
retento,1
inexpugnabilis,1
indutia,1
praestituo,1
notabilis,1
inexplicabilis,1
explicatio,1
bipennis,1
uicies,1
duplex,1
niteo,1
toruus,1
incultus,1
obsisto,1
calleo,1
magistra,1
tractabilis,1
dedisco,1
iugulo,1
diuinatio,1
praesagio,1
interpretatio,1
distringo,1
uulgaris,1
recenseo,1
interpretor,1
bucina,1
crystallum,1
pumiceus,1
albeo,1
torquis,1
manicatus,1
culta,1
anteeo,1
decoro,1
cubitalis,1
palla,1
accipiter,1
zona,1
caeruleus,1
hastatus,1
uecto,1
quindecim,1
armamaxa,1
ornatus,1
discolor,1
populator,1
introrsus,1
purus,1
inumbro,1
crocum,1
quaterni,1
aestas,1
diuello,1
articulus,1
conualesco,1
medico,1
euenio,1
enuntio,1
impressus,1
puluinus,1
legens,1
perlego,1
moleste,1
sedulus,1
fomentum,1
exercitatio,1
uerendus,1
cotidie,1
delitesco,1
frustro,1
praecido,1
circumduco,1
metor,1
mediocris,1
pugnax,1
iaculator,1
admixtus,1
thrax,1
liberator,1
fluctuor,1
umbo,1
immitto,1
concurrentia,1
aduersarius,1
indecoris,1
prout,1
domina,1
tantulus,1
permisceo,1
lamento,1
tacita,1
propinquitas,1
aequitas,1
famulus,1
gangaba,1
deuerticulum,1
praedor,1
profanus,1
furor,1
constupro,1
sumptus,1
palmetum,1
transmissus,1
infinitus,1
carinus,1
dedux,1
stuppa,1
importunus,1
ineuitabilis,1
bustum,1
accuso,1
castratus,1
tempore,1
commuto,1
coorior,1
atticus,1
colluuio,1
colonus,1
excerno,1
dissoluo,1
sumptuosus,1
prolato,1
cognitus,1
deformis,1
castigatio,1
acclamo,1
furiosus,1
consenesco,1
en,1
ligneus,1
aer,1
uiaticum,1
concubina,1
limes,1
facesso,1
ocius,1
obloquor,1
obtorpesco,1
singularis,1
mergus,1
dilectus,1
propago,1
inueterasco,1
adumbro,1
obsequor,1
manipulus,1
persaluto,1
digitus,1
funebris,1
lamentum,1
questus,1
suggero,1
uiridis,1
culmen,1
occurso,1
detondeo,1
suesco,1
cis,1
peruado,1
exsequia,1
succumbo,1
obuoluo,1
contemptio,1
iracundia,1
successor,1
nominatim,1
integro,1
seduco,1
tracto,1
praegnas,1
iudicatus,1
fidius,1
globus,1
caerimonia,1
consors,1
administro,1
iusiurandum,1
suffragor,1
robus,1
luxurio,1
conticesco,1
fauor,1
familia,1
conclaue,1
seuoco,1
sedecim,1
adnuntio,1
uilla,1
renuntio,1
protendo,1
impar,1
salutatio,1
insociabilis,1
serenitas,1
reuiresco,1
contemplatio,1
repono,1
infidus,1
exterreo,1
doleo,1
discindo,1
addubito,1
phoenix,1
cilicium,1
ruber,1
testamentum,1
procuro,1
uaco,1
tabes,1
liuor,1
chaldaeus,1
attrecto,1
inflatus,1
styx,1
pestifer,1
emano,1
dimicatio,1
rhinoceros,1
porro,1
squama,1
morsus,1
pauo,1
transilio,1
diduco,1
excello,1
candor,1
baculum,1
beryllus,1
dens,1
transcribo,1
tonsor,1
quaestus,1
acquiro,1
dissero,1
quantumcumque,1
incommode,1
primum,1
legio,1
praes,1
agricola,1
inertia,1
palma,1
iamdudum,1
delinquo,1
redux,1
commendo,1
instrumentum,1
fallax,1
exorsus,1
dedico,1
claua,1
escensio,1
ueneo,1
derelinquo,1
praerapidus,1
summergo,1
gubernaculum,1
findo,1
nonaginta,1
perflo,1
molestus,1
incidentia,1
lasso,1
honeste,1
affluo,1
succido,1
uello,1
accurro,1
indignitas,1
illuc,1
infans,1
refragor,1
abscido,1
animaduerto,1
hamus,1
adigo,1
curatio,1
necdum,1
conualo,1
perinualidus,1
requies,1
conspiro,1
columen,1
iners,1
inficio,1
tumet,1
acerbus,1
computo,1
imperitus,1
subluo,1
uicesimus,1
octauus,1
promo,1
neglegenter,1
uociferatio,1
pensito,1
immutatio,1
pugil,1
pernotus,1
sarisa,1
corono,1
puniceus,1
nodosus,1
dementia,1
arieto,1
intento,1
adaperio,1
rubor,1
coniectus,1
conscriptus,1
insimulo,1
quadriiugus,1
domitus,1
lacerta,1
quarto,1
uenundo,1
bellator,1
draco,1
enascor,1
socors,1
conquiro,1
immortalis,1
amarus,1
remigo,1
contus,1
enauigo,1
inaequalis,1
reciproco,1
tabula,1
fragmentum,1
persedeo,1
speculum,1
plausus,1
immodicus,1
elementum,1
mirabundus,1
salsus,1
scabies,1
contagium,1
quoad,1
immitis,1
hirsutus,1
concha,1
confligo,1
iugalis,1
lusus,1
tibicen,1
lyra,1
bacchabundus,1
crapula,1
praedabundus,1
confinius,1
uenabulum,1
reditus,1
aestimator,1
malignitas,1
inscribo,1
procaciter,1
exaspero,1
totiens,1
rebellis,1
auunculus,1
iurgo,1
proclamo,1
intemperantia,1
abusus,1
detestabilis,1
nefandus,1
extorqueo,1
humi,1
lanio,1
extractum,1
socio,1
occubo,1
querella,1
ubertas,1
mico,1
diffido,1
attero,1
intermissio,1
blanditia,1
placo,1
apparo,1
semisomnus,1
exemplar,1
compositus,1
hibernus,1
crescentus,1
fulgur,1
fulmen,1
grando,1
errabundus,1
concretum,1
pigritia,1
inuestigo,1
exsilio,1
requiesco,1
uirguncula,1
quantulus,1
dido,1
delectus,1
necubi,1
perinde,1
perniciosus,1
assentatio,1
festus,1
discumbo,1
perplexe,1
grauitas,1
diuinitas,1
amolior,1
perueho,1
assensio,1
corruo,1
rideo,1
agaso,1
uescus,1
seminarium,1
aper,1
depereo,1
conuerso,1
deuoro,1
persto,1
sestertius,1
collecta,1
dominor,1
uterum,1
delecto,1
emendo,1
uenatio,1
antiquus,1
pupillus,1
funditus,1
dimidius,1
sempiternus,1
transfundo,1
discipulus,1
tortus,1
aula,1
accommodatus,1
auster,1
exsorbeo,1
influo,1
delphinus,1
carpo,1
adito,1
aquilo,1
deuro,1
intolerandus,1
rubeo,1
linum,1
ferax,1
charta,1
docilis,1
domito,1
carbasus,1
linteum,1
tondeo,1
turibulum,1
recubo,1
uenatus,1
uiuarium,1
ministro,1
sapio,1
scite,1
letum,1
quini,1
idcirco,1
sepulcrum,1
mentior,1
germen,1
nutrio,1
laurus,1
baca,1
decerpo,1
bacchor,1
opero,1
crudus,1
fragilis,1
trabs,1
sura,1
sicco,1
frigesco,1
demolio,1
pilum,1
muralis,1
cliuus,1
meta,1
acuo,1
exsurgo,1
intrepidus,1
refulgeo,1
aliqua,1
praegressus,1
impunitas,1
decuma,1
admetior,1
simplicitas,1
mire,1
cena,1
horrendus,1
diuerto,1
nimbus,1
proelior,1
inequitabilis,1
curriculum,1
acerrime,1
praelongus,1
perrumpo,1
commode,1
circumspicio,1
concursatio,1
effluo,1
contorqueo,1
ueto,1
institutum,1
caducus,1
destruo,1
