,count
qui,959
in,847
et,833
sum,697
is,626
ad,450
cum,435
ex,307
ut,297
ab,296
hostis,294
suus,258
num,250
hic,216
per,207
non,206
sui,156
ipse,153
de,148
locus,145
exercitus,145
aqua,143
miles,139
urbs,137
habeo,136
pars,127
omnis,124
idem,121
mille,113
aut,111
castrum,108
quam,106
facio,104
ne,103
acies,101
quod,98
ille,97
res,95
iubeo,94
quidam,93
ita,90
deinde,89
autem,81
possum,80
capio,78
multus,77
sed,77
magnus,77
quisque,76
nec,75
consul,75
duo,75
primus,73
opus,72
romanus,72
dico,70
si,69
proelium,69
modus,68
unus,65
dux,65
usus,64
publicus,63
ager,63
etiam,62
alius,62
aduersus,62
nox,61
do,59
ac,58
dies,58
bellum,58
eques,57
post,55
uideo,54
intra,54
passus,53
copia,53
inter,51
nauis,51
castellum,50
caesar,50
quia,50
factum,50
ago,49
causa,49
latus,49
ratio,48
ductus,47
enim,46
alter,46
nomen,45
parum,45
digitus,45
atque,44
riuus,44
tempus,44
tres,42
recipio,42
mitto,42
hannibal,42
simulo,42
tamquam,41
species,41
noster,40
quis,40
perduco,40
flumen,40
mensura,40
iter,40
totus,39
priuatus,39
quinque,39
uniuersus,38
commentarius,38
duco,38
claudius,38
edo,38
reliquus,38
excipio,38
mons,38
consilium,38
pro,37
rex,37
quattuor,37
praesidium,37
classis,37
tergum,37
obsideo,37
iam,36
ubi,36
ante,36
senatus,35
uia,35
circa,35
efficio,35
inuenio,35
equus,35
relinquo,35
signum,35
legio,35
caput,34
uenio,34
pono,33
cado,33
paucus,33
occupo,33
atheniensis,33
uelut,32
ius,32
accipio,32
nam,32
sub,32
sine,32
quidem,32
finis,32
uictoria,32
credo,31
tamen,31
ordo,31
modulus,31
usque,31
tantus,31
terra,31
uis,31
contineo,31
piscina,31
oppidum,31
pertineo,30
ciuitas,30
ceterus,30
nouus,30
uinco,30
fistula,30
numerus,30
cedo,30
insidiae,30
fides,29
manus,29
trado,29
debeo,29
nisi,29
singulus,29
uolo,29
pugna,29
princeps,28
appello,28
apud,28
uterque,28
diametros,28
medius,28
barbarus,28
pugno,28
fuga,28
certus,27
datum,27
proximus,27
decem,27
ostendo,27
quinquaginta,27
erogo,27
fabius,27
extra,26
sex,26
dum,26
supero,26
controuersia,26
uallum,26
quadraginta,25
quoius,25
uiginti,25
septem,25
octo,25
instruo,25
auxilium,25
conspectus,25
nullus,25
peto,25
statio,25
equitatus,25
scipio,25
cornu,25
legatus,25
tum,24
annus,24
regio,24
centum,24
collis,24
teneo,24
secundum,24
spatium,24
murus,24
hispania,24
opprimo,24
quotiens,23
porta,23
pes,23
colloco,23
conuerto,23
pompeius,23
praecipio,23
fossa,23
fugio,23
multitudo,23
augustus,22
miliarium,22
iulius,22
sexaginta,22
eo,22
diuido,22
nonaginta,22
maxime,22
genus,22
amplius,22
trecenti,21
ducenti,21
s,21
populus,21
peruenio,21
positus,21
dimitto,21
redigo,21
limes,21
animus,21
arma,21
aggressus,21
ignis,21
liber,20
munus,20
anio,20
ob,20
uetus,20
marcius,20
ingens,20
coepio,20
praesto,20
transeo,20
animaduerto,20
angustia,20
fiducia,20
impetus,20
occido,20
dispono,20
metus,20
imperator,19
cura,19
nunc,19
fio,19
supra,19
quamuis,19
nihil,19
propter,19
condicio,19
sequor,19
dirigo,19
assigno,19
persequor,19
exemplum,19
uereor,19
agmen,19
captiuus,19
beneficium,18
lex,18
quadringenti,18
uoco,18
spes,18
amplus,18
superus,18
sic,18
leuis,18
ordino,18
quisquis,18
aliqui,18
fero,18
adorior,18
alexander,18
inquam,18
exigo,17
iungo,17
gero,17
quoniam,17
fons,17
deduco,17
aggredior,17
facile,17
traicio,17
exiguus,17
similis,17
deprehendo,17
subinde,17
constituo,17
solus,17
diuersus,17
soleo,17
curator,17
fortis,17
emitto,17
educo,17
habitus,17
filius,17
poenus,17
quoque,16
sicut,16
instituo,16
mos,16
quantus,16
poena,16
donec,16
nouem,16
cos,16
siue,16
solum,16
dexter,16
paulus,16
insequor,16
elephantus,16
obsidio,16
perses,16
cohors,16
posterus,16
eruptio,16
oppugno,16
portus,16
ego,15
tam,15
necessarius,15
restituo,15
sufficio,15
quingenti,15
maneo,15
ergo,15
ripa,15
secundus,15
scio,15
cursus,15
uerus,15
utor,15
longus,15
claudo,15
gallus,15
comperio,15
procedo,15
auersus,15
sertorius,15
consequor,15
existimo,14
seruo,14
septingenti,14
gratia,14
inde,14
possessor,14
moueo,14
ideo,14
statim,14
ibi,14
consto,14
disciplina,14
subsiciuus,14
auerto,14
admoueo,14
arbor,14
rigor,14
silua,14
impero,14
philippus,14
incendo,14
armatus,14
redeo,14
oppidanus,14
diduco,13
quantum,13
consultum,13
postea,13
munio,13
inferus,13
fuluius,13
intercipio,13
tertius,13
proprius,13
respondeo,13
supersum,13
propior,13
adicio,13
appareo,13
prope,13
natura,13
tutela,13
uallis,13
cogo,13
contra,13
unde,13
italia,13
impetro,13
lineus,13
adeo,13
opera,13
praebeo,13
prohibeo,13
transitus,13
praeparo,13
deficio,13
commissum,13
castra,13
confligo,13
reduco,13
cn,13
inuado,13
pedes,13
frons,13
persuadeo,13
insto,13
exspecto,13
hostilis,13
tribunus,13
seditio,13
transfuga,13
arcuatus,12
erogatio,12
appius,12
septimus,12
septuaginta,12
fraus,12
ciuis,12
aquarius,12
reddo,12
adiuuo,12
octingenti,12
concedo,12
lacus,12
arcus,12
exploro,12
plerus,12
calix,12
uel,12
ulter,12
comprehendo,12
homo,12
aliquis,12
simul,12
praeficio,12
subito,12
socius,12
corrumpo,12
retineo,12
subitus,12
compello,12
armatura,12
circumuenio,12
effusus,12
pons,12
caesum,12
gladius,12
officium,11
actus,11
substructio,11
curo,11
longitudo,11
reficio,11
potius,11
hortus,11
quartus,11
accedo,11
succedo,11
sulla,11
subicio,11
industria,11
obseruo,11
capacitas,11
frequens,11
summa,11
nos,11
intellego,11
occurro,11
repeto,11
familia,11
f,11
marius,11
circumeo,11
fundo,11
reuertor,11
cumque,11
fatigo,11
munimentum,11
abeo,11
interficio,11
uirtus,11
pyrrhus,11
suspicio,11
concito,11
aduento,11
recedo,11
commeatus,11
ministerium,10
corpus,10
condio,10
subterraneus,10
uirgo,10
crassus,10
consummo,10
auctor,10
longe,10
praeter,10
triginta,10
sescenti,10
amnis,10
libra,10
rursus,10
finio,10
campus,10
quemadmodum,10
rotundus,10
lumen,10
necessitas,10
itaque,10
manifestus,10
qua,10
sinister,10
scribo,10
extremus,10
super,10
potestas,10
permitto,10
frumentum,10
aedificium,10
signo,10
custodia,10
moenia,10
eligo,10
descendo,10
infesto,10
dimico,10
timeo,10
spargo,10
uictor,10
deditio,10
peditum,10
erumpo,10
securis,10
conficio,10
occasio,10
potior,10
euado,10
occulto,10
tutus,10
pater,10
necesse,9
confero,9
roma,9
decius,9
collega,9
concipio,9
curius,9
sto,9
sentio,9
subsidium,9
prior,9
altus,9
graecus,9
ars,9
ineo,9
praeterea,9
centenarius,9
minor,9
centenus,9
paruus,9
imperatum,9
mare,9
centuria,9
ascribo,9
uitium,9
quasi,9
magis,9
turbo,9
aelius,9
pecunia,9
epistula,9
traho,9
paro,9
obtineo,9
detineo,9
effugio,9
consuetudo,9
fugo,9
decerto,9
ciuilis,9
impedio,9
adipiscor,9
marcellus,9
obicio,9
africa,9
punicus,9
numida,9
firmus,9
undique,9
auxiliaris,9
gens,9
trucido,9
praemitto,9
regius,9
repente,9
praeda,9
ratus,9
lux,9
offero,9
nuntio,9
clades,9
inopia,9
naualis,9
periculum,9
pronuntio,9
assequor,9
uirga,9
fames,9
pecus,9
incolumis,9
committo,8
semper,8
uir,8
ullus,8
decerno,8
decurro,8
acta,8
initium,8
seruio,8
octoginta,8
neo,8
latinus,8
appellatio,8
reuoco,8
citer,8
oportet,8
oculus,8
incendium,8
omitto,8
summitto,8
limus,8
caelius,8
diuus,8
distribuo,8
significo,8
secor,8
quadratum,8
antiquus,8
specto,8
quadrans,8
perimetros,8
includo,8
amplio,8
similiter,8
error,8
onero,8
sol,8
intro,8
bini,8
bonus,8
effectus,8
colonia,8
facilis,8
expono,8
confundo,8
integer,8
clam,8
egredior,8
catus,8
protinus,8
uacuus,8
tollo,8
aliquot,8
alueus,8
arbitratus,8
aditus,8
missa,8
iniquitas,8
confragosus,8
desperatio,8
constantia,8
cibus,8
resisto,8
aduersarius,8
praedico,8
fors,8
uigilia,8
hispanus,8
telum,8
inopinatus,8
clamor,8
simulatio,8
premo,8
destitutus,8
mors,8
consterno,8
faliscus,8
munitio,8
procul,8
iniquus,8
affirmo,8
talis,8
uadum,8
scutum,8
germanus,8
remitto,8
secum,8
patior,8
auoco,8
seu,7
utilitas,7
unusquisque,7
ap,7
censor,7
decipio,7
loco,7
incrementum,7
lego,7
decimus,7
excludo,7
agr,7
dilabor,7
complus,7
salio,7
acquisitio,7
pluuius,7
iniuria,7
specus,7
oriens,7
alienus,7
diffundo,7
uncia,7
latitudo,7
deinceps,7
semuncia,7
saepe,7
par,7
confirmo,7
semis,7
plerumque,7
assidue,7
meridianus,7
dubius,7
angustus,7
adhuc,7
hora,7
intercido,7
plurimus,7
contio,7
cognosco,7
summum,7
securus,7
facies,7
grauis,7
abundo,7
aptus,7
statuo,7
praedium,7
afer,7
oppono,7
defendo,7
caueo,7
impleo,7
passim,7
sustineo,7
materia,7
nota,7
infero,7
sacer,7
municipium,7
comminus,7
procurro,7
explorator,7
expedio,7
uentus,7
robustus,7
macedonus,7
africanus,7
palus,7
opinor,7
immineo,7
paucitas,7
perfero,7
etruscus,7
elicio,7
uestis,7
aduentus,7
propugnator,7
irrumpo,7
transfugio,7
alimentum,7
trepido,7
euentus,7
arbitro,7
persuasio,7
obsido,7
audio,7
uictus,7
litus,7
dedo,7
deus,7
securitas,6
praepono,6
meus,6
altitudo,6
induco,6
deuerticulum,6
supplementum,6
sextus,6
refero,6
uerbum,6
tempore,6
augeo,6
iussus,6
ignarus,6
paene,6
origo,6
satis,6
forte,6
nascor,6
ultra,6
publicum,6
demum,6
interpono,6
imber,6
superuenio,6
misceo,6
fama,6
infra,6
prius,6
transfero,6
recingo,6
priusquam,6
constitutum,6
conuenio,6
angulus,6
circumago,6
receptus,6
orior,6
dictum,6
item,6
laxo,6
orbis,6
ignoro,6
transuersus,6
probo,6
antequam,6
uelox,6
reperio,6
obsto,6
rufus,6
postquam,6
quattuordecim,6
exeo,6
editus,6
proprietas,6
placeo,6
domus,6
seruus,6
defero,6
prouincia,6
audeo,6
malus,6
exerceo,6
aerarius,6
frequenter,6
quo,6
tunc,6
principium,6
oporteo,6
excedo,6
reditus,6
incipio,6
dicto,6
imperium,6
labor,6
posco,6
excito,6
polliceor,6
soluo,6
religiosus,6
terreo,6
aduersum,6
sustento,6
dimicatio,6
inicio,6
sagitta,6
incido,6
sollertia,6
proditio,6
cingo,6
paulatim,6
refugio,6
temere,6
inhibeo,6
insideo,6
frater,6
iugum,6
gregalis,6
lacesso,6
uasto,6
desero,6
ingressus,6
propinquus,6
occulte,6
fallo,6
contemptus,6
affero,6
uiuo,6
abduco,6
nobilis,6
mereo,6
trano,6
pax,6
adsum,6
centurio,6
percutio,6
ignominia,6
gracilis,6
tu,6
ferramentum,6
intentus,5
uerum,5
negotium,5
praeceptum,5
contraho,5
respicio,5
experimentum,5
tricesimus,5
cognomen,5
mensis,5
nongenti,5
praetor,5
octauus,5
laelius,5
ualerius,5
colligo,5
namque,5
sumo,5
quaero,5
fluo,5
similitudo,5
adiutorium,5
consisto,5
uisum,5
uero,5
indico,5
emendo,5
quadratus,5
area,5
praeualeo,5
detraho,5
haruspex,5
septentrio,5
luna,5
nomino,5
caelum,5
uerto,5
magnitudo,5
permaneo,5
uarius,5
fundus,5
pertica,5
aliquantus,5
conceptio,5
commodus,5
praesens,5
auide,5
aestas,5
detego,5
circumduco,5
accido,5
desum,5
tantummodo,5
remotus,5
ordinatio,5
incommodus,5
merces,5
uendo,5
interdum,5
communis,5
consularis,5
postumius,5
cibarius,5
praesum,5
cornelius,5
domitius,5
uilicus,5
dominus,5
nemo,5
extraho,5
urgeo,5
acer,5
custodio,5
difficultas,5
difficilis,5
praemium,5
extremitas,5
possessio,5
terminus,5
remaneo,5
uicinus,5
ordinarius,5
status,5
fructus,5
sitis,5
mora,5
impar,5
deposco,5
dictator,5
quies,5
facultas,5
festino,5
tumultus,5
mox,5
impedimentum,5
eludo,5
puluis,5
ora,5
admitto,5
popularis,5
ualidus,5
fusus,5
bellus,5
infirmus,5
deuinco,5
densus,5
aegyptius,5
discedo,5
oppositus,5
at,5
retro,5
uersus,5
moror,5
perrumpo,5
perterreo,5
asper,5
plenus,5
erigo,5
euoco,5
conspicio,5
nudo,5
desertum,5
lignum,5
saltus,5
profectio,5
uigil,5
minucius,5
consurgo,5
sempronius,5
caedo,5
tendo,5
immitto,5
successus,5
afficio,5
regressus,5
impello,5
nauigium,5
atilius,5
malo,5
nuntius,5
thrax,5
aperio,5
custos,5
abrumpo,5
moene,5
insidior,5
defensor,5
diripio,5
libero,5
sagittarius,5
littera,5
exsilium,5
demissus,5
catena,5
supplicium,5
diligentia,4
diligens,4
salubritas,4
potis,4
aliter,4
instrumentum,4
regula,4
influo,4
mando,4
aeger,4
gemellus,4
flaccus,4
quintus,4
gloria,4
uetustas,4
uindico,4
constans,4
dextrorsum,4
cassius,4
aedilis,4
acquiro,4
quindecim,4
notabilis,4
cesso,4
deriuo,4
faux,4
amitto,4
contingo,4
eminens,4
italicus,4
iuxta,4
templum,4
aetas,4
propono,4
campania,4
alteruter,4
puto,4
planum,4
interior,4
extendo,4
sextula,4
fere,4
minuo,4
artus,4
expleo,4
alioqui,4
breuis,4
rapio,4
aer,4
derigo,4
occasus,4
cardo,4
disto,4
interuallum,4
iuger,4
sors,4
constitutio,4
quicumque,4
acceptum,4
metior,4
circiter,4
suspicor,4
obscurus,4
quin,4
scriptum,4
praecedo,4
utique,4
titulus,4
falsus,4
casus,4
destituo,4
pretium,4
hibernus,4
defectio,4
succurro,4
arcesso,4
frigus,4
balneum,4
humus,4
magistratus,4
penes,4
publico,4
publice,4
licet,4
attribuo,4
uaco,4
scientia,4
sollicitus,4
ueto,4
procurator,4
neglegentia,4
cogito,4
positio,4
arbitrium,4
neue,4
possideo,4
exprimo,4
impono,4
sublatus,4
iustitia,4
laboro,4
subuenio,4
duplex,4
intermitto,4
pariter,4
fidelis,4
lapis,4
nouissime,4
denus,4
continens,4
contentus,4
eadem,4
mensor,4
forma,4
arceo,4
assignatio,4
territorium,4
finitimus,4
urbanus,4
destinatum,4
inclino,4
dissimulo,4
prospere,4
reliquiae,4
mane,4
quiesco,4
inedia,4
lixa,4
dispergo,4
inermis,4
opportunus,4
phalanx,4
subeo,4
clarus,4
ostento,4
dirimo,4
robur,4
exspectatio,4
equester,4
consulo,4
continuus,4
produco,4
opportunitas,4
regulus,4
confestim,4
lucanus,4
inueho,4
antonius,4
transmitto,4
triplico,4
exterreo,4
tego,4
immisceo,4
amissum,4
germanicus,4
pedester,4
concurro,4
mulus,4
subduco,4
aeneator,4
iumentum,4
alacritas,4
grex,4
uolsci,4
exuo,4
bos,4
fax,4
imbellis,4
hasta,4
asseueratio,4
occulo,4
missus,4
iacio,4
industrius,4
perfuga,4
tempto,4
edico,4
labienus,4
magister,4
insidiator,4
patens,4
turma,4
stringo,4
sententia,4
liuius,4
spolium,4
afranius,4
circuitus,4
aemilius,4
profectus,4
progressus,4
manlius,4
doceo,4
maturo,4
memoria,4
ultro,4
celo,4
ops,4
consensus,4
pudor,4
flagito,4
exitus,4
uox,4
tarquinius,4
cunctor,4
commilito,4
decido,4
epula,4
discessus,4
remex,4
ornatus,4
festus,4
salus,4
conscendo,4
arx,4
depono,4
circumsedeo,4
saxum,4
apto,4
canis,4
obsisto,4
distringo,4
omnino,4
modicus,4
religo,4
promitto,4
interrogo,4
postulatio,4
proficiscor,4
ambulo,4
uita,4
suadeo,4
rumor,4
proelior,4
fretus,4
pondus,4
prodigium,4
affectus,4
exauctoro,4
cauda,4
insuper,4
militia,4
filia,4
modo,3
an,3
formula,3
administratio,3
notitia,3
quot,3
capena,3
uena,3
undecim,3
confinius,3
addo,3
cliuus,3
cursor,3
sulpicius,3
aurelius,3
sestertius,3
capitolium,3
seruilius,3
milium,3
uicis,3
moderatio,3
iunius,3
monstro,3
naumachia,3
egeo,3
iulianus,3
nonius,3
kalendae,3
caeruleus,3
curtius,3
adiectio,3
qualitas,3
muto,3
colo,3
solutus,3
purus,3
splendor,3
tot,3
inertia,3
celebro,3
formus,3
frequentia,3
pressura,3
aequo,3
nondum,3
iaceo,3
contego,3
canalis,3
deuenio,3
computo,3
institutum,3
obseruatio,3
architectus,3
punctum,3
duro,3
senarius,3
septenarius,3
scripulum,3
septunx,3
cresco,3
conuulnero,3
solidus,3
sicilicus,3
quini,3
pius,3
nouo,3
exhaurio,3
segnitia,3
applico,3
duodecim,3
flexus,3
coarto,3
tantum,3
adnoto,3
transgredior,3
cinctus,3
maritimus,3
uniuersitas,3
distributio,3
praecipuus,3
ramus,3
effundo,3
admoneo,3
amplector,3
intersum,3
dubito,3
diligenter,3
ueritas,3
eiusmodi,3
licentia,3
perpetuus,3
ieiunus,3
liceo,3
consumo,3
inuentio,3
duplico,3
uitio,3
dignus,3
uilla,3
cautus,3
caducus,3
uectigal,3
priuo,3
redemptor,3
licinius,3
capito,3
uicus,3
habito,3
tueor,3
edictum,3
praetorius,3
orno,3
lictor,3
adhibeo,3
perseuero,3
illustris,3
didius,3
piso,3
uerginius,3
multiplex,3
intermissio,3
notus,3
laxus,3
lacero,3
priuilegium,3
legitimus,3
culpa,3
aestimo,3
plumbum,3
explico,3
maturus,3
impensa,3
peritus,3
differo,3
domesticus,3
recens,3
onus,3
praecipue,3
desidero,3
structura,3
nimius,3
accessus,3
fornix,3
pateo,3
noceo,3
radix,3
praecludo,3
prouideo,3
monumentum,3
excido,3
dimidius,3
aequus,3
eripio,3
diuisus,3
interuenio,3
circumdo,3
litigo,3
discrimen,3
insula,3
iacto,3
redintegro,3
aestus,3
cotidie,3
incursus,3
pabulor,3
fasciculus,3
recurro,3
effuse,3
longinquus,3
defigo,3
coniunx,3
cupio,3
conspicuus,3
innumerabilis,3
inhabilis,3
insignis,3
nebula,3
creber,3
religio,3
quisquam,3
raptim,3
debello,3
canna,3
planities,3
sterno,3
dissipo,3
certamen,3
aduerto,3
inquieto,3
uix,3
euito,3
mars,3
hastatus,3
construo,3
ueles,3
fido,3
obiectum,3
utrimque,3
irritus,3
excogito,3
samnis,3
frustra,3
conatus,3
circummitto,3
molior,3
iactura,3
fugitiuus,3
ubique,3
calo,3
lingua,3
prosilio,3
praeualidus,3
nouitas,3
uirgultum,3
uehiculum,3
praefero,3
arrepo,3
femina,3
incautus,3
rebello,3
uinum,3
merus,3
defungor,3
uexo,3
inops,3
auius,3
depello,3
cupiditas,3
magus,3
internecio,3
perpetro,3
exhibeo,3
suspectus,3
pabulum,3
confodio,3
admodum,3
contrarius,3
flecto,3
uulnus,3
prouoco,3
onustus,3
palam,3
gestus,3
sanguis,3
rumpo,3
fortiter,3
pernicies,3
societas,3
cano,3
iustus,3
uulnero,3
fingo,3
quamquam,3
oppugnatio,3
adulescens,3
signifer,3
raptus,3
recipero,3
eicio,3
furius,3
ferrum,3
affligo,3
praefigo,3
frango,3
tolero,3
excutio,3
resoluo,3
ulcisco,3
compleo,3
nauigo,3
sepelio,3
requies,3
perfidia,3
obses,3
interim,3
libertas,3
honor,3
hortatus,3
discutio,3
parens,3
concilio,3
studeo,3
proditor,3
situs,3
exercitatio,3
incustoditus,3
promissum,3
igitur,3
plaustrum,3
profugio,3
triticum,3
uos,3
turris,3
infestus,3
fluuius,3
agger,3
castellanus,3
nudus,3
rarus,3
prodeo,3
denuntio,3
campanus,3
crus,3
traduco,3
demitto,3
semen,3
praecido,3
conuiuium,3
captiuitas,3
dono,3
interuerto,3
comparo,3
complector,3
strategema,3
mino,3
seruitus,3
castigo,3
colloquium,3
idcirco,3
lacedaemon,3
rogo,3
athenae,3
agito,3
resido,3
noto,3
deligo,3
iniussu,3
insido,3
alligo,3
amicus,3
uasum,3
postulo,3
iuuenis,3
interpretor,3
statura,3
cohorto,3
mater,3
fulmen,3
perpendo,3
continentia,3
natus,3
discingo,3
neco,3
nego,3
fabricius,3
aquaeductus,2
sollicitudo,2
sedulus,2
amor,2
iniungo,2
suscipio,2
fundamentum,2
uito,2
adiutor,2
imperitia,2
successor,2
proficio,2
praetermitto,2
quotus,2
tueo,2
tiberis,2
censura,2
tergiuersatio,2
sinistrorsus,2
trigeminus,2
publicius,2
papirius,2
iterum,2
duumuir,2
creo,2
decedo,2
tiburs,2
ser,2
lucius,2
saluber,2
fas,2
caecilius,2
lentulus,2
immobilis,2
stagnum,2
color,2
adduco,2
septingentesimus,2
nonus,2
duodecimus,2
tractus,2
haurio,2
largior,2
compendium,2
deriuatio,2
siccitas,2
appositus,2
prouidus,2
salubris,2
nusquam,2
adiaceo,2
aquilus,2
incoho,2
bonitas,2
dinosco,2
nihilum,2
solium,2
limosus,2
turbulentus,2
turbidus,2
ei,2
trans,2
moles,2
otiosus,2
impendium,2
assiduus,2
assisto,2
dehinc,2
mergo,2
humilis,2
demonstro,2
uiminalis,2
emergo,2
deicio,2
sumministro,2
uoluptas,2
unicus,2
diuersitas,2
simplex,2
scilicet,2
plumbarius,2
exilis,2
plumbeus,2
incertus,2
foras,2
substantia,2
triens,2
ceterum,2
amplitudo,2
auctoritas,2
consentio,2
approbo,2
sedecim,2
cyathus,2
exubero,2
loquor,2
dextra,2
recte,2
decumanus,2
ortus,2
uocabulum,2
incola,2
dissimilis,2
definio,2
quadro,2
mobilis,2
uario,2
conuersio,2
tribus,2
dodrans,2
inlicitus,2
usurpo,2
lenis,2
tempero,2
subtraho,2
iniurius,2
confusio,2
proprie,2
celer,2
uelocitas,2
suspendo,2
bene,2
numero,2
confercio,2
immo,2
digero,2
semel,2
discribo,2
prouidentia,2
timidus,2
spiritus,2
adiungo,2
quando,2
inquino,2
limpidus,2
defluo,2
aestiuus,2
perdo,2
obuenio,2
imprudentia,2
gratus,2
relatus,2
foedus,2
discerno,2
culta,2
opacitas,2
frigidus,2
felix,2
praescribo,2
cohibeo,2
pendeo,2
permissus,2
opifex,2
tabula,2
ludus,2
irrigo,2
ateius,2
dolus,2
hereditas,2
complexus,2
insigne,2
praeterquam,2
annuus,2
asinius,2
cocceius,2
persicus,2
aquila,2
fonteius,2
crispus,2
siluanus,2
subiectum,2
apte,2
emptor,2
antiquitus,2
adnuntio,2
ambitio,2
uenalis,2
molitio,2
incubo,2
alieno,2
sedulitas,2
prudens,2
temperamentum,2
instructus,2
repraesento,2
saepis,2
festinatio,2
calor,2
pila,2
uere,2
interrumpo,2
harena,2
exporto,2
agrestis,2
consero,2
striga,2
scamnum,2
aio,2
interuentus,2
subseco,2
normalis,2
peregrinus,2
disconuenio,2
alluuio,2
defensio,2
absum,2
tracto,2
uoluntas,2
conditor,2
portio,2
circum,2
aeque,2
seco,2
instinctus,2
contemno,2
pristinus,2
diu,2
egressus,2
incompositus,2
expugno,2
congressus,2
memor,2
rabies,2
ango,2
exaspero,2
ira,2
nocturnus,2
ferox,2
fessus,2
uertex,2
celeriter,2
cauus,2
praeruptus,2
sollicito,2
sector,2
campester,2
decursus,2
graecia,2
profligo,2
frustror,2
commuto,2
retraho,2
hirtuleius,2
ueteranus,2
edoceo,2
momentum,2
expauesco,2
galea,2
obruo,2
transmissus,2
noxa,2
manipulus,2
actium,2
perturbo,2
utroque,2
communio,2
numerosus,2
quadriga,2
capto,2
tiro,2
desilio,2
ferreus,2
superiacio,2
ratis,2
agaso,2
percello,2
cerno,2
contractus,2
concino,2
repulsus,2
terror,2
castus,2
conclamo,2
cruentus,2
interimo,2
clare,2
protero,2
conceptus,2
socialis,2
adiunctus,2
puer,2
latebra,2
timor,2
inordinatus,2
diffidentia,2
belua,2
ignotus,2
praealtus,2
consido,2
auidus,2
uenenum,2
intempestus,2
gaudium,2
lignatio,2
carnis,2
repleo,2
speculator,2
interdiu,2
fumus,2
auidius,2
ingredior,2
perniciosus,2
furo,2
affirmatio,2
amolior,2
neglego,2
tumulus,2
saeuus,2
adequito,2
oleum,2
circumfundo,2
segrego,2
requiesco,2
proconsul,2
suborno,2
pario,2
facinus,2
strenuus,2
excursio,2
laeuus,2
priscus,2
pabulator,2
furtum,2
scutatus,2
fremitus,2
prodo,2
silentium,2
inuito,2
damnum,2
fascis,2
alacer,2
coorior,2
uisus,2
exanimo,2
uanus,2
boeotius,2
pactum,2
comito,2
transnauigo,2
triremis,2
promunturium,2
uelum,2
censeo,2
acerrime,2
effero,2
clausum,2
albanus,2
abscisus,2
tristis,2
secreto,2
sciscitor,2
paenitentia,2
capitolinus,2
imprudens,2
appropinquo,2
segnis,2
ardenter,2
militaris,2
erepo,2
denuntiatio,2
somnus,2
habilis,2
caedes,2
obuius,2
agnosco,2
progredior,2
praegressus,2
deleo,2
plebs,2
spolio,2
confluo,2
mens,2
praesentia,2
eximius,2
sponsus,2
redimo,2
abstinentia,2
parco,2
descensus,2
aurum,2
argentum,2
moratus,2
pulsus,2
digredior,2
haereo,2
imito,2
prosperus,2
expugnatio,2
obsessor,2
introduco,2
suggero,2
exhortatio,2
quadriduum,2
biduus,2
emetior,2
metuo,2
arcas,2
lucus,2
improuisus,2
theatrum,2
muliebris,2
reporto,2
socordia,2
comes,2
fallacia,2
uenatio,2
restrictus,2
residuus,2
tectum,2
contubernium,2
studiose,2
trepidatio,2
coeptum,2
desisto,2
inualidus,2
captus,2
adductus,2
desolo,2
spero,2
aquor,2
cuniculus,2
egero,2
sicco,2
eodem,2
ardeo,2
surgo,2
simulacrum,2
scalae,2
sonus,2
strepitus,2
obscuro,2
perago,2
adhortor,2
penetro,2
intercludo,2
medium,2
aceruus,2
trepidus,2
abigo,2
mentior,2
depopulo,2
renuntio,2
triduum,2
nonnullus,2
uagina,2
inscribo,2
nauticus,2
uter,2
uiso,2
hirtius,2
columba,2
collum,2
dolium,2
panis,2
pasco,2
antea,2
obligo,2
transitio,2
idoneus,2
otacilius,2
sperno,2
satisfacio,2
corona,2
sarmentum,2
senex,2
ueneo,2
immensus,2
praeteritus,2
constanter,2
compesco,2
diruo,2
gubernator,2
responsum,2
impendo,2
aduenio,2
census,2
totidem,2
exhortor,2
contendo,2
confiteor,2
interitus,2
inflecto,2
tunica,2
perspicio,2
dimissus,2
studium,2
amicitia,2
arcanus,2
extrinsecus,2
auis,2
tener,2
refugium,2
tutor,2
destino,2
uexatio,2
indus,2
porus,2
transgressus,2
occursus,2
syracusae,2
puppis,2
catulus,2
tabernaculum,2
struo,2
intersaepio,2
aggero,2
prora,2
tentorium,2
refert,2
spectaculum,2
indutia,2
pressus,2
uimen,2
gladiator,2
laqueus,2
flamma,2
motus,2
succido,2
dolor,2
funis,2
corium,2
utilis,2
populatio,2
bello,2
abstineo,2
coeo,2
aduocata,2
descisco,2
pignus,2
uiuus,2
a,2
coniuro,2
punio,2
noxius,2
conscientia,2
missio,2
inconsultus,2
uellus,2
insuperabilis,2
carpo,2
attento,2
congredior,2
fortitudo,2
testimonium,2
acte,2
uulgo,2
pollux,2
castor,2
candidus,2
ornamentum,2
affigo,2
prolabor,2
sepulchrum,2
nolo,2
numen,2
succumbo,2
attero,2
miror,2
transpono,2
reprehendo,2
aequaliter,2
inaequalitas,2
planus,2
corrigo,2
porto,2
adsuesco,2
expeditio,2
iurandum,2
sacramentum,2
recido,2
proueho,2
hospitium,2
damnatus,2
ala,2
hiems,2
hordeum,2
persto,2
incensus,2
prex,2
cannensis,2
brutus,2
macedonia,2
paupertas,2
doto,2
sagulum,2
scaurus,2
sponte,2
medicus,2
inuidia,2
audacia,2
patria,2
picus,2
iaculor,2
exsoluo,2
anulus,2
delego,1
naturalis,1
instigo,1
nescius,1
administro,1
indecorus,1
tolerabilis,1
delegatus,1
etsi,1
quapropter,1
compono,1
fortassis,1
scriptus,1
institutio,1
sancio,1
irrogo,1
sanctitas,1
apollo,1
caecus,1
inquiro,1
abdico,1
dens,1
salina,1
octogesimus,1
dentatus,1
spurius,1
caruilius,1
biennium,1
uicesimus,1
libramentum,1
quasso,1
quatenus,1
millies,1
octingenties,1
praetura,1
decemuir,1
sibyllinus,1
inspicio,1
lepidus,1
collegium,1
retracto,1
marcus,1
strata,1
inuentor,1
transfluo,1
improbo,1
dispenso,1
forsitan,1
insolitus,1
abundantia,1
surripio,1
singularis,1
lucretius,1
collecta,1
idus,1
puella,1
uirguncula,1
fodio,1
aedicula,1
pictura,1
paluster,1
circumiectus,1
nonagesimus,1
magnificus,1
dedico,1
octingentesimus,1
speciosus,1
praesidiarius,1
quadragesimus,1
pinguis,1
liquo,1
propius,1
subleuo,1
uidelicet,1
hinc,1
delibero,1
sensim,1
excerno,1
rudus,1
directura,1
subtilis,1
sicubi,1
breuitas,1
respiro,1
ibidem,1
termino,1
palatium,1
martius,1
saeptum,1
profero,1
discrepantia,1
papula,1
citus,1
detero,1
olim,1
lamina,1
attraho,1
probabilis,1
crescentus,1
differentia,1
multiplico,1
putus,1
quincunx,1
subsequor,1
tricenarius,1
computatio,1
antecedo,1
inuictus,1
sextans,1
tredecim,1
desino,1
congruo,1
sextarius,1
multiplicatio,1
consequentia,1
memini,1
releuo,1
deuexus,1
praetereo,1
haustus,1
segniter,1
aeneus,1
aequalis,1
describo,1
delubrum,1
anticus,1
posticus,1
quare,1
septentrionalis,1
poeta,1
purpura,1
limen,1
ostium,1
cognominatus,1
alibi,1
montanus,1
figura,1
uorsum,1
decempeda,1
centiens,1
rationalis,1
occidens,1
praefectura,1
scrupulosus,1
inquisitio,1
admiratio,1
mediocriter,1
scruto,1
patrimonium,1
quadragenarius,1
mano,1
compareo,1
ceionius,1
approbatio,1
indubitatus,1
saltem,1
sincerus,1
blandior,1
infitiae,1
superfluo,1
indigeo,1
rapax,1
largus,1
aestimatio,1
perforo,1
utinam,1
offensus,1
irriguus,1
taberna,1
cenaculum,1
corruptela,1
denique,1
emendatio,1
massa,1
perplexus,1
dispensatio,1
partio,1
sepono,1
unio,1
euripus,1
peruerto,1
accresco,1
ubertas,1
partitio,1
celeber,1
sitio,1
regina,1
domina,1
auctus,1
fruor,1
pereo,1
munditia,1
infamis,1
iucundus,1
etenim,1
iste,1
obtego,1
aniensis,1
serenus,1
mollis,1
aufero,1
uernus,1
permisceo,1
fullo,1
potus,1
sordidus,1
saxosus,1
obiaceo,1
defaeco,1
nemus,1
inumbro,1
splendidus,1
deformis,1
traianus,1
aliquid,1
quanto,1
circus,1
circensis,1
mancipium,1
curulis,1
aedilitas,1
promulgo,1
scriba,1
accensi,1
charta,1
curatio,1
ambo,1
fungor,1
iudicium,1
apparitor,1
dumtaxat,1
subiungo,1
plancus,1
antistius,1
uisellius,1
auus,1
oct,1
laena,1
porcius,1
memmius,1
petronius,1
frugi,1
bassus,1
galerius,1
albius,1
acilius,1
recognosco,1
coniunctus,1
maturitas,1
libertus,1
ignorantia,1
signarius,1
intendo,1
libro,1
persona,1
qualiscumque,1
heres,1
lauo,1
instauro,1
attributio,1
quoad,1
petitor,1
humanus,1
indulgeo,1
perinde,1
communiter,1
renouo,1
parcus,1
obnoxius,1
effluo,1
cloaca,1
abluo,1
circumscribo,1
attingo,1
coerceo,1
careo,1
excusatio,1
libet,1
intolerabilis,1
foramen,1
foro,1
meo,1
lateo,1
silex,1
negotiatio,1
peculiaris,1
surrepo,1
circitor,1
tector,1
pridie,1
exonero,1
uagus,1
loculus,1
fiscus,1
aduoco,1
subtilitas,1
artifex,1
impotens,1
male,1
interpello,1
concresco,1
crusta,1
induresco,1
tectorius,1
tofus,1
exstruo,1
autumnus,1
aprilis,1
nouember,1
incandesco,1
caelus,1
unitas,1
corroboro,1
continuo,1
porro,1
praeparatio,1
testa,1
proxime,1
portarius,1
impotentia,1
uiolo,1
uicinalis,1
accusator,1
conuictus,1
iudico,1
admirabilis,1
aequitas,1
determino,1
suffodio,1
limito,1
aruum,1
conplus,1
tributarius,1
condo,1
lis,1
datus,1
quadrifinium,1
supercilium,1
demonstratio,1
cultura,1
citra,1
repromissio,1
propterea,1
pascuus,1
emptio,1
interdictum,1
pomerium,1
amoueo,1
conciliabulum,1
immanitas,1
aedes,1
cautio,1
pluuialis,1
colonicus,1
inuerecundus,1
denego,1
affinis,1
disputatio,1
instructura,1
opinio,1
durus,1
feruidus,1
umerus,1
exsero,1
lancea,1
uibro,1
ardor,1
uescus,1
lignor,1
pilum,1
anhelo,1
incalesco,1
inexercitatus,1
langueo,1
exardo,1
circumuallo,1
praestringo,1
delitesco,1
abicio,1
uerbero,1
lassitudo,1
decresco,1
nefas,1
serius,1
digressus,1
proturbo,1
aura,1
proflo,1
mire,1
aduersor,1
memorabilis,1
prosterno,1
inuius,1
commutatio,1
despero,1
inopinans,1
circumductus,1
marceo,1
recessus,1
stipo,1
siluester,1
instructio,1
legionarius,1
luno,1
complico,1
lentus,1
productum,1
protrudo,1
inuicem,1
sinuo,1
compressus,1
exsequor,1
uineus,1
metor,1
indemnis,1
discurro,1
resto,1
protego,1
fulgor,1
praetendo,1
patefacio,1
interfusus,1
infinitus,1
subsido,1
testudo,1
maurus,1
certe,1
inuitus,1
triarii,1
perturbatio,1
interluceo,1
dubie,1
macedonicus,1
antesignanus,1
ingero,1
implicitus,1
falcatus,1
cuneus,1
calliditas,1
transcurro,1
cito,1
spiculum,1
homericus,1
suppleo,1
alluuius,1
exercitatus,1
obliquus,1
excursus,1
apprehendo,1
alaris,1
prospicio,1
proclamo,1
consulatus,1
samnium,1
offundo,1
achaius,1
deiectus,1
mulio,1
indidem,1
depugno,1
apparatus,1
uerro,1
capesso,1
quamobrem,1
pauidus,1
conuersatio,1
exclamo,1
camelus,1
odor,1
sulphur,1
tarquiniensis,1
anguis,1
furialis,1
turba,1
postremus,1
romulus,1
sutrinus,1
ludificatio,1
rector,1
opperior,1
certo,1
alga,1
rapidus,1
inhaereo,1
latro,1
immergo,1
regredior,1
proruo,1
succendo,1
praedor,1
mandragoras,1
sopor,1
infectus,1
medicatus,1
stratum,1
armentum,1
insalubris,1
commercium,1
esculentus,1
intemperanter,1
arabs,1
dissideo,1
aliquanto,1
accelero,1
neglegenter,1
obscuritas,1
flagro,1
rupes,1
periclitor,1
interfluo,1
credulitas,1
torpor,1
foueo,1
flaminius,1
uallus,1
fortuitus,1
emineo,1
tacita,1
promptus,1
castrensis,1
praetorium,1
secrete,1
uigilans,1
cogitatio,1
pertinaciter,1
ualetudo,1
sino,1
strenue,1
abscondo,1
cogitatum,1
gentilis,1
palor,1
habena,1
incurso,1
elido,1
spectator,1
d,1
formo,1
uallo,1
commoueo,1
frustro,1
adaperio,1
incresco,1
praecipito,1
asperitas,1
destinatio,1
peditatus,1
iuba,1
curio,1
uanitas,1
inique,1
xanthus,1
admiror,1
quisnam,1
ictus,1
liburnus,1
uadosus,1
pando,1
conspicor,1
coniecto,1
agiliter,1
transueho,1
prosequor,1
gallicus,1
inultus,1
morior,1
commorior,1
infringo,1
imperatorius,1
hostilius,1
ultio,1
uelo,1
pugio,1
infirmo,1
abydenus,1
tabellarius,1
ducto,1
collaudo,1
ementior,1
manilius,1
clamito,1
metator,1
illinc,1
pharsalicus,1
uer,1
fortuna,1
assimulatio,1
ambracia,1
lembus,1
tullius,1
pudet,1
frenum,1
munda,1
erubesco,1
perseueranter,1
territo,1
insomnis,1
luctus,1
obstino,1
peruicacia,1
uado,1
ballista,1
concilium,1
attentus,1
gratulatio,1
extemplo,1
ceres,1
matrona,1
locatum,1
renauigo,1
induo,1
dinumeratio,1
argumentor,1
binus,1
bis,1
gymnicus,1
apparo,1
insum,1
ignobilis,1
plebeius,1
obstringo,1
alias,1
nuptialis,1
pulchritudo,1
despondeo,1
aspicio,1
astringo,1
exortus,1
scrobis,1
turmalis,1
interea,1
recolligo,1
cocles,1
fragor,1
totiens,1
statiuus,1
interpellatio,1
terribilis,1
gallius,1
oceanus,1
siccus,1
pandus,1
nihilominus,1
tumentia,1
flatus,1
lector,1
hucusque,1
depositum,1
machinamentum,1
pridem,1
repentinus,1
pauor,1
irruptio,1
requiro,1
corripio,1
praestantia,1
obambulo,1
innoxius,1
latine,1
strages,1
egregie,1
dissero,1
uago,1
saccus,1
refercio,1
inobseruatus,1
frumentor,1
uestitus,1
merx,1
negotiator,1
rixa,1
iurgium,1
aduocatus,1
galearis,1
hilaritas,1
saeuitia,1
odium,1
electus,1
trunco,1
assentor,1
inimicus,1
claustrum,1
uenor,1
aper,1
captura,1
archipirata,1
sementis,1
satio,1
renascor,1
confugio,1
absumo,1
camera,1
abutor,1
membratim,1
perseuerantia,1
detestabilis,1
experior,1
undecimus,1
iuuentus,1
iaculus,1
propediem,1
concursus,1
euocatus,1
inexpugnabilis,1
assumo,1
deterreo,1
tela,1
detrecto,1
intestinus,1
inundatio,1
elleborus,1
surruo,1
distantia,1
compositus,1
corono,1
exaequo,1
refulgeo,1
consideratus,1
eueho,1
reuello,1
saxeus,1
semita,1
praeceps,1
cochlea,1
prospectus,1
nisus,1
lorum,1
clauus,1
ascensus,1
nitor,1
tumultuor,1
classicus,1
cornicen,1
transcendo,1
contabulo,1
superstruo,1
turritus,1
umidus,1
luce,1
protraho,1
oborior,1
contemplo,1
praedator,1
indefensus,1
barca,1
mas,1
queror,1
benigne,1
humanitas,1
inexspectatus,1
grauo,1
remetior,1
sacrificium,1
attollo,1
peruigilo,1
dormio,1
transfigo,1
cuspis,1
increpo,1
qualis,1
imploro,1
legatio,1
balteus,1
insuesco,1
membrana,1
introitus,1
no,1
inflo,1
insuo,1
perite,1
gubernaculum,1
marinus,1
bracchium,1
tenebrae,1
saeta,1
illuc,1
deuolo,1
tessera,1
far,1
nux,1
sal,1
intromitto,1
creditum,1
herba,1
aro,1
praeripio,1
sata,1
prouentus,1
horreum,1
repono,1
arduus,1
uiritim,1
ouis,1
uestigium,1
uiscus,1
forum,1
diuturnus,1
gratifico,1
saucius,1
arcessitus,1
alloquor,1
benignitas,1
fidus,1
prosum,1
mercenarius,1
liberalitas,1
penso,1
dispensator,1
dupliciter,1
sollers,1
amputo,1
stimulo,1
exter,1
detrimentum,1
flauius,1
praesumo,1
assideo,1
liceor,1
ualeo,1
succingo,1
genero,1
nutrio,1
preterea,1
infitior,1
scriptor,1
indago,1
historia,1
excerpo,1
legens,1
impendeo,1
circumspicio,1
discretus,1
uarietas,1
competo,1
pacatio,1
iniuste,1
uenia,1
paciscor,1
incuriosus,1
percenseo,1
commendatio,1
astruo,1
arguo,1
uolumen,1
chordus,1
perquam,1
utiliter,1
magnifice,1
exsisto,1
intempestiuus,1
incito,1
dissoluo,1
omen,1
contumax,1
conspiratio,1
tabella,1
tempestas,1
baculum,1
superbus,1
eminentia,1
papauer,1
inspectio,1
licens,1
alexandrinus,1
dissimulatio,1
aegyptus,1
parthicus,1
euenio,1
opto,1
taurus,1
sollemnis,1
zeugma,1
proicio,1
operosus,1
praesentio,1
adfundo,1
contundo,1
immanis,1
ferocia,1
natio,1
excidium,1
mandatus,1
inscius,1
suscito,1
festinanter,1
diluo,1
existimatio,1
morbus,1
eloquium,1
tuba,1
electissimus,1
persector,1
sagax,1
tuscus,1
intemptatus,1
prudenter,1
industrie,1
tortus,1
teutonicus,1
praestituo,1
resigno,1
contemplatus,1
uolatus,1
euolo,1
strigosus,1
uehemens,1
anceps,1
impatiens,1
impugno,1
profundum,1
dicio,1
scorpio,1
praetexo,1
respectus,1
phrygius,1
pertendo,1
alluo,1
aliquamdiu,1
calefacio,1
coniungo,1
subsisto,1
nequeo,1
inceptum,1
uictrix,1
chius,1
sequester,1
retexo,1
imparatus,1
samius,1
libere,1
lutatius,1
sarcina,1
brundisium,1
obstruo,1
paries,1
sudis,1
operio,1
cratis,1
trabs,1
degredior,1
resupinus,1
leuo,1
rota,1
exstructum,1
furtim,1
uarie,1
calpurnius,1
obuersor,1
deformitas,1
despicio,1
labes,1
ludibrium,1
affecto,1
calcar,1
bucinator,1
tormentum,1
mentio,1
intentio,1
cauillor,1
trames,1
supergredior,1
siluestris,1
figo,1
cadauer,1
adorno,1
intuor,1
imago,1
deludo,1
ambitus,1
extenuo,1
deprimo,1
asinus,1
latrans,1
rudens,1
mugitus,1
collustro,1
speculor,1
primo,1
praedatio,1
audax,1
secedo,1
suffugio,1
propago,1
ruina,1
tabulatus,1
siculus,1
auris,1
spartum,1
crinis,1
tonsa,1
mulier,1
rhodium,1
profugus,1
cortex,1
temperantia,1
communico,1
damnatio,1
patricius,1
deuro,1
discordia,1
infamia,1
populo,1
conscriptus,1
sabinus,1
uastitas,1
diffido,1
tyrannus,1
montuosus,1
praeualens,1
regnum,1
iugulo,1
hospes,1
hiberno,1
sanitas,1
properus,1
consentiens,1
delictum,1
pareo,1
attendo,1
minax,1
uultus,1
disco,1
exposco,1
inconsulte,1
dissocio,1
externus,1
concordia,1
coalesco,1
lupus,1
cunctatio,1
probrum,1
iuro,1
tumidus,1
praeclarus,1
contumelia,1
carthago,1
insolentia,1
pretiosus,1
uirilis,1
sexus,1
uxor,1
dis,1
purpureus,1
coma,1
uenerabilis,1
currus,1
sublimis,1
coniectus,1
postremo,1
indocilis,1
cerua,1
praenosco,1
asseuero,1
diuinitus,1
oboedio,1
sacrifico,1
medicamentum,1
extum,1
suppono,1
iecur,1
calidus,1
spondeo,1
albus,1
gelus,1
postridie,1
gaudeo,1
praesente,1
transporto,1
attono,1
hortatio,1
lapsus,1
interpretatio,1
picens,1
superstitio,1
portendo,1
respergo,1
contristo,1
infula,1
dependo,1
funus,1
delabor,1
sedile,1
significatio,1
defectus,1
sidus,1
collido,1
sedo,1
conturbatio,1
nubes,1
sternuto,1
perfrigesco,1
iuppiter,1
rationabilis,1
flexuosus,1
inaequalis,1
finitio,1
enuntiatio,1
enuntio,1
dimetior,1
normatio,1
subiecto,1
tangens,1
uorago,1
constringo,1
limitatio,1
corniculum,1
filum,1
intueor,1
meta,1
deuito,1
incurro,1
maceria,1
petra,1
optime,1
exsupero,1
appono,1
incessus,1
adflictus,1
capitulum,1
perpendiculum,1
culter,1
inseruio,1
aequalitas,1
lectio,1
conquiro,1
scrupulus,1
discriptio,1
subex,1
separo,1
sane,1
conor,1
cotidianus,1
complures,1
exprobro,1
timiditas,1
ignauia,1
delicatus,1
notabiliter,1
paulisper,1
nequam,1
seueritas,1
assus,1
elixus,1
grandis,1
adigo,1
formido,1
ferio,1
elegans,1
interdico,1
mola,1
farina,1
furca,1
retorqueo,1
rapina,1
deuerto,1
anguste,1
possido,1
uerecundia,1
conscisco,1
mapalia,1
antiquitas,1
desidia,1
otium,1
aedifico,1
immunitus,1
questus,1
aes,1
stabilio,1
testamentum,1
turpiter,1
relego,1
titius,1
toga,1
galeatus,1
uestimentum,1
scindo,1
foedo,1
desertor,1
fungus,1
ter,1
expostulo,1
fustis,1
terni,1
decimo,1
lugeo,1
contentio,1
animaduersio,1
genu,1
imperiosus,1
temeritas,1
insidiosus,1
seditiosus,1
stramentum,1
aboleo,1
respublica,1
infrequens,1
stipendium,1
uigor,1
rutilius,1
praeopto,1
demando,1
tenax,1
donum,1
pauper,1
agrellus,1
obitus,1
dos,1
storea,1
cena,1
lectus,1
milito,1
uescor,1
meridie,1
pomifer,1
intactus,1
auspicium,1
inuiolatus,1
obsequium,1
corinthus,1
statua,1
exorno,1
manubia,1
factura,1
concupisco,1
triumphus,1
triumpho,1
oratio,1
laureatus,1
direptio,1
modestia,1
tumeo,1
deprecor,1
precor,1
opimus,1
acclino,1
persido,1
barba,1
capillus,1
numquam,1
recubo,1
etiamsi,1
eluctor,1
laberius,1
uocito,1
umbra,1
deuoueo,1
admissum,1
exsecror,1
eruo,1
transuerbero,1
dedecus,1
censorius,1
madefactus,1
folium,1
animal,1
denarius,1
mus,1
uenditor,1
miseratio,1
foris,1
ueho,1
obmurmuro,1
laboriosus,1
sedeo,1
rubor,1
perpes,1
irrideo,1
perpello,1
reseruo,1
resideo,1
sella,1
capital,1
honeste,1
familiaris,1
honestus,1
dolabra,1
moderatus,1
pugnax,1
bellator,1
cupidus,1
pilus,1
lucto,1
primipilaris,1
germanium,1
congero,1
furor,1
amphora,1
pix,1
taeda,1
iactus,1
uasculum,1
uipera,1
transilio,1
deturbo,1
minerua,1
imitatio,1
ritus,1
onerarius,1
accenseo,1
hortor,1
obsequor,1
fibula,1
subigo,1
ferax,1
territus,1
pinarius,1
reposco,1
deliberatio,1
clauis,1
conuoco,1
ignauus,1
crux,1
pactio,1
dictito,1
k,1
funditor,1
tumultuarius,1
naeuius,1
mediocris,1
parmula,1
septeni,1
quaterni,1
uehementer,1
pronus,1
madeo,1
neruus,1
oro,1
ascendo,1
audenter,1
innitor,1
alleuo,1
appeto,1
sudor,1
excuso,1
laetus,1
pugnator,1
alo,1
moneo,1
abscido,1
familiariter,1
accepta,1
offendo,1
monitio,1
coetus,1
interritus,1
