,count
et,1387
qui,796
sum,713
tu,594
non,493
hic,462
ego,444
in,416
nec,389
ut,369
si,327
quis,303
cum,260
aut,213
num,207
ille,189
multus,177
atque,172
res,166
dico,151
magnus,149
ad,132
omnis,126
bonus,124
do,124
possum,122
per,118
puer,114
fero,114
nunc,111
ne,110
facio,110
nihil,107
quod,104
sed,102
amicus,102
deus,101
iam,99
uolo,99
tuus,97
sui,97
meus,96
sic,90
an,88
ab,87
quam,86
uideo,83
ac,79
domus,78
unus,78
animus,76
malus,76
dum,73
uiuo,73
inter,72
pater,72
quaero,70
uel,69
carmen,68
seu,66
rex,65
o,65
dies,64
uirtus,64
ipse,64
fugio,64
nam,64
ago,63
mare,62
habeo,61
sub,60
tamen,60
paruus,59
at,59
bene,57
dulcis,56
peto,56
tempus,55
credo,55
ex,55
labor,54
primus,54
longus,54
pes,53
terra,52
ubi,52
idem,52
audio,51
amor,51
quisque,51
sine,50
laudo,50
uerbum,50
quantus,50
rideo,49
mos,49
cur,49
uir,49
cura,49
muto,49
de,49
uitium,49
urbs,48
grauis,48
alius,48
pono,47
duco,47
nouus,46
pars,46
mens,46
post,46
metuo,46
alter,46
annus,46
caput,46
liber,46
iubeo,46
satis,46
populus,45
eo,45
nullus,45
nos,45
uersus,45
tollo,45
teneo,44
reddo,44
is,44
manus,43
beatus,43
fortis,42
doceo,42
unde,42
uerus,42
ius,42
durus,41
uinum,41
diues,41
homo,41
saepe,41
sapio,41
nomen,40
gratus,40
simul,40
uita,40
nisi,40
addo,40
edo,40
uis,39
semper,39
iuuenis,38
ars,38
poeta,38
sacer,38
enim,38
leuis,38
acer,38
uenio,38
ager,38
opus,38
scribo,38
suus,37
modus,37
latus,37
quisquis,36
siue,36
redeo,36
curo,36
seruo,36
dignus,36
nox,36
locus,36
quicumque,36
altus,35
modo,35
equus,35
scio,35
male,35
gaudeo,35
honor,35
medius,35
miser,35
natura,35
moueo,34
iuuo,34
parum,34
uelut,34
uox,34
corpus,34
noster,34
timeo,34
certus,34
aequus,34
magis,34
turpis,34
aura,33
relinquo,33
uterque,33
tantus,33
aio,33
bellus,32
mater,32
dux,32
os,32
dono,32
lex,32
placeo,32
olim,32
natus,32
uoco,32
fides,32
quia,32
puto,32
insanus,32
munus,31
loquor,31
pulcher,31
etiam,31
hora,31
genus,31
refero,31
uetus,31
silua,31
uos,31
amo,31
tristis,31
inquam,31
ludus,30
ignis,30
mitto,30
recte,30
sanus,30
sequor,29
mors,29
niger,29
ludo,29
arma,29
liceo,29
ater,29
sto,29
nego,29
laetus,28
semel,28
rus,28
clarus,28
forte,28
plenus,28
miror,28
albus,28
moror,28
spes,27
aqua,27
sol,27
pereo,27
pectus,27
laus,27
ualeo,27
patior,27
breuis,27
posco,27
minor,27
purus,27
ita,27
sermo,27
saeuus,26
prex,26
secundus,26
fallo,26
aetas,26
urgeo,26
parens,26
pauper,26
quisquam,26
senex,26
qualis,25
uirgo,25
uentus,25
sentio,25
usque,25
rapio,25
aer,25
caelum,25
inferus,25
puella,25
careo,25
specto,25
accipio,25
dominus,25
neue,25
nauis,25
oculus,25
ergo,25
iste,25
potens,24
premo,24
hinc,24
ira,24
lenis,24
laboro,24
paro,24
seruus,24
mille,24
ter,23
heu,23
totus,23
aequor,23
uro,23
audeo,23
ante,23
solus,23
uerto,23
finis,23
pecus,23
fama,23
prius,23
mecum,23
sumo,23
causa,23
pecco,23
nummus,23
mollis,22
ops,22
super,22
aurum,22
lupus,22
uinco,22
superbus,22
fortuna,22
custos,22
eques,22
studium,22
aeuum,22
maneo,22
somnus,22
prope,21
tendo,21
fingo,21
quamuis,21
patrius,21
mox,21
unda,21
celer,21
saxum,21
auarus,21
malo,21
praeter,21
cedo,21
ulter,21
adsum,21
frango,21
auris,21
poema,21
stultus,21
campus,20
sanguis,20
traho,20
tum,20
nascor,20
dens,20
hostis,20
flumen,20
acuo,20
comes,20
merus,20
ueto,20
proprius,20
bibo,20
notus,20
disco,20
tango,20
uia,20
cena,20
uilis,20
cado,19
ruo,19
numerus,19
diuus,19
uagus,19
ferrum,19
tutus,19
superus,19
heres,19
pretium,19
iudex,19
occupo,19
huc,19
pinguis,19
ingenium,19
tam,19
perdo,19
odi,19
uito,19
quin,19
uxor,19
usus,19
cogo,19
positus,19
centum,18
misceo,18
uotum,18
ceterus,18
uictor,18
gens,18
similis,18
memor,18
miles,18
nudus,18
scilicet,18
ingens,18
par,18
uacuus,18
cornu,18
turba,18
numquam,18
asper,18
tenuis,18
uarius,18
capillus,18
uiuus,18
curro,18
umquam,18
ratio,18
uter,18
cupio,18
regnum,17
abeo,17
nobilis,17
decet,17
taceo,17
tener,17
candidus,17
mons,17
iustus,17
herba,17
frons,17
luna,17
piscis,17
paternus,17
recingo,17
culpa,17
decus,17
cresco,17
uates,17
color,17
opto,17
sidus,17
prior,17
paulus,17
carus,17
umerus,17
barbarus,17
uiso,17
risus,17
dictum,17
soleo,17
donec,17
fio,17
morbus,17
nescio,17
hospes,17
paucus,17
aufero,17
uicinus,17
canis,17
compono,17
nolo,17
alienus,17
maecenas,17
namque,16
pro,16
lyra,16
delecto,16
decorus,16
nota,16
fatum,16
tempero,16
consilium,16
doleo,16
integer,16
lux,16
arbor,16
puluis,16
capio,16
ni,16
nix,16
iners,16
cunctus,16
uestis,16
honestus,16
corona,16
propero,16
poculum,16
lego,16
maritus,16
iter,16
tectum,16
tempto,16
cauus,16
narro,16
lectus,16
factum,16
respondeo,16
imperium,15
certo,15
flos,15
nocturnus,15
potis,15
nemus,15
felix,15
soluo,15
chorus,15
daps,15
gero,15
occido,15
litus,15
bos,15
nefas,15
fera,15
bellum,15
condo,15
filius,15
lateo,15
mensa,15
festus,15
umbra,15
egeo,15
utilis,15
pauperies,15
praebeo,15
uerum,15
nuper,15
pello,15
praesens,15
fons,15
funus,15
tellus,15
rumpo,15
nauta,15
aper,15
nepos,15
frater,15
humanus,15
grandis,15
pudor,15
unguis,15
canto,15
insignis,15
aptus,15
riuus,15
memini,15
laedo,15
grex,15
cesso,15
unctum,15
diuitia,15
rogo,15
circum,15
prauus,15
rusticus,15
iro,15
pasco,15
scriptor,15
quidam,15
coepio,15
denique,15
haud,15
precor,14
sollicitus,14
signum,14
lingua,14
imber,14
audax,14
cano,14
aureus,14
leuo,14
priscus,14
accedo,14
benignus,14
pugna,14
leo,14
frux,14
merces,14
prudens,14
argentum,14
terreo,14
ultra,14
ora,14
extremus,14
porricio,14
sperno,14
iniquus,14
agito,14
repeto,14
inuenio,14
frustra,14
uenenum,14
conuiua,14
iugum,14
insanio,14
parco,14
tracto,14
laeuus,14
spargo,14
inanis,14
indignus,14
clamo,14
ceno,14
contingo,14
alo,13
ripa,13
solutus,13
lis,13
currus,13
coma,13
strepitus,13
quoque,13
remotus,13
debeo,13
tandem,13
proelium,13
gelidus,13
mane,13
arcus,13
spero,13
frigus,13
fuga,13
charta,13
eripio,13
iungo,13
membrum,13
tardus,13
mortalis,13
summa,13
fabula,13
undique,13
oro,13
seuerus,13
nimius,13
aspicio,13
porto,13
noceo,13
tecum,13
iocus,13
erro,13
inuisus,13
mulier,13
uenus,13
contra,13
formido,13
uenter,13
humus,12
rarus,12
amnis,12
ploro,12
inuideo,12
ferox,12
roma,12
impius,12
defendo,12
orior,12
facies,12
poena,12
siccus,12
crinis,12
uicis,12
commodus,12
obsto,12
fulgeo,12
nosco,12
sors,12
libido,12
feruidus,12
simplex,12
otium,12
matrona,12
nitidus,12
fessus,12
artus,12
ciuis,12
scelus,12
auctor,12
potius,12
fleo,12
tabula,12
stomachus,12
cautus,12
lignum,12
mundus,12
fundus,12
citus,12
cithara,12
prosum,12
inops,12
pactum,12
ob,12
nequeo,12
quiuis,12
lucilius,12
ales,11
bis,11
flamma,11
nubes,11
meritum,11
princeps,11
inuidus,11
monstro,11
deduco,11
dextra,11
dirus,11
tumultus,11
coniunx,11
absum,11
castus,11
incolumis,11
soror,11
moneo,11
uiridis,11
longe,11
adhuc,11
uexo,11
ignotus,11
disto,11
celo,11
timidus,11
opprobrium,11
stultitia,11
impono,11
promo,11
uester,11
queror,11
inultus,11
datum,11
cumque,11
udus,11
cras,11
ferus,11
pius,11
imago,11
sagitta,11
lar,11
ceruix,11
furo,11
inuitus,11
metus,11
quando,11
adimo,11
dormio,11
trado,11
forma,11
toga,11
desum,11
odium,11
aceruus,11
lauo,11
postquam,11
negotium,11
sis,11
antiquus,11
uenia,11
officium,11
dolor,11
latro,11
incipio,11
quid,11
fur,11
offendo,11
contentus,11
desino,10
circa,10
purpureus,10
militia,10
tus,10
tremo,10
reduco,10
publicus,10
taurus,10
imito,10
ostendo,10
profero,10
demitto,10
perfidus,10
maturus,10
damnum,10
seco,10
uitis,10
nescius,10
auidus,10
sodalis,10
liquidus,10
fluctus,10
sedes,10
minax,10
adulter,10
consul,10
hodie,10
sordidus,10
lasciuus,10
auis,10
meditor,10
lentus,10
qua,10
copia,10
iocosus,10
orbis,10
neglego,10
appareo,10
secerno,10
summum,10
haereo,10
rego,10
hiems,10
obscurus,10
bracchium,10
inimicus,10
diuido,10
piger,10
uua,10
concedo,10
linquo,10
meretrix,10
cruor,10
sepulcrum,10
pondus,10
cupido,10
surgo,10
casus,10
pax,10
crus,10
inuidia,10
capto,10
caueo,10
inprobus,10
scriptum,10
reprehendo,10
aeger,10
recuso,10
nemo,10
discedo,10
species,10
nempe,10
noto,10
rursus,9
parce,9
late,9
largus,9
tibia,9
numen,9
uincio,9
mano,9
nitor,9
reditus,9
canus,9
sonus,9
fidelis,9
diu,9
rite,9
nutrio,9
sector,9
iacto,9
caedes,9
expedio,9
proles,9
horridus,9
ferio,9
spiritus,9
decido,9
pudicus,9
praemium,9
sono,9
pugno,9
excipio,9
fraus,9
pecunia,9
rosa,9
festino,9
trepido,9
fumus,9
paene,9
uelox,9
lucrum,9
anus,9
poto,9
aridus,9
lapis,9
probo,9
ardeo,9
securus,9
colligo,9
mercator,9
frigidus,9
nimis,9
clamor,9
odor,9
onus,9
coerceo,9
uix,9
iterum,9
pingo,9
aeque,9
amoenus,9
proteruus,9
exiguus,9
caecus,9
arcanus,9
diligo,9
pullus,9
neruus,9
catena,9
seruio,9
plerumque,9
recens,9
placo,9
falsus,9
uerso,9
parcus,9
periculum,9
mirus,9
mendax,9
sal,9
descendo,9
agrestis,9
amator,9
foedus,9
procul,9
deceo,9
utor,9
uendo,9
frumentum,9
tragicus,9
opera,9
ineptus,9
ignosco,9
ouum,9
holus,9
iucundus,9
urbanus,9
iecur,8
idoneus,8
gramen,8
penna,8
raptus,8
astrum,8
frondeo,8
tumidus,8
libet,8
iuuenta,8
differo,8
cultus,8
almus,8
triumphus,8
perfero,8
nimium,8
niteo,8
collis,8
impar,8
collum,8
ictus,8
docilis,8
domo,8
intersum,8
tot,8
carpo,8
donum,8
letum,8
hortus,8
illic,8
uertex,8
anima,8
gestio,8
amarus,8
cantus,8
uireo,8
arx,8
ruina,8
perago,8
domina,8
ueneror,8
ordo,8
ensis,8
colo,8
cursus,8
superstes,8
senectus,8
iaceo,8
augur,8
oppidum,8
sublimis,8
iuuentus,8
rabies,8
cohors,8
arduus,8
myrtus,8
agna,8
suspendo,8
intactus,8
finio,8
uirilis,8
repono,8
fors,8
callidus,8
temere,8
prodigus,8
regno,8
difficilis,8
bilis,8
rixa,8
funis,8
compesco,8
propono,8
theatrum,8
recreo,8
ullus,8
limen,8
depono,8
aeneus,8
regius,8
humilis,8
plebs,8
lympha,8
tres,8
exeo,8
lassus,8
interdum,8
decipio,8
insto,8
priuatus,8
communis,8
locuples,8
pellis,8
fastidio,8
sententia,8
fluo,8
foris,8
uictus,8
quanto,8
malum,8
diuinus,8
omitto,8
iuro,8
fateor,8
quinque,8
medicus,8
error,8
talus,8
scaena,8
uoluptas,8
uulgus,8
fastidium,8
libenter,8
nugae,8
nihilum,8
gratia,8
horreo,8
inde,8
peccatum,8
queo,8
libertinus,8
romanus,8
blandus,7
naris,7
quatio,7
silentium,7
somnium,7
quotiens,7
totidem,7
folium,7
fertilis,7
amabilis,7
auus,7
flauus,7
uernus,7
uber,7
fas,7
caterua,7
insero,7
deficio,7
nata,7
testis,7
praeda,7
ultro,7
opimus,7
effugio,7
ilex,7
monstrum,7
nauita,7
culpo,7
mensis,7
marinus,7
mentior,7
murus,7
fugax,7
cohibeo,7
splendidus,7
epula,7
ardesco,7
supero,7
cadus,7
necto,7
ara,7
gaudium,7
natalis,7
minuo,7
pratum,7
hibernus,7
aeternus,7
cliens,7
mereo,7
tingo,7
mora,7
importunus,7
condio,7
cinis,7
committo,7
indomitus,7
turma,7
supplex,7
uelum,7
frenum,7
furor,7
exigo,7
lucidus,7
septem,7
mitis,7
regina,7
munio,7
probus,7
templum,7
cruentus,7
serus,7
praeceps,7
iracundus,7
dis,7
socius,7
apricus,7
furtum,7
stella,7
cereus,7
duro,7
inutilis,7
fido,7
ingratus,7
classis,7
iambus,7
oleo,7
cubo,7
aestus,7
modicus,7
uanus,7
tigris,7
facilis,7
prohibeo,7
lenio,7
ingenuus,7
rotundus,7
demissus,7
quamquam,7
fundo,7
ualidus,7
sapientia,7
consulo,7
tyrannus,7
serpens,7
uena,7
uilla,7
urna,7
adeo,7
indoctus,7
decedo,7
intra,7
sordes,7
quondam,7
pagus,7
excludo,7
uitiosus,7
lana,7
erus,7
dictus,7
contendo,7
contractus,7
sucus,7
aruus,7
conuenio,7
subeo,7
tego,7
magister,7
morior,7
singulus,7
cupidus,7
figo,7
propior,7
aro,7
continuo,7
tempestas,7
laqueus,7
pareo,7
recipio,7
dicto,7
tabella,7
panis,7
torqueo,7
praeceptum,7
aliquis,7
caedo,7
iudicium,7
dimitto,7
censeo,7
cognatus,7
emptum,7
contemno,7
lippus,7
agrellus,7
irascor,7
scriba,7
percontor,7
incido,7
iuppiter,7
rhombus,7
oleum,7
suauis,7
lustrum,6
torreo,6
lacus,6
femina,6
palma,6
caelestis,6
io,6
refert,6
ortus,6
placidus,6
lumen,6
spissus,6
nidus,6
paueo,6
iuuencus,6
imbellis,6
utcumque,6
cerno,6
rapax,6
lucto,6
trans,6
curuus,6
patera,6
praesto,6
turris,6
pinus,6
impello,6
cupressus,6
aula,6
argutus,6
pronus,6
recurro,6
arbitrium,6
uinculum,6
talis,6
marmor,6
ratis,6
regalis,6
dubius,6
abstineo,6
pluma,6
hedera,6
agnus,6
exemplum,6
dispar,6
caleo,6
merx,6
purpura,6
fastus,6
motus,6
certamen,6
fatigo,6
saeuio,6
rapidus,6
deripio,6
duellum,6
claudo,6
inicio,6
fungor,6
partus,6
produco,6
deciens,6
frequens,6
saluber,6
quies,6
praesidium,6
pauidus,6
reficio,6
plaga,6
fretus,6
insolens,6
fruor,6
egregius,6
moenia,6
resono,6
mobilis,6
promitto,6
itero,6
appono,6
lacertus,6
posterus,6
quoius,6
proximus,6
belua,6
defluo,6
tunc,6
furtim,6
amplius,6
filia,6
uallis,6
limus,6
suspicio,6
crepo,6
splendeo,6
testa,6
fraternus,6
recludo,6
lucerna,6
sponsus,6
cyathus,6
statuo,6
seges,6
ebur,6
taciturnus,6
sinus,6
retro,6
periurus,6
ruber,6
amphora,6
orno,6
demens,6
amicitia,6
ignarus,6
abdo,6
extendo,6
defero,6
ocius,6
maereo,6
querella,6
remitto,6
nodus,6
usquam,6
languidus,6
census,6
sumptus,6
furiosus,6
porrigo,6
recido,6
rupes,6
cauda,6
sedeo,6
rudis,6
famosus,6
inuerto,6
fecundus,6
coram,6
fustis,6
actus,6
uafer,6
crimen,6
obicio,6
ungo,6
conuerto,6
porcus,6
mercor,6
paulo,6
sublatus,6
formo,6
speciosus,6
incertus,6
emendo,6
promissum,6
numero,6
crassus,6
ignoro,6
tero,6
libertas,6
describo,6
uestigium,6
comoedia,6
diuersus,6
sane,6
recito,6
emo,6
exspecto,6
praetor,6
palatum,6
duo,6
nimirum,6
immundus,6
aduersum,6
ambitio,6
libellus,6
pomum,6
tonsor,6
secum,6
molestus,6
sensus,6
uereor,6
scurra,6
patina,6
frugi,6
persona,6
acerbus,6
induco,6
quartus,6
mediocris,6
ambulo,6
caesar,6
igitur,6
quare,6
graecus,6
aemulus,5
credulus,5
lacrima,5
studeo,5
pontus,5
decurro,5
pugil,5
flebilis,5
forus,5
procedo,5
uitulus,5
impiger,5
contundo,5
mordeo,5
testudo,5
digitus,5
praetereo,5
fulmen,5
permitto,5
impetus,5
caprea,5
fugo,5
equito,5
pubes,5
ferax,5
firmus,5
patria,5
spatium,5
desiderium,5
etenim,5
utinam,5
includo,5
tutela,5
ceruus,5
fax,5
nupta,5
saeculum,5
intereo,5
bruma,5
reparo,5
adicio,5
pietas,5
incendium,5
exitus,5
deleo,5
commissum,5
impune,5
liuidus,5
ducenti,5
fidus,5
nonus,5
religo,5
findo,5
compes,5
fluuius,5
gemo,5
ulcisco,5
ouis,5
sitis,5
horreum,5
pone,5
expers,5
deuoueo,5
horrendus,5
agmen,5
licentia,5
cubile,5
ciuilis,5
infidus,5
tueor,5
diua,5
terminus,5
condicio,5
demo,5
uisum,5
rubeo,5
candeo,5
respicio,5
fragilis,5
nequiquam,5
febris,5
lucus,5
haedus,5
pulso,5
taberna,5
perfundo,5
conor,5
tunica,5
oliua,5
gesto,5
catus,5
dica,5
uigeo,5
imbuo,5
sudor,5
exitium,5
aratrum,5
cor,5
confundo,5
gloria,5
aestuosus,5
propinquus,5
moechus,5
discrepo,5
cutis,5
spectaculum,5
reuertor,5
colonus,5
clauus,5
pannus,5
faex,5
pariter,5
dolosus,5
timor,5
lepus,5
niualis,5
generosus,5
sedulus,5
maestus,5
laurus,5
ramus,5
serius,5
ancilla,5
captiuus,5
decoro,5
auersus,5
solor,5
mella,5
baca,5
procella,5
rigidus,5
infestus,5
angustus,5
edax,5
apto,5
stupeo,5
anguis,5
amplus,5
uescor,5
pontifex,5
moles,5
porticus,5
uenalis,5
exsul,5
mel,5
recedo,5
ritus,5
ueho,5
situs,5
extra,5
supinus,5
uiator,5
socer,5
oblino,5
porta,5
impero,5
emptor,5
uere,5
pallor,5
amans,5
paelex,5
parca,5
segnis,5
aperto,5
desilio,5
calidus,5
offero,5
alumnus,5
dos,5
desero,5
uenor,5
coruus,5
secor,5
inuictus,5
strenuus,5
aulaeum,5
tutor,5
nux,5
quidem,5
exemplar,5
necne,5
faber,5
uigilo,5
attentus,5
loculus,5
inflo,5
impleo,5
ridiculus,5
commendo,5
uicus,5
as,5
cicuta,5
uisus,5
consumo,5
comis,5
fortasse,5
quoniam,5
potus,5
sodes,5
suadeo,5
propius,5
occurro,5
uas,5
nudo,5
forum,5
uespertinus,5
praeco,5
caballus,5
metior,5
dissimilis,5
mando,5
echinus,5
turdus,5
detraho,5
prandeo,5
musa,5
nasus,5
intus,5
habitus,5
cantor,5
hircus,5
cibus,5
inguen,5
acetum,5
quorsum,5
illudo,5
falernus,5
tantundem,5
numquid,5
balatro,5
uergilius,5
decem,4
flecto,4
reuoco,4
tempestiuus,4
quandoque,4
trabs,4
plurimus,4
fistula,4
mutuus,4
merum,4
gena,4
captus,4
ferueo,4
educo,4
apis,4
uuidus,4
plectrum,4
impetro,4
ciuitas,4
curuo,4
niueus,4
fuluus,4
suboles,4
spiro,4
expertus,4
securis,4
uictrix,4
columba,4
perficio,4
sagax,4
polliceor,4
sanctus,4
dimoueo,4
fetus,4
palam,4
aluus,4
caneo,4
geminus,4
autumnus,4
facundia,4
caro,4
reicio,4
retrorsum,4
sileo,4
beo,4
uulgo,4
inlino,4
sapienter,4
aueo,4
sollemnis,4
ordino,4
posthac,4
turgidus,4
infelix,4
adduco,4
desipio,4
formosus,4
quercus,4
refugio,4
maxime,4
immanis,4
auspicium,4
exerceo,4
sterno,4
portus,4
arrogo,4
obstrepo,4
postis,4
progenies,4
totiens,4
telum,4
responsum,4
nouem,4
prorogo,4
rota,4
area,4
catulus,4
teres,4
ulmus,4
retorqueo,4
sancio,4
expio,4
ocior,4
aes,4
trux,4
arbiter,4
gradus,4
infamis,4
infero,4
immineo,4
sortior,4
antrum,4
uotiuus,4
paries,4
conuiuium,4
perpetuus,4
celebro,4
densus,4
ambiguus,4
aequalis,4
oliuom,4
discus,4
lacrimosus,4
sustineo,4
consisto,4
focus,4
angulus,4
dolus,4
pharetra,4
recino,4
canorus,4
fascis,4
paupertas,4
auitus,4
arguo,4
penitus,4
labrum,4
osculum,4
querimonia,4
nonne,4
presso,4
calamus,4
ecce,4
sacerdos,4
capella,4
impunis,4
aliter,4
animosus,4
attineo,4
intonsus,4
fames,4
uagor,4
nutrix,4
genu,4
persequor,4
lugubris,4
compello,4
ianua,4
flagro,4
uerecundus,4
uulnus,4
aduro,4
illigo,4
harena,4
coemo,4
aedes,4
armentum,4
quater,4
senecta,4
lacesso,4
columna,4
uelo,4
pudet,4
uiuax,4
diuello,4
redigo,4
alea,4
incedo,4
suppono,4
fulgor,4
eximo,4
unguentum,4
uictima,4
penas,4
scelestus,4
octauus,4
munia,4
renideo,4
postulo,4
corono,4
prodo,4
mino,4
inaequalis,4
praescribo,4
celsus,4
summoueo,4
pernicies,4
gemma,4
scando,4
murex,4
exanimo,4
obeo,4
praecedo,4
ala,4
truncus,4
supra,4
leniter,4
potor,4
nenia,4
faueo,4
eheu,4
tergum,4
incestus,4
peregrinus,4
protinus,4
quilibet,4
ros,4
excido,4
infans,4
equinus,4
uentosus,4
nequitia,4
deterior,4
remoueo,4
maius,4
dedecus,4
ligo,4
damnosus,4
nequam,4
conspicio,4
docte,4
uigil,4
laxus,4
excutio,4
pateo,4
loquax,4
crudus,4
taeter,4
patruus,4
uerber,4
experior,4
contemptus,4
uellus,4
quotus,4
tribus,4
quocumque,4
far,4
salio,4
campester,4
plaustrum,4
quatenus,4
proficio,4
abigo,4
paeniteo,4
elementum,4
procerus,4
milito,4
flagellum,4
uulpes,4
palleo,4
absens,4
discors,4
quiesco,4
equidem,4
concinnus,4
plaudo,4
acumen,4
medium,4
pulpitum,4
spectator,4
macer,4
asellus,4
ango,4
lector,4
egomet,4
incultus,4
fere,4
subtilis,4
opertum,4
piper,4
opinor,4
mulus,4
lutulentus,4
diurnus,4
consultum,4
cognomen,4
delirus,4
expello,4
radix,4
monitor,4
tamquam,4
purgo,4
ile,4
idcirco,4
compitum,4
responso,4
faenus,4
balneum,4
conductum,4
aedifico,4
propter,4
saluus,4
oportet,4
fomentum,4
auricula,4
diffundo,4
coeo,4
inscitia,4
assideo,4
pauor,4
talentum,4
porrum,4
supersum,4
fortunatus,4
facetus,4
aegroto,4
ficus,4
testamentum,4
onustus,4
paratus,4
satur,4
offensus,4
arripio,4
obliuiscor,4
sudo,4
consto,4
incutio,4
rodo,4
ministro,4
dexter,4
triuius,4
nusquam,4
obsequium,4
garrulus,4
homerus,4
necesse,4
interpres,4
utpote,4
cicer,4
palla,4
barba,4
delictum,4
persaepe,4
missa,4
excito,4
praecordia,4
hio,4
lumbus,4
turbo,4
salsus,4
tiberis,4
canidius,4
opprimo,4
corrumpo,4
pertineo,4
catinus,4
auster,4
praeclarus,4
appello,4
sutor,4
arca,4
campanus,4
praeterea,4
haurio,4
recta,4
absento,4
deprehendo,4
deinde,4
reus,3
uolucer,3
uitreus,3
profundus,3
thymum,3
operosus,3
recepto,3
tertius,3
digno,3
mutus,3
fidicen,3
minister,3
pascuus,3
intentus,3
lac,3
depello,3
penetralis,3
fanum,3
tonsa,3
merso,3
nuntius,3
distineo,3
omen,3
icio,3
perambulo,3
parturio,3
uiduus,3
adhibeo,3
defundo,3
subsum,3
uindex,3
pugnax,3
mordax,3
chorea,3
adnuo,3
doctor,3
dea,3
pollex,3
uer,3
aestas,3
restituo,3
mina,3
chordus,3
calor,3
miro,3
obliuio,3
praefero,3
flagitium,3
crudelis,3
superbia,3
immolo,3
linteus,3
elicio,3
efficax,3
immunis,3
impudens,3
luridus,3
ruga,3
turpo,3
cornix,3
uetulus,3
multo,3
titulus,3
deicio,3
uoluo,3
diruo,3
clades,3
compositus,3
emoueo,3
profestus,3
aperio,3
undeni,3
uerax,3
stabilis,3
bello,3
applico,3
uerro,3
indocilis,3
solidus,3
castrum,3
tuba,3
uenator,3
immemor,3
cerua,3
barbitos,3
grando,3
iaculor,3
nato,3
monumentum,3
ultor,3
neglectus,3
turbidus,3
subduco,3
perrumpo,3
carina,3
alternus,3
impedio,3
umbrosus,3
exsilio,3
tepeo,3
fallax,3
duplex,3
decerpo,3
praepono,3
percutio,3
despero,3
auspex,3
militaris,3
uiperinus,3
depromo,3
ornus,3
uirga,3
oppositus,3
maternus,3
recumbo,3
incomptus,3
imprimo,3
nectar,3
fortiter,3
imperiosus,3
obruo,3
nuptiae,3
imperito,3
reperio,3
atrox,3
incola,3
deterreo,3
particula,3
hostilis,3
igneus,3
pluuius,3
deuius,3
persono,3
lubricus,3
deseruio,3
caespes,3
plausus,3
portendo,3
nebula,3
auius,3
praecipio,3
sopor,3
corrigo,3
unicus,3
laetitia,3
cubitum,3
magus,3
polus,3
admitto,3
refigo,3
toruus,3
plecto,3
debitum,3
horribilis,3
neco,3
zona,3
falx,3
immitis,3
elegi,3
tonans,3
brutus,3
concutio,3
sicco,3
examen,3
sospes,3
puter,3
ambitiosus,3
cella,3
impotens,3
ebrius,3
remus,3
fatalis,3
serenus,3
priuo,3
ciuicus,3
nondum,3
pario,3
subigo,3
auditus,3
temperatus,3
aquosus,3
dissideo,3
secus,3
saltus,3
exstructum,3
sura,3
quantum,3
tepidus,3
calens,3
capax,3
concha,3
amice,3
a,3
informis,3
suscito,3
cogito,3
nardum,3
dissipo,3
eburneus,3
pedester,3
historia,3
permuto,3
detorqueo,3
iudico,3
popularis,3
affero,3
raucus,3
damnatus,3
iugerum,3
caelebs,3
opacus,3
patens,3
mugio,3
uestio,3
uolucris,3
cerebrum,3
aedis,3
trudo,3
loco,3
satelles,3
reueho,3
uocatus,3
peruicax,3
superne,3
dissimulo,3
superuacuus,3
profanus,3
arceo,3
pendeo,3
sapor,3
desidero,3
uerbero,3
uinea,3
iacio,3
famulus,3
fastidiosus,3
molior,3
robustus,3
prospicio,3
claudus,3
seditio,3
troius,3
renascor,3
tenuo,3
insania,3
uipera,3
terror,3
status,3
trecenti,3
prouidus,3
amitto,3
fucus,3
lorum,3
principium,3
inquino,3
conscius,3
inficio,3
masculus,3
uersor,3
glaeba,3
constans,3
surdus,3
carbo,3
caper,3
cortex,3
astringo,3
diduco,3
quo,3
procus,3
ianitor,3
nanciscor,3
lacero,3
claustrum,3
onero,3
uomer,3
expugno,3
annosus,3
tacita,3
admoueo,3
uterus,3
hornus,3
mollio,3
cultura,3
defungor,3
materia,3
curtus,3
indictus,3
mannus,3
palus,3
ubicumque,3
studiosus,3
contemplo,3
ostrum,3
occulo,3
pastor,3
irrito,3
resigno,3
infra,3
fautor,3
olea,3
demos,3
eludo,3
naeuius,3
grauitas,3
plerus,3
ignauus,3
indignor,3
balbus,3
agricola,3
arcesso,3
percurro,3
soccus,3
ludicer,3
ursus,3
quattuor,3
autem,3
actor,3
concurro,3
exprimo,3
repo,3
capsa,3
amicio,3
pendo,3
collecta,3
sterto,3
ieiunus,3
hortor,3
sus,3
statua,3
rhetor,3
punctum,3
patulus,3
legens,3
censor,3
uocabulum,3
puteus,3
siluestris,3
agilis,3
resto,3
auaritia,3
tumeo,3
uinosus,3
erigo,3
aduersus,3
inspicio,3
nebulo,3
iugulo,3
monitus,3
furtiuus,3
turpiter,3
rescribo,3
regio,3
iamdudum,3
calix,3
disertus,3
mappa,3
lanx,3
momentum,3
dito,3
succedo,3
gula,3
interdictum,3
uale,3
prouideo,3
hamus,3
persuadeo,3
modulus,3
rumor,3
fugitiuus,3
dorsum,3
caupona,3
furnus,3
caminus,3
scabies,3
signo,3
peruenio,3
habito,3
fornix,3
aruum,3
calo,3
maenius,3
infirmus,3
mendosus,3
uicinia,3
crux,3
faba,3
uado,3
profiteor,3
derisor,3
mimus,3
praesertim,3
emitto,3
edico,3
simulo,3
latinus,3
grammaticus,3
langueo,3
confero,3
potestas,3
floreo,3
expono,3
proicio,3
auditor,3
heros,3
mus,3
dehinc,3
coquo,3
perungo,3
togatus,3
cito,3
extraho,3
pila,3
apollo,3
incautus,3
certe,3
discingo,3
conchylium,3
oppono,3
discordia,3
seruilis,3
tribunus,3
rana,3
iussus,3
putidus,3
sicut,3
uersiculus,3
desisto,3
adhaereo,3
ast,3
ossum,3
abscindo,3
ceres,3
rado,3
gallus,3
salto,3
prognatus,3
lucanus,3
uitio,3
gallina,3
obsonium,3
caulis,3
ubique,3
quisnam,3
esurio,3
chius,3
furia,3
ambo,3
pusillus,3
quintus,3
harundo,3
interpello,3
subitus,3
cous,3
armus,3
insum,3
gusto,3
dama,3
nasica,3
culina,3
garrio,3
quaeso,3
insidiae,3
clunis,3
uappa,3
cunnus,3
officio,3
concludo,3
iudaeus,3
mula,3
cocceius,3
olor,2
marmoreus,2
facundus,2
uolubilis,2
immensus,2
laureus,2
sponsa,2
cycnus,2
tractus,2
concino,2
cliuus,2
uacca,2
ornatus,2
praefluo,2
inscius,2
nimbus,2
insolitus,2
ouile,2
faustus,2
creo,2
aquila,2
doctrina,2
promoueo,2
deuinco,2
tenebrae,2
cremo,2
hydra,2
summitto,2
euenio,2
proruo,2
interimo,2
flatus,2
cunctor,2
annuus,2
raptor,2
cuspis,2
procido,2
for,2
prosperus,2
immortalis,2
mitesco,2
protero,2
pomifer,2
effundo,2
infernus,2
delicia,2
lucror,2
indico,2
erepo,2
fauor,2
insula,2
pampinus,2
como,2
tela,2
inlacrimabilis,2
sepelio,2
inertia,2
inornatus,2
calleo,2
hispidus,2
uerbena,2
cursito,2
amburo,2
terrenus,2
condisco,2
amando,2
rigeo,2
strepo,2
nardus,2
psallo,2
transuolo,2
dilabor,2
scindo,2
fremo,2
culta,2
diluuies,2
ferratus,2
meto,2
profugus,2
origo,2
increpo,2
maiestas,2
edictum,2
remisceo,2
prospero,2
decretum,2
iugo,2
spiceus,2
bicornis,2
salutaris,2
reporto,2
editus,2
meta,2
euito,2
nubilus,2
demoueo,2
arbutus,2
lituus,2
permisceo,2
sonitus,2
aceo,2
amictus,2
circumuolo,2
galea,2
pedes,2
sino,2
obstringo,2
creditum,2
robur,2
triplex,2
pelagus,2
scopulus,2
transilio,2
uadum,2
macies,2
incubo,2
semoueo,2
machina,2
officina,2
pallidus,2
gracilis,2
munditia,2
intemptatus,2
uestimentum,2
detero,2
adamantinus,2
secta,2
pomarius,2
nubila,2
tristitia,2
affor,2
pellitus,2
iaculus,2
dissoluo,2
canities,2
morosus,2
susurrus,2
pertinax,2
amoueo,2
tribuo,2
pumex,2
herous,2
insequor,2
lapsus,2
genero,2
refulgeo,2
umor,2
concido,2
romulus,2
dubito,2
occulte,2
macero,2
remigium,2
saucius,2
puppis,2
hospitus,2
coniuro,2
pecto,2
hasta,2
spiculum,2
auriga,2
libo,2
gemino,2
coactus,2
exercitus,2
feruor,2
colubra,2
opulentus,2
innocens,2
incontinens,2
diffugio,2
sollicitudo,2
tympanum,2
uitrum,2
hostia,2
cantharus,2
promineo,2
mas,2
grauidus,2
inhospitalis,2
fabulosus,2
lambo,2
aestiuus,2
amabo,2
aduentus,2
incorruptus,2
moderor,2
patientia,2
creber,2
inuicem,2
arrogans,2
bacchor,2
questus,2
dedico,2
sacro,2
triformis,2
genitor,2
testor,2
malignus,2
inhumatus,2
postmodo,2
piaculum,2
resoluo,2
festinus,2
gaza,2
relabor,2
transfero,2
liquor,2
quippe,2
reuiso,2
malua,2
dego,2
detineo,2
cultor,2
apex,2
ambio,2
iniuriosus,2
anteeo,2
aenus,2
plumbum,2
cicatrix,2
nefastus,2
contineo,2
incus,2
diffingo,2
requies,2
accipiter,2
dedux,2
displiceo,2
allaboro,2
dedeceo,2
tragoedia,2
curia,2
murmur,2
iuno,2
procax,2
languor,2
solium,2
reclino,2
interior,2
hospitalis,2
obliquus,2
filum,2
eodem,2
gener,2
deligo,2
aequo,2
tolero,2
distinguo,2
mire,2
aestuo,2
redono,2
mentum,2
obligo,2
destinatum,2
expleo,2
operio,2
cos,2
obsolesco,2
praeparo,2
contraho,2
bellicosus,2
decor,2
platanus,2
odoratus,2
restinguo,2
scortum,2
maturo,2
celeber,2
caducus,2
perhorresco,2
improuisus,2
discribo,2
absumo,2
clauis,2
euinco,2
norma,2
metor,2
lictor,2
aeratus,2
quadriga,2
equa,2
resurgo,2
centimanus,2
gigas,2
formidulosus,2
uiolentus,2
consentio,2
inlabor,2
flagito,2
pergo,2
limes,2
euhoe,2
laeto,2
disicio,2
insons,2
trilinguis,2
usitatus,2
resido,2
peritus,2
luctus,2
supercilium,2
sulcus,2
destringo,2
elaboro,2
sollicito,2
oriens,2
caementum,2
redemptor,2
triremis,2
trepidus,2
moene,2
hosticus,2
adultus,2
suspiro,2
poples,2
repello,2
uolgaris,2
tenax,2
ardor,2
inquietus,2
attingo,2
consilior,2
refringo,2
ductus,2
ascribo,2
palumbes,2
ursa,2
acies,2
extinguo,2
libens,2
dumetum,2
domitus,2
dissentio,2
affigo,2
delubrum,2
medico,2
extrico,2
luctuosus,2
eligo,2
raptim,2
institor,2
pretiosus,2
imminuo,2
urus,2
nex,2
querulus,2
uoueo,2
instituo,2
remugio,2
gigno,2
trimus,2
mulceo,2
dolium,2
leaena,2
relego,2
destino,2
prodeo,2
opero,2
tenus,2
surruo,2
iuger,2
uectigal,2
uetustus,2
inno,2
alga,2
fumo,2
uaco,2
otiosus,2
interim,2
tormentum,2
uerres,2
sterilis,2
robigo,2
thesaurus,2
uicarius,2
priuignus,2
supplicium,2
finitimus,2
trochus,2
cingo,2
custodio,2
rauus,2
antequam,2
opifex,2
uigilans,2
dedo,2
enitor,2
pendulus,2
recondo,2
inclino,2
uesanus,2
delabor,2
infectus,2
series,2
uiolens,2
praegrauo,2
antefero,2
nequaquam,2
aestimo,2
uolumen,2
dictito,2
trutina,2
iurgium,2
pilus,2
paulatim,2
uello,2
ennius,2
ambigo,2
edisco,2
stipo,2
insector,2
reor,2
crocum,2
nouitas,2
primum,2
nugor,2
tibicen,2
tragoedus,2
mutabilis,2
passim,2
pupillus,2
asperitas,2
imploro,2
auerto,2
litura,2
leno,2
discordo,2
migro,2
petorritum,2
fabella,2
uiolo,2
compleo,2
uinetum,2
lino,2
conficio,2
sedulitas,2
praecipue,2
derideo,2
nutus,2
erilis,2
habena,2
proficiscor,2
mancus,2
uiaticum,2
uehemens,2
sestertius,2
dinosco,2
extorqueo,2
renuo,2
acidus,2
tignum,2
mirabilis,2
suffragium,2
legitimus,2
splendor,2
obscuro,2
eruo,2
memoro,2
desertum,2
ignobilis,2
lagena,2
elleborus,2
abicio,2
quocirca,2
libra,2
mercatus,2
uilicus,2
superuenio,2
sigillum,2
hilaris,2
miraculum,2
spina,2
exoro,2
senesco,2
mature,2
inunguo,2
nodosus,2
cheragra,2
dictata,2
pallesco,2
roscius,2
aegrotus,2
conduco,2
frustum,2
priuus,2
disconuenio,2
stomachor,2
honoro,2
pituita,2
communiter,2
deliro,2
siren,2
excors,2
lutum,2
intendo,2
dimidius,2
comporto,2
podagra,2
sincerus,2
infundo,2
struo,2
opusculum,2
ualetudo,2
abunde,2
paluster,2
supellex,2
foras,2
assumo,2
admiror,2
torpeo,2
nauus,2
defodio,2
ren,2
chlamys,2
rogatus,2
quot,2
exilis,2
postremus,2
differtus,2
transeo,2
cera,2
officiosus,2
forensis,2
pirum,2
benigne,2
comedo,2
lupinus,2
cumera,2
pasta,2
istinc,2
planum,2
patronus,2
improbus,2
salueo,2
excuso,2
mercenarius,2
augeo,2
suburbanus,2
ambages,2
obsecro,2
suauiter,2
subinde,2
instillo,2
fungus,2
ualde,2
depositum,2
gemellus,2
libum,2
placenta,2
deterius,2
lapillus,2
furca,2
medulla,2
praecurro,2
calceus,2
tortus,2
excepto,2
sordeo,2
aspergo,2
suppeto,2
contagium,2
trucido,2
annona,2
clitella,2
auratus,2
euello,2
istic,2
quandocumque,2
popina,2
iampridem,2
stringo,2
bibulus,2
elido,2
utrum,2
barathrum,2
macellus,2
omasum,2
hercule,2
paruulus,2
optime,2
cornum,2
pruna,2
sponsor,2
introrsum,2
fouea,2
miluus,2
surripio,2
clare,2
porro,2
nauigo,2
hiemo,2
patienter,2
inconcinnus,2
texo,2
brundisium,2
utrimque,2
castor,2
scruto,2
pango,2
dissilio,2
pulmentum,2
retraho,2
partio,2
linter,2
aduersarius,2
retineo,2
ulcero,2
incommodus,2
ecquis,2
inexpertus,2
sedo,2
lucellum,2
rugosus,2
camena,2
puteal,2
impendo,2
funebris,2
ianus,2
tinea,2
exaudio,2
december,2
collega,2
lepidus,2
pictor,2
uicissim,2
inceptum,2
exspes,2
dumtaxat,2
turgeo,2
egregie,2
iunctura,2
licet,2
penes,2
saluto,2
comicus,2
item,2
arrideo,2
dormito,2
effero,2
conuenientia,2
imitator,2
interitus,2
amata,2
pernix,2
laudator,2
senilis,2
subiectum,2
salubris,2
sedile,2
amplector,2
dicax,2
emungo,2
accresco,2
pridem,2
sepono,2
domesticus,2
praetexo,2
uncia,2
aerugo,2
senium,2
austerus,2
equester,2
minerua,2
membrana,2
extimesco,2
uero,2
pulchre,2
tundo,2
insumo,2
merula,2
auceps,2
occidens,2
mingo,2
auxilium,2
tondeo,2
comparo,2
grus,2
peruro,2
exstruo,2
scarus,2
lapathum,2
idus,2
kalendae,2
guttur,2
praecordium,2
incoquo,2
delibutus,2
exsto,2
infidelis,2
accido,2
indormio,2
odoror,2
fusus,2
femur,2
luteus,2
mergus,2
barrus,2
polypus,2
creta,2
caeruleus,2
aegrimonia,2
faux,2
accendo,2
ungula,2
exsecror,2
procurro,2
iniussus,2
semen,2
remex,2
laboriosus,2
saetosus,2
uecto,2
omnino,2
irriguus,2
missus,2
stilus,2
minitor,2
uitalis,2
laelius,2
diffindo,2
diluo,2
nidor,2
pauo,2
ostium,2
tuscus,2
temno,2
rapulum,2
inula,2
quinquennis,2
esca,2
hesternus,2
imbecillus,2
aduenio,2
perna,2
uillula,2
inquiro,2
uarus,2
fossa,2
sceleratus,2
luxuria,2
arrius,2
patrimonium,2
quadrans,2
construo,2
libertus,2
iugulum,2
maledico,2
saccus,2
agedum,2
minime,2
stoicus,2
spatior,2
putesco,2
commoueo,2
lectica,2
rufus,2
absorbeo,2
casa,2
excerpo,2
index,2
catius,2
uitellus,2
aufidius,2
proluo,2
glans,2
lepos,2
crustulum,2
squilla,2
afer,2
muria,2
albanus,2
allec,2
catillus,2
ligurrio,2
astutus,2
defensor,2
tangens,2
arrepo,2
coheres,2
legatus,2
absterreo,2
cadauer,2
ohe,2
auctus,2
quaestus,2
matutinus,2
eia,2
aquilo,2
raeda,2
syrus,2
obuius,2
praedium,2
italus,2
lardum,2
hospitium,2
succingo,2
exanimis,2
athenae,2
fortassis,2
prosilio,2
conseruus,2
fuscus,2
fundanius,2
parochus,2
interea,2
praecingo,2
solea,2
pastus,2
iactans,2
fabius,2
caupo,2
congero,2
praeteritus,2
mima,2
exseco,2
crucio,2
pastillus,2
deperdo,2
stola,2
fulcio,2
hisco,2
hactenus,2
nosmet,2
alioqui,2
capitolinus,2
conuictor,2
permultus,2
inhonestus,2
ap,2
capito,2
lusus,2
messis,2
etruscus,2
legio,2
senator,2
laneus,2
uiscum,2
comissor,1
citreus,1
aemulor,1
ceratus,1
dithyrambus,1
deuoluo,1
carpentum,1
plurimum,1
orbus,1
iuuenesco,1
claro,1
bellicus,1
minae,1
uigor,1
nisus,1
uiuidus,1
reluctor,1
draco,1
obarmo,1
reuinco,1
indoles,1
progenero,1
roboro,1
indecoro,1
adoreus,1
ceu,1
taeda,1
uasto,1
bipennis,1
carthago,1
instar,1
affulgeo,1
pacatum,1
uolito,1
polluo,1
stuprum,1
maculosus,1
edomo,1
puerperus,1
prosequor,1
feriatus,1
troas,1
flexus,1
decrescentia,1
hodiernus,1
crastinus,1
libero,1
abrumpo,1
sollers,1
incisum,1
taciturnitas,1
consecro,1
quasso,1
socio,1
dirigo,1
possido,1
insperatus,1
inuolito,1
puniceus,1
speculum,1
roto,1
aduoco,1
affluo,1
grauor,1
flebiliter,1
pressus,1
onyx,1
accubo,1
eluo,1
tremulus,1
excubo,1
aeterno,1
habitabilis,1
illustro,1
tauriformis,1
uastus,1
patefacio,1
tertio,1
domabilis,1
beluosus,1
euagor,1
procudo,1
inimico,1
apprecor,1
atauus,1
curriculum,1
eueho,1
mobilia,1
tergeminus,1
sarculum,1
stratus,1
detestor,1
lyricus,1
superiacio,1
damma,1
uiolenter,1
deiectus,1
sinister,1
uxorius,1
satio,1
figura,1
dimidium,1
decerto,1
abscido,1
dissociabilis,1
perpes,1
aetherius,1
necessitas,1
corripio,1
stabulum,1
arator,1
albico,1
pruina,1
incoho,1
meo,1
emiror,1
bimaris,1
detergeo,1
perpetuo,1
populeus,1
lupatus,1
proripio,1
gelu,1
large,1
quadrimus,1
diota,1
deproelior,1
proditor,1
intimus,1
pignus,1
palaestra,1
castra,1
debilito,1
liqueo,1
reseco,1
uocalis,1
auritus,1
secundum,1
regulus,1
animaequus,1
mico,1
subicio,1
roseus,1
uae,1
tumet,1
inmodicus,1
inruptus,1
copula,1
antemna,1
carinus,1
ludibrium,1
taedium,1
interfusus,1
caesaries,1
thalamus,1
collino,1
anhelitus,1
criminosus,1
adytum,1
naufragus,1
deseco,1
funditus,1
recanto,1
debello,1
discerno,1
subsequor,1
proteruitas,1
bimus,1
macto,1
datus,1
caecubus,1
prelum,1
pestis,1
uenenatus,1
inermis,1
aesculetum,1
inhorresco,1
rubus,1
lacerta,1
fenestra,1
iactus,1
cardo,1
angiportus,1
interlunium,1
furio,1
ulcerosus,1
scyphus,1
sanguineus,1
acinaces,1
remaneo,1
uoluntas,1
erubesco,1
saga,1
mensor,1
aerius,1
clipeus,1
calco,1
denseo,1
deuexus,1
lorica,1
quieto,1
exsicco,1
cichoreum,1
modulate,1
lenimen,1
salue,1
miserabilis,1
praeniteo,1
declino,1
libertina,1
infrequens,1
coruscus,1
attenuo,1
stridor,1
concito,1
trabalis,1
cuneus,1
uncus,1
abnego,1
retusus,1
acte,1
pueritia,1
cressa,1
promptus,1
amystis,1
lilium,1
puluinar,1
antehac,1
contamino,1
lymphatus,1
adurgeo,1
muliebriter,1
expauesco,1
delibero,1
apparatus,1
philyra,1
periculosus,1
perstringo,1
indecorus,1
inferia,1
gurges,1
decoloro,1
retracto,1
indulgeo,1
hydrops,1
dedoceo,1
diadema,1
inretortus,1
consocio,1
potior,1
miseror,1
exsilium,1
pudeo,1
suspicor,1
compar,1
salictum,1
praegestio,1
racemus,1
discrimen,1
ibi,1
fauilla,1
malobathron,1
parmula,1
resorbeo,1
obliuiosus,1
ciborium,1
depropero,1
apium,1
peiero,1
eniteo,1
seruitus,1
retardo,1
glacies,1
querquetum,1
uiduo,1
tropaeum,1
horresco,1
mediocritas,1
sobrius,1
saepis,1
fulgur,1
diuisus,1
obiectum,1
comptus,1
contremesco,1
flagrantia,1
saeuitia,1
sacrilegus,1
concipio,1
aliunde,1
furuus,1
centiceps,1
intorqueo,1
treceni,1
quotquot,1
enauigo,1
pauimentum,1
stagnum,1
uiolarium,1
oliuetum,1
decempeda,1
fortuitus,1
prehendo,1
consularis,1
laqueatus,1
salinum,1
forsan,1
hinnitus,1
columen,1
sacramentum,1
incredibilis,1
tardo,1
lacunar,1
regia,1
clienta,1
strues,1
continens,1
reuello,1
thyrsus,1
separo,1
sat,1
attero,1
biformis,1
aether,1
arbustum,1
petitor,1
tumultuosus,1
delenio,1
costum,1
atrium,1
tactus,1
intaminatus,1
coetus,1
antecedo,1
fulmino,1
eloquor,1
destituo,1
fraudulentus,1
ineo,1
bustum,1
insulto,1
triumpho,1
rigo,1
inrepertus,1
debacchor,1
melos,1
pharetratus,1
inuiolatus,1
iaculator,1
proueho,1
temptator,1
uirgineus,1
peredo,1
consenesco,1
populo,1
rependo,1
restrictus,1
probrosus,1
labo,1
firmo,1
tortor,1
diiudico,1
lues,1
simulacrum,1
auspicatus,1
torquis,1
missilis,1
deriuo,1
demereo,1
insomnis,1
denato,1
alueus,1
despicio,1
acerra,1
funero,1
pix,1
lubens,1
satus,1
glacio,1
uiola,1
aesculus,1
obstino,1
exsultim,1
blandior,1
furialis,1
sanies,1
nuptialis,1
clemens,1
scalpo,1
lauer,1
qualus,1
pugnus,1
latito,1
fruticetum,1
uitta,1
nomino,1
uago,1
murreus,1
albesco,1
concieo,1
excubia,1
fulmineus,1
demergo,1
diffido,1
illaqueo,1
conspicuus,1
transfuga,1
occulto,1
languesco,1
denego,1
denomino,1
cratera,1
herbosus,1
fossor,1
propere,1
terni,1
attono,1
flamen,1
habilis,1
inaudax,1
madeo,1
retego,1
anxius,1
porca,1
pestilens,1
bidens,1
sumptuosus,1
mica,1
publicum,1
doto,1
castitas,1
refreno,1
postgenitus,1
erado,1
consors,1
specus,1
exsomnis,1
lustro,1
fraxinus,1
funale,1
uectis,1
parra,1
praegnas,1
lupa,1
institutum,1
picus,1
fremitus,1
scato,1
sublustris,1
pensum,1
singultus,1
meridies,1
balanus,1
apud,1
decliuis,1
parricida,1
caliginosus,1
adedo,1
stirps,1
irritus,1
efficio,1
transmuto,1
inuoluo,1
paciscor,1
biremis,1
scapha,1
pyramis,1
innumerabilis,1
assigno,1
comperio,1
largior,1
penso,1
abhinc,1
depereo,1
respuo,1
criticus,1
leuiter,1
compareo,1
plagosus,1
distantia,1
emico,1
iniuste,1
inlepide,1
imberbis,1
impugno,1
odio,1
uiritim,1
athleta,1
expendo,1
affirmo,1
scrinium,1
abrotonum,1
fabrilis,1
detrimentum,1
incogito,1
siliqua,1
figuro,1
obscenus,1
corrector,1
instruo,1
pio,1
acceptum,1
amabiliter,1
graecia,1
feliciter,1
inscite,1
ephebus,1
insidiosus,1
parasitus,1
stolidus,1
depugno,1
plebecula,1
peditum,1
essedum,1
pilentum,1
panthera,1
camelus,1
elephans,1
peruinco,1
eualesco,1
puteo,1
maligne,1
inaniter,1
calcar,1
reuoluo,1
inreuocatus,1
lamento,1
rescisco,1
cognosco,1
aedituus,1
nomisma,1
labes,1
dedecoro,1
grauo,1
octo,1
ministerium,1
litterula,1
argilla,1
extrudo,1
mango,1
scalae,1
iurgo,1
epistula,1
attento,1
aerumna,1
summe,1
denus,1
castellum,1
euerto,1
quantumuis,1
expurgo,1
praedor,1
interuallum,1
platea,1
gerula,1
rabiosus,1
desumo,1
insenesco,1
conecto,1
caelo,1
molimen,1
optiuus,1
inritabilis,1
uetustas,1
ascisco,1
ringor,1
sessor,1
plausor,1
meracus,1
modulor,1
recordor,1
mancipo,1
occo,1
temetum,1
calefacto,1
assero,1
exorabilis,1
palmetum,1
mitigo,1
magicus,1
sagus,1
lemures,1
itaque,1
condus,1
addictus,1
ciuile,1
subiungo,1
custodia,1
nauiter,1
commodo,1
deuito,1
prodoceo,1
quadringenti,1
sex,1
conscio,1
decanto,1
beluus,1
uiuarium,1
praeluceo,1
ferramentum,1
genialis,1
cenaculum,1
nauigium,1
nauseo,1
subucula,1
quadratum,1
curator,1
praue,1
declamo,1
barbaria,1
collido,1
praecido,1
nestor,1
domitor,1
expergiscor,1
hydropicus,1
paco,1
possessor,1
acesco,1
macresco,1
uenaticus,1
ceruinus,1
adbibo,1
opperior,1
expallesco,1
haustus,1
desaeuio,1
ampullor,1
cornicula,1
circumuolito,1
hirtus,1
sarcio,1
rescindo,1
iuuenca,1
repto,1
nutricula,1
diluceo,1
patella,1
inconsultus,1
ebrietas,1
dissigno,1
ratus,1
addoceo,1
procuro,1
toral,1
elimino,1
olidus,1
capra,1
atrius,1
posticum,1
exterreo,1
defigo,1
dotalis,1
emeto,1
deuenio,1
rotundo,1
quadro,1
nummatus,1
fodico,1
curulis,1
adopto,1
luceo,1
piscor,1
uenabulum,1
impertio,1
dissignator,1
matercula,1
opella,1
hirundo,1
uescus,1
munusculum,1
uolpecula,1
rima,1
mustela,1
altilis,1
adrado,1
cultellus,1
scitor,1
tunicatus,1
scruta,1
popellus,1
furto,1
eneco,1
scaber,1
pol,1
obtestor,1
longinquus,1
funestus,1
ueternus,1
intellego,1
dissimulator,1
columbus,1
muscus,1
circumlitus,1
reliquus,1
mellitus,1
conuenienter,1
furibundus,1
metallum,1
subuerto,1
incastigatus,1
prae,1
praestantia,1
paenula,1
solstitium,1
fortuno,1
prudentia,1
effusus,1
donarium,1
abstemius,1
urtica,1
confestim,1
inauro,1
peregre,1
sponte,1
concordia,1
caepe,1
importo,1
sarcina,1
impingo,1
lama,1
fasciculus,1
glomus,1
pilleolus,1
tribulis,1
titubo,1
insolabiliter,1
causor,1
mediastinus,1
eadem,1
inhospitus,1
tesqua,1
tibicina,1
disiungo,1
concentus,1
limo,1
morsus,1
ueneno,1
diarium,1
ephippium,1
perluo,1
murteta,1
sulfur,1
deuersorium,1
praeterago,1
stomachosus,1
freno,1
perennis,1
requiro,1
lepor,1
praesaepe,1
agninus,1
uolua,1
opulento,1
loquaciter,1
continuus,1
dissocio,1
uaporo,1
temperies,1
rubicundus,1
uepris,1
adductus,1
latebra,1
september,1
tremor,1
incuratus,1
ulcus,1
permulceo,1
agnosco,1
infamia,1
negito,1
modius,1
facinus,1
tribunal,1
obex,1
utiliter,1
penus,1
rector,1
manicae,1
lineus,1
amiculus,1
indutus,1
uiriliter,1
prudenter,1
indotatus,1
pauperculus,1
uendibilis,1
succino,1
diuiduus,1
quadra,1
salebra,1
cista,1
effringo,1
catella,1
periscelis,1
irrideo,1
attollo,1
reclamo,1
scurror,1
discolor,1
rixor,1
caprinus,1
propugno,1
armatus,1
acriter,1
postpono,1
conticesco,1
iumentum,1
inhumanus,1
adiudico,1
inexcusabilis,1
alteruter,1
percontator,1
fideliter,1
irreuocabilis,1
circumrodo,1
tepor,1
modestus,1
traduco,1
mediocriter,1
semita,1
fluito,1
satyrus,1
faunus,1
repraesento,1
imitabilis,1
exsanguis,1
cuminum,1
latio,1
ideo,1
ambeo,1
poeticus,1
diludium,1
prosto,1
contrecto,1
sordesco,1
protrudo,1
praecanus,1
placabilis,1
lollius,1
admissum,1
persimilis,1
assuo,1
ambitus,1
enato,1
urceus,1
serpo,1
uario,1
prodigialiter,1
delphinus,1
aemilius,1
potenter,1
sero,1
indicium,1
cinctutus,1
pudenter,1
acquiro,1
praesente,1
receptus,1
nedum,1
impariter,1
compos,1
armo,1
pudens,1
delitigo,1
ampulla,1
sesquipedalis,1
infortunium,1
seria,1
maeror,1
absonus,1
cachinnus,1
inexorabilis,1
proprie,1
cyclicus,1
promissor,1
hiatus,1
ordior,1
euentus,1
nitesco,1
colludo,1
prouisor,1
inseruio,1
circumuenio,1
dilator,1
actium,1
castigator,1
adiunctus,1
acta,1
extum,1
nefarius,1
incredulus,1
quinto,1
intercino,1
iustitia,1
orichalcum,1
foramen,1
aspiro,1
numerabilis,1
luxuries,1
eloquium,1
sortilegus,1
illecebra,1
exlex,1
risor,1
conspectus,1
effutio,1
pudibundus,1
dominantia,1
polleo,1
iuuenor,1
ignominiosus,1
frigo,1
syllaba,1
iambeus,1
seni,1
spondeus,1
socialiter,1
licenter,1
proauus,1
inurbanus,1
repertor,1
insterno,1
accepta,1
obticesco,1
praeseco,1
castigo,1
insanabilis,1
exsors,1
conscriptus,1
profecto,1
moratus,1
oblecto,1
quincunx,1
triens,1
eu,1
semis,1
peculium,1
cedrus,1
percipio,1
lamia,1
centuria,1
macula,1
incuria,1
librarius,1
citharoedus,1
oberro,1
obrepo,1
pictura,1
poesis,1
absto,1
sapa,1
tolerabilis,1
symphonia,1
papauer,1
uergo,1
maecius,1
rabidus,1
amphion,1
concubitus,1
martius,1
exacuo,1
pierius,1
laudabilis,1
algeo,1
pythia,1
assentator,1
spondeo,1
implicitus,1
stillo,1
perspicio,1
torno,1
riualis,1
allino,1
ornamentum,1
derisus,1
sinistre,1
fanaticus,1
diana,1
ructo,1
succurro,1
siculus,1
insilio,1
factito,1
bidental,1
cauea,1
recitator,1
hirudo,1
quindecim,1
propugnaculum,1
allabor,1
supernus,1
sata,1
benignitas,1
classicus,1
propago,1
marito,1
prospecto,1
amputo,1
insitiuus,1
munero,1
inuito,1
ames,1
rete,1
aduena,1
cratis,1
inemptus,1
intono,1
attagen,1
caesum,1
faenerator,1
messor,1
insido,1
uapor,1
siticulosus,1
inardesco,1
concupisco,1
sauium,1
sponda,1
obtingo,1
ulna,1
indignatio,1
triumuiralis,1
rostratus,1
liberi,1
improbo,1
nouerca,1
intueor,1
caprificus,1
striga,1
conscientia,1
exhaurio,1
ingemo,1
infodio,1
inemorior,1
exsuctus,1
interminatus,1
intabesco,1
pupula,1
excanto,1
inresectus,1
rodens,1
arbitra,1
tabum,1
uenefica,1
potio,1
bitumen,1
detestatio,1
exspiro,1
uicatim,1
insepultus,1
remordeo,1
catenatus,1
percello,1
eneruo,1
exaro,1
podex,1
incito,1
mamma,1
triumphalis,1
puluillus,1
inlitteratus,1
fascinum,1
emancipo,1
uallum,1
spado,1
hostilius,1
sagum,1
exercitatus,1
nausea,1
rudens,1
insurgo,1
libidinosus,1
antea,1
percussus,1
expeto,1
decutio,1
apploro,1
inuerecundus,1
inaestuo,1
infringo,1
glorior,1
quamlibet,1
muliercula,1
mollitia,1
contumelia,1
renodo,1
hirsutus,1
uietus,1
penis,1
umidus,1
stercus,1
fuco,1
crocodilus,1
tento,1
inhaereo,1
obduco,1
deformis,1
adloquium,1
areo,1
umbilicus,1
obsideo,1
assiduus,1
constantia,1
intro,1
alio,1
abominor,1
insisto,1
profugio,1
pigeo,1
cacumen,1
subsido,1
adultero,1
inominatus,1
muliebris,1
inaratus,1
quotannis,1
imputo,1
germino,1
termes,1
mulctrum,1
circumgemo,1
intumesco,1
impudicus,1
impotentia,1
scientia,1
deuoco,1
homicida,1
exuo,1
iuuentas,1
stipendium,1
effor,1
luo,1
mendacium,1
dementia,1
nouendialis,1
obstetrix,1
puerpera,1
obsero,1
salum,1
ueneficium,1
toxicum,1
colloco,1
innecto,1
insolentia,1
curiosus,1
mortuus,1
flaccus,1
palpo,1
recalcitro,1
claudeo,1
animo,1
uagina,1
scaeuus,1
calx,1
tranquillus,1
primoris,1
tributim,1
decoquo,1
illido,1
disquiro,1
examino,1
adsuetus,1
molliter,1
extundo,1
promus,1
latrans,1
pulmentarium,1
ostrea,1
lagois,1
tergeo,1
ueneo,1
pando,1
carnis,1
pons,1
iactatus,1
trilibris,1
mullus,1
harpyia,1
necdum,1
acipenser,1
ciconia,1
praetorius,1
assus,1
repotia,1
albatus,1
bilibris,1
neuter,1
albucius,1
dido,1
elixus,1
desurgo,1
uegetus,1
transcurro,1
adueho,1
praesumo,1
mollities,1
rancidus,1
emetior,1
adsuesco,1
accisus,1
fumosus,1
pensilis,1
magistra,1
retexo,1
desidia,1
infabre,1
frequentia,1
mercurialis,1
traicio,1
lethargicus,1
frustror,1
fabricius,1
autumo,1
formula,1
palor,1
trames,1
dextrorsum,1
fufius,1
edormio,1
creditor,1
mercurius,1
proteus,1
superstitio,1
gladiator,1
epulum,1
africa,1
insculpo,1
quoad,1
scalprum,1
nauticus,1
mercatura,1
amens,1
illinc,1
granum,1
stramentum,1
octoginta,1
stragulus,1
blatta,1
putresco,1
ebibo,1
quantulus,1
curto,1
peiuro,1
argi,1
genetrix,1
tepefacio,1
opimius,1
ueientanus,1
trulla,1
lethargus,1
ouo,1
fultura,1
oryza,1
octussis,1
rapina,1
cardiacus,1
crater,1
ser,1
uesania,1
titillo,1
iurandum,1
aedilis,1
intestabilis,1
circus,1
agr,1
plebeius,1
imperitus,1
achiuus,1
inclutus,1
uitula,1
mola,1
atrides,1
teucrus,1
alias,1
circumtono,1
bellona,1
piscator,1
unguentarius,1
fartor,1
uelabrum,1
ocreatus,1
possideo,1
cloaca,1
nuga,1
luscinia,1
plostellum,1
adiungo,1
barbatus,1
amentia,1
puerilis,1
fasciola,1
cubital,1
focale,1
correpo,1
catellus,1
arcessitus,1
explico,1
camera,1
gladius,1
marius,1
praecipito,1
cerritus,1
absoluo,1
damno,1
facile,1
litigiosus,1
menenius,1
quartanus,1
ieiunium,1
edissero,1
bipedalis,1
incessus,1
denarro,1
sufflo,1
abludo,1
intercido,1
callosus,1
colus,1
era,1
mustus,1
prandium,1
mendose,1
mulsum,1
mitulus,1
peloris,1
auerro,1
ilignus,1
ulua,1
edulis,1
massicus,1
linum,1
columbinus,1
marceo,1
cochlea,1
innato,1
hillae,1
pernosco,1
orca,1
inferuesco,1
tiburs,1
olla,1
incresco,1
circumpono,1
ternus,1
macellum,1
scopa,1
scobis,1
inlotus,1
narratum,1
apotheca,1
ditesco,1
deuolo,1
uenerabilis,1
exter,1
spurcus,1
insidiator,1
praerodo,1
putus,1
praenomen,1
anceps,1
cassus,1
paupero,1
pellicula,1
fi,1
cognitor,1
persto,1
obduro,1
canicula,1
furius,1
conspuo,1
adno,1
thunnus,1
cetarius,1
manifestus,1
orcus,1
perrarus,1
abnuo,1
recoquo,1
quinqueuir,1
deludo,1
captator,1
diuino,1
nubo,1
adiuuo,1
uecors,1
scortator,1
corium,1
elabor,1
adito,1
immoderatus,1
abundo,1
obstipus,1
grassor,1
increbresco,1
substringo,1
caelus,1
seruitium,1
inlacrimo,1
permissus,1
tussio,1
addico,1
proserpina,1
iugis,1
denormo,1
hercules,1
illustris,1
plumbeus,1
libitina,1
gyrus,1
obsum,1
iniurius,1
septimus,1
concredo,1
rimosus,1
rostrum,1
exagito,1
triquetrus,1
obliuium,1
holusculum,1
prout,1
uuesco,1
anilis,1
arellius,1
auena,1
acinus,1
palea,1
ador,1
lolium,1
praeruptus,1
terrestris,1
surrepo,1
coccum,1
ferculum,1
canistrum,1
uerniliter,1
praelambo,1
ualua,1
conclaue,1
eruum,1
ausculto,1
reformido,1
mancipium,1
constanter,1
capesso,1
obnoxius,1
anellus,1
subito,1
honeste,1
articulus,1
phimus,1
furcifer,1
caenum,1
planta,1
dicis,1
blatero,1
muluius,1
supino,1
popino,1
obuoluo,1
quingenti,1
drachma,1
meretricula,1
meio,1
anulus,1
lacerna,1
altercor,1
auctoro,1
corruptor,1
argenteus,1
uindicta,1
externus,1
repulsus,1
subiecto,1
stimulus,1
cessator,1
impunitus,1
inamaresco,1
strigilis,1
sabinus,1
here,1
lactuca,1
peruello,1
siser,1
faecula,1
cinctus,1
acernus,1
pertergeo,1
sublego,1
atticus,1
uiscus,1
porcius,1
passer,1
ingustatus,1
melimela,1
exsurdo,1
allifanus,1
uinarium,1
murena,1
garum,1
citra,1
eruca,1
laute,1
districtus,1
agaso,1
conuiuator,1
aduerto,1
strido,1
deinceps,1
mazonomus,1
discerpo,1
anser,1
uictoria,1
consultor,1
delasso,1
en,1
merito,1
bucca,1
iocularius,1
cibarius,1
formica,1
contristo,1
aquarius,1
prorepo,1
milium,1
reticulum,1
granarium,1
fonticulus,1
tantulus,1
sibilo,1
sitio,1
inhio,1
sextarius,1
compilo,1
condoleo,1
affligo,1
ummidius,1
penuria,1
liberta,1
uisellius,1
citer,1
tabesco,1
carcer,1
ambubaia,1
collegium,1
pharmacopola,1
mendicus,1
propello,1
ingluuies,1
fufidius,1
quini,1
tiro,1
exclamo,1
terentius,1
contrarius,1
subsutus,1
instita,1
mactus,1
permolo,1
mirator,1
cupiennius,1
praedo,1
permingo,1
salax,1
demeto,1
galba,1
moechor,1
modeste,1
munificus,1
oblimo,1
uillius,1
f,1
sulla,1
deposco,1
conferueo,1
dispenso,1
immisceo,1
fructus,1
aperte,1
lynceus,1
depugis,1
nasutus,1
uallus,1
ciniflo,1
parasita,1
circumdo,1
tentigo,1
parabilis,1
futuo,1
uepallidus,1
puga,1
conlibet,1
baccha,1
tetrarches,1
tripes,1
centenus,1
immo,1
peruideo,1
consuetudo,1
filix,1
innascor,1
praeuertor,1
strabo,1
paetus,1
abortiuus,1
balbutio,1
scaurus,1
truculentus,1
incrusto,1
nobiscum,1
obdo,1
planus,1
aequum,1
tuber,1
uerruca,1
excidium,1
suffigo,1
delinquo,1
insuauis,1
debitor,1
tritus,1
repugno,1
utilitas,1
animal,1
fabrico,1
absisto,1
iniustus,1
euoluo,1
diuum,1
regula,1
irrogo,1
scutica,1
ferula,1
latrocinium,1
modulator,1
alfenus,1
instrumentum,1
clausum,1
stipator,1
sicarius,1
prouoco,1
raro,1
perpaucus,1
hircinus,1
follis,1
fannius,1
albius,1
amplio,1
faenum,1
pomponius,1
perscribo,1
personatus,1
insudo,1
ubiuis,1
quaterni,1
gargonius,1
mentio,1
lolligo,1
insuesco,1
frugaliter,1
documentum,1
moecha,1
no,1
seligo,1
addubito,1
largiter,1
lectulus,1
belle,1
imprudens,1
comprimo,1
egressus,1
indicus,1
conuicium,1
ingero,1
culex,1
certatim,1
retinacula,1
cerebrosus,1
salignus,1
dolo,1
demum,1
feronia,1
collyrium,1
fonteius,1
luscus,1
uatillum,1
complexus,1
sarmentum,1
mutilus,1
ioco,1
larua,1
cothurnus,1
lares,1
prorsus,1
iucunde,1
uolcanus,1
ostento,1
atabulus,1
maculo,1
uiginti,1
oppidulum,1
perfacilis,1
lapidosus,1
barium,1
piscosus,1
liquesco,1
apella,1
incolo,1
aduncus,1
tullius,1
tarquinius,1
decius,1
constringo,1
italia,1
saltem,1
forsit,1
sortitus,1
singultim,1
profor,1
satureianus,1
inspergo,1
naeuus,1
collaudo,1
centurio,1
octoni,1
suimet,1
solum,1
coactor,1
remeo,1
sella,1
mantica,1
lasanum,1
oenophorum,1
praeclare,1
quacumque,1
pererro,1
assisto,1
laganum,1
asto,1
gutus,1
campana,1
marsyas,1
fraudo,1
admoneo,1
trigon,1
auide,1
otior,1
consolo,1
quaestor,1
proscribo,1
pus,1
hibridus,1
permagnus,1
confido,1
achilles,1
lycius,1
glaucus,1
conuentus,1
fluentum,1
arbustus,1
regero,1
uindemiator,1
cuculus,1
consuesco,1
ficulnus,1
scamnum,1
priapus,1
consido,1
eiecto,1
cippus,1
agger,1
suesco,1
mordicus,1
effigies,1
suppliciter,1
tisiphone,1
merda,1
caco,1
displodo,1
uesica,1
natis,1
caliendrum,1
incanto,1
accurro,1
assector,1
misere,1
circumago,1
tussis,1
adolesco,1
uesta,1
quomodo,1
adiutor,1
dispereo,1
credibilis,1
tantummodo,1
aditus,1
nuto,1
distorqueo,1
secreto,1
sabbatum,1
oppedo,1
huncine,1
culter,1
inclamo,1
antesto,1
concursus,1
laberius,1
rictus,1
breuitas,1
extenuo,1
simius,1
caluus,1
rhodium,1
exsudo,1
coruinus,1
intermisceo,1
bilinguis,1
quirinus,1
alpinus,1
rhenium,1
epos,1
inuentor,1
accius,1
cassius,1
scabo,1
explodo,1
arbuscula,1
cimex,1
uellico,1
conplus,1
qualiscumque,1
discipula,1
cathedra,1
subscribo,1
