,count
qui,1128
et,1058
is,933
in,932
sum,864
cum,564
ad,483
ut,459
dico,442
hic,432
ab,414
autem,356
num,241
sui,240
uideo,239
circulus,230
quod,204
non,195
de,192
ex,188
pars,181
pes,179
stella,172
signum,156
suus,155
sed,153
filius,150
habeo,142
corpus,140
caput,135
edo,134
possum,129
facio,129
inter,128
occido,120
exorior,120
itaque,116
appello,116
interficio,116
alius,114
ipse,112
reliquus,111
sol,110
si,106
filia,105
ita,104
sidus,98
idem,94
ille,94
uolo,94
do,92
locus,90
uenio,89
omnis,88
supra,86
terra,84
primus,82
unus,81
peruenio,80
enim,77
etiam,77
magnus,74
nec,74
uterque,72
causa,70
factum,69
colloco,68
homo,67
per,67
sinister,67
iuppiter,67
nonnullus,67
totus,66
pro,66
rex,66
diuido,64
quam,63
res,62
manus,62
singulus,61
numerus,61
dies,60
pater,60
ante,59
sphaera,59
nomen,58
ne,58
dexter,55
ibi,54
accipio,52
duo,52
quidam,52
aestiuus,52
cauda,52
debeo,51
uoco,51
existimo,51
demonstro,48
cohors,47
quis,47
propter,47
constituo,47
mundus,47
nos,46
uxor,46
ostendo,44
finis,44
alter,44
multus,43
tendo,43
postea,43
omnino,42
umerus,42
peto,41
genu,41
praeterea,40
deus,40
transeo,40
ratio,39
dimidius,39
arcticus,39
fio,38
aequinoctialis,38
efficio,37
igitur,37
aut,37
medius,37
coepio,37
iubeo,37
polus,37
mare,36
complures,36
aio,36
nox,35
mitto,35
luna,35
appareo,35
quisque,34
ideo,34
inferus,34
quoius,34
clarus,34
duco,33
prior,33
trado,33
sagitta,33
fero,32
mater,32
hercules,32
quare,32
uia,31
praetorius,31
frater,31
ceterus,31
ob,31
apollo,31
tempus,31
extremus,31
quoniam,30
necesse,30
latus,30
equus,30
draco,30
exortus,30
uirgo,29
nauis,29
posterus,29
sic,28
noster,28
flumen,28
natus,28
insula,28
sub,28
lumen,28
prope,28
pedo,27
nam,27
regnum,27
astrum,27
hiemalis,27
conuerto,26
maxime,26
cursus,26
coniugium,26
annus,26
mors,26
minerua,26
figuro,26
obscurus,26
teneo,25
genus,25
specto,25
euenio,25
redeo,25
intellego,25
perspicio,25
iam,24
superus,24
sumo,24
similis,24
instituo,23
praeter,23
beneficium,23
inuenio,23
canis,23
liber,23
nunc,22
latitudo,22
uel,22
longe,22
eques,22
facile,22
persequor,22
inde,22
uerto,22
pono,21
utor,21
contra,21
mons,21
at,21
parens,21
responsum,21
socius,21
aries,21
reuertor,21
tamen,21
occidens,21
occasus,21
memoria,21
scribo,20
deinde,20
ala,20
usque,20
soror,20
figura,20
procreo,20
taurus,20
luceo,20
tres,19
super,19
hostis,19
semper,19
species,19
orbis,19
concumbo,19
piscis,19
absum,19
boreus,19
curro,19
significo,19
definio,19
striga,18
legio,18
par,18
capio,18
infra,18
scio,18
lapis,18
fingo,18
post,18
templum,18
aqua,18
tam,18
ac,18
iter,18
magis,18
pectus,18
uenor,18
quinque,17
item,17
castrum,17
munus,17
longus,17
datum,17
tunc,17
pario,17
atque,17
pellis,17
perduco,17
antarcticus,17
historia,17
occupo,16
exercitus,16
soleo,16
aquila,16
obseruo,16
retineo,16
audio,16
arma,16
nomino,16
iungo,16
os,16
iuno,16
propono,16
tango,16
constitutus,16
constitutum,16
ceruix,16
conficio,16
coniungo,16
praetendo,15
ubi,15
porta,15
contendo,15
recipio,15
expono,15
aliquis,15
magnitudo,15
praesto,15
unde,15
solus,15
effigies,15
fugio,15
comprimo,15
pastor,15
cogito,15
uerus,15
corona,15
figo,15
agamemnon,15
orior,15
unusquisque,15
deformo,15
longitudo,14
quingenarius,14
nihil,14
regio,14
defero,14
libero,14
quaero,14
deuenio,14
nutrix,14
postquam,14
uentus,14
conicio,14
malus,14
uoluntas,14
rogo,14
duodecim,14
uestis,14
patria,14
neptunus,14
induco,14
perseus,14
crus,14
incipio,14
usus,14
anguis,14
permoueo,14
uallum,13
necessarius,13
ordo,13
positus,13
minor,13
nascor,13
quattuor,13
septem,13
breuis,13
affero,13
quomodo,13
iussus,13
mulier,13
fulmen,13
simulo,13
nego,13
impetro,13
oculus,13
uenus,13
adduco,13
amor,13
secum,13
numquam,13
moueo,13
pecus,13
nemo,13
initium,13
nouus,13
habito,13
finio,13
prius,13
proicio,13
forma,12
similiter,12
quantus,12
dextra,12
sine,12
refero,12
amplius,12
qua,12
accedo,12
aequalis,12
tempestas,12
mortalis,12
ignis,12
currus,12
arbor,12
dum,12
reddo,12
ueho,12
tempore,12
profectus,12
obicio,12
monitus,12
coniunx,12
nihilominus,12
eo,12
penna,12
gratia,12
quoque,12
zodiacus,12
obscuro,12
computo,11
etsi,11
assigno,11
oportet,11
statuo,11
siue,11
proxime,11
mille,11
copia,11
paruus,11
sequor,11
adhuc,11
tertius,11
tollo,11
conuenio,11
cogo,11
perfero,11
decido,11
prometheus,11
monstro,11
tantus,11
cognosco,11
neco,11
conor,11
impono,11
reduco,11
erro,11
uinum,11
arbitro,11
aureus,11
immolo,11
multitudo,11
uis,11
nolo,11
mercurius,11
fides,11
concedo,11
membrum,11
achilles,11
aestas,11
contingo,11
hostia,11
studium,11
simulacrum,11
cubitum,11
seruo,10
contrarius,10
sex,10
conspectus,10
interuallum,10
dubius,10
deduco,10
equito,10
secundus,10
modus,10
humanus,10
afficio,10
ceres,10
frux,10
potestas,10
caelum,10
uita,10
bos,10
sors,10
erepo,10
timeo,10
profugio,10
extra,10
cornu,10
relinquo,10
consumo,10
oppugno,10
diana,10
quicumque,10
certus,10
zona,10
mensis,10
liceo,10
astrologus,10
protinus,10
lacteus,10
ursa,10
lyra,10
uenter,10
centuria,9
plenus,9
proximus,9
dux,9
sto,9
contineo,9
parum,9
saepe,9
saxum,9
nisi,9
apud,9
donum,9
puer,9
custos,9
oppidum,9
sentio,9
fluctus,9
uictor,9
discedo,9
leo,9
hospitium,9
obiectum,9
statim,9
consilium,9
polliceor,9
nympha,9
centaurus,9
quemadmodum,9
fuga,9
hora,9
hiems,9
lumbus,9
nitor,9
oriens,9
rostrum,9
coruus,9
papilio,8
miles,8
murus,8
paucus,8
circa,8
aliqui,8
legatus,8
dispono,8
praeda,8
puto,8
exeo,8
adicio,8
detraho,8
an,8
aliter,8
quisquis,8
nullus,8
natura,8
quartus,8
ago,8
uiuo,8
dictus,8
domus,8
sacer,8
praecipito,8
deicio,8
poena,8
silua,8
sepultura,8
fera,8
delphinus,8
potius,8
regius,8
scelus,8
uereor,8
eicio,8
sero,8
periculum,8
ciuitas,8
nubo,8
sepelio,8
excipio,8
nutrio,8
hospes,8
abduco,8
diligens,8
animus,8
gladius,8
aetas,8
minotaurus,8
castor,8
bracchium,8
plurimus,8
prodeo,8
ferrum,8
uincio,8
rursus,8
dimitto,8
ager,8
quisquam,8
consuetudo,8
paene,8
propior,8
quidem,8
peruideo,8
modo,8
medium,8
tonus,8
pulchritudo,8
tensura,7
sufficio,7
opus,7
pariter,7
intra,7
binus,7
uexillarius,7
principalis,7
appono,7
acceptum,7
ascendo,7
quaestorius,7
tu,7
dirigo,7
nimius,7
fons,7
immortalis,7
lac,7
alo,7
iro,7
diligo,7
rescisco,7
regno,7
sustineo,7
sublatus,7
iudex,7
seruitus,7
persuadeo,7
plaustrum,7
aurum,7
uirtus,7
diu,7
flamma,7
patrius,7
respondeo,7
proficiscor,7
sacrifico,7
credo,7
supero,7
sedeo,7
summum,7
dictum,7
acrisius,7
incido,7
ciuis,7
pollux,7
incendo,7
bellum,7
capra,7
alexander,7
troius,7
missus,7
ualeo,7
scriptor,7
nixus,7
uelut,7
premo,7
ortus,7
puppis,7
dimensio,7
simul,7
antiquus,7
spatium,6
quotiens,6
tabulinum,6
sicut,6
accepta,6
rigor,6
praetorianus,6
singularis,6
praetorium,6
ara,6
principium,6
pertineo,6
natio,6
supersum,6
tot,6
coniunctus,6
commuto,6
immuto,6
fossa,6
exter,6
altus,6
positio,6
circum,6
diuus,6
nata,6
clam,6
percutio,6
ardeo,6
patior,6
restituo,6
partus,6
ludus,6
assidue,6
sanguis,6
aro,6
uter,6
mens,6
auris,6
mirus,6
progenies,6
pelagus,6
quamdiu,6
fanum,6
uenenum,6
satelles,6
interuenio,6
sacerdos,6
aeneus,6
gero,6
caro,6
priuo,6
arcus,6
ensis,6
suppono,6
artificium,6
atheniensis,6
inscius,6
deprehendo,6
excaeco,6
aquilo,6
ira,6
aequus,6
definitio,6
erigo,6
aequinoctium,6
uer,6
hinc,6
termino,6
hemisphaerium,6
serius,6
umbilicus,6
dumtaxat,6
uersus,6
laus,6
uirgula,6
ineo,6
inclino,6
curuatura,6
conscribo,6
sacrificium,6
maneo,5
subicio,5
laeuus,5
exigo,5
laxus,5
prout,5
percurro,5
scamnum,5
turma,5
quo,5
pedes,5
miliarium,5
memini,5
quot,5
totidem,5
dominus,5
auctor,5
spero,5
praebeo,5
angulus,5
lineus,5
antea,5
timor,5
intereo,5
tum,5
rapio,5
dea,5
fatum,5
tibia,5
uisum,5
cantus,5
supplicium,5
adeo,5
cithara,5
uictus,5
morior,5
reuoco,5
pugno,5
neglego,5
uiolo,5
insania,5
permaneo,5
uelum,5
indignor,5
ei,5
armatus,5
transfero,5
interrogo,5
coquo,5
expugno,5
aestimo,5
nuntio,5
infans,5
effugio,5
mars,5
ophites,5
dono,5
hydra,5
pubes,5
daedalus,5
creta,5
auxilium,5
concludo,5
uinco,5
prodo,5
includo,5
possideo,5
carmen,5
impero,5
descendo,5
incolumis,5
traicio,5
tantalos,5
litus,5
hodie,5
troianus,5
sodalis,5
achiuus,5
loquor,5
tyrannus,5
amicus,5
cancer,5
inclinatio,5
octauus,5
ullus,5
preterea,5
quilibet,5
affigo,5
obitus,5
lux,5
acumen,5
defigo,5
subiectus,5
tenere,5
prouenio,5
equinus,5
fulgor,5
eiusmodi,5
confido,5
complus,5
triginta,5
suspicor,5
clare,5
poples,5
testudo,5
princeps,5
admiror,5
colo,5
delecto,5
crinis,5
cratera,5
pedum,4
uigilia,4
supplementum,4
duplus,4
casus,4
imperator,4
decurio,4
statio,4
secundum,4
interpono,4
ars,4
cognominatus,4
communis,4
quantum,4
quintanus,4
stator,4
flatus,4
classicus,4
satis,4
munitio,4
uito,4
compositus,4
permitto,4
redigo,4
ductus,4
consto,4
comes,4
decem,4
dignus,4
ego,4
sexaginta,4
frango,4
ripa,4
circino,4
quia,4
centrum,4
iterum,4
recingo,4
effectus,4
nouerca,4
celo,4
anima,4
perpetuus,4
conscendo,4
calamitas,4
iacto,4
uir,4
regina,4
diuinus,4
eos,4
ingens,4
oraculum,4
exsequor,4
funebris,4
epulum,4
abicio,4
praesidium,4
procus,4
repudio,4
simultas,4
adiuuo,4
perficio,4
dens,4
bibo,4
iaceo,4
suspendium,4
fugo,4
uitis,4
fames,4
abluo,4
color,4
lectus,4
decipio,4
tingo,4
sceleratus,4
praeceptum,4
caueo,4
galea,4
opera,4
diuersus,4
suspicio,4
mereo,4
tumulus,4
adsum,4
auis,4
captiuus,4
telum,4
nuptiae,4
configo,4
adductus,4
attingo,4
ardor,4
aethra,4
athenae,4
lauo,4
corium,4
exitus,4
candidus,4
nauigo,4
repente,4
moror,4
deprecor,4
cetus,4
sponsa,4
gorgo,4
sciscitor,4
obuiam,4
interpretor,4
abeo,4
soluo,4
femina,4
amissum,4
renuntio,4
quadrigae,4
cupio,4
auerto,4
tamquam,4
mortuus,4
celeriter,4
urbs,4
folium,4
obliuio,4
confero,4
coactus,4
lingua,4
spiritus,4
consequor,4
imperitus,4
inceptum,4
auster,4
fallo,4
certe,4
denique,4
celer,4
semel,4
adiungo,4
autumnus,4
sagittarius,4
capricornus,4
digitus,4
significatio,4
erraticus,4
uersor,4
axis,4
notio,4
utrum,4
geminus,4
pendo,4
eodem,4
candor,4
consisto,4
transigo,4
desiderium,4
eclipsis,4
aspectus,4
nonnumquam,4
scientia,4
bonus,4
rotundus,4
cacumen,4
finitio,4
domicilium,4
defendo,4
dissideo,4
profusus,4
frigus,4
resupino,4
tego,4
tangens,4
mamma,4
femur,4
olor,4
falx,4
puluis,4
coniunctio,4
nodus,4
lepus,4
reicio,4
euentus,4
aegre,4
inuentor,4
studiosus,4
administro,4
somnus,4
puella,4
conscisco,4
canicula,4
graecus,4
dolor,4
miro,4
satisfacio,4
musa,4
cogitatio,4
iocur,4
transueho,4
asellus,4
lepos,4
bis,3
centurio,3
tueor,3
muto,3
subiectum,3
intro,3
educo,3
legionarius,3
quies,3
optime,3
attineo,3
institutum,3
recte,3
auspicium,3
dictatio,3
scriptum,3
progredior,3
obtineo,3
incertus,3
tribunus,3
semis,3
aliquando,3
interim,3
maurus,3
ueredarius,3
explorator,3
fere,3
disciplina,3
declaro,3
placeo,3
ingenium,3
agger,3
summa,3
alternus,3
tutor,3
comprehendo,3
punctum,3
lutum,3
ferula,3
obruo,3
cor,3
extinguo,3
populus,3
proserpina,3
flos,3
quadriga,3
libens,3
aeternus,3
uacca,3
exagito,3
paelex,3
praeceps,3
irrideo,3
sonus,3
ramus,3
aueho,3
liberaliter,3
aper,3
phoenix,3
imperatum,3
enascor,3
secor,3
uoluptas,3
uterus,3
suauitas,3
ebrius,3
concido,3
prosilio,3
sumptus,3
uictoria,3
iudico,3
talis,3
cado,3
consido,3
iustitia,3
adamas,3
indicium,3
inauro,3
aduena,3
auus,3
commendo,3
inicio,3
nuntius,3
iudicium,3
uisus,3
potior,3
fortis,3
formosus,3
nobilis,3
contumelia,3
minime,3
numen,3
dormio,3
arcadia,3
uiuus,3
iaculor,3
mycenae,3
lex,3
claua,3
cygnus,3
nubes,3
uiscus,3
petra,3
pyra,3
indico,3
missa,3
labyrinthus,3
repeto,3
argi,3
antepono,3
pertimesco,3
subdo,3
rota,3
promitto,3
salus,3
captus,3
ementior,3
ignosco,3
pristinus,3
uates,3
discordia,3
recipero,3
proelium,3
licet,3
admitto,3
epula,3
graece,3
labor,3
compressio,3
perdo,3
nescius,3
arripio,3
liberi,3
lacrima,3
serpens,3
thetis,3
troia,3
pereo,3
clipeus,3
cano,3
clamor,3
muliebris,3
deligo,3
miseror,3
tauricus,3
uagor,3
sepulcrum,3
abripio,3
naufragium,3
ossum,3
occasio,3
tandem,3
capto,3
cur,3
interdico,3
herba,3
frons,3
partio,3
potio,3
remedium,3
gubernaculum,3
praeteruehor,3
seruus,3
cumque,3
uix,3
plurimum,3
collocatio,3
quin,3
praetermitto,3
innitor,3
intelligo,3
conspicio,3
aquilus,3
claudo,3
sedile,3
uagus,3
horizon,3
numero,3
enumero,3
quanto,3
argus,3
aquarius,3
etenim,3
littera,3
uolumen,3
deficio,3
alienus,3
radius,3
tardus,3
nusquam,3
quotannis,3
metior,3
desidero,3
adulescentia,3
exinde,3
deformatio,3
doceo,3
probo,3
oppositus,3
parallelus,3
alluo,3
palus,3
passim,3
arctophylax,3
opprimo,3
scapula,3
puluerulentus,3
formo,3
triangulus,3
nouissime,3
insto,3
decerto,3
procyon,3
uenatio,3
recreo,3
accido,3
peccatum,3
confestim,3
implico,3
adulescens,3
consopio,3
iactans,3
abigo,3
puteus,3
timidus,3
homerus,3
gemma,3
ferio,3
thrax,3
appeto,3
certatio,3
loco,3
tragoedia,3
cupiditas,3
contego,3
aperio,3
haedus,3
semen,3
dilectus,3
bacillum,3
consuesco,3
laetitia,3
inauditus,3
crimino,3
nepos,3
laboro,3
diligentia,3
lepor,3
ficus,3
tensio,2
conuersor,2
alioqui,2
oporteo,2
prouincialis,2
uallus,2
gens,2
misceo,2
extendo,2
formus,2
minuo,2
creber,2
putus,2
impar,2
superpono,2
ualetudinarius,2
fabrica,2
tentorium,2
dispositio,2
praeficio,2
libellus,2
augurium,2
tribunal,2
groma,2
terni,2
posticus,2
tertio,2
aestus,2
bucinum,2
diligenter,2
solum,2
iniquitas,2
breuiter,2
munio,2
quinquies,2
tracto,2
eadem,2
iustus,2
expleo,2
quintus,2
intersum,2
uero,2
decedo,2
seu,2
incurro,2
meus,2
compositio,2
sollicitudo,2
necessitas,2
peritus,2
exquiro,2
tuus,2
securus,2
punicus,2
fastigatus,2
deuexus,2
angustia,2
titulus,2
exstruo,2
caespes,2
truncus,2
decurro,2
circumeo,2
coxa,2
clauicula,2
interior,2
uallis,2
excludo,2
castra,2
superuenio,2
neue,2
occulte,2
torrens,2
subitus,2
tormentum,2
ferreus,2
cresco,2
effero,2
prae,2
undique,2
solitudo,2
lego,2
alumnus,2
miror,2
tribuo,2
propago,2
aerumna,2
proprius,2
curo,2
uenatus,2
caelus,2
python,2
interitus,2
canto,2
aspicio,2
imprecor,2
certamen,2
datus,2
condicio,2
bestia,2
uoluntarius,2
mos,2
offero,2
remaneo,2
emo,2
condo,2
custodio,2
tonitrus,2
conflagro,2
fructus,2
iucunditas,2
liberalis,2
medicamentum,2
ululo,2
pestilentia,2
excido,2
conatus,2
panthera,2
imperium,2
gubernator,2
iniuria,2
passus,2
transfiguro,2
comitatus,2
eripio,2
ouum,2
columba,2
obsisto,2
catena,2
nudus,2
conuoco,2
pudor,2
exsisto,2
prodigium,2
ratis,2
naufragus,2
aufero,2
anus,2
despicio,2
impulsus,2
amo,2
differo,2
quisnam,2
sin,2
antrum,2
factura,2
senex,2
caligo,2
pulcher,2
paternus,2
bene,2
exsul,2
resisto,2
debitum,2
thalamus,2
queror,2
aduenio,2
nouem,2
afflo,2
cruciatus,2
fel,2
stercus,2
purgo,2
famulus,2
balteus,2
immanis,2
hesperis,2
lucto,2
minister,2
exedo,2
fluuius,2
pomum,2
triceps,2
perpetior,2
eximius,2
memor,2
paulus,2
construo,2
immortalitas,2
praecipio,2
gradior,2
flecto,2
praecido,2
letum,2
inuidia,2
tectum,2
aliquot,2
ligneus,2
bubulus,2
uinculum,2
auolo,2
cera,2
peruolo,2
belligero,2
epulor,2
praedico,2
ater,2
adamo,2
opprobrium,2
amans,2
excedo,2
opto,2
mugitus,2
distraho,2
lapideus,2
praecludo,2
expostulo,2
falsus,2
uexo,2
edico,2
sterilitas,2
penuria,2
cicatrix,2
talus,2
nefarius,2
parento,2
augur,2
demando,2
auersus,2
dignitas,2
atticus,2
furia,2
imploro,2
pila,2
prohibeo,2
inguen,2
sitio,2
recedo,2
pendeo,2
gener,2
auriga,2
imprudens,2
lacus,2
depositum,2
lucus,2
chorea,2
concipio,2
agnosco,2
superbus,2
fleo,2
praegnas,2
fax,2
misericordia,2
delicia,2
inquiro,2
incensus,2
stringo,2
uaticinor,2
ludo,2
lassus,2
enuntio,2
anchises,2
ictus,2
uicesimus,2
orator,2
aratrum,2
simulatio,2
femineus,2
capillus,2
adiutorium,2
hasta,2
subito,2
cerua,2
expio,2
uulnus,2
obiurgo,2
inermis,2
arx,2
nupta,2
ratus,2
patefacio,2
classis,2
uox,2
illido,2
acuo,2
confringo,2
nato,2
studeo,2
aeolius,2
spelunca,2
nanciscor,2
gusto,2
immanitas,2
exuro,2
alligo,2
follis,2
undecim,2
uiginti,2
commissura,2
erratio,2
obturo,2
ter,2
enato,2
ornatus,2
ops,2
operio,2
cura,2
discepto,2
surgo,2
controuersia,2
crudelis,2
crucifigo,2
commeatus,2
spondeo,2
praetereo,2
carnifex,2
amicitia,2
scrofa,2
porcellus,2
rumor,2
facies,2
noto,2
mentio,2
obscure,2
sermo,2
addo,2
nimirum,2
annuus,2
status,2
cuiusmodi,2
hodiernus,2
uere,2
praecingo,2
flexus,2
duro,2
umquam,2
scorpio,2
auctumnalis,2
chelae,2
difficilis,2
umbra,2
dissentio,2
commemoro,2
resupinus,2
insequor,2
uirilis,2
officio,2
igneus,2
nauicula,2
mando,2
perscribo,2
inscientia,2
existimatio,2
uerbum,2
tricesimus,2
planus,2
conficiens,2
apparens,2
concurro,2
exercitatus,2
notatio,2
careo,2
utilis,2
octo,2
conplus,2
cito,2
amplus,2
exerceo,2
remotus,2
conflictor,2
quini,2
quamuis,2
feruor,2
assiduus,2
porrigo,2
paululum,2
collum,2
tergum,2
primoris,2
dorsum,2
materia,2
ungula,2
testa,2
grandis,2
scorpius,2
effusio,2
solitarius,2
caelestis,2
orion,2
guttur,2
inutilis,2
utilitas,2
mediocriter,2
consimilis,2
exercitatio,2
defessus,2
uirginitas,2
intero,2
arctus,2
portus,2
arrepo,2
arcas,2
collecta,2
pietas,2
hircus,2
auiditas,2
deceo,2
defodio,2
expergiscor,2
spes,2
ulcisco,2
sollemnis,2
ignotus,2
orbo,2
adfectus,2
etesia,2
latine,2
percussus,2
descensio,2
saeculum,2
cupidus,2
iuro,2
anulus,2
paratus,2
dimico,2
lamento,2
extollo,2
fabula,2
similitudo,2
discerpo,2
pax,2
confugio,2
gremium,2
nemesis,2
inuentio,2
perterreo,2
adipiscor,2
ferus,2
innocens,2
insidiae,2
paro,2
maleficium,2
mediocris,2
remitto,2
rhodium,2
reuiuo,2
glaucus,2
sano,2
tutela,2
auarus,2
desisto,2
uacuus,2
honor,2
desino,2
lacesso,2
nauicularius,2
sonitus,2
prosequor,2
equa,2
splendor,2
seorsus,2
conspicor,2
gaudeo,2
cornutus,2
furor,2
concha,2
mathematicus,2
assequor,2
celeritas,2
sino,2
infundo,2
uenator,2
comedo,2
niger,2
exspecto,2
crater,2
uastitas,2
re,2
penas,2
incrementum,1
quaterni,1
octoni,1
militia,1
fidelis,1
corporalis,1
quando,1
duplico,1
deuito,1
nudo,1
combino,1
ualetudinarium,1
conualesco,1
impedimentum,1
interrumpo,1
primipilaris,1
euocatus,1
puta,1
possido,1
propensus,1
centenus,1
haesito,1
officialis,1
integer,1
d,1
insuper,1
felix,1
alloquor,1
introitus,1
turba,1
congruo,1
meta,1
ferramentum,1
professor,1
eruptio,1
expedio,1
aeque,1
deinceps,1
duplicarius,1
bini,1
cognomino,1
quaestor,1
decimus,1
obses,1
schola,1
aura,1
lenio,1
tumultus,1
exaudio,1
quadratura,1
lectio,1
recognosco,1
admoneo,1
tutus,1
protego,1
retendo,1
computatio,1
peditum,1
camelus,1
porto,1
compono,1
alaris,1
sextus,1
quingenti,1
octies,1
alarius,1
repono,1
amplio,1
portio,1
militaris,1
dedux,1
artus,1
turbo,1
distribuo,1
tripertitus,1
tessera,1
uocabulum,1
citatio,1
percuro,1
tirocinium,1
priusquam,1
uniuersus,1
metator,1
imperitia,1
plane,1
equitatus,1
diuisio,1
difficultas,1
methodus,1
intentus,1
elaboro,1
digno,1
iniungo,1
nouitas,1
cotidianus,1
uimen,1
agmen,1
perpendiculum,1
regredior,1
breuitas,1
caementum,1
lorica,1
instructio,1
sanctus,1
ramosus,1
teneritas,1
mobilis,1
copiosus,1
desum,1
uicis,1
pacatum,1
solummodo,1
tueo,1
rarus,1
harenosus,1
instabilio,1
propugnatio,1
adaperio,1
circinus,1
cardo,1
seruio,1
detego,1
traho,1
campus,1
eminentia,1
leniter,1
attollo,1
eminens,1
subiaceo,1
planum,1
collis,1
praecipue,1
quocumque,1
qualiscumque,1
iniquus,1
immineo,1
prospicio,1
adiaceo,1
obrepo,1
uicinus,1
inundo,1
interea,1
hosticus,1
ascensus,1
duplex,1
frequens,1
turris,1
instruo,1
pagus,1
creo,1
cinis,1
clauis,1
amnis,1
irrigo,1
iniussu,1
diluuium,1
irrigatio,1
tenebricosus,1
legens,1
lacto,1
interdiu,1
praeterquam,1
expauesco,1
exanimo,1
benefacio,1
io,1
refulgeo,1
formido,1
trano,1
nuncupo,1
communio,1
hortor,1
pello,1
fornix,1
grauidus,1
rescindo,1
cooperio,1
olea,1
cortina,1
marsyas,1
ceruinus,1
caesius,1
bucca,1
inflo,1
foedus,1
merito,1
grauis,1
satyrus,1
suauis,1
prouoco,1
uerso,1
religo,1
cutis,1
membratim,1
separo,1
discipulus,1
laurus,1
noceo,1
uicarius,1
transporto,1
indo,1
decumbo,1
spargo,1
inquam,1
onero,1
immoderatus,1
fustis,1
insepultus,1
affligo,1
festus,1
oscillatio,1
uindemia,1
delibo,1
piraticus,1
constupro,1
inhibeo,1
remus,1
thyrsus,1
pampinus,1
rudens,1
hedera,1
monstrum,1
clementia,1
arbiter,1
fistula,1
certo,1
auricula,1
asininus,1
aberro,1
crucio,1
speciosus,1
euoluo,1
probitas,1
optio,1
refert,1
astutia,1
plaga,1
exsoluo,1
cubo,1
rideo,1
terreo,1
conceptus,1
inimicus,1
reporto,1
consecro,1
auratus,1
naris,1
spiro,1
adamanteus,1
iugum,1
mutuus,1
tempto,1
sopio,1
comparo,1
bello,1
tristis,1
tristitia,1
deuirgino,1
illic,1
patruus,1
iuuenis,1
miraculum,1
uetulus,1
agnus,1
concordia,1
uenefica,1
erga,1
caste,1
ueneficus,1
exulo,1
persoluo,1
usurpo,1
congemino,1
neglegenter,1
pridem,1
mecum,1
primigenius,1
tegumentum,1
uestigium,1
ceruus,1
stymphalis,1
emitto,1
adiutor,1
xanthus,1
amazon,1
trimembris,1
cerberus,1
aegyptus,1
infula,1
appositus,1
repleo,1
lustro,1
compos,1
tripus,1
philtrum,1
sperno,1
condio,1
coram,1
induo,1
flagro,1
demo,1
roto,1
alleuo,1
cognitio,1
infesto,1
pinus,1
prehendo,1
grauiter,1
elido,1
statura,1
incus,1
aequo,1
praeruptus,1
oppido,1
perdix,1
serra,1
infandus,1
inextricabilis,1
custodia,1
accommodo,1
calefacio,1
pugna,1
septeni,1
posteaquam,1
introeo,1
licium,1
reuoluo,1
foras,1
egredior,1
obliuiscor,1
priuignus,1
tabella,1
moene,1
exitium,1
imber,1
compressus,1
stuprum,1
arca,1
effringo,1
discus,1
auitus,1
talaris,1
agenor,1
informo,1
dolus,1
polybius,1
clemens,1
impudens,1
immitto,1
irascor,1
boeotius,1
graecia,1
cupido,1
sphinx,1
moleste,1
suppositio,1
palam,1
fibula,1
perago,1
cedo,1
uehemens,1
fumus,1
seduco,1
praemoneo,1
clades,1
redimo,1
insignis,1
ueneror,1
baculum,1
iocosus,1
altercatio,1
masculus,1
expertus,1
obligo,1
audacia,1
ambo,1
plutonium,1
stratum,1
lacero,1
phoebe,1
phoebus,1
lynceus,1
omitto,1
monumentum,1
quasi,1
cinctus,1
aedifico,1
impello,1
accurro,1
communico,1
concredo,1
haustus,1
ruo,1
caedo,1
coeo,1
eburneus,1
apto,1
uelox,1
ualua,1
paeniteo,1
crudelitas,1
clauus,1
incito,1
foris,1
ultor,1
tantalum,1
contamino,1
delitesco,1
cruor,1
inquino,1
tunica,1
maculo,1
obduco,1
extraho,1
abscondo,1
perquiro,1
casu,1
ultio,1
conicus,1
arcesso,1
nocturnus,1
detrudo,1
laeto,1
bustum,1
exsilium,1
cingo,1
deorsum,1
crinitus,1
interimo,1
genetrix,1
orbus,1
mano,1
amphion,1
concubitus,1
eueho,1
coniector,1
narratum,1
pareo,1
reperio,1
pasco,1
athlon,1
ianua,1
uindico,1
diues,1
uictrix,1
infestus,1
ancilla,1
eloquor,1
coniuro,1
egeo,1
cuna,1
uenum,1
habitus,1
rufus,1
uestibulum,1
tubicen,1
crepitus,1
dilanio,1
coluber,1
audeo,1
exuo,1
taeter,1
odor,1
sacerdotium,1
tabernaculum,1
astringo,1
rependo,1
moenia,1
patruelis,1
postulo,1
furius,1
uulnero,1
feriatus,1
uocifero,1
insum,1
lusus,1
aperto,1
sinum,1
phryx,1
idcirco,1
proles,1
palladium,1
iniurius,1
humanitas,1
securis,1
urna,1
laetabundus,1
strophium,1
argumentum,1
ministerium,1
auello,1
rogito,1
impius,1
lotos,1
cibus,1
reditio,1
oblino,1
cyclops,1
moles,1
saxeus,1
oppono,1
feritas,1
inebrio,1
derideo,1
libere,1
argentum,1
deuoro,1
euado,1
poculum,1
mino,1
scala,1
gallinaceus,1
constringo,1
mugio,1
amitto,1
obsorbeo,1
eructo,1
ueto,1
condormio,1
inuolo,1
balo,1
donec,1
denuntio,1
disicio,1
aeuum,1
pessum,1
pallium,1
alcinous,1
decoro,1
ignoro,1
obsideo,1
adiutrix,1
genitor,1
depopulo,1
ignarus,1
deporto,1
circe,1
denomino,1
cretosus,1
delibero,1
quandoquidem,1
humus,1
triduum,1
nuptus,1
indulgeo,1
pluuius,1
incresco,1
transnato,1
crux,1
exclamo,1
sanguinolentus,1
uesper,1
lis,1
contraho,1
potis,1
ingero,1
inspuo,1
aperte,1
dubito,1
fulgeo,1
horologium,1
libet,1
imminuo,1
diuidus,1
arctos,1
quomodocumque,1
obtingo,1
recondo,1
admisceo,1
uernus,1
prooemium,1
huiuscemodi,1
assisto,1
irritus,1
obsto,1
septimus,1
au,1
edoceo,1
promineo,1
permisceo,1
depingo,1
citus,1
memoro,1
sura,1
pridie,1
inaequalis,1
heri,1
motus,1
albus,1
trecenti,1
trecentiens,1
sexagies,1
intactus,1
perlego,1
tamdiu,1
intellectus,1
particula,1
exilis,1
acies,1
admoueo,1
impleo,1
mensio,1
deueho,1
percolo,1
compar,1
praesertim,1
forte,1
excusatio,1
praeteritus,1
secedo,1
biennium,1
intercalo,1
grammaticus,1
moderatio,1
uarietas,1
desidia,1
subeo,1
crimen,1
rudimentum,1
nisus,1
commoneo,1
nominatim,1
pernumero,1
perlatio,1
demonstratio,1
uarius,1
scriptio,1
penitus,1
laudo,1
uos,1
confusio,1
pondero,1
leuis,1
conformo,1
tractus,1
utcumque,1
dissimilis,1
naturalis,1
physicus,1
ultra,1
brumalis,1
describo,1
interfusus,1
oceanus,1
explano,1
trifarius,1
columna,1
distermino,1
bifariam,1
calor,1
braca,1
uestimentum,1
peruro,1
temperans,1
temperatio,1
temperatus,1
reuerbero,1
interiectus,1
sinus,1
spira,1
complico,1
attendo,1
mentum,1
calx,1
porricio,1
basis,1
papilla,1
quadratum,1
ascribo,1
perperam,1
lorum,1
maxilla,1
attentus,1
complector,1
spica,1
nasus,1
tergus,1
iuba,1
lineola,1
meridies,1
pistrix,1
diffundo,1
diuisus,1
incingo,1
exsurgo,1
carinus,1
supinus,1
turibulum,1
tundo,1
labrum,1
ansa,1
fundus,1
fundo,1
singillatim,1
delectatio,1
lector,1
ingrauesco,1
retribuo,1
uirginalis,1
comoedia,1
amoueo,1
manifestus,1
succumbo,1
neptis,1
administer,1
agito,1
trio,1
incolo,1
uastus,1
hortus,1
malum,1
quiuis,1
contortus,1
iacio,1
nuper,1
affectus,1
mensa,1
lupus,1
uua,1
floridus,1
uinea,1
tener,1
decerpo,1
salto,1
semimortuus,1
obdormio,1
fateor,1
munero,1
interfector,1
conscientia,1
lacrimo,1
cadauer,1
desperatus,1
pauperies,1
appellatio,1
precor,1
obeo,1
suspendo,1
tabula,1
funis,1
priuatim,1
publice,1
mendicus,1
morbus,1
suffero,1
latro,1
actaeon,1
medeor,1
flo,1
praeripio,1
quamobrem,1
dis,1
fabrico,1
creticus,1
recuso,1
index,1
tenebrae,1
merces,1
detrimentum,1
pudens,1
descensus,1
depono,1
tactus,1
coinquino,1
incolumitas,1
necne,1
comprecor,1
precatio,1
religio,1
prouoluo,1
lenis,1
uerisimilis,1
palma,1
erudio,1
disco,1
supplex,1
depugno,1
barbarus,1
inopia,1
olympus,1
macedonia,1
baccha,1
speculor,1
cyllene,1
chorda,1
maius,1
caduceum,1
exemplum,1
athleticus,1
mandatus,1
musicus,1
ingeniosus,1
puerilis,1
aspernor,1
amplexus,1
alte,1
acta,1
aethiopus,1
glorior,1
impietas,1
beneuolentia,1
commode,1
nobilitas,1
inusitatus,1
magnes,1
talarius,1
indutus,1
aduersus,1
insciens,1
orcus,1
genealogia,1
occulto,1
complexus,1
applico,1
repello,1
effundo,1
dissensio,1
mysterium,1
cista,1
anguinus,1
tantum,1
nota,1
ilias,1
themis,1
horribilis,1
specus,1
fido,1
apparo,1
caprinus,1
anguitenens,1
suo,1
largior,1
segrego,1
hospitaliter,1
beneficus,1
produco,1
coeptum,1
narro,1
acerbe,1
iucundus,1
fortitudo,1
diruo,1
saturo,1
terminus,1
circumplecto,1
desertum,1
quotienscumque,1
aduentus,1
inopinatus,1
qualis,1
gloria,1
medicina,1
leuo,1
secreto,1
commoueo,1
medicus,1
caerimonia,1
pauper,1
excellentia,1
recusatio,1
coicio,1
firmo,1
contexo,1
decet,1
prouideo,1
sollemne,1
religiosus,1
reliquiae,1
comburo,1
carnis,1
coquus,1
insidior,1
deminuo,1
laetus,1
intercludo,1
uapor,1
plerumque,1
cursor,1
lampas,1
solutio,1
conubium,1
maritus,1
necessitudo,1
uigilans,1
auditus,1
alligatio,1
impunis,1
conuiuium,1
altar,1
exsaturo,1
merops,1
surrepo,1
auspicatus,1
soccus,1
conseruo,1
peruagor,1
gratus,1
receptus,1
symphonia,1
saltatio,1
citharoedus,1
quaestus,1
seruulus,1
perfidiosus,1
libertas,1
commodus,1
placidus,1
improbus,1
orno,1
questus,1
defleo,1
inuocatus,1
statua,1
elabor,1
pudicitia,1
uasto,1
euolo,1
prex,1
appropinquo,1
obscuritas,1
trifariam,1
alibi,1
frumentum,1
torreo,1
penis,1
innocentia,1
defectio,1
arietinus,1
ductor,1
ulter,1
lamentatio,1
conscindo,1
gigno,1
euerto,1
remoueo,1
principatus,1
officium,1
alternis,1
mordicus,1
asinus,1
gigas,1
indictus,1
pertimeo,1
gigans,1
aduersarius,1
uoueo,1
detondeo,1
uotum,1
damnatus,1
compareo,1
insilio,1
magnanimus,1
dos,1
petitio,1
aequitas,1
nauigium,1
officiosus,1
documentum,1
ultro,1
meritum,1
formatio,1
murex,1
iactatio,1
aegyptius,1
poeta,1
acer,1
uiolarium,1
imago,1
cogitatum,1
profundo,1
cataclysmus,1
antiquitas,1
antequam,1
impugno,1
accuso,1
partim,1
pretium,1
mercor,1
impetus,1
incola,1
exopto,1
concessus,1
arista,1
infringo,1
posco,1
urina,1
uenustas,1
despero,1
artifex,1
doleo,1
uulpes,1
adnumero,1
compingo,1
deuerto,1
considero,1
prolabor,1
coniuratio,1
insido,1
purus,1
maturesco,1
festino,1
admissum,1
moratus,1
mora,1
ignominia,1
pertundo,1
sitis,1
uerbero,1
incommodus,1
confinis,1
repentinus,1
interitio,1
ducto,1
perdolesco,1
sortior,1
paulatim,1
inuito,1
ciuilis,1
optato,1
uocatus,1
temere,1
lucror,1
inimicitia,1
dolium,1
coniectus,1
quondam,1
disputo,1
planeta,1
supprimo,1
inscienter,1
obseruantia,1
uehementer,1
ius,1
