,count
et,185
in,109
qui,93
arma,64
hic,57
ille,48
nec,47
suus,46
uis,43
magnus,40
corpus,39
cum,37
ad,37
per,31
pectus,30
fortis,29
sui,27
animus,26
uir,26
peto,25
atque,25
ensis,24
iuuenis,24
ut,23
hostis,23
dextra,23
sum,22
tu,21
dux,21
natus,21
telum,20
non,20
ingens,20
uideo,20
ago,19
tuus,19
hasta,19
heros,18
ab,18
contra,18
medius,18
fero,17
fundo,17
caedes,17
uulnus,17
simul,16
undique,16
manus,16
totus,16
acies,16
ferrum,16
uastus,16
ira,15
numen,15
tunc,15
meus,15
ipse,15
agmen,15
post,15
ego,14
os,14
reddo,14
pater,14
iam,14
ruo,14
tum,14
de,14
rex,13
clarus,13
omnis,13
dico,13
proelium,13
interea,13
prosterno,13
socius,13
bellus,13
pugno,13
murus,13
miser,12
funus,12
postquam,12
donum,12
ignis,12
durus,12
inde,12
coniunx,12
refero,12
dum,12
bis,12
acer,12
pars,12
clipeus,12
tergum,12
uictor,12
ictus,12
iubeo,11
mitto,11
castrum,11
sed,11
mox,11
iterum,11
at,11
premo,11
modo,11
saeuus,11
sterno,11
misceo,11
do,10
pugna,10
infestus,10
nox,10
si,10
dictum,10
puppis,10
uenio,10
uirtus,10
campus,10
ualidus,10
eo,10
altus,10
unus,10
fugio,10
sanguis,10
inter,10
infelix,10
cuspis,10
bellum,9
quis,9
tristis,9
patrius,9
prex,9
duco,9
uolo,9
primus,9
protinus,9
teneo,9
gens,9
unda,9
flamma,9
miles,9
cado,9
fluctus,9
ferox,9
uterque,9
tego,9
certamen,9
stringo,9
ex,8
proles,8
tempus,8
aura,8
ferus,8
parens,8
uicis,8
cunctus,8
sic,8
fulgeo,8
nunc,8
noster,8
capio,8
pubes,8
porta,8
fatum,8
sto,8
adsum,8
iacio,8
galea,8
turbo,8
saxum,8
alius,8
superus,7
nam,7
amor,7
ubi,7
castus,7
uita,7
sidus,7
aio,7
tandem,7
clamor,7
super,7
paro,7
labor,7
leuis,7
terra,7
umbra,7
aequor,7
sequor,7
quam,7
horridus,7
mucro,7
insto,7
cedo,7
caterua,7
auxilium,7
moueo,7
currus,7
pro,7
cursus,7
artus,6
dies,6
salus,6
castra,6
sacer,6
arcus,6
procer,6
hortor,6
inuictus,6
classis,6
ardor,6
ne,6
iuxta,6
supero,6
caelum,6
talis,6
diuus,6
celer,6
accipio,6
turba,6
extremus,6
atrox,6
pulso,6
potens,6
robur,6
tempto,6
aurum,6
aduersus,6
cruor,6
aduersum,6
concurro,6
pes,6
ardeo,6
rursus,6
frater,6
horrendus,6
casus,6
oculus,6
possum,6
gladius,6
comminus,6
equus,6
rapio,6
traho,5
contendo,5
grauis,5
causa,5
uinco,5
gemitus,5
uox,5
auris,5
aut,5
sub,5
tutus,5
o,5
uix,5
tellus,5
subito,5
cogo,5
tamen,5
crudelis,5
mater,5
supplex,5
ualeo,5
occupo,5
instruo,5
lux,5
ullus,5
ora,5
percutio,5
tollo,5
senex,5
ratis,5
nauis,5
totidem,5
ter,5
satus,5
insignis,5
confero,5
rigidus,5
percussus,5
membrum,5
laetus,5
conuerto,5
ferio,5
ante,5
solus,5
occurro,5
inimicus,5
circum,5
firmo,5
subeo,5
anima,4
trado,4
raptus,4
nata,4
impleo,4
leuo,4
genu,4
regnum,4
oro,4
depositum,4
multus,4
annus,4
populus,4
aer,4
coetus,4
iniquus,4
pariter,4
tendo,4
ni,4
munus,4
defendo,4
moneo,4
aetherius,4
spargo,4
tantus,4
quisque,4
dulcis,4
nomen,4
nos,4
daps,4
curo,4
mundus,4
genus,4
mora,4
defero,4
aequus,4
alter,4
gero,4
uero,4
sollers,4
deinde,4
aetas,4
tacita,4
nitidus,4
caput,4
perago,4
insequor,4
carinus,4
septem,4
aperto,4
funestus,4
ambo,4
inclutus,4
cerno,4
uarius,4
specto,4
procedo,4
laeto,4
gemo,4
repello,4
gradus,4
longe,4
puluis,4
relinquo,4
illic,4
herba,4
sono,4
uomo,4
morior,4
auidus,4
praeda,4
spolio,4
libro,4
animosus,4
uultus,4
calidus,4
mano,4
grex,4
depello,4
flumen,4
uolucer,4
furo,4
hinc,4
mos,4
iaculus,4
fors,4
ceruix,4
sudor,4
procul,4
quantus,4
uoluo,4
immanis,4
sodalis,4
confugio,4
concedo,4
defleo,4
fera,4
superbus,3
exsanguis,3
deus,3
pestis,3
nullus,3
fletus,3
adfundo,3
decus,3
miserabilis,3
is,3
nego,3
excedo,3
sperno,3
contemptus,3
maereo,3
seco,3
unguis,3
plango,3
lacrima,3
colo,3
poena,3
cur,3
cesso,3
posco,3
derigo,3
mors,3
ecce,3
figo,3
patior,3
miseror,3
uates,3
motus,3
immitto,3
transeo,3
orbis,3
conuoco,3
edo,3
finis,3
placeo,3
uoco,3
suffero,3
dimitto,3
notus,3
arx,3
decipio,3
parum,3
nisi,3
fama,3
linquo,3
capillus,3
genetrix,3
turpiter,3
occido,3
depono,3
maneo,3
delabor,3
litus,3
summum,3
lis,3
concilium,3
genitor,3
largus,3
thalamus,3
requies,3
lenis,3
pondus,3
mando,3
habeo,3
opus,3
aether,3
attono,3
res,3
ordo,3
consilium,3
ardesco,3
mitis,3
addo,3
uos,3
quot,3
carina,3
remex,3
ortus,3
deligo,3
armatus,3
fidus,3
munio,3
duo,3
prora,3
uiceni,3
quadrageni,3
onero,3
comito,3
maternus,3
paruus,3
continuo,3
patria,3
generosus,3
uelut,3
uisum,3
perterreo,3
recipio,3
adiuuo,3
iaceo,3
impiger,3
foedus,3
iungo,3
decerno,3
germanus,3
honor,3
fremo,3
retro,3
secum,3
clades,3
conspicio,3
uiolentus,3
crinis,3
osculum,3
suadeo,3
huc,3
pello,3
seruo,3
ars,3
dolor,3
utrimque,3
transfigo,3
torqueo,3
concido,3
uiridis,3
dens,3
scapula,3
passim,3
immineo,3
inruo,3
umbo,3
fossa,3
cupio,3
sustineo,3
lanio,3
quoius,3
umerus,3
quod,3
consurgo,3
rapidus,3
deiectus,3
fusus,3
densus,3
nudus,3
spes,3
terreo,3
attollo,3
quin,3
illinc,3
sentio,3
unde,3
sors,3
alternus,3
iacto,3
summitto,3
somnus,3
concieo,3
obtrunco,3
astrum,3
timor,3
redeo,3
saeuio,3
respicio,3
exsulto,3
quantum,3
aqua,3
successus,3
affligo,3
misereor,3
enim,2
sententia,2
quondam,2
fleo,2
solacium,2
inuisus,2
questus,2
inferus,2
haereo,2
libido,2
repeto,2
templum,2
sacerdos,2
annosus,2
quiesco,2
compello,2
altar,2
en,2
desero,2
gratus,2
uindex,2
luo,2
acerbus,2
auctor,2
rogus,2
ager,2
tumulus,2
patefacio,2
diuum,2
ops,2
pius,2
portus,2
intro,2
incuso,2
conuicium,2
inuitus,2
intactus,2
impono,2
uelum,2
placo,2
consumo,2
solor,2
nudo,2
minor,2
caecus,2
aeuum,2
minae,2
inuoco,2
ac,2
congressus,2
emico,2
aureus,2
impune,2
uiolo,2
querela,2
mare,2
mecum,2
iste,2
soror,2
optime,2
diligo,2
renouo,2
ita,2
resido,2
iucundus,2
quies,2
humanus,2
omnipotens,2
tenuis,2
effero,2
fugo,2
incautus,2
abeo,2
penna,2
sopor,2
porto,2
apto,2
lampas,2
pando,2
promitto,2
uerto,2
iter,2
careo,2
responsum,2
recordor,2
quattuor,2
laudo,2
posterus,2
radius,2
uester,2
coeptum,2
princeps,2
tumidus,2
triceni,2
geminus,2
gloria,2
longus,2
orno,2
compleo,2
deni,2
ast,2
sex,2
sulco,2
mille,2
doceo,2
iussus,2
festino,2
cassis,2
latus,2
nitor,2
forma,2
bonus,2
magnanimus,2
uenus,2
dolus,2
confundo,2
terror,2
inquam,2
dubito,2
hospes,2
timeo,2
cognosco,2
ludus,2
gaudeo,2
paucus,2
urgeo,2
discedo,2
pulcher,2
consto,2
concito,2
tero,2
coniungo,2
strido,2
diu,2
rigeo,2
desuper,2
dissilio,2
arrepo,2
caligo,2
rumpo,2
laxo,2
ulter,2
eripio,2
testudo,2
deduco,2
foedo,2
mens,2
reuincio,2
nondum,2
committo,2
mutuus,2
quaero,2
increpo,2
lex,2
paternus,2
communis,2
orior,2
rigo,2
erro,2
carpo,2
moribundus,2
amicus,2
transadigo,2
sileo,2
ubique,2
ministro,2
bos,2
uirgo,2
armiger,2
monitum,2
calco,2
uito,2
haud,2
uerso,2
aduolo,2
obuius,2
transuerbero,2
gigno,2
contentus,2
leo,2
proturbo,2
acceptum,2
frons,2
cerebrum,2
coeo,2
humus,2
condo,2
aruus,2
caelestis,2
uulnero,2
queror,2
accendo,2
protero,2
traicio,2
quadrupes,2
meto,2
canis,2
oppositus,2
diuerbero,2
sitio,2
turma,2
exacuo,2
intorqueo,2
auriga,2
uictus,2
ductor,2
saucius,2
egredior,2
fraus,2
commentor,2
pratum,2
sancio,2
caedo,2
incumbo,2
iuuentus,2
diua,2
rogo,2
exclamo,2
trux,2
positus,2
infans,2
terribilis,2
nubes,2
murmur,2
silua,2
callidus,2
astus,2
creo,2
excipio,2
fessus,2
prior,2
auratus,2
cingo,2
tenebrae,2
pyra,2
collecta,2
uallum,2
mons,2
includo,2
protego,2
sagitta,2
excutio,2
obiectum,2
agger,2
legatus,2
resto,2
paueo,2
praecedo,2
gressus,2
faux,2
exhaurio,2
aditus,2
moenia,2
resono,2
feruidus,2
metus,2
propello,2
facio,2
apparo,2
robustus,2
prouolo,2
falsus,2
imago,2
trepidus,2
mentior,2
credo,2
donec,2
simulo,2
exstinguo,2
palleo,2
scindo,2
uestis,2
diuinus,2
liquidus,2
redimio,2
cauus,2
sedeo,2
lyra,2
modus,2
compono,2
circa,2
maestus,2
gurges,2
pertimesco,2
inflecto,2
amissum,2
diripio,2
discus,2
senectus,2
miror,2
tremo,2
namque,2
ilias,1
pandus,1
inicio,1
rostrum,1
inhumatus,1
conficio,1
profero,1
discordia,1
praecordia,1
morbus,1
sollemnis,1
uitta,1
implicitus,1
assiduus,1
maeror,1
praefero,1
censeo,1
despicio,1
pietas,1
damnosus,1
squalidus,1
dilacero,1
coma,1
prosum,1
iuuo,1
pono,1
externus,1
senecta,1
qua,1
crimen,1
inscius,1
admitto,1
certe,1
mereo,1
peccatum,1
cubile,1
luctus,1
infesto,1
supersum,1
desum,1
nonus,1
d,1
consulo,1
malum,1
inuenio,1
effor,1
uereor,1
exardeo,1
uiolentia,1
amarus,1
mendax,1
confremo,1
reprimo,1
aeger,1
deueho,1
retorqueo,1
prope,1
excido,1
amitto,1
lugeo,1
priuo,1
alienus,1
honestus,1
militia,1
letum,1
turpis,1
aequoreus,1
inultus,1
audio,1
abstineo,1
summe,1
ulcisco,1
permitto,1
iuppiter,1
adeo,1
offensus,1
debeo,1
iro,1
interpono,1
sol,1
emetior,1
decedo,1
for,1
uolatus,1
sopio,1
crastinus,1
deuolo,1
inundo,1
loquor,1
cura,1
uigilo,1
emergo,1
lacertus,1
igneus,1
collaudo,1
grates,1
deformis,1
lingua,1
proteruus,1
illustris,1
correpo,1
sceptrum,1
eburneus,1
concipio,1
corripio,1
prudentia,1
comprimo,1
sedo,1
admoneo,1
uisus,1
serpens,1
arbor,1
fetus,1
inualidus,1
remoneo,1
decimus,1
uictrix,1
assentio,1
dispello,1
armarium,1
aspiro,1
libens,1
singulus,1
deciens,1
quini,1
moene,1
bellatrix,1
centum,1
plenus,1
pontus,1
denus,1
quinquaginta,1
ueho,1
tres,1
assumo,1
nouem,1
profectus,1
egregius,1
undeni,1
ambio,1
ducenti,1
citus,1
iuuenilis,1
thorax,1
laeuus,1
decoro,1
crus,1
ocrea,1
qualis,1
decet,1
ruina,1
certus,1
cres,1
sero,1
floreo,1
exitium,1
anguis,1
amens,1
dedecus,1
aeternus,1
infamia,1
olim,1
expugno,1
torus,1
defugio,1
ostendo,1
nihil,1
nobilitas,1
scilicet,1
aeque,1
tecum,1
aduerso,1
nimis,1
indignus,1
prauus,1
luxuria,1
potis,1
recuso,1
pax,1
accio,1
patesco,1
par,1
tantummodo,1
deuito,1
praedo,1
ferreus,1
lorica,1
planta,1
coruscus,1
colligo,1
aliter,1
taurus,1
repleo,1
mugitus,1
capto,1
memor,1
appeto,1
splendidus,1
quamuis,1
subiectum,1
mentum,1
uinculum,1
nodus,1
abstraho,1
recurro,1
contorqueo,1
dehinc,1
arcesso,1
antiquus,1
pudet,1
discutio,1
color,1
an,1
uagus,1
peruenio,1
perfundo,1
succumbo,1
aspicio,1
amplexus,1
incubo,1
solutus,1
gremium,1
socia,1
acuo,1
reposco,1
regnator,1
intentus,1
uolatilis,1
incido,1
tunica,1
squama,1
disseco,1
gemebundus,1
armo,1
imber,1
demergo,1
opto,1
lumen,1
purpureus,1
conatus,1
inguen,1
commoueo,1
trabalis,1
uagina,1
resupinus,1
uertex,1
deicio,1
stratus,1
palpito,1
amnis,1
immisceo,1
exercitus,1
cresco,1
uictoria,1
incresco,1
plurimus,1
uerro,1
phalanga,1
corusco,1
bellicus,1
flagrantia,1
leaena,1
stimulo,1
ieiunus,1
fames,1
neco,1
uesanus,1
exstruo,1
aceruus,1
furibundus,1
emineo,1
prodo,1
exsisto,1
discerpo,1
accipiter,1
anxius,1
plaudo,1
nequeo,1
succurro,1
eadem,1
ductus,1
demitto,1
uolito,1
sinuosus,1
immensus,1
spiculum,1
cornu,1
destringo,1
acumen,1
eminus,1
quoque,1
naris,1
dissipo,1
confodio,1
conamen,1
niger,1
nebula,1
flagro,1
demens,1
inspicio,1
mortalis,1
icio,1
ibi,1
sidereus,1
reduco,1
pronus,1
curro,1
exanimis,1
madesco,1
late,1
lupus,1
pecus,1
actor,1
comes,1
esurio,1
neglego,1
secus,1
inuado,1
territo,1
cruentus,1
deficio,1
gemino,1
sublimis,1
audax,1
proripio,1
iuba,1
erigo,1
ouo,1
comparo,1
furor,1
error,1
stomachus,1
infigo,1
lorum,1
rota,1
ingemo,1
desilio,1
dimico,1
tot,1
columen,1
bellipotens,1
uirago,1
iurgium,1
interimo,1
triumphus,1
subduco,1
impero,1
innubo,1
festus,1
exorno,1
bidens,1
carus,1
sceleratus,1
impar,1
percello,1
pungo,1
pone,1
coerceo,1
commuto,1
colloquium,1
timidus,1
crista,1
detego,1
amplector,1
ulna,1
adoro,1
imito,1
prouoco,1
speciosus,1
absum,1
cithara,1
ergo,1
aurata,1
principium,1
rimor,1
saetiger,1
feruor,1
uncus,1
spumo,1
uicissim,1
fumifer,1
concretum,1
fulgur,1
pateo,1
praeuideo,1
perlabor,1
exiguus,1
libo,1
impugno,1
iactus,1
eodem,1
integro,1
coepio,1
ignifer,1
immergo,1
polus,1
dirimo,1
segnis,1
nobilis,1
domus,1
propago,1
munero,1
bellator,1
caelamen,1
balteus,1
extemplo,1
ater,1
liquor,1
placidus,1
stella,1
memoro,1
hesternus,1
mulceo,1
missus,1
perfero,1
accommodo,1
ultro,1
etiam,1
pareo,1
reuertor,1
struo,1
caelus,1
umbrosus,1
consido,1
aequo,1
lanx,1
expendo,1
praepondero,1
quippe,1
tumultus,1
langueo,1
quatio,1
letalis,1
turbidus,1
aduerto,1
obsido,1
excubo,1
corono,1
ceterus,1
indulgeo,1
merus,1
resoluo,1
discrimen,1
releuo,1
irritus,1
tarde,1
tertius,1
sublustris,1
scruto,1
studium,1
fiducia,1
agito,1
locus,1
pernocto,1
perspicio,1
sensus,1
plebs,1
abdo,1
occulto,1
furtim,1
frutex,1
inanis,1
facile,1
opprimo,1
fido,1
prosilio,1
euado,1
conor,1
satis,1
persto,1
praemium,1
laus,1
exquiro,1
secor,1
dubius,1
coram,1
obtestor,1
opacus,1
expedio,1
recludo,1
detrudo,1
tentorium,1
uinum,1
sepelio,1
exanimo,1
multo,1
candor,1
factum,1
exorior,1
pristinus,1
remitto,1
instauro,1
recreo,1
fluo,1
ferueo,1
persequor,1
hostilis,1
femur,1
obex,1
perfringo,1
ferratus,1
irrumpo,1
limen,1
deturbo,1
scalae,1
augeo,1
turris,1
acta,1
ascendo,1
scando,1
creber,1
neptunus,1
istinc,1
occumbo,1
gener,1
mergo,1
sanguineus,1
lauo,1
fluentum,1
fio,1
infectus,1
insurgo,1
uallus,1
saepio,1
transilio,1
ala,1
incendo,1
obsisto,1
incendium,1
taeda,1
defluo,1
conterreo,1
perturbo,1
praetereo,1
nosco,1
ultrix,1
liceo,1
perimo,1
uerus,1
prolabor,1
denudo,1
deprehendo,1
detraho,1
uindico,1
laetitia,1
horror,1
calor,1
ossum,1
lacrimo,1
innecto,1
amictus,1
como,1
deformo,1
firmus,1
persoluo,1
accenseo,1
furia,1
decurro,1
excito,1
fornax,1
fuluus,1
domo,1
efficio,1
euolo,1
induo,1
caelo,1
nympha,1
cinctus,1
dimetior,1
occasus,1
roseus,1
disto,1
meo,1
lustro,1
fretus,1
idem,1
semper,1
amans,1
mirus,1
monstrum,1
cumque,1
oppidum,1
exerceo,1
ius,1
certo,1
iudex,1
discerno,1
serenus,1
puella,1
chorus,1
mollis,1
tympanum,1
gracilis,1
pollex,1
chordus,1
percurro,1
modulor,1
auena,1
carmen,1
resonantia,1
rus,1
iuuencus,1
maturus,1
messor,1
arista,1
immundus,1
uinitor,1
uua,1
tondeo,1
pendeo,1
rupes,1
capella,1
poesis,1
reliquus,1
anguineus,1
ornatus,1
praebeo,1
compar,1
rector,1
profugus,1
reparo,1
aruum,1
origo,1
ripa,1
tutor,1
obruo,1
exspatior,1
praeceps,1
torrens,1
impedio,1
disicio,1
prouidus,1
quia,1
resumo,1
funereus,1
fatigo,1
bello,1
adaugeo,1
formido,1
intra,1
paene,1
tectum,1
clausum,1
moror,1
insisto,1
periculum,1
similis,1
transfero,1
intono,1
nequiquam,1
muto,1
riuus,1
emitto,1
praeterlabor,1
uibro,1
fortiter,1
euito,1
ultra,1
defectus,1
fraternus,1
languesco,1
retineo,1
subuenio,1
defessus,1
cor,1
mercor,1
filius,1
sino,1
natura,1
absumo,1
malus,1
uiscus,1
pasco,1
gaudium,1
manes,1
sapio,1
satio,1
dominus,1
funero,1
pompa,1
uapidus,1
cinis,1
lucto,1
caestus,1
comitatus,1
planctus,1
aro,1
heu,1
defensa,1
oblino,1
inermis,1
palma,1
uiuo,1
nimium,1
sis,1
precor,1
flecto,1
saltem,1
interitus,1
reminiscor,1
grandaeuus,1
alleuo,1
reporto,1
exsequia,1
construo,1
tuba,1
argutus,1
decorus,1
abrumpo,1
flebilis,1
usque,1
resisto,1
collabor,1
fauilla,1
sisto,1
moderor,1
meta,1
pieris,1
cohors,1
rudens,1
uirgineus,1
laurus,1
faueo,1
