,count
et,963
qui,549
sum,382
hic,347
in,246
si,214
ille,210
quis,202
tu,189
cum,185
non,185
nec,171
sed,164
atque,153
magnus,153
ut,123
omnis,111
ad,110
ipse,106
iam,106
facio,103
do,103
aut,98
ab,90
tamen,87
nullus,86
multus,83
de,81
dico,75
ego,73
sui,70
nam,67
habeo,66
uideo,63
totus,62
tantus,61
ac,59
quam,59
nihil,58
quod,55
ergo,55
enim,53
unus,53
possum,53
quantus,53
uel,52
res,52
puer,52
domus,51
nunc,49
longus,49
fero,48
per,47
alius,46
bonus,46
credo,45
amicus,45
nos,43
uenio,43
paruus,42
idem,42
noster,41
inde,40
pars,39
primus,39
tuus,39
uolo,39
uiuo,37
ago,37
iubeo,37
pono,37
uetus,36
dignus,36
puto,36
nemo,35
populus,35
aliquis,35
nox,35
tunc,35
pater,35
ne,34
ante,34
homo,33
animus,33
quisque,33
liceo,32
deus,32
facies,32
paro,32
suus,32
mos,32
sumo,32
urbs,32
alter,31
qualis,30
ex,30
miser,30
caput,29
solus,29
ardeo,29
tempus,29
malus,29
soleo,29
iuuenis,29
seruus,29
uxor,29
tam,28
uir,28
nudus,28
tot,28
dominus,28
frango,27
sic,27
duco,27
annus,27
posco,27
maritus,27
grauis,26
edo,26
quaero,26
quisquis,26
semper,26
seruo,26
medius,26
accipio,25
causa,25
crimen,25
dum,25
rex,25
talis,24
dies,24
terra,24
quicumque,24
an,24
uita,24
quando,24
saeuus,23
inter,23
audeo,23
sufficio,23
debeo,23
minor,23
peto,23
uox,23
altus,23
pereo,23
cunctus,22
numquam,22
exspecto,22
gaudeo,22
corpus,22
post,22
turpis,22
lex,22
eo,22
quot,22
uendo,22
latus,22
uos,22
iaceo,21
uerus,21
plenus,21
tenuis,21
sanguis,21
caelum,21
ulter,21
orbis,21
ullus,21
igitur,21
puella,21
teneo,21
fatum,21
mitto,21
grandis,21
emo,21
cena,20
hinc,20
anima,20
dono,20
umquam,20
sto,20
unde,20
timeo,20
quoius,20
relinquo,20
cura,20
audio,20
nomen,20
sedeo,20
sacer,19
quidam,19
moueo,19
sub,19
paucus,19
praesto,19
labor,19
mollis,19
natura,19
felix,19
quotiens,19
mons,19
opto,19
colo,18
ubi,18
o,18
numen,18
ferrum,18
digitus,18
modo,18
patior,18
pro,18
arma,18
similis,18
tamquam,18
propter,18
uinco,18
laudo,18
summum,18
rarus,18
refero,17
inuenio,17
cedo,17
oculus,17
fama,17
cogo,17
ius,17
ars,17
ingens,17
uitium,17
mater,17
impleo,17
nisi,17
nummus,17
olim,17
at,17
cado,17
aurum,17
natus,17
testis,16
positus,16
niger,16
par,16
adeo,16
doceo,16
poena,16
claudo,16
ager,16
mox,16
discrimen,16
taceo,16
bibo,16
mare,15
scelus,15
frons,15
incipio,15
manus,15
genus,15
ara,15
monstrum,15
cibus,15
parens,15
ostendo,15
leuis,15
fio,15
uotum,15
exiguus,15
diues,15
contingo,15
comes,15
amo,15
nescio,14
consul,14
rapio,14
aspicio,14
mille,14
capio,14
ignis,14
uenter,14
loquor,14
qua,14
breuis,14
mens,14
uoco,14
indulgeo,14
fugio,14
adulter,14
contemno,14
tabula,14
argentum,14
propero,14
tristis,14
interea,14
pretium,14
inquam,14
census,14
confero,14
tollo,14
figo,14
num,14
uexo,14
secerno,14
liber,14
gens,13
hortus,13
mensa,13
uacuus,13
uicinus,13
odi,13
turba,13
deinde,13
uix,13
quisquam,13
contentus,13
dubito,13
fortuna,13
bene,13
ira,13
somnus,13
senex,13
cupio,13
utilis,13
nouus,13
umbra,13
magis,13
tunica,13
pes,13
senectus,13
specto,13
aer,13
quamuis,13
mors,13
aeger,13
lectus,13
curro,13
canto,13
pone,13
auris,13
durus,13
dormio,13
dirus,12
exemplum,12
uulnus,12
adhuc,12
templum,12
rumpo,12
os,12
summa,12
conduco,12
quippe,12
surgo,12
grex,12
communis,12
limen,12
tener,12
gladius,12
pectus,12
magister,12
duo,12
uultus,12
ops,12
modus,12
pauper,12
panis,12
merces,12
pudor,12
iste,12
perdo,12
inguen,12
tum,12
placeo,12
pulcher,12
coniunx,12
supersum,12
custos,12
perago,12
uis,12
consilium,12
porta,11
fingo,11
saxum,11
nondum,11
produco,11
antiquus,11
superus,11
dux,11
sentio,11
sol,11
facilis,11
sono,11
rideo,11
postquam,11
uoluptas,11
uirtus,11
fides,11
nolo,11
traho,11
fortis,11
sequor,11
monstro,11
ceno,11
carcer,11
moechus,11
subeo,11
foedus,11
filius,11
descendo,11
patria,11
autem,11
longe,11
metuo,11
noceo,11
tandem,11
coepio,11
harena,11
cohors,11
pulso,11
contra,11
meus,11
scio,11
cur,11
uinum,11
ceruix,11
honor,11
praebeo,11
uerbum,11
centum,10
humanus,10
attono,10
quamquam,10
locus,10
madidus,10
ludo,10
torqueo,10
dextra,10
nimius,10
plurimus,10
libet,10
diuersus,10
casus,10
miserabilis,10
alienus,10
fames,10
nobilis,10
siccus,10
lacrima,10
imperium,10
funus,10
infans,10
ingenium,10
occido,10
haereo,10
heres,10
ratio,10
obsto,10
libertas,10
careo,10
egregius,10
miror,10
finis,10
etiam,10
scribo,10
barba,10
patrius,10
iacto,10
spes,10
titulus,10
infelix,10
maneo,10
eques,10
sidus,10
totiens,10
committo,10
caedo,10
damnum,10
tabella,10
poculum,10
nempe,10
pariter,10
porto,10
libido,10
saepe,10
nosco,10
tempestas,9
urna,9
quidem,9
laetus,9
gaudium,9
corona,9
cadauer,9
acer,9
uenia,9
carmen,9
trado,9
pingo,9
occurro,9
ciuis,9
signum,9
dens,9
lassus,9
spero,9
consto,9
trepidus,9
cito,9
cesso,9
agito,9
pasco,9
deduco,9
habitus,9
numero,9
haud,9
densus,9
sermo,9
tego,9
libellus,9
ultra,9
admitto,9
uester,9
praetor,9
ludus,9
pinguis,9
clamo,9
promitto,9
miles,9
crus,9
adsum,9
praeterea,9
mora,9
ferio,9
albus,9
factum,9
princeps,9
subitus,9
occulo,9
angustus,9
clarus,9
intro,9
toga,9
officium,9
respicio,9
ferueo,9
porrigo,9
prior,9
domina,9
serpens,8
effigies,8
dimidius,8
piscis,8
uiolo,8
miro,8
calidus,8
uulgus,8
lux,8
horridus,8
ualeo,8
repeto,8
seco,8
usque,8
mordeo,8
moneo,8
aetas,8
causidicus,8
fateor,8
ploro,8
ideo,8
tutus,8
parco,8
parum,8
eadem,8
cera,8
culpa,8
damno,8
uirga,8
trepido,8
gratus,8
generosus,8
litus,8
uilla,8
marmor,8
mensura,8
uestis,8
auarus,8
cresco,8
nego,8
dubius,8
bos,8
collum,8
uiridis,8
morbus,8
proelium,8
tres,8
uenenum,8
misceo,8
munus,8
pudet,8
castrum,8
falsus,8
premo,8
laeuus,8
effundo,8
arca,8
galea,8
recingo,8
soror,8
hora,8
iudex,8
reddo,8
mereo,8
recens,8
iugum,8
uates,8
gloria,8
potius,8
lego,8
femina,8
deficio,8
erigo,8
sudo,8
praeceps,8
pendo,8
cliens,8
pateo,8
tribunus,8
conuiua,8
balneum,8
nefas,7
illic,7
facinus,7
risus,7
nuper,7
furor,7
festus,7
mensis,7
interdum,7
sane,7
addo,7
sine,7
nasus,7
agmen,7
palma,7
membrum,7
rhetor,7
testa,7
pario,7
tectum,7
aper,7
extendo,7
mergo,7
disco,7
admoueo,7
modicus,7
flagellum,7
intra,7
procul,7
rus,7
iumentum,7
fons,7
patrimonium,7
assiduus,7
protinus,7
consumo,7
diuitia,7
scilicet,7
redeo,7
soluo,7
uetulus,7
uanus,7
discipulus,7
securus,7
nota,7
compono,7
planta,7
pelagus,7
superbus,7
nauis,7
rogo,7
periculum,7
dea,7
praemium,7
medicus,7
iustus,7
maius,7
tremulus,7
dolor,7
uenus,7
exigo,7
quondam,7
uertex,7
torrens,7
sestertius,7
iuro,7
curo,7
ianua,7
forum,7
uelut,7
palleo,7
fas,7
praefero,7
sublimis,7
sinus,7
impono,7
lucerna,7
sterilis,7
circus,7
exitus,7
spatium,7
matrona,7
prosum,7
nubo,7
despicio,7
exeo,7
namque,7
humilis,7
rudis,7
deprehendo,7
iungo,7
numerus,7
honestus,7
ueho,7
crinis,7
adoro,6
abstineo,6
super,6
narro,6
percussus,6
porcus,6
luxuria,6
merus,6
tuba,6
clamor,6
sanus,6
pondus,6
pugna,6
ast,6
uer,6
crudus,6
raptus,6
sustineo,6
gula,6
sicut,6
quisnam,6
ignosco,6
facundus,6
uelum,6
arcanus,6
capax,6
egeo,6
mundus,6
lar,6
perpetuus,6
bracchium,6
propinquus,6
rado,6
transeo,6
paratus,6
aequus,6
materia,6
auctor,6
forsitan,6
uestigium,6
imito,6
quocumque,6
axis,6
leno,6
cantus,6
pecco,6
deterior,6
columna,6
porticus,6
bellus,6
penna,6
arbor,6
maturus,6
ouum,6
nubes,6
signo,6
pecunia,6
profero,6
uenalis,6
far,6
aratrum,6
ueto,6
autumnus,6
uigilo,6
tracto,6
theatrum,6
pulpitum,6
uilis,6
gurges,6
reuertor,6
lacerna,6
color,6
fluctus,6
frigidus,6
consulo,6
ruga,6
labellum,6
tertius,6
excipio,6
secundus,6
togatus,6
sicco,6
saeculum,6
sportula,6
hodie,6
urgeo,6
sanctus,6
queror,6
certe,6
labrum,6
gemma,6
custodio,6
ibi,6
uentus,6
minister,6
ecce,6
euerto,6
candidus,6
lingua,6
paternus,6
impendo,6
belua,6
sapio,6
currus,6
tyrannus,6
deformis,6
gelidus,6
socius,6
lumbus,6
forma,6
propono,6
mulier,6
aqua,6
sexus,6
uersus,6
saluus,6
fenestra,6
procer,6
persona,6
sex,6
canis,5
nascor,5
bilis,5
fortasse,5
immanis,5
citus,5
uterque,5
torus,5
barbarus,5
telum,5
saeuio,5
calco,5
percutio,5
uiuus,5
tergum,5
insto,5
frustum,5
focus,5
carnis,5
bellum,5
dictum,5
culter,5
impello,5
paruulus,5
fictilis,5
capillus,5
gemo,5
uirgo,5
aptus,5
arx,5
pronus,5
migro,5
silua,5
fera,5
leo,5
eripio,5
pax,5
conuenio,5
faber,5
nitidus,5
nato,5
barbatus,5
mitis,5
comparo,5
suadeo,5
rusticus,5
conscius,5
dicto,5
uelox,5
lutum,5
castigo,5
muto,5
displiceo,5
pullus,5
praeda,5
festino,5
curuus,5
praeter,5
artifex,5
esurio,5
differo,5
locuples,5
amor,5
abeo,5
possideo,5
meritum,5
ingratus,5
frater,5
metus,5
purpura,5
uitis,5
intactus,5
cornu,5
sententia,5
poeta,5
effero,5
mando,5
fraus,5
paupertas,5
legio,5
moror,5
ocius,5
queo,5
uictus,5
aequor,5
opera,5
follis,5
ebur,5
commissum,5
frigus,5
septem,5
ordo,5
quoque,5
quadringenti,5
gremium,5
pareo,5
castra,5
pauidus,5
nescius,5
campus,5
lignum,5
lis,5
foris,5
pugno,5
malum,5
uiscus,5
fur,5
antrum,5
conuiuium,5
formosus,5
toruus,5
rota,5
lustro,5
uua,5
fulmen,5
comedo,5
caecus,5
mimus,5
marmoreus,5
iecur,5
delicia,5
censeo,5
gallina,5
conductum,5
colligo,5
crassus,5
mamilla,5
flauus,5
unguis,5
iucundus,5
dulcis,5
exuo,5
euado,5
extinguo,5
forte,5
imago,5
murmur,5
propior,5
pecus,5
semel,5
rupes,5
ictus,5
securis,5
seruio,5
ancilla,5
luna,5
coram,5
fascis,5
lectica,5
umerus,5
publicus,5
laurus,5
fuligo,5
laus,5
historia,5
cutis,5
bucca,5
siue,5
opus,5
ceu,5
agnosco,5
computo,5
audax,5
mendico,5
aufero,5
tempto,5
udus,5
notus,5
orno,5
tremo,5
rhombus,5
stomachus,5
plebeius,5
calix,5
ingenuus,5
clunis,5
nupta,5
obscenus,5
coma,5
triumphus,5
quinque,5
cathedra,5
fecundus,5
spiro,5
teges,5
tecum,5
praeco,5
perfero,5
lauo,5
desum,5
horreo,5
demens,4
aureus,4
morsus,4
animalis,4
fetus,4
uerber,4
merito,4
uoluo,4
apud,4
tragicus,4
aeuum,4
uisum,4
hilaris,4
quantum,4
unguentum,4
rixa,4
uicis,4
inclino,4
lacertus,4
domesticus,4
dissimilis,4
nata,4
sagitta,4
tardus,4
elementum,4
herba,4
hostis,4
lacero,4
hostia,4
sensus,4
pupillus,4
fax,4
diuinus,4
affectus,4
nemus,4
habito,4
fiducia,4
turris,4
concordia,4
cognatus,4
incus,4
sinister,4
alea,4
concedo,4
totidem,4
error,4
acerbus,4
tortor,4
filia,4
ter,4
cinaedus,4
benignus,4
diu,4
tango,4
reuerentia,4
censor,4
nimirum,4
pridem,4
hospes,4
uasum,4
nutrio,4
uultur,4
crux,4
saltus,4
auis,4
aedes,4
uia,4
acquiro,4
beatus,4
pons,4
quo,4
tormentum,4
morior,4
cerno,4
malo,4
quattuor,4
sulcus,4
fere,4
collis,4
satis,4
glacies,4
pellis,4
peregrinus,4
supinus,4
ala,4
lucrum,4
odor,4
pecto,4
mortifer,4
dos,4
permitto,4
diligo,4
clipeus,4
continuo,4
flagro,4
alumnus,4
stamen,4
medicamen,4
aequo,4
puppis,4
auster,4
bruma,4
restis,4
caueo,4
strido,4
tumidus,4
distinguo,4
unda,4
concido,4
minuo,4
pannus,4
as,4
dispono,4
dolium,4
cras,4
quanto,4
prudentia,4
bis,4
regnum,4
iussus,4
militia,4
delecto,4
punio,4
subsellium,4
defero,4
agger,4
armatus,4
improbus,4
superuacuus,4
lentus,4
attero,4
donum,4
mediocris,4
iactura,4
aceruus,4
gemitus,4
spumo,4
depositum,4
stupeo,4
usus,4
simplicitas,4
rubeo,4
priuatus,4
taberna,4
corono,4
agna,4
delubrum,4
amnis,4
arcus,4
altar,4
ita,4
secum,4
iro,4
lumen,4
exclamo,4
uitulus,4
statua,4
suspicio,4
uena,4
loculus,4
flecto,4
incendium,4
donec,4
illinc,4
guttur,4
indoctus,4
paulatim,4
surdus,4
probo,4
praecipuus,4
febris,4
crista,4
gallus,4
damnatus,4
laqueus,4
exsul,4
niueus,4
spargo,4
uber,4
piger,4
abscondo,4
iterum,4
testiculus,4
intellego,4
fundo,4
lanx,4
sitio,4
summitto,4
taeda,4
nauta,4
legitimus,4
uestio,4
concipio,4
captator,4
purus,4
aconitus,4
pulmo,4
puluis,4
cornicen,4
frenum,4
occursus,4
peluis,4
delator,4
male,4
defendo,4
ripa,4
praeclarus,4
ruina,4
caedes,4
eloquium,4
conspicuus,4
anulus,4
aestuo,4
solidus,4
is,4
pallidus,4
citharoedus,4
auratus,4
fulgeo,4
tondeo,4
ambo,4
lugeo,4
scindo,4
flamma,4
ruo,4
palus,4
corruptor,4
uterus,4
astrum,4
patricius,4
carus,4
coniugium,4
partus,4
unicus,4
porro,4
macellus,4
traduco,4
mullus,4
faenus,4
uerto,4
ostrea,4
montanus,4
memini,4
collega,4
hiatus,4
depono,4
ferreus,4
pastor,4
uiso,4
decet,4
raucus,4
plebs,4
uernus,4
quare,4
prosto,4
blandus,4
natalis,4
iuger,4
aio,4
recumbo,4
poto,4
decipio,4
undique,4
auus,4
nobilitas,4
prouincia,4
ubique,4
spolium,4
recito,4
nocturnus,4
cucullus,4
saluto,4
foueo,4
rete,4
imputo,4
dimitto,4
lana,4
libertus,4
obseruo,4
supercilium,4
lorum,4
aedis,4
satur,4
aliter,4
recedo,4
nonne,4
pudicus,4
comoedus,4
uicus,4
cella,4
simplex,4
sileo,4
sella,4
uas,4
niteo,3
chordus,3
obruo,3
flumen,3
oppidum,3
porrum,3
sancio,3
remex,3
ebrius,3
odium,3
inimicus,3
septimus,3
noto,3
uictoria,3
tibicen,3
qualiscumque,3
ieiunus,3
iurgium,3
integer,3
gena,3
pugnus,3
exerceo,3
lapis,3
coxa,3
educo,3
pusillus,3
infestus,3
fuga,3
formido,3
cursus,3
praecipito,3
uictrix,3
utor,3
inuidia,3
extremus,3
animal,3
praeceptum,3
clades,3
nefandus,3
detestabilis,3
rabies,3
imbellis,3
incumbo,3
supplicium,3
cor,3
incertus,3
sacerdos,3
sortior,3
auxilium,3
uetustus,3
linquo,3
aedifico,3
protego,3
nuto,3
macula,3
rabidus,3
coquo,3
iuuo,3
tuber,3
boletus,3
condio,3
culina,3
strepitus,3
uro,3
linteus,3
catena,3
afficio,3
ergastulum,3
maternus,3
deciens,3
praecordia,3
reliquus,3
potens,3
gigno,3
usquam,3
parasitus,3
quandoque,3
perfundo,3
nidus,3
leuo,3
spado,3
turbo,3
attollo,3
disto,3
ignauus,3
ceterus,3
auaritia,3
seuerus,3
pergo,3
sordes,3
iniquus,3
caeruleus,3
filum,3
includo,3
macer,3
prius,3
falx,3
iniuria,3
quid,3
effugio,3
posthac,3
curtus,3
uernula,3
amplus,3
fumo,3
cupido,3
casula,3
fastidium,3
summoueo,3
eurus,3
clamosus,3
excito,3
affero,3
merx,3
reuoco,3
stultus,3
spolio,3
abrumpo,3
uigil,3
aulaeum,3
funis,3
oleo,3
anceps,3
temerarius,3
portus,3
classis,3
fulgur,3
frumentum,3
fascia,3
uelo,3
tueor,3
testudo,3
sapientia,3
prosperus,3
commendo,3
epistula,3
immo,3
etsi,3
offa,3
calceus,3
litigo,3
cognitio,3
ultio,3
querella,3
uindicta,3
moles,3
patulus,3
taedium,3
sterno,3
testor,3
capto,3
ostium,3
aliqui,3
diadema,3
cyathus,3
prandeo,3
inferus,3
ater,3
praecedo,3
sollicitus,3
consido,3
lac,3
sacrilegus,3
constantia,3
hasta,3
acetum,3
rector,3
ramus,3
experior,3
fugitiuus,3
aeneus,3
tus,3
planum,3
quandoquidem,3
diduco,3
arguo,3
latro,3
sulfur,3
femur,3
aduersum,3
simia,3
uolucris,3
bellator,3
neco,3
truncus,3
uehemens,3
respondeo,3
uerso,3
spondeo,3
scopulus,3
petulans,3
ferox,3
robur,3
sors,3
cognosco,3
fanum,3
callidus,3
praesidium,3
remotus,3
inops,3
prora,3
conspicio,3
rursus,3
placo,3
testamentum,3
deleo,3
riualis,3
paeniteo,3
facundia,3
fleo,3
rigidus,3
cachinnus,3
aes,3
insignis,3
caballus,3
anxius,3
circensis,3
obuius,3
aedilis,3
domo,3
orator,3
affigo,3
cassis,3
captiuus,3
cinis,3
datum,3
oppono,3
tendo,3
uexillum,3
luscus,3
quantulus,3
suppono,3
cruentus,3
continuus,3
taeter,3
neruus,3
caleo,3
inuideo,3
caudex,3
fornix,3
senesco,3
oro,3
attendo,3
duro,3
fastidio,3
gibbus,3
castus,3
prodigus,3
praetextatus,3
tumeo,3
incido,3
concutio,3
destino,3
ni,3
dedecus,3
irascor,3
pluma,3
therma,3
lanista,3
ignoro,3
senatus,3
seu,3
paulus,3
ferculum,3
necdum,3
faenum,3
popina,3
epula,3
asellus,3
lasciuus,3
maiestas,3
obscurus,3
argenteus,3
cultellus,3
subduco,3
diffundo,3
fruor,3
mentio,3
multicia,3
doleo,3
spectaculum,3
maestus,3
tero,3
lambo,3
neglego,3
aliquando,3
pecten,3
en,3
suspectus,3
inanis,3
dedo,3
paene,3
circumago,3
acta,3
aperio,3
postis,3
rima,3
proximus,3
ulcisco,3
praecipue,3
imprimo,3
preterea,3
fructus,3
atrium,3
indignus,3
scabies,3
equus,3
uiduus,3
impero,3
sis,3
iuuentus,3
uito,3
uaco,3
finio,3
succingo,3
tympanum,3
deceo,3
galeatus,3
coruus,3
laxo,3
amicitia,3
transfero,3
rogatus,3
cohibeo,3
stillo,3
nimbus,3
patella,3
caulis,3
linum,3
anser,3
salto,3
pertundo,3
laena,3
a,3
fatigo,3
margo,3
ructo,3
uilicus,3
inprobus,3
meditor,3
prudens,3
raeda,3
utinam,3
impunis,3
spelunca,3
ocellus,3
aperto,3
caligo,3
cista,3
osculum,3
lasso,3
fumus,3
graece,3
amans,3
impatiens,3
simulo,3
paelex,3
moecha,3
confundo,3
concubitus,3
prouoco,3
cautus,3
nutrix,3
haruspex,3
praegnas,3
huc,3
grammaticus,3
quadrans,3
repono,3
columba,3
patruus,3
inspicio,3
uallis,3
nequeo,3
hospitium,3
ciuilis,3
fulcio,3
obliquus,3
uictor,3
clausum,3
auditor,3
paueo,2
satura,2
magicus,2
ueneror,2
lanatus,2
iugulo,2
capella,2
mendax,2
gero,2
moenia,2
syrma,2
finitimus,2
utrimque,2
occasio,2
compitum,2
peruigil,2
famosus,2
flos,2
ossum,2
acies,2
humus,2
seditio,2
decresco,2
fabula,2
instauro,2
celer,2
particula,2
mortuus,2
aenus,2
exsulto,2
gusto,2
pallor,2
macies,2
artus,2
abnuo,2
manes,2
excuso,2
uallum,2
fletus,2
rogus,2
mutus,2
uenerabilis,2
conditor,2
dispergo,2
proauus,2
lapsus,2
tigris,2
sarculum,2
marra,2
uomer,2
damnosus,2
canus,2
praecipio,2
inscribo,2
corrumpo,2
sperno,2
quoniam,2
prauus,2
auunculus,2
dictus,2
corripio,2
cerebrum,2
uentosus,2
aridus,2
tergeo,2
furo,2
caninus,2
seruulus,2
labes,2
instituo,2
lacerta,2
caprea,2
cubile,2
stimulo,2
culmen,2
sabbatum,2
praeputium,2
edisco,2
attingo,2
inuitus,2
species,2
dubie,2
frugi,2
parcus,2
certus,2
caminus,2
modius,2
mucidus,2
hesternus,2
conchis,2
aestiuus,2
puter,2
silurus,2
manifestus,2
sacculus,2
seges,2
caneo,2
oliua,2
arista,2
actus,2
bucina,2
debilitas,2
luctus,2
saturo,2
casa,2
puls,2
saepis,2
quercus,2
inuerto,2
ignotus,2
ruber,2
naris,2
diruo,2
aquila,2
neue,2
corium,2
praetereo,2
medulla,2
periurium,2
nurus,2
origo,2
subsisto,2
meta,2
circumscribo,2
anguis,2
capesso,2
late,2
fremitus,2
mathematicus,2
genesis,2
ficus,2
rosa,2
sorbeo,2
fiscus,2
negotium,2
mercator,2
municeps,2
adueho,2
trabs,2
transilio,2
aluta,2
marinus,2
tono,2
ratis,2
praediues,2
efficio,2
pando,2
etenim,2
commodus,2
dissimulo,2
excutio,2
praetorium,2
liuor,2
extra,2
clauus,2
sollicito,2
emolumentum,2
limes,2
annuus,2
libum,2
chirographum,2
micturio,2
balteus,2
sufflamen,2
phalerae,2
torquis,2
gratia,2
onus,2
patera,2
magistra,2
prodo,2
pyxis,2
uocalis,2
peiero,2
sortitus,2
infernus,2
improbitas,2
admirabilis,2
glans,2
mula,2
apis,2
fluo,2
mirus,2
decem,2
angulus,2
calamus,2
pharetra,2
tridens,2
elixus,2
madeo,2
audacia,2
scurra,2
carbo,2
charta,2
solutus,2
solacium,2
distantia,2
tumultus,2
plango,2
umor,2
sardonyx,2
eburneus,2
quia,2
coeptum,2
exsto,2
quotus,2
lucifer,2
impar,2
quatio,2
assidue,2
accepta,2
uinculum,2
cicuta,2
accusator,2
gesto,2
retineo,2
proles,2
uoluntas,2
cogito,2
anxietas,2
faux,2
molaris,2
difficilis,2
crescentus,2
pretiosus,2
quiesco,2
serenus,2
missus,2
sacellum,2
ferme,2
eicio,2
perfidus,2
uncus,2
amarus,2
uellus,2
corusco,2
taurus,2
pascuus,2
reditus,2
horrendus,2
incolumis,2
tenebrae,2
miseret,2
pictor,2
alternus,2
decido,2
eunuchus,2
purpureus,2
gramen,2
adiuuo,2
caelo,2
emptor,2
factura,2
confido,2
reticulum,2
sedes,2
mirabilis,2
sumen,2
porricio,2
interior,2
faueo,2
gracilis,2
fragilis,2
simulacrum,2
matutinus,2
exsisto,2
elephantus,2
armentum,2
siquidem,2
quin,2
uoueo,2
uitta,2
furtiuus,2
forsan,2
quaeso,2
conatus,2
copia,2
delphinus,2
uasculum,2
iter,2
contrarius,2
quiuis,2
censura,2
praetexo,2
trabea,2
tribunal,2
genu,2
potentia,2
pagina,2
secor,2
urceolus,2
suffragium,2
contineo,2
praepono,2
tutor,2
potestas,2
numerosus,2
excelsus,2
tabulatus,2
flagrum,2
exaudio,2
gener,2
largus,2
caesum,2
massa,2
lorica,2
temo,2
bonum,2
induperator,2
sepulcrum,2
expendo,2
exsilium,2
uindex,2
ultor,2
figulus,2
munio,2
compes,2
scalpo,2
infantia,2
inermis,2
palatum,2
obliuio,2
conor,2
palpo,2
canities,2
affecto,2
eximius,2
promptus,2
exsorbeo,2
rictus,2
mustus,2
parumper,2
sollemnis,2
carina,2
tiara,2
circumduco,2
pudicitia,2
ephebus,2
loripes,2
dudum,2
palam,2
genialis,2
ritus,2
signator,2
extum,2
aerumna,2
loco,2
statio,2
creditor,2
perluceo,2
oppositus,2
ferratus,2
memor,2
gradus,2
ridiculus,2
numquid,2
asparagus,2
fusus,2
calens,2
curius,2
squalidus,2
uolua,2
dictator,2
ligo,2
serius,2
fulcrum,2
supellex,2
geminus,2
catinus,2
nux,2
pardus,2
calculus,2
osseus,2
obsonium,2
structor,2
pergula,2
lepus,2
hebes,2
furtum,2
mango,2
bubulcus,2
desidero,2
gutus,2
canorus,2
prurio,2
chorus,2
recubo,2
praesens,2
langueo,2
urtica,2
urina,2
nugae,2
crepitus,2
olidus,2
mancipium,2
requies,2
egredior,2
contraho,2
umidus,2
refert,2
mappa,2
immensus,2
sponsio,2
uado,2
incutio,2
fatuus,2
repente,2
iocus,2
nitor,2
lateo,2
celebro,2
munimentum,2
rego,2
ceueo,2
penis,2
sucinum,2
femineus,2
passer,2
lino,2
exhaurio,2
catellus,2
legatus,2
appello,2
metior,2
amplexus,2
redimo,2
peruenio,2
filiolus,2
suspendo,2
caducus,2
pumex,2
fustis,2
candela,2
appono,2
ualua,2
claudus,2
caupo,2
rumor,2
surrepo,2
decurro,2
portio,2
pathicus,2
carpentum,2
eruca,2
insisto,2
saltem,2
cupidus,2
iustitia,2
extorqueo,2
fremo,2
uiolentus,2
nodus,2
uolucer,2
posteritas,2
nepos,2
ulmus,2
circumspicio,2
conchylium,2
equa,2
agrellus,2
parce,2
scaena,2
scutum,2
iaculus,2
conuentus,2
lictor,2
pudeo,2
triumphalis,2
mulio,2
adnuo,2
infundo,2
amomum,2
turpiter,2
resupino,2
cerdo,2
celsus,2
satius,2
zelotypus,2
mirmillo,2
uibro,2
galerum,2
polluo,2
cithara,2
ignobilis,2
municipalis,2
laboro,2
murus,2
infamis,2
asylum,2
putus,2
nusquam,2
discumbo,2
adhibeo,2
tempore,2
sarracum,2
acuo,2
sutor,2
quasso,2
pruina,2
friuolus,2
siligo,2
consuo,2
cauda,2
alueolus,2
penitus,2
scruto,2
largior,2
solum,2
altilis,2
indignatio,2
dictata,2
gestus,2
amplius,2
pomum,2
rodo,2
hirsutus,2
tantum,2
uecto,2
papyrus,2
caluus,2
pontifex,2
uiuarium,2
hiems,2
lacus,2
excludo,2
patina,2
abolla,2
praeficio,2
interpres,2
saeuitia,2
pluuius,2
octogensimus,2
prodigium,2
facile,2
reus,2
abdomen,2
basium,2
conuerto,2
uelarium,2
fanaticus,2
memoro,2
absum,2
fundus,2
genius,2
tonsor,2
exagito,2
pusio,2
necto,2
uesica,2
thyrsus,2
exodium,2
fibula,2
tragoedus,2
comito,2
iuuenta,2
ludia,2
gladiator,2
lupanar,2
mentior,2
priuignus,2
lampas,2
rescribo,2
sarcinula,2
regno,2
ouis,2
murrinus,2
clementia,2
hannibal,2
paean,2
tolero,2
magus,2
lodix,2
subsido,2
scriptum,2
flammeus,2
contero,2
octo,2
decus,2
auctio,2
curuo,2
orbus,2
mano,2
latinus,2
infero,2
falernus,2
concha,2
maurus,2
roto,2
priapus,2
indus,2
mus,2
serus,2
silex,2
prospicio,2
lupa,2
croceus,2
contendo,2
abortiuus,2
peruolo,2
coetus,2
recta,2
sero,2
nouerca,2
intolerabilis,2
aliptes,2
oenophorum,2
opicus,2
circumdo,2
pendeo,2
ferula,2
obiter,2
constituo,2
acus,2
compages,2
timidus,2
cadurcum,2
cophinus,2
iudaeus,2
amator,2
augur,2
peritus,2
condo,2
salio,2
decolor,2
tolerabilis,2
rimosus,2
faex,2
incendo,2
rubeta,2
studium,2
defluo,2
dulcedo,2
orchestra,2
ambitiosus,2
sumptus,2
deueho,2
uestibulum,2
asser,2
quaestio,2
algeo,2
praeceptor,2
dispenso,2
pollex,2
rana,2
accuso,2
infra,2
uigilans,2
plaudo,2
ornamentum,2
uadimonium,2
uentilo,2
pinus,2
intestatus,2
calx,2
licet,2
amictus,2
speculum,2
turgidus,2
portendo,1
cercopithecus,1
resono,1
caepe,1
caro,1
uescus,1
aretalogus,1
abicio,1
concurrentia,1
uter,1
temetum,1
cano,1
feritas,1
simultas,1
immortalis,1
sanabilis,1
primoris,1
blaesus,1
titubo,1
saltatus,1
concurro,1
certamen,1
puerilis,1
rixor,1
impetus,1
emitto,1
deuerticulum,1
subsidium,1
auctus,1
promo,1
umbrosus,1
corrodo,1
decoquo,1
gratulor,1
reor,1
libenter,1
absumo,1
alimentum,1
obsidio,1
egestas,1
miseror,1
uescor,1
praesertim,1
inuentrix,1
immolo,1
terribilis,1
trux,1
inutilis,1
phaselus,1
remus,1
squalor,1
circumscriptor,1
ora,1
puellaris,1
adultus,1
separo,1
caelestis,1
demissus,1
principium,1
mutuus,1
coniungo,1
clauis,1
exspiro,1
indicus,1
ursa,1
letalis,1
rastrum,1
adsuetus,1
legumen,1
bullatus,1
fritillus,1
eodem,1
ficedula,1
nebulo,1
renascor,1
degenero,1
plaga,1
stridor,1
mire,1
contexo,1
respiro,1
orbita,1
docilis,1
uisus,1
pernocto,1
cucurbita,1
uerres,1
pauimentum,1
araneus,1
tela,1
asper,1
stercus,1
atrius,1
semodius,1
scobis,1
emendo,1
idoneus,1
intersum,1
ciconia,1
deuius,1
proprius,1
lepos,1
famulus,1
uenor,1
progenies,1
aedificator,1
immineo,1
amens,1
suillus,1
uolumen,1
uerpus,1
sponte,1
fallo,1
tutela,1
hortor,1
secta,1
insatiabilis,1
minutal,1
inuitatus,1
coacto,1
phrenesis,1
turgeo,1
mercor,1
arbustus,1
famelicus,1
foede,1
lupinus,1
uicinia,1
pagus,1
aro,1
iugerum,1
bini,1
scrobis,1
olla,1
grassor,1
inmodicus,1
pero,1
perlego,1
buxus,1
pilosus,1
adnoto,1
attegia,1
castellum,1
sexagesimus,1
pigeo,1
lituus,1
ablego,1
quilibet,1
uersor,1
oportet,1
repo,1
assus,1
alpha,1
beta,1
monitum,1
affor,1
nequitia,1
mucro,1
tangens,1
penes,1
monitus,1
conduplico,1
habena,1
curriculum,1
contemptus,1
delinquo,1
dicis,1
tubicen,1
scintillo,1
cauea,1
tardo,1
colus,1
ceruinus,1
decerpo,1
incrementum,1
aeratus,1
oblecto,1
petaurum,1
caurus,1
saccus,1
passus,1
talentum,1
terreo,1
mugio,1
curator,1
piper,1
coemo,1
zona,1
rutilus,1
naufragus,1
custodia,1
electrum,1
plumbum,1
habitator,1
gestio,1
penates,1
digno,1
tiro,1
genetrix,1
sura,1
centurio,1
consensus,1
curabilis,1
declamator,1
mulinus,1
offendo,1
caliga,1
paganus,1
sacramentum,1
conuallis,1
auitus,1
adimo,1
effodio,1
debitor,1
incoho,1
digredior,1
ambio,1
regimen,1
fauor,1
proueho,1
absoluo,1
fallax,1
cognitus,1
tritus,1
ductus,1
sexaginta,1
proficio,1
incommodus,1
perfidia,1
nonus,1
metallum,1
cieo,1
bulla,1
uulgo,1
indigenus,1
priusquam,1
agrestis,1
uirguncula,1
caelicola,1
nectar,1
profundus,1
pio,1
assurgo,1
fragum,1
lanugo,1
senecta,1
infitior,1
aerugo,1
prodigiosus,1
bimembris,1
imber,1
examen,1
intercipio,1
mortalis,1
radius,1
framea,1
spiculum,1
uenatrix,1
armamentarium,1
uero,1
flebilis,1
sinciput,1
intrepidus,1
decerno,1
sistrum,1
abnego,1
uomicus,1
dimidium,1
podagra,1
exorabilis,1
confirmo,1
ultro,1
urbanus,1
pius,1
omentum,1
dogma,1
contundo,1
acceptum,1
amissum,1
littera,1
dolus,1
robigo,1
inauro,1
conflo,1
innoxius,1
caesaries,1
cirrus,1
sonorus,1
grus,1
abripio,1
arbitrium,1
sospes,1
inuidiosus,1
praecordium,1
flagrantia,1
quantuluscumque,1
infirmus,1
impunitus,1
iurandum,1
adytum,1
conata,1
misellus,1
exspuo,1
ducto,1
sopor,1
sudor,1
exanimis,1
quasi,1
fortuitus,1
iudico,1
balo,1
concessus,1
mobilis,1
uarius,1
recurro,1
recipio,1
rubor,1
flagitium,1
frequens,1
inuisus,1
promissum,1
caespes,1
regina,1
ob,1
antemna,1
naufragium,1
grauiter,1
poeticus,1
uotiuus,1
accido,1
alueus,1
iactus,1
medicatus,1
inficio,1
cratera,1
bascauda,1
escaria,1
salus,1
recido,1
explico,1
dolo,1
uector,1
ualenter,1
pensum,1
lanificus,1
aura,1
supero,1
nouercalis,1
apex,1
scrofa,1
triginta,1
pharos,1
trunco,1
peruius,1
stagnum,1
garrulus,1
ornate,1
glaeba,1
uireo,1
rite,1
uiola,1
opero,1
coturnix,1
calor,1
hecatombe,1
quatenus,1
furuus,1
dorsum,1
uictima,1
macto,1
nubila,1
piaculum,1
cerua,1
nassa,1
breuiter,1
incedo,1
exaequo,1
dinosco,1
nebula,1
dexter,1
admirandus,1
congero,1
strangulo,1
exsupero,1
obsideo,1
cenaculum,1
ingressus,1
contus,1
moto,1
harundo,1
uiator,1
gemmo,1
perpetuo,1
sceptrum,1
defodio,1
ueruex,1
minax,1
perniciosus,1
incero,1
subiectum,1
biga,1
impingo,1
crepo,1
sartago,1
matella,1
cretatus,1
index,1
uerbosus,1
interrogo,1
opprimo,1
fornacula,1
pallidulus,1
obstringo,1
salutaris,1
tantundem,1
curulis,1
exercitus,1
pilum,1
pannosus,1
malignus,1
parca,1
capsa,1
exundo,1
letum,1
madesco,1
rostrum,1
fortunatus,1
poema,1
moderor,1
lippus,1
forceps,1
luteus,1
exuuia,1
tropaeum,1
buccula,1
triremis,1
aplustre,1
sitis,1
amplector,1
discutio,1
libra,1
oceanus,1
tepeo,1
nix,1
actium,1
praetorius,1
declamatio,1
sarcophagus,1
corpusculum,1
consterno,1
epotus,1
uincio,1
stigma,1
umbrifer,1
robustus,1
senus,1
gingiua,1
torpeo,1
coitus,1
concentus,1
nuntio,1
circumsilio,1
expedio,1
percurro,1
debilis,1
conspectus,1
suesco,1
hio,1
hirundo,1
dementia,1
praeteritus,1
halitus,1
uigeo,1
amata,1
renouo,1
maeror,1
cornix,1
planctus,1
palla,1
utcumque,1
festinus,1
pompa,1
opimus,1
prouidus,1
cruciatus,1
modestus,1
tribuo,1
castro,1
strumosus,1
laeto,1
mugilis,1
ornatus,1
erubesco,1
repello,1
excandesco,1
stimulus,1
eligo,1
flammeolum,1
centenus,1
auspex,1
obsequor,1
candidulus,1
tomaculum,1
terror,1
potis,1
semita,1
tranquillus,1
conuictus,1
ualidus,1
iuuenalis,1
prohibeo,1
regius,1
eludo,1
introitus,1
casurus,1
gustus,1
arcesso,1
gulosus,1
miscellaneus,1
laudabilis,1
adfectus,1
gobius,1
praematurus,1
plerumque,1
maestitia,1
gutta,1
re,1
siliqua,1
ganeo,1
pulto,1
placenta,1
haedulus,1
inscius,1
salictum,1
uilica,1
pirum,1
corbis,1
aemulus,1
sucus,1
luxuriosus,1
holusculum,1
fossor,1
cratis,1
natalicius,1
lardum,1
accedo,1
fungor,1
domito,1
aereus,1
reperio,1
mansuesco,1
farratus,1
liuidulus,1
praesentio,1
domi,1
annosus,1
deicio,1
damma,1
orexis,1
uncia,1
tessella,1
manubrium,1
rancidulus,1
doctor,1
pygargus,1
phoenicopterus,1
oryx,1
ulmeus,1
tirunculus,1
ofella,1
incultus,1
suspiro,1
haedus,1
pupillaris,1
uello,1
plausus,1
iuxta,1
inritamentum,1
pytisma,1
lubrico,1
adulterium,1
altisonus,1
auerto,1
sodalis,1
fragor,1
euentus,1
assideo,1
contractus,1
cuticula,1
sextus,1
obduco,1
colaphus,1
crustulum,1
triplico,1
usura,1
circumeo,1
facetus,1
sal,1
pomerium,1
uiscum,1
frutico,1
pilus,1
torreo,1
quartus,1
textor,1
incognitus,1
tribus,1
fodio,1
assecula,1
cultor,1
umbella,1
stratum,1
kalendae,1
praedium,1
miluus,1
collusor,1
cymbalum,1
pensio,1
sollers,1
scapula,1
aquilo,1
cicada,1
uerum,1
deuoueo,1
polliceor,1
lectulus,1
sonus,1
instabilis,1
dirimo,1
argumentum,1
capis,1
bipes,1
celo,1
annona,1
prope,1
archimagirus,1
carptor,1
baltea,1
uinosus,1
inebrio,1
paulo,1
recte,1
idcirco,1
flosculus,1
obrepo,1
exoro,1
baculum,1
uiginti,1
locatum,1
caelator,1
auricula,1
fumosus,1
pernox,1
ortus,1
quantumuis,1
squaleo,1
funesto,1
exorno,1
tenax,1
salue,1
ouo,1
nanus,1
stemma,1
aenigma,1
industrius,1
respectus,1
segnipes,1
mola,1
priuus,1
inflatus,1
collabor,1
stratus,1
palmes,1
arbiter,1
ambiguus,1
curia,1
pirata,1
damnatio,1
naulum,1
floreo,1
chlamys,1
spectabilis,1
aedicula,1
ungo,1
resinatus,1
messor,1
discingo,1
folium,1
acersecomes,1
ambitio,1
adoperio,1
astringo,1
intendo,1
hordeum,1
robus,1
iuuencus,1
praesaepium,1
incola,1
defensor,1
desisto,1
reseco,1
tueo,1
legatum,1
percussor,1
permisceo,1
carnifex,1
sandapila,1
siparium,1
triscurrium,1
planipes,1
alapa,1
exhorresco,1
stupidus,1
nequiquam,1
spira,1
ignominia,1
secutor,1
coleus,1
iugulum,1
tyrannis,1
prostituo,1
colossus,1
bracatus,1
molestus,1
coerceo,1
nodosus,1
dolabra,1
strages,1
pubes,1
prodeo,1
claustrum,1
aliquid,1
reuoluo,1
dedux,1
quadra,1
frugalis,1
aluus,1
crepido,1
iniurius,1
caninius,1
neglectus,1
culcita,1
simus,1
ligula,1
salutatrix,1
sucidus,1
proludo,1
saucius,1
detergeo,1
capillatus,1
socialis,1
cardiacus,1
crusta,1
inaequalis,1
berullos,1
phiala,1
ibidem,1
iaspis,1
uagina,1
praelatus,1
uitrum,1
decocta,1
cursor,1
cliuosus,1
monumentum,1
pugnax,1
indignor,1
farina,1
genuinus,1
artopta,1
canistrum,1
aduersus,1
grando,1
paenula,1
squilla,1
saeptum,1
sublatus,1
constringo,1
cammarus,1
feralis,1
lanterna,1
canna,1
subueho,1
instruo,1
murena,1
anguilla,1
colubra,1
aspergo,1
cloaca,1
crypta,1
penetro,1
ciuiliter,1
disiungo,1
lepor,1
hisco,1
propino,1
homuncio,1
nihilum,1
ile,1
loquax,1
fungus,1
parma,1
comoedia,1
presso,1
captus,1
nidor,1
coniecto,1
stringo,1
aspernor,1
forus,1
minime,1
incestus,1
uittatus,1
morus,1
perhibeo,1
squama,1
piscator,1
operio,1
desidia,1
alga,1
inquisitor,1
depasco,1
elabor,1
ubicumque,1
letifer,1
quartanus,1
subsum,1
miratrix,1
cardo,1
admissum,1
sagina,1
marius,1
pestis,1
aestus,1
nimbosus,1
derigo,1
solstitium,1
fraterculus,1
gigas,1
comminus,1
ursus,1
uenator,1
priscus,1
acumen,1
offensus,1
redoleo,1
susurrus,1
adulator,1
satelles,1
deuexus,1
pegma,1
oestrus,1
diuino,1
omen,1
excido,1
sudis,1
spatiosus,1
argilla,1
properatus,1
editus,1
calleo,1
echinus,1
illustris,1
moratus,1
siluestris,1
culmus,1
compositus,1
aliqua,1
anticus,1
pactum,1
sponsalia,1
pignus,1
coluber,1
munusculum,1
anhelo,1
turtur,1
iuba,1
maritalis,1
capistrum,1
tarpeius,1
ador,1
aurata,1
iuuenca,1
corymbus,1
affirmo,1
cuneus,1
excerpo,1
gannio,1
recondo,1
subligar,1
urbicus,1
choraules,1
testudineus,1
conopeum,1
exprimo,1
senator,1
immemor,1
segmentatus,1
cuna,1
constans,1
gelo,1
conscendo,1
sentina,1
conuomo,1
erro,1
rudens,1
exardeo,1
priuo,1
diuus,1
meretrix,1
cento,1
papilla,1
absorbeo,1
tentigo,1
satio,1
puluinar,1
hippomanes,1
quingeni,1
innuo,1
uidua,1
desiderium,1
emungo,1
crystallinum,1
adamas,1
incesta,1
agr,1
effusus,1
cycnus,1
cornelius,1
carthago,1
configo,1
amphion,1
grauitas,1
aloe,1
mel,1
septeni,1
rancidus,1
graeculus,1
latine,1
interuenio,1
psyche,1
nequam,1
pacta,1
mustaceum,1
dacicus,1
germanicus,1
uxorius,1
cunctatio,1
permuto,1
auolo,1
despero,1
socrus,1
missa,1
onerosus,1
pallium,1
abdo,1
filiola,1
manilius,1
formo,1
cauo,1
lacesso,1
manicae,1
tegimen,1
ocrea,1
cyclas,1
panniculus,1
bombycinus,1
poples,1
scaphium,1
lepidus,1
fabius,1
zelotypa,1
retego,1
scrinium,1
complexus,1
sodes,1
quintilis,1
requiro,1
sino,1
tuscus,1
collinus,1
incubo,1
romanus,1
luxus,1
uertigo,1
ambulo,1
exsurgo,1
tullius,1
sipho,1
equito,1
tibia,1
incito,1
maenas,1
ardor,1
criso,1
nestor,1
hirnea,1
dormito,1
incurro,1
aquarius,1
publicum,1
psaltria,1
pictura,1
figura,1
contemptor,1
simpuuium,1
uaticanus,1
syrus,1
ceruical,1
athleta,1
formica,1
expauesco,1
recidiuus,1
pullulo,1
reputo,1
assisto,1
ruinosus,1
degusto,1
sepulchrum,1
distinctus,1
reticulatus,1
desperatio,1
bilibris,1
cicer,1
notabilis,1
postumus,1
bromius,1
organum,1
radio,1
crispus,1
solor,1
plectrum,1
lamia,1
appius,1
uesta,1
aegroto,1
erga,1
ianus,1
otium,1
uaricosus,1
cumque,1
paludatus,1
praesente,1
thrax,1
diripio,1
concumbo,1
cometes,1
aruum,1
diluuium,1
triuium,1
latratus,1
rubicundulus,1
sextarius,1
lotus,1
intestinus,1
riuus,1
uomo,1
nauseo,1
substringo,1
opertum,1
uergilius,1
trutina,1
homerus,1
tintinnabulum,1
dica,1
nimis,1
tenus,1
siluanus,1
enthymema,1
antiquarius,1
soloecismus,1
elenchus,1
aspectus,1
tumet,1
uisco,1
foliatus,1
tectorius,1
asella,1
hyperboreus,1
induco,1
ulcus,1
auersus,1
librarium,1
cosmetes,1
tarde,1
liburnus,1
scutica,1
uerbero,1
considero,1
relego,1
transuersus,1
diurnus,1
intono,1
praefectura,1
siculus,1
sacrarium,1
lena,1
cincinnus,1
taureus,1
emeritus,1
pygmaeus,1
consurgo,1
bellona,1
semiuir,1
reuereor,1
genitalis,1
phrygius,1
september,1
aduentus,1
xerampelinae,1
expio,1
hibernum,1
tiberis,1
abluo,1
erepo,1
io,1
aegyptus,1
ouile,1
liniger,1
popanum,1
fidus,1
internuntius,1
somnium,1
armenus,1
rimor,1
chaldaeus,1
astrologus,1
oraculum,1
obeo,1
indemnatus,1
ictericus,1
tanaquil,1
saturnus,1
frigo,1
collyrium,1
creber,1
poppysma,1
responsum,1
phryx,1
fala,1
sagus,1
puerperus,1
distendo,1
aethiopus,1
mane,1
spurcus,1
scaurus,1
arrideo,1
inuoluo,1
ingero,1
philtrum,1
solea,1
desipio,1
caesonius,1
iuno,1
insanus,1
saliua,1
potio,1
uenefica,1
repugno,1
liuidus,1
adipatus,1
praegusto,1
papa,1
bacchor,1
rutula,1
confiteor,1
uipera,1
procne,1
admiratio,1
subtraho,1
cliuus,1
permutatio,1
catella,1
bipennis,1
insulsus,1
ponticus,1
celeber,1
balneolum,1
furnus,1
desertum,1
tripes,1
armarium,1
gallica,1
talus,1
indulgentia,1
aliunde,1
membrana,1
tinea,1
hedera,1
admiror,1
disertus,1
succenseo,1
maculosus,1
commodo,1
anabathrum,1
tigillum,1
reporto,1
discedo,1
consuetudo,1
insanabilis,1
cacoethes,1
triuialis,1
moneta,1
euhoe,1
hydrus,1
pignero,1
domitus,1
intestinum,1
semenstris,1
circumligo,1
histrio,1
scriptor,1
oleum,1
historicus,1
legens,1
cauus,1
mendacium,1
conspuo,1
messis,1
scalae,1
petasunculus,1
pelamys,1
epimenia,1
bulbus,1
quater,1
aemilius,1
quadriiugis,1
hastile,1
eminus,1
conturbo,1
rhinoceros,1
lutulentus,1
stlattarius,1
amethystinus,1
fido,1
cicero,1
ducenti,1
nutricula,1
declamo,1
perimo,1
crambe,1
delibero,1
stipulor,1
conclamo,1
sophistes,1
raptor,1
sano,1
mortarium,1
ingredior,1
rhetorica,1
tessera,1
sescenti,1
pluo,1
ungula,1
cenatio,1
quantuscumque,1
docte,1
pulmentarium,1
subtexo,1
iaculator,1
perfrigesco,1
uagitus,1
crocus,1
elicio,1
praemordeo,1
acoenonoetus,1
institor,1
hibernus,1
olfacio,1
regula,1
postulo,1
digressus,1
amoenus,1
secessus,1
deterius,1
tofus,1
here,1
detero,1
illuc,1
bacillum,1
istic,1
eluuies,1
bustum,1
uerro,1
populariter,1
forica,1
fastigium,1
extollo,1
ioco,1
motus,1
mancus,1
particeps,1
opacus,1
gentilis,1
mitra,1
trechedipna,1
niceterium,1
uimen,1
geometres,1
schoenobates,1
aduectus,1
pruna,1
haurio,1
baca,1
adulo,1
inualidus,1
tellus,1
palliolum,1
uentriculus,1
natio,1
igniculus,1
endromis,1
mingo,1
trulla,1
sponsus,1
auia,1
gymnasium,1
stoicus,1
delabor,1
partio,1
seruitium,1
blandior,1
palpito,1
scortum,1
procedo,1
paropsis,1
sordidulus,1
cicatrix,1
puluinus,1
equester,1
pinnirapus,1
emergo,1
frux,1
cenula,1
subito,1
herbosus,1
aequalis,1
uelamen,1
meto,1
fermentum,1
tributus,1
culta,1
augeo,1
peculium,1
nemorosus,1
tegula,1
abacus,1
cantharus,1
cumulus,1
pullatus,1
accurro,1
foruli,1
auello,1
hortulus,1
puteus,1
haustus,1
bidens,1
epulum,1
recessus,1
languor,1
imperfectus,1
meritorius,1
transitus,1
flexus,1
conuicium,1
mandra,1
intus,1
cubitum,1
tignum,1
metreta,1
sarcio,1
abies,1
plaustrum,1
procumbo,1
obtero,1
foculus,1
unctum,1
uarie,1
nouicius,1
porthmeus,1
caenosus,1
alnus,1
triens,1
laedo,1
defundo,1
poenus,1
cubo,1
coccinus,1
tempero,1
uapulo,1
necesse,1
furiosus,1
sectilis,1
consisto,1
proseucha,1
catenatus,1
compago,1
grassator,1
fornax,1
atauus,1
subnecto,1
commoueo,1
iamdudum,1
uale,1
reficio,1
caligatus,1
fugo,1
glacialis,1
gypsum,1
pluteus,1
abundo,1
fossa,1
hispidus,1
saeta,1
atrox,1
podex,1
mariscae,1
incessus,1
inuado,1
uereor,1
derideo,1
homicida,1
uulua,1
remordeo,1
subrideo,1
umbo,1
phalanx,1
lucto,1
calathus,1
resideo,1
cylindrus,1
peroro,1
insania,1
proclamo,1
indomitus,1
contagio,1
redimiculum,1
monile,1
porca,1
crater,1
mas,1
profanus,1
tibicina,1
orgia,1
tingo,1
uitreus,1
indutus,1
scutulatus,1
galbinus,1
gestamen,1
annalis,1
sarcina,1
solium,1
pressus,1
pharetratus,1
antistes,1
memorabilis,1
feliciter,1
agnus,1
segmentum,1
ancile,1
cuspis,1
agilis,1
lupercus,1
tunicatus,1
fuscina,1
podium,1
subterraneus,1
una,1
uadum,1
heu,1
promoueo,1
commercium,1
obses,1
braca,1
elegi,1
scriptus,1
lucus,1
pellicula,1
iaculor,1
ornus,1
platanus,1
lector,1
placidus,1
uenabulum,1
mamma,1
suffero,1
difficile,1
eueho,1
processus,1
unciola,1
deunx,1
spoliator,1
iudicium,1
infamia,1
octauus,1
mugitus,1
labyrinthus,1
lacunar,1
sterto,1
praesaepe,1
lacernatus,1
quadriuium,1
patens,1
probitas,1
caper,1
sponsa,1
nauigium,1
ascendo,1
timor,1
discursus,1
farrago,1
dispensator,1
armiger,1
secreto,1
nobiscum,1
libertinus,1
funestus,1
crepito,1
languidus,1
uoro,1
pauo,1
pandus,1
libero,1
luceo,1
pensilis,1
compesco,1
achilles,1
hyle,1
ensis,1
lucilius,1
infremo,1
tacita,1
uoluto,1
duellum,1
flaminius,1
