,count
sum,15099
et,11770
in,11679
qui,9371
is,8234
ad,6540
cum,6214
ab,4872
ut,4497
sui,3685
non,3302
omnis,3297
ex,2958
res,2936
consul,2826
hic,2771
nec,2731
quam,2639
hostis,2619
ipse,2448
suus,2348
bellum,2295
urbs,2066
romanus,1916
facio,1913
si,1877
ac,1846
per,1845
alius,1845
habeo,1786
exercitus,1749
magnus,1746
edo,1691
dies,1688
possum,1654
sed,1643
miles,1604
senatus,1553
quod,1549
primus,1514
ne,1502
aut,1500
de,1481
castrum,1469
rex,1437
iam,1433
multus,1351
pars,1342
mille,1309
animus,1300
inde,1299
populus,1294
quisque,1249
legatus,1194
atque,1179
eques,1177
pater,1160
uenio,1124
locus,1107
capio,1097
inter,1088
ita,1087
duo,1073
iubeo,1073
deinde,1069
annus,1062
idem,1048
etiam,1046
ager,1035
tum,1035
plebs,1033
mitto,1031
unus,1030
quis,1028
tribunus,1002
uideo,1002
do,985
dico,962
arma,943
tantus,915
ille,911
gero,908
ante,904
uis,903
num,871
pro,843
ubi,829
causa,828
acies,828
nauis,805
haud,803
signum,800
praetor,797
ago,791
socius,790
dux,760
factum,758
publicus,755
quia,748
nihil,747
fero,740
uos,733
praesidium,731
tempus,726
pax,705
homo,705
spes,702
ego,702
alter,699
peto,677
ibi,674
aduersus,672
magis,667
imperium,665
tamen,659
consilium,657
ceterus,653
uolo,649
legio,638
prouincia,625
ciuitas,619
quidem,614
pugna,614
nullus,610
nouus,606
proelium,585
itaque,584
classis,575
satis,570
enim,569
lex,560
certamen,553
simul,547
deus,546
eo,537
relinquo,533
accipio,532
nunc,528
gens,527
copia,524
modo,519
creo,515
sine,515
prope,510
dictator,504
fortuna,503
uir,502
roma,498
agmen,492
ingens,489
nomen,488
datum,488
post,483
moueo,479
duco,477
porta,476
fides,473
circa,470
nos,470
pugno,469
liber,466
tam,464
parum,461
ius,454
redeo,453
terra,451
nox,446
quidam,443
uelut,440
paucus,440
fuga,433
auxilium,431
magistratus,429
uinco,424
regius,421
uester,418
audio,416
postquam,415
auctor,414
opus,413
quisquam,411
tres,409
regnum,408
multitudo,408
credo,407
teneo,404
domus,404
tu,403
princeps,401
scipio,397
praeda,397
apud,394
totus,393
armatus,393
trado,390
filius,387
uictoria,386
foedus,386
imperator,384
maxime,384
murus,381
bonus,380
nisi,379
mare,377
recipio,377
hannibal,375
iter,373
corpus,372
potestas,371
sub,370
patior,368
comitium,365
adeo,365
censeo,361
oppugno,361
posterus,361
extemplo,361
finis,360
quoque,359
placeo,356
nam,356
medius,353
ullus,352
equus,350
peditum,350
ordo,349
uia,349
ciuis,343
noster,342
profectus,341
collega,337
metus,335
quantus,334
impetus,334
cura,331
libertas,327
dum,324
fama,323
uterque,322
manus,321
ratus,321
inquam,318
clades,317
genus,312
traicio,312
caedes,312
ira,311
honor,310
caput,307
uirtus,305
tumultus,305
proficiscor,305
terror,305
an,303
uictor,302
paro,300
praeter,300
oppidum,299
nuntio,298
sto,298
ferme,298
tutus,289
ulter,288
dimitto,286
prior,282
sequor,281
peruenio,281
numerus,281
arx,279
pecunia,276
periculum,275
fio,273
aequus,272
clamor,272
decerno,271
quattuor,270
paruus,269
uoco,268
frater,266
contio,263
philippus,263
uallum,261
deduco,259
ops,259
mons,259
quinque,256
decem,255
scio,255
refero,254
tertius,254
littera,254
conuenio,254
uerus,253
procul,253
meus,253
summa,249
prius,248
italia,244
claudius,244
quaero,243
caesum,243
ob,241
concilium,241
nemo,240
singulus,239
scribo,238
cogo,237
instruo,237
autem,236
grauis,236
hispania,235
mors,235
iuuenis,234
infero,234
modus,234
triumphus,233
consultum,233
intra,231
gratia,231
certus,230
statio,228
par,227
nuntius,227
occido,225
uetus,225
decretum,223
appello,221
sententia,221
uiginti,219
oratio,218
militaris,218
priusquam,216
latus,214
mos,214
inuenio,213
patria,213
sicut,211
pono,211
aliquot,210
consularis,209
fabius,208
praeficio,208
tergum,208
uix,208
quoius,206
dictum,206
cerno,205
cornu,205
reddo,204
missa,203
appareo,203
societas,203
dubius,202
iussus,202
abeo,202
gallus,201
templum,200
secum,200
infestus,199
cedo,199
positus,198
integer,197
tandem,196
aedes,195
moenia,195
aurum,195
uerbum,194
adsum,194
seu,194
sacer,193
secundus,192
uox,192
nego,191
obsideo,189
solus,189
species,189
occupo,188
praebeo,188
tot,187
uisum,187
repente,187
leuis,187
adicio,186
uel,186
naualis,185
censor,185
passim,185
super,185
unde,185
uiuo,184
restituo,184
africa,184
contra,184
priuatus,184
flumen,184
maneo,184
dedo,182
captiuus,182
triginta,182
propter,181
auctoritas,181
gloria,181
castra,180
ineo,180
seditio,179
respondeo,179
turba,179
opprimo,178
diuido,177
ludus,177
frumentum,177
impono,176
aduentus,176
lux,176
magister,175
iniuria,174
legatio,174
fugio,174
responsum,174
cado,173
tuus,173
amicitia,172
tamquam,172
addo,172
undique,171
macedonia,170
regio,170
telum,169
postremo,169
extra,169
absum,169
interficio,168
sustineo,168
forum,167
insignis,167
aggredior,167
praesens,167
acceptum,165
affero,165
missus,164
iustus,164
sentio,163
ferrum,163
quinctius,162
dilectus,161
religio,161
secor,161
solum,161
quamquam,161
superus,161
ora,160
centum,160
aetas,159
deditio,159
defero,159
amicus,159
potius,159
usus,159
oculus,159
pauor,159
incertus,159
colonia,158
latinus,158
praesum,158
debeo,158
obsidio,158
labor,157
paulus,157
procedo,157
malus,157
plebeius,157
campus,156
coeptum,156
ducenti,156
auerto,156
repeto,156
consulatus,155
insequor,155
quingenti,155
stipendium,155
turbo,155
tyrannus,155
sex,154
confero,154
fraus,154
igitur,154
ni,154
uniuersus,153
saepe,153
effusus,153
marcellus,152
tempto,152
commeatus,152
coepio,151
ceterum,151
uerto,151
decemuir,151
donum,151
portus,151
longus,150
diu,149
cornelius,149
bellus,149
opera,148
alienus,148
pedes,148
amnis,148
quin,148
humanus,147
bene,146
similis,146
samnis,145
pes,145
crimen,145
argentum,145
euenio,145
uulnus,144
aliquis,144
consto,144
omitto,144
consulo,144
ingenium,144
uanus,144
memoria,144
postulo,143
audeo,143
uentus,143
malo,143
ferox,142
curia,142
obses,142
iungo,142
maritimus,142
adimo,141
soleo,141
insto,141
laetus,141
fere,141
semper,141
nobilis,140
timeo,139
iuuentus,139
transeo,138
saltus,138
proximus,138
pello,138
custodia,138
silentium,138
condicio,138
forte,138
insula,137
iterum,137
excipio,137
seruo,137
donec,137
poena,137
conspectus,137
hinc,136
talis,136
intentus,136
meritum,136
urbanus,136
qua,135
libero,135
propinquus,135
supersum,134
traho,134
augeo,134
exspecto,134
equitatus,134
facile,133
obtineo,133
tunc,132
spatium,132
expugno,131
triumpho,131
ualerius,131
uter,131
euentus,130
praesto,130
seruus,130
ars,130
numquam,129
tutor,129
sino,129
concedo,128
deficio,128
caedo,128
fortis,128
perseus,128
perficio,128
ignis,128
trecenti,128
plerus,128
prodigium,128
utrimque,127
postea,127
sic,127
expono,126
cohors,126
uerro,126
principium,126
patricius,126
captus,125
desum,125
colloquium,125
remitto,125
militia,125
impedio,125
iugum,125
altus,125
dignus,125
defectio,124
pontifex,123
inuidia,123
tueor,123
reuoco,123
occasio,123
occurro,123
carthago,122
aliqui,122
orior,122
centurio,122
propior,122
statuo,122
dexter,122
interim,122
queror,121
adiuuo,121
sempronius,121
impero,121
motus,121
inclino,121
passus,120
compello,120
reliquus,120
graecia,120
retineo,120
dimico,120
aio,120
tectum,120
expedio,119
natus,118
accedo,118
exemplum,118
frequens,118
comparo,118
diripio,118
longe,118
recens,118
defendo,117
inuado,117
euado,117
prohibeo,117
consensus,117
conspicio,117
iudicium,116
supero,116
quinquaginta,116
pergo,116
ambo,116
reduco,115
sors,115
elephantus,115
insidiae,114
tollo,114
adorior,114
usque,114
cn,113
auspicium,113
clarus,113
amissum,113
habitus,112
popularis,112
quies,112
impetro,111
manlius,111
excedo,111
communis,111
fusus,110
ostendo,110
quoniam,110
decedo,110
concito,110
campanus,110
praeterquam,110
minor,110
loquor,109
inermis,109
immineo,109
edico,109
uero,109
lego,108
fuluius,108
umquam,108
nequiquam,108
aedilis,108
ualidus,107
casus,107
permitto,107
spolium,107
facilis,107
tumulus,107
castellum,106
admoueo,106
extremus,106
uoluntas,105
nondum,105
tempestas,105
subeo,105
differo,105
primo,104
muto,104
mora,104
ultra,104
mox,104
aequo,103
quo,103
ictus,103
quiesco,103
ortus,103
uinculum,103
fundo,102
claudo,102
aperto,102
sermo,102
prospere,101
mando,101
sanguis,101
iste,101
praeterea,100
discrimen,100
egredior,100
educo,100
septem,100
poenus,100
temere,99
scelus,99
maiestas,99
quadraginta,99
misceo,99
fessus,99
exeo,99
uita,98
sumo,98
rogatio,98
liceo,98
obicio,98
prex,98
atrox,98
emitto,98
aegre,98
quando,98
coniunx,98
caelum,98
quippe,98
aqua,97
inicio,97
robur,97
externus,97
accepta,96
contineo,96
punicus,96
ratio,96
apparatus,96
hibernus,96
supplicatio,96
circumuenio,95
persequor,95
numida,95
effero,95
pondo,95
loco,95
moene,95
equester,94
acta,94
agito,94
offero,94
tribunicius,94
consido,94
indutia,94
obuius,94
tendo,94
munus,94
macedonus,94
parens,93
sublatus,93
perfero,93
etruscus,93
desero,93
uiolo,93
receptus,92
capitolium,92
plurimus,92
gladius,92
indictus,92
subsidium,92
absumo,92
mens,92
uigilia,92
quartus,91
descendo,91
facinus,91
abstineo,91
conscribo,91
achaei,91
finio,91
pretium,91
inferus,91
momentum,91
oro,91
odium,91
uoueo,91
suffragium,90
uasto,90
cos,90
census,90
sedes,90
antea,90
succedo,90
specto,90
beneficium,90
excito,89
reficio,89
uictus,89
populatio,89
traduco,89
spectaculum,88
dicio,88
modicus,88
munimentum,88
segnis,88
utor,88
antiquus,88
prae,88
percello,88
supplicium,88
cur,88
trepidus,88
aer,88
diuersus,87
status,87
raptim,87
munio,87
plenus,87
laeuus,87
experior,87
uolsci,87
sulpicius,86
suspicio,86
exigo,86
ergo,86
uiso,86
conicio,86
supra,86
concurro,85
praemium,85
fretus,85
neue,85
fallo,85
inueho,85
indignus,85
uotum,85
cursus,85
summum,85
acer,84
collis,84
fugo,84
senex,84
aerarius,84
conuerto,84
anceps,84
pertineo,84
immortalis,84
at,84
pario,84
finitimus,84
nocturnus,83
corona,83
quondam,83
ap,83
exitus,83
incido,83
iuppiter,83
rursus,82
deleo,82
cito,82
perpetuus,82
ignarus,82
efficio,82
cognosco,82
exploro,82
oppidanus,82
gaudium,82
deligo,82
compositus,82
interuallum,82
oppugnatio,82
aliquantus,82
utique,82
certe,82
duodecim,82
resisto,82
puer,82
uiuus,82
concursus,82
lictor,82
curo,81
transitus,81
initium,81
praemitto,81
iuuo,81
polliceor,81
armatura,81
spero,81
dominus,81
syracusae,81
dubie,80
exsul,80
ingredior,80
excio,80
aureus,80
praeparo,80
suscipio,79
conficio,79
bini,79
aemilius,79
prodeo,79
uicus,79
item,79
nuper,79
litus,79
erumpo,79
hiems,79
hora,79
laus,79
memor,79
primoris,79
redigo,78
ignominia,78
colonus,78
animaduerto,78
breuis,78
inceptum,78
depopulo,78
adduco,78
ualeo,78
impedimentum,78
ripa,78
octo,78
arceo,78
morbus,78
familia,78
uarius,77
quaestor,77
saxum,77
mortuus,77
licinius,77
edictum,77
quisquis,77
magnitudo,77
potens,77
incendium,76
damnatus,76
mulier,76
tribus,76
foris,76
indicium,76
decius,76
tueo,76
error,76
pecus,76
nolo,75
marcius,75
actus,75
urgeo,75
aduenio,75
editus,75
sortior,75
precor,75
culpa,75
inimicus,74
intersum,74
arcesso,74
increpo,74
committo,74
iniquus,73
fauor,73
aestas,73
induco,73
occulo,73
certo,73
sol,73
peregrinus,73
hostia,73
supplementum,73
diuinus,73
obuiam,73
ductus,72
filia,72
gratus,72
licet,72
senator,72
trepidatio,72
aditus,72
uulgo,72
eodem,72
inopia,72
erigo,72
mentio,72
tristis,72
propono,72
opulentus,72
triduum,71
scutum,71
affirmo,71
timor,71
prorogo,71
tarquinius,71
transfero,70
prosperus,70
reuertor,70
mater,70
orbis,70
difficilis,70
conatus,70
uenia,70
natura,70
etsi,70
incedo,70
populo,69
subigo,69
rogo,69
exsilium,69
intro,69
uicis,69
incolumis,69
comperio,69
imperatum,69
dedico,69
opportunus,69
aliquanto,69
tego,69
merces,69
reus,69
amitto,69
scriptum,69
firmo,69
albanus,68
accuso,68
uxor,68
diruo,68
renouo,68
ruina,68
auris,68
aperio,68
nequaquam,68
auersus,68
curulis,67
siue,67
moror,67
pateo,67
assentio,67
demum,67
statiuus,67
accio,67
benigne,67
concordia,67
egregius,67
includo,66
coniungo,66
samnium,66
adulescens,66
aptus,66
pariter,66
trepido,66
patens,66
prodo,66
qualis,66
confestim,66
arbitrium,66
caesar,65
sedeo,65
incendo,65
introduco,65
soluo,65
rhodium,65
taceo,65
condio,64
femina,64
permissus,64
disciplina,64
necessitas,64
haudquaquam,64
regno,64
hispanus,64
necessarius,63
suadeo,63
desertum,63
pons,63
citer,63
superbus,63
summoueo,63
uisus,63
terrestris,63
reditus,62
fossa,62
sufficio,62
fiducia,62
iacto,62
aeger,62
porto,62
ruo,62
lacesso,62
seruitus,62
paeniteo,62
temeritas,61
contentio,61
appius,61
clam,61
sollicito,61
fateor,61
quicumque,61
uallis,61
dispono,61
hasta,61
transgredior,61
semel,61
potis,61
dissipo,61
barbarus,61
diuus,61
morior,61
palam,61
attineo,61
matrona,61
minime,61
secundum,60
exerceo,60
regulus,60
uirgo,60
falsus,60
aduersum,60
territus,60
consulto,60
quindecim,60
auctus,60
pudor,60
oportet,60
testis,60
sollemnis,60
salus,60
potior,60
accido,60
praesentia,60
bello,59
quisnam,59
accendo,59
miror,59
renuntio,59
quadringenti,59
decus,59
pacatum,59
dignitas,59
accenseo,59
conscriptus,59
proconsul,59
cunctor,59
dirimo,59
ingressus,58
datus,58
strages,58
comes,58
forus,58
hostilis,58
memorabilis,58
custos,58
libido,58
moratus,58
faux,58
medium,58
agrestis,58
repentinus,58
sperno,58
scalae,58
discordia,58
hospitium,58
male,57
pereo,57
cupiditas,57
debello,57
quaestio,57
decimus,57
stirps,57
molior,57
publice,57
uestigium,57
retro,57
audacia,57
uulgus,57
expello,56
instituo,56
pareo,56
factio,56
graecus,56
concilio,56
frustra,56
cupio,56
sinus,56
nudo,56
simulo,56
colo,56
abnuo,56
propius,56
habito,56
circumdo,56
posco,56
otium,56
maturus,56
sacerdos,56
nihilum,56
frons,56
negotium,56
abdico,56
quinqueremis,56
fames,55
materia,55
lectus,55
uendo,55
recipero,55
uoluntarius,55
angustia,55
eruptio,55
tempore,55
exiguus,55
duplex,55
aeque,55
neuter,55
celebro,55
laetitia,55
namque,55
uestis,54
postumius,54
comprehendo,54
penes,54
liuius,54
gallius,54
quintus,54
forma,54
frango,54
amplius,54
resto,54
uulnero,54
appropinquo,54
silua,54
mensis,54
abduco,54
gallicus,54
superbia,54
solutus,54
uitium,54
saeuio,54
seruilius,53
pompeius,53
gradus,53
flaccus,53
circumsedeo,53
priuo,53
subicio,53
cresco,53
eadem,53
praedor,53
uereor,53
conor,53
praeceps,53
biduus,53
praefero,53
moles,53
studium,53
cunctus,53
uinum,53
irrito,53
ala,53
praetorius,53
ignoro,53
usquam,53
ultro,53
eos,52
nobilitas,52
cognomen,52
iudico,52
prosequor,52
refugio,52
trans,52
hortor,52
obiectum,52
profecto,52
lapis,52
quemadmodum,52
puto,52
dextra,52
obsto,52
tero,52
iumentum,52
ueto,52
uerecundia,52
memini,52
exsequor,52
sinister,52
onerarius,52
nequeo,51
octingenti,51
rapio,51
paene,51
egregie,51
opinio,51
circumeo,51
metuo,51
admodum,51
transfuga,51
furius,51
pronuntio,51
priuatim,51
utrum,51
lucanus,50
bis,50
lingua,50
adhuc,50
augur,50
aufero,50
bos,50
abscedo,50
turris,50
altitudo,50
uacuus,50
incautus,50
subitus,50
recito,50
terreo,50
dimicatio,50
dictus,50
perago,50
possessio,50
aliter,50
proditio,50
censura,49
intercludo,49
iniussu,49
raptus,49
milito,49
funus,49
inuitus,49
expleo,49
intercedo,49
redimo,49
recuso,49
hodie,49
coniuratio,48
dono,48
inuisus,48
trucido,48
transcendo,48
aliquamdiu,48
aduerto,48
minuo,48
commissum,48
firmus,48
spolio,48
progredior,48
consero,48
interdum,48
turma,48
improuisus,48
pestilentia,47
contraho,47
circumfundo,47
talentum,47
coorior,47
continens,47
sacrificium,47
quoad,47
memoro,47
alibi,47
multo,47
centuria,47
iaceo,47
septuaginta,47
carcer,46
lustrum,46
uincio,46
uagus,46
incito,46
iro,46
neglego,46
contingo,46
uindico,46
monumentum,46
deporto,46
patrius,46
nota,46
os,46
mereo,46
uersus,46
erga,46
incolo,46
expers,46
fido,46
quantum,46
confercio,46
nimis,46
uirga,46
licentia,46
exuo,45
abrogo,45
consumo,45
lucretius,45
situs,45
securis,45
rebello,45
disceptatio,45
progressus,45
purgo,45
adsuetus,45
nusquam,45
missilis,45
effugio,45
uocifero,45
noxa,45
adhibeo,45
quot,45
suimet,45
subsisto,45
deinceps,45
leuo,45
percutio,44
nimius,44
contractus,44
pauidus,44
lacrima,44
doceo,44
caueo,44
nudus,44
institutum,44
fors,44
interrogo,44
contentus,44
arguo,44
insuper,44
dictatura,44
uetustus,44
impleo,44
secus,44
uerginius,44
sacrifico,44
armo,44
lacus,44
statim,44
asper,43
iudex,43
triumuir,43
amplus,43
indignitas,43
promissum,43
irritus,43
tabula,43
collegium,43
iuro,43
rupes,43
deuinco,43
obruo,43
sescenti,43
creber,43
dilabor,43
sponte,43
praecipue,43
stimulo,43
dissero,43
moneo,43
romulus,43
tributus,43
hospes,43
currus,42
promulgo,42
aes,42
felix,42
auxiliaris,42
insero,42
impigre,42
tranquillus,42
fatigo,42
protinus,42
muliebris,42
instauro,42
gratulor,42
octoginta,42
subito,42
onus,42
aestimo,42
cesso,42
nomino,42
egeo,42
premo,42
cibus,42
demo,42
ser,41
condo,41
crudelitas,41
extraho,41
escendo,41
confugio,41
deprecor,41
paternus,41
circumago,41
sollicitus,41
adhortor,41
transgressus,41
flecto,41
laudo,41
denuntio,41
biennium,41
egressus,41
fremo,41
sedo,41
ardor,41
cano,41
pedester,41
perfugio,41
somnus,41
laelius,41
indignatio,40
feliciter,40
indico,40
dimidius,40
soror,40
uenenum,40
castigo,40
thessalia,40
detraho,40
onero,40
existimo,40
carmen,40
ostento,40
tormentum,40
cultus,40
indignor,40
contendo,40
profero,40
praepono,40
mandatus,40
minae,40
confligo,39
pridie,39
promptus,39
lacero,39
constituo,39
parco,39
nosco,39
quid,39
pactum,39
decurro,39
absisto,39
congredior,39
sacro,39
hercule,39
discedo,39
fatum,39
aspernor,39
miraculum,39
antonius,38
furor,38
patefacio,38
africanus,38
infensus,38
repello,38
profiteor,38
orator,38
uexo,38
deiectus,38
index,38
uere,38
icio,38
perduco,38
alo,38
inops,38
discepto,38
saluus,38
promunturium,38
praeco,38
ciuilis,38
duumuir,38
uixdum,38
eueho,38
admoneo,38
septingenti,38
tribunal,38
subduco,38
mortalis,38
dubito,38
deterreo,37
continuo,37
siculus,37
irrumpo,37
lentulus,37
corrumpo,37
coniuro,37
insido,37
sumptus,37
locatum,37
eripio,37
stringo,37
incipio,37
detrecto,37
ardeo,37
sexaginta,37
capesso,37
exhaurio,37
occasus,37
paulisper,37
late,37
recte,37
reicio,37
uagor,37
minucius,37
officium,37
acte,37
exorior,37
communio,37
fas,37
successor,37
ministerium,37
pernicies,37
argi,37
procus,36
honestus,36
expeditio,36
agrarius,36
rostrum,36
iunius,36
annalis,36
quiris,36
tantum,36
haereo,36
nouo,36
propraetor,36
contemptus,36
fetialis,36
equidem,36
auditus,36
compleo,36
manipulus,36
maturo,36
excludo,36
fremitus,36
neglegentia,36
fidelis,36
tumultuarius,36
artus,36
imploro,36
corinthus,36
ferociter,36
annona,35
domo,35
auaritia,35
desiderium,35
intendo,35
lembus,35
quacumque,35
inutilis,35
oppositus,35
serius,35
damnum,35
angustus,35
conscendo,35
palatum,35
properus,35
procuro,35
adiungo,35
exaudio,35
eludo,35
luctus,35
opperior,35
capto,34
assigno,34
ignotus,34
pulsus,34
praecipuus,34
origo,34
porcius,34
praecipio,34
confundo,34
cis,34
admitto,34
palus,34
prouoco,34
celeritas,34
cogito,34
inuius,34
oriens,34
flamma,34
custodio,34
dolus,34
secessio,34
transmitto,34
auidus,34
saucius,34
seruitium,34
adductus,34
totiens,34
intactus,34
commodus,34
aedifico,34
refert,34
toga,34
eligo,34
effuse,34
documentum,34
secerno,34
uestibulum,34
perinde,34
contemno,34
dolor,34
liberi,33
reliquiae,33
coeo,33
stratum,33
intercessio,33
ara,33
laboro,33
prouocatio,33
suspendo,33
collaudo,33
eximo,33
paciscor,33
uectigal,33
conueho,33
misericordia,33
praetermitto,33
remus,33
crimino,33
interrex,33
titulus,33
caritas,33
hastatus,33
fructus,33
contumelia,33
impello,33
necesse,33
rumor,33
interregnum,33
neco,32
brutus,32
tullius,32
sepelio,32
fluuius,32
alloquor,32
mitis,32
superuenio,32
cautus,32
percontor,32
coerceo,32
immisceo,32
obnoxius,32
figo,32
glorior,32
adnitor,32
annuus,32
clausum,32
utilis,32
cunctatio,32
desidero,32
uestimentum,32
portendo,32
aduocata,32
coniunctus,32
intueor,32
admiratio,32
coram,32
albus,31
possideo,31
praedico,31
deprehendo,31
recedo,31
nouem,31
conuiuium,31
exsoluo,31
paucitas,31
discurro,31
effundo,31
uineus,31
atheniensis,31
paratus,31
orans,31
accola,31
colligo,31
idus,31
quini,31
adueho,31
rite,31
accusator,31
ostium,31
peritus,31
coepi,31
exstinguo,31
solitudo,31
impar,31
immitto,31
iurandum,31
exspectatio,31
expio,31
perpello,31
magus,31
assiduus,31
pectus,30
omen,30
comprimo,30
consisto,30
antequam,30
tiberis,30
speculor,30
sextus,30
pondus,30
fascis,30
insideo,30
interior,30
adiunctus,30
perfuga,30
fidus,30
consterno,30
occulte,30
uro,30
prolabor,30
sarcina,30
elicio,30
reor,30
felicitas,30
sancio,30
bellicus,30
sacramentum,30
intermitto,30
atilius,30
rumpo,30
ludibrium,30
interdiu,30
piaculum,30
arbitro,30
uado,30
imber,30
interuenio,29
descisco,29
obsisto,29
praeteritus,29
deicio,29
coetus,29
seruio,29
rarus,29
nauigo,29
insigne,29
conubium,29
inspicio,29
impotens,29
perrumpo,29
effectus,29
spargo,29
dea,29
sterno,29
hiberno,29
appeto,29
mecum,29
hostilius,29
sero,29
exsisto,29
lacedaemon,29
excursio,29
multiplex,29
munitio,29
circumsto,29
forsitan,29
destino,29
arbor,29
iacio,29
proinde,29
oppono,29
excidium,29
domesticus,29
impensa,29
tango,29
sanus,29
offendo,29
unicus,29
euerto,29
latrocinium,28
inuiolatus,28
acerbus,28
ritus,28
tribunatus,28
praecipito,28
excuso,28
incola,28
binus,28
inconditus,28
transueho,28
industria,28
caecus,28
taedium,28
eximius,28
faueo,28
edoceo,28
mercenarius,28
ideo,28
congero,28
opto,28
rego,28
inuictus,28
circumduco,28
ouo,28
consultatio,28
circus,28
horatius,28
cogitatio,28
uicinus,28
regina,28
intestinus,28
amor,28
haruspex,28
placo,28
alexander,28
sopio,28
assequor,28
penas,28
remex,28
icilius,28
aduocatus,27
lepidus,27
sella,27
exsto,27
papirius,27
adfectus,27
deuoueo,27
persuadeo,27
saepio,27
terribilis,27
uadum,27
enimuero,27
accensi,27
congressus,27
incurro,27
abicio,27
parumper,27
cotidie,27
obligo,27
denus,27
interpono,27
commemoro,27
aduersarius,27
magnificus,27
relatus,27
obscurus,27
actio,27
obstino,27
strepitus,27
expertus,27
idoneus,27
pristinus,27
dissimulo,27
campania,27
uigil,27
respicio,27
benignitas,27
denique,27
diuturnus,27
gaudeo,27
miserabilis,27
spondeo,27
reconcilio,27
creditum,27
triarii,27
sabinus,27
euocatus,26
aegyptus,26
incursio,26
compono,26
uilla,26
flaminius,26
fluo,26
numen,26
statua,26
subiectum,26
uergo,26
planum,26
aries,26
constans,26
tolero,26
fanum,26
paco,26
audax,26
uastus,26
colloquor,26
nominatim,26
aedificium,26
conquiro,26
immo,26
incoho,26
innoxius,26
iactura,26
cumulo,26
uictima,26
approbo,26
familiaris,26
pilus,26
cingo,26
perdo,26
prouideo,26
longinquus,26
comiter,26
deueho,26
continuus,26
cannensis,26
alpis,25
marius,25
consequor,25
catus,25
nefas,25
crassus,25
thrax,25
libertinus,25
cognatus,25
eicio,25
confirmo,25
repleo,25
cuniculus,25
conscisco,25
iuger,25
conuoco,25
nanciscor,25
mas,25
numero,25
erepo,25
summitto,25
arduus,25
transfigo,25
permisceo,25
plerumque,25
desisto,25
peruado,25
noxius,25
difficultas,25
nuncupo,25
serus,25
brundisium,25
nauta,25
incompositus,25
partio,25
profectio,25
conscientia,25
propalam,25
scitum,25
transuersus,25
proprius,25
hesternus,25
intuor,25
maestus,25
orno,25
orsus,25
palatium,25
miser,25
utcumque,25
fulmen,25
proditor,25
mirus,25
spiritus,25
martius,24
infamis,24
oriundus,24
produco,24
administro,24
fax,24
celeriter,24
iniungo,24
degredior,24
pertinacia,24
celeber,24
lenis,24
imbellis,24
transigo,24
uindex,24
procella,24
simulacrum,24
saltem,24
perpetro,24
amplector,24
aestus,24
adigo,24
celer,24
adipiscor,24
aelius,24
concieo,24
mars,24
obliuiscor,24
caelestis,24
desperatio,24
epula,24
treceni,24
designo,24
tabernaculum,24
necopinatus,24
etiamsi,24
patruus,24
neo,24
humilis,23
quotiens,23
fabula,23
tutela,23
cassius,23
luxuria,23
macedonicus,23
assumo,23
regressus,23
auoco,23
emineo,23
uates,23
rabies,23
mutuus,23
radix,23
fera,23
abhorreo,23
conuentus,23
alieno,23
damno,23
suspectus,23
prauus,23
fastigium,23
promiscuus,23
cieo,23
infectus,23
cultor,23
ambiguus,23
obtestor,23
obeo,23
sin,23
securus,23
paueo,23
apollo,23
adhortatio,23
supplex,23
crudelis,23
stabilis,23
faenus,23
profugio,22
penetro,22
fruor,22
tunica,22
absoluo,22
affecto,22
defungor,22
imago,22
pius,22
celo,22
opportune,22
agger,22
destitutus,22
gigno,22
perturbo,22
absento,22
insuetus,22
cognitus,22
auus,22
quamuis,22
ubique,22
abdo,22
pestis,22
iuxta,22
octauus,22
pendeo,22
ornamentum,22
ingratus,22
senectus,22
exprobro,22
decorus,22
subinde,22
fungor,22
arrepo,22
inquiro,22
uasum,22
necdum,22
odi,22
pertinaciter,22
probo,22
repono,22
pignus,22
arbiter,22
puella,22
prudens,22
uer,22
respectus,22
maius,22
patientia,22
ignauia,22
oblino,22
breui,22
phalanx,22
hostiliter,22
aequalis,22
tardus,22
triremis,22
clementia,22
salutaris,22
puluinar,22
temerarius,21
praeceptum,21
immolo,21
detego,21
ualetudo,21
obuersor,21
intercipio,21
perpaucus,21
incutio,21
malum,21
pango,21
praeoccupo,21
cupidus,21
praetereo,21
comminus,21
ascendo,21
stuprum,21
machina,21
auratus,21
sortitus,21
conduco,21
postremus,21
illinc,21
argumentum,21
cliens,21
obuenio,21
sisto,21
digredior,21
explico,21
redintegro,21
infelix,21
obtrunco,21
turpis,21
perfidia,21
genu,21
emo,21
ludicer,21
peragro,21
diutinus,21
haurio,21
cruentus,21
flamen,21
uigeo,21
pietas,21
immemor,21
compos,21
ferocia,21
ulcisco,21
concipio,21
successus,21
canna,21
speculator,21
rostratus,21
nuptiae,21
boeotus,21
amoueo,21
usurpo,21
luna,21
satelles,21
absens,20
hercules,20
exortus,20
pulcher,20
gener,20
perdomo,20
pyrrhus,20
tener,20
formula,20
aliquando,20
scriba,20
triticum,20
frux,20
emporium,20
sensim,20
ueles,20
antesignanus,20
modestia,20
tenebrae,20
interpretor,20
deposco,20
illustris,20
testor,20
ferio,20
iurisdictio,20
benignus,20
modius,20
terminus,20
horreo,20
terentius,20
fatalis,20
nedum,20
frequentia,20
proicio,20
calamitas,20
pastor,20
subtraho,20
dedecus,20
peruinco,20
refringo,20
nefandus,20
ambigo,20
montanus,20
apparo,20
querella,20
sanctus,20
uobiscum,20
taberna,20
coopto,20
confessio,20
ceruix,20
foede,20
decipio,20
paulo,20
tenere,20
lator,20
festus,20
depono,20
enixe,20
aperte,20
desino,20
caetratus,20
iulius,19
simultas,19
fingo,19
signo,19
aliquotiens,19
fons,19
satisfacio,19
insimulo,19
ter,19
sextius,19
metior,19
noto,19
transfugio,19
adiutor,19
periculosus,19
aeneus,19
lustro,19
oraculum,19
mollis,19
campester,19
frigus,19
iniquitas,19
praecedo,19
significo,19
initus,19
procurro,19
abstraho,19
propinquitas,19
communiter,19
controuersia,19
cauus,19
latebra,19
huc,19
iniustus,19
confido,19
ignosco,19
seruilis,19
scriptor,19
consurgo,19
sacerdotium,19
ueho,19
expeto,19
subrogo,19
coactus,19
testudo,19
incruentus,19
sedecim,19
tumultuosus,19
peruasto,19
lucus,19
flagitium,19
clamito,19
inclutus,19
priscus,19
aduoco,19
laeto,19
incommodus,19
dictito,19
desilio,19
disto,19
sciscitor,19
domitius,18
candidatus,18
octauius,18
nasica,18
nepos,18
grauiter,18
seditiosus,18
delibero,18
ueteranus,18
accitus,18
remedium,18
perseuero,18
pudicitia,18
parma,18
faliscus,18
cumulus,18
recingo,18
regredior,18
ordior,18
actium,18
puluis,18
belua,18
iaculus,18
conscius,18
protego,18
pluit,18
triennium,18
ascribo,18
auis,18
iuno,18
moderatio,18
ornatus,18
latro,18
diuitia,18
interea,18
signifer,18
aspicio,18
comitas,18
declaro,18
conditor,18
gratulatio,18
cuneus,18
carpentum,18
segniter,18
rogito,18
nix,18
incurso,18
ablego,18
arcessitus,18
concessus,18
questus,18
subuenio,18
obseruo,18
sicinius,18
saeuus,18
elabor,18
implicitus,18
tantummodo,18
dilatio,18
delubrum,18
notus,18
tiro,18
carpo,18
senesco,18
proxime,18
floreo,18
domi,18
uetustas,18
ambitio,18
impiger,18
disicio,18
tacita,18
circumspecto,18
parricidium,18
tiburs,18
partus,18
largitio,18
tusculum,18
ratis,18
no,18
publico,17
exspiro,17
commercium,17
athenae,17
commoueo,17
optimas,17
aduersor,17
tenuis,17
uacatio,17
suppleo,17
saeptum,17
torquatus,17
coruus,17
constitutum,17
capitalis,17
opimus,17
legitimus,17
dispergo,17
incuso,17
discutio,17
paulatim,17
indoles,17
contagio,17
coeptus,17
promoueo,17
congrego,17
opportunitas,17
receptaculum,17
altercatio,17
adsuesco,17
tolerabilis,17
strenuus,17
acilius,17
comprobo,17
coacta,17
pridem,17
deformis,17
quattuordecim,17
pellis,17
iustitium,17
ango,17
disco,17
infrequens,17
saluber,17
indulgeo,17
centenus,17
initio,17
neglegenter,17
sincerus,17
uilis,17
ignobilis,17
iocus,17
fallax,17
dedux,17
agnosco,17
aeternus,17
acriter,17
sponsio,17
exprimo,17
suppedito,17
pubes,17
tredecim,17
onustus,17
circumspicio,17
cliuus,17
horreum,17
totidem,17
dirigo,17
uillius,17
quadriremis,17
transitio,17
sensus,17
prosum,17
claustrum,17
perula,17
boeotius,17
nata,17
curatio,16
heres,16
cremo,16
matrimonium,16
socialis,16
persto,16
liberator,16
purpura,16
seuerus,16
transporto,16
retraho,16
quinquennium,16
exposco,16
diffido,16
demissus,16
iniectus,16
collecta,16
humus,16
augustus,16
infidus,16
lentus,16
insolitus,16
durus,16
extorris,16
uoluptas,16
diuisus,16
meridies,16
funditor,16
exanimo,16
triplex,16
ueneo,16
euoco,16
prehendo,16
consentio,16
terni,16
duceni,16
plaustrum,16
prout,16
deuius,16
attono,16
gestus,16
nutus,16
speciosus,16
conqueror,16
uario,16
stagnum,16
alueus,16
dulcedo,16
interimo,16
nitor,16
interpres,16
caerimonia,16
uirilis,16
rebellio,16
euasto,16
identidem,16
rudis,16
spons,16
dimissus,16
precatio,16
cruor,16
umbra,16
dispar,16
quadriduum,16
denarius,16
tempero,16
propitius,16
infirmus,16
derigo,16
moderatus,16
ecquis,16
inultus,16
quilibet,16
extollo,16
frustror,16
inexpugnabilis,16
tarquiniensis,16
anxius,16
aduento,16
extum,16
naturalis,16
abscisus,16
tenor,16
oppius,16
inauguro,16
aduena,16
recenseo,15
italicus,15
dominor,15
afficio,15
discursus,15
dissuadeo,15
proficio,15
prudentia,15
tumultuor,15
remaneo,15
oceanus,15
ordino,15
pomponius,15
circuitus,15
intromitto,15
foueo,15
imito,15
mediterraneus,15
compareo,15
argenteus,15
subsequor,15
sitis,15
uertex,15
pilum,15
sagitta,15
obliquus,15
planities,15
densus,15
lenio,15
grauitas,15
luo,15
coniectus,15
inopinatus,15
superbe,15
facultas,15
praedo,15
remotus,15
abigo,15
sepulcrum,15
proprie,15
tentorium,15
festino,15
conglobo,15
religiosus,15
honoro,15
en,15
ingenuus,15
explorator,15
supplico,15
grates,15
quonam,15
uehiculum,15
ramus,15
aequum,15
patronus,15
primum,15
impius,15
cognitio,15
spectator,15
proueho,15
carus,15
poculum,15
demitto,15
congruo,15
obsido,15
clauus,15
subueho,15
mirabilis,15
mergo,15
dissimilis,15
obequito,15
propugnator,15
umerus,15
reueho,15
aceruus,15
quomodo,15
praeteruehor,15
immensus,15
abundo,15
aurelius,15
iaculator,15
supprimo,15
insisto,15
decet,15
piraeus,15
paludatus,15
fraternus,15
contionor,14
curro,14
iudicatus,14
antiquo,14
praetexo,14
immodicus,14
praegredior,14
intus,14
emoueo,14
comitatus,14
pertinax,14
membrum,14
scando,14
lignum,14
procumbo,14
direptio,14
insidior,14
uiceni,14
despondeo,14
inimicitia,14
paries,14
bellona,14
obliuio,14
quaeso,14
illucesco,14
iuuenta,14
praedator,14
immobilis,14
multiplico,14
paetus,14
caruilius,14
acuo,14
instructus,14
circumfero,14
alacritas,14
tuscus,14
pertraho,14
hisco,14
uexillum,14
nupta,14
mutatio,14
obtero,14
torpeo,14
struo,14
cuspis,14
mancipium,14
undecim,14
extendo,14
insons,14
nummus,14
nonus,14
munificentia,14
expromo,14
monitus,14
dissoluo,14
consecro,14
emeritus,14
inhibeo,14
saeculum,14
displiceo,14
achaicus,14
extorqueo,14
destituo,14
libet,14
thesaurus,14
nex,14
sane,14
trux,14
excurro,14
tuba,14
cibarius,14
praegressus,14
afer,14
catena,14
coquo,14
occipio,14
uelum,14
uarie,14
nescius,14
tractus,14
prora,14
magnopere,14
manifestus,14
frumentator,14
extraordinarius,14
uenusia,14
complures,13
calpurnius,13
offensus,13
sacrosanctus,13
secedo,13
dis,13
inuideo,13
complexus,13
galba,13
noceo,13
praetura,13
rhodus,13
respergo,13
lateo,13
aedilitas,13
obstringo,13
scortum,13
necto,13
occidens,13
sonitus,13
ancora,13
ferreus,13
duro,13
conterreo,13
hordeum,13
promitto,13
uigor,13
aestiuus,13
sagittarius,13
uito,13
praecido,13
complector,13
destinatum,13
oboedio,13
furo,13
separatim,13
condemno,13
stipendiarius,13
probabilis,13
infamia,13
uiator,13
probrum,13
deformo,13
concors,13
longitudo,13
penitus,13
aboleo,13
nobiscum,13
porro,13
temperatus,13
populabundus,13
desperatus,13
pigeo,13
populator,13
quadriga,13
quocumque,13
improuidus,13
exsecror,13
nebula,13
quaestorius,13
solacium,13
aquilonius,13
propediem,13
publicum,13
sileo,13
infandus,13
insum,13
illigo,13
inuito,13
minister,13
consenesco,13
infra,13
hospitalis,13
interpello,13
excido,13
polleo,13
intellego,13
antius,13
praeuenio,13
togatus,13
insidiator,13
interrumpo,13
auiditas,13
proripio,13
conclamatus,13
ingruo,13
lectisternium,13
affinitas,13
metor,13
bruttius,13
admissum,13
amburo,13
cena,13
depello,13
ascisco,13
orbus,13
succurro,13
mico,13
stipo,13
uoluo,13
conclamo,13
otacilius,13
timidus,13
tabes,13
inconsultus,13
sertorius,13
anicius,13
publicanus,12
bestia,12
socer,12
saeuitia,12
interfector,12
fugitiuus,12
complus,12
defensa,12
semen,12
lis,12
bracchium,12
natio,12
exinde,12
praealtus,12
uexatio,12
quaterni,12
taurus,12
possido,12
anguis,12
occubo,12
dominatio,12
callis,12
semita,12
indo,12
fumus,12
iurgium,12
pingo,12
aueho,12
pendo,12
migro,12
cantus,12
locuples,12
horrendus,12
labo,12
prosterno,12
specimen,12
inexsuperabilis,12
declino,12
profligatus,12
nubes,12
insperatus,12
affulgeo,12
incesso,12
neruus,12
porticus,12
aestimatio,12
saluto,12
uectigalis,12
accessio,12
quotannis,12
uelo,12
fastidio,12
philo,12
improbus,12
bellicosus,12
imminuo,12
exclamo,12
alacer,12
mercator,12
infans,12
cupido,12
descensus,12
lupus,12
galea,12
cor,12
exorno,12
alienigena,12
debitum,12
pronus,12
consuetudo,12
satius,12
conciliabulum,12
exterreo,12
ubicumque,12
nefarius,12
discessus,12
abominor,12
damnatio,12
leniter,12
exsulo,12
deploro,12
epulor,12
attribuo,12
secreto,12
leuitas,12
ardesco,12
uocatus,12
maestitia,12
ignominiosus,12
extractum,12
ultor,12
nauo,12
innitor,12
subdo,12
quanto,12
ingero,12
fluctuor,12
probe,12
magnifice,12
mano,12
nocte,12
aura,12
crescentus,12
mature,12
septimus,12
ianua,12
duplico,12
commilito,12
permaneo,12
fortiter,12
consocio,12
applico,12
flos,12
riuus,12
stupeo,12
miro,12
persoluo,12
demergo,12
defigo,12
grex,12
impune,12
utilitas,12
clamo,12
inflo,12
emolumentum,12
canis,12
sordidus,12
scilicet,12
frumentor,12
distraho,12
tegula,12
epulum,11
exter,11
infeliciter,11
perniciosus,11
sacrarium,11
claudus,11
carbo,11
industrius,11
instrumentum,11
mendacium,11
delego,11
anulus,11
publilius,11
amplio,11
distribuo,11
accusatio,11
constantia,11
curius,11
impendo,11
inanis,11
qualiscumque,11
pensio,11
simulatio,11
uanitas,11
lassitudo,11
emetior,11
trifariam,11
circulus,11
calo,11
opinor,11
merito,11
fraudo,11
utinam,11
macto,11
peccatum,11
scisco,11
prospicio,11
pabulor,11
sonus,11
impense,11
affigo,11
faustus,11
perfungor,11
etenim,11
erro,11
narro,11
quadratus,11
crastinus,11
diana,11
uallus,11
gurges,11
gemitus,11
ignauus,11
clandestinus,11
augurium,11
aduectus,11
inquietus,11
ballista,11
sacrum,11
praefor,11
atrocitas,11
rector,11
unusquisque,11
oblittero,11
artifex,11
frugifer,11
acerbitas,11
frequento,11
praesertim,11
luce,11
permultus,11
itero,11
caecilius,11
reprehendo,11
obex,11
dialis,11
geminus,11
inuoco,11
pulso,11
iustitia,11
grauor,11
uidelicet,11
profanus,11
emergo,11
uerber,11
progenies,11
cohorto,11
defensor,11
fautor,11
satio,11
pergama,11
fragor,11
mediocris,11
corrigo,11
uirgultum,11
uelocitas,11
uerso,11
festinatio,11
affligo,11
despero,11
amentia,11
libenter,11
auspicatus,11
adflictus,11
incursus,11
excello,11
patro,11
reputo,11
adulescentia,11
eleuo,11
dissonus,11
funestus,11
relatio,11
fortuitus,11
diues,11
menenius,11
risus,11
puppis,11
deceo,11
area,11
accelero,11
calor,11
kalendae,11
prehenso,11
columna,11
lixa,10
f,10
petitio,10
cicatrix,10
cubiculum,10
s,10
ueneficium,10
uas,10
fleo,10
collinus,10
incestus,10
administratio,10
marcus,10
repugno,10
senus,10
circumiectus,10
diurnus,10
supersto,10
fundus,10
miseria,10
gnarus,10
heluius,10
erubesco,10
olim,10
siluestris,10
depositum,10
affatim,10
septentrio,10
candidus,10
gloriosus,10
respiro,10
simplex,10
uoluto,10
oborior,10
armamenta,10
confragosus,10
reporto,10
oboedienter,10
polluo,10
omnino,10
culta,10
uictrix,10
septendecim,10
discrepo,10
recta,10
officio,10
promineo,10
nauigium,10
pando,10
antistes,10
immeritus,10
efficax,10
intolerandus,10
praeses,10
sacellum,10
multaticius,10
patera,10
hodiernus,10
globus,10
reseruo,10
apto,10
circumuallo,10
pactio,10
milium,10
perfundo,10
particeps,10
exsecratio,10
cominius,10
laxamentum,10
occidio,10
procido,10
quaestus,10
imbuo,10
miseror,10
arcanus,10
incrementum,10
pudet,10
praecaueo,10
impunitus,10
pluo,10
nauticus,10
planus,10
affluo,10
crudeliter,10
immaturus,10
discribo,10
innocentia,10
attingo,10
peropportune,10
nescio,10
consolo,10
irascor,10
apparitor,10
communicor,10
induo,10
lumen,10
stolidus,10
ominor,10
censorius,10
magnificentia,10
contemptim,10
uerbero,10
dissentio,10
pecco,10
gubernator,10
uehemens,10
fluctus,10
escensio,10
conlecta,10
profugus,10
rogus,10
classicus,10
territo,10
lapsus,10
clipeus,10
exitium,10
fletus,10
strepo,10
fundamentum,10
caduceator,10
pacta,10
inscius,10
bigatus,10
eburneus,10
pabulum,10
deliberatio,10
lusus,10
purus,10
recido,10
algidus,10
hortensius,10
deuerto,9
denuntiatio,9
testamentum,9
euinco,9
praetextatus,9
perduellio,9
consentiens,9
missio,9
exuro,9
theatrum,9
millies,9
concido,9
singularis,9
naeuius,9
rogatus,9
quatio,9
eminens,9
indomitus,9
eloquentia,9
modice,9
cohibeo,9
uestitus,9
refercio,9
uber,9
feritas,9
alimentum,9
gemino,9
deturbo,9
asperitas,9
contemplatus,9
intercido,9
ploratus,9
pabulator,9
silex,9
domicilium,9
optime,9
inscribo,9
obtingo,9
mitigo,9
defensio,9
domina,9
prodico,9
clauis,9
peruius,9
uastatio,9
propello,9
cunctanter,9
offundo,9
satin,9
circumsisto,9
duodeuiginti,9
faenerator,9
cella,9
procer,9
praeclarus,9
caligo,9
alioqui,9
tergiuersor,9
propulso,9
legionarius,9
corono,9
conquisitio,9
castigatio,9
labes,9
uitricus,9
mirabundus,9
conuentum,9
abripio,9
lasciuia,9
contamino,9
munia,9
deminuo,9
indulgentia,9
deterior,9
torrens,9
achaius,9
laedo,9
maenius,9
gladiator,9
insulto,9
messis,9
obsaepio,9
incultus,9
pomerium,9
contemplo,9
usura,9
cruciatus,9
ambages,9
maleficium,9
interiacio,9
animal,9
distineo,9
laxo,9
cumae,9
perses,9
exsecrabilis,9
longinquitas,9
demorior,9
fulgeo,9
pensum,9
suppliciter,9
postmodo,9
siccus,9
naufragium,9
exsanguis,9
coniecto,9
satietas,9
baebius,9
ueturius,9
cacumen,9
colluuio,9
aemulatio,9
succenseo,9
sceleratus,9
superstes,9
strata,9
intereo,9
corruo,9
alternus,9
uiolentia,9
flagro,9
penates,9
creditor,9
sordidatus,9
anio,9
decursus,9
postulatus,9
certatim,9
quasso,9
feria,9
assolo,9
achaia,9
purpuratus,9
fornix,9
permunio,9
dedicatio,9
segnitia,9
capitolinus,9
pestilens,9
lorica,9
obstrepo,9
imperito,9
uindicia,9
rescindo,8
agr,8
periclitor,8
uenus,8
c,8
ei,8
occulto,8
debitor,8
expugnatio,8
aro,8
incubo,8
proscribo,8
uarus,8
scaenicus,8
rus,8
pretiosus,8
torquis,8
contribuo,8
ambracia,8
distantia,8
egero,8
praetendo,8
dolium,8
completus,8
tranquillitas,8
conseruo,8
peruagor,8
crepitus,8
funda,8
occaeco,8
concremo,8
gratuitus,8
sanctitas,8
inaequalis,8
autumnus,8
propero,8
citra,8
uago,8
inordinatus,8
glisco,8
separo,8
recessus,8
angulus,8
agedum,8
nempe,8
inhonoratus,8
minerua,8
succumbo,8
colloco,8
specus,8
bubulcus,8
denso,8
grassor,8
ascensus,8
uastitas,8
instigo,8
palor,8
integro,8
colus,8
mensa,8
culmen,8
ceres,8
uello,8
dirus,8
furia,8
pila,8
taedeo,8
inualidus,8
attollo,8
pullarius,8
pullus,8
pasco,8
detestor,8
manubia,8
as,8
praesente,8
improbo,8
catapulta,8
uindicta,8
damnosus,8
obsecro,8
asseruo,8
quasi,8
permulceo,8
quandoque,8
insectatio,8
refello,8
emano,8
scius,8
decimius,8
gladiatorius,8
obsequium,8
doleo,8
amens,8
atrium,8
necne,8
residuus,8
tribuo,8
inexploratus,8
praetorium,8
suppeto,8
maeror,8
penuria,8
proruo,8
legens,8
amoenus,8
quinquageni,8
uescor,8
conitor,8
interrogatio,8
uiolentus,8
cubile,8
pauper,8
mino,8
sicubi,8
faber,8
sacrilegium,8
porrigo,8
proserpina,8
mollio,8
circum,8
circummitto,8
redux,8
nauigatio,8
herba,8
freno,8
seueritas,8
monitum,8
repulsus,8
uaco,8
abalieno,8
spiculum,8
iocur,8
impressio,8
uestalis,8
stultitia,8
parcus,8
subsum,8
assuefacio,8
perpopulor,8
nonne,8
sollicitudo,8
implico,8
cincius,8
comploratio,8
termino,8
limes,8
exardeo,8
uiritim,8
perseuerantia,8
commeo,8
immunis,8
perscribo,8
absterreo,8
intolerabilis,8
mane,8
hibernaculum,8
limen,8
rixa,8
obstupefacio,8
comploro,8
letum,8
lycius,8
mucius,8
duellum,8
triumphalis,7
gellius,7
pirata,7
ambitus,7
cicero,7
iugerum,7
auunculus,7
pupillus,7
atinius,7
galbus,7
calidus,7
mentior,7
linteum,7
nobilito,7
sestertius,7
uorago,7
curtius,7
mus,7
utrobique,7
ianiculum,7
comporto,7
instar,7
contego,7
fodio,7
surruo,7
intersaepio,7
odor,7
occurso,7
insanio,7
tactus,7
similitudo,7
arbitratus,7
infringo,7
extenuo,7
fertilis,7
ululatus,7
sudor,7
exaspero,7
uaticinor,7
demigro,7
amplitudo,7
conquiesco,7
consector,7
delabor,7
penso,7
constanter,7
coaceruo,7
inundo,7
excutio,7
audacter,7
affinis,7
perplexus,7
punio,7
scindo,7
substituo,7
examen,7
crux,7
praesideo,7
anteeo,7
palma,7
uenerabilis,7
purpureus,7
temperantia,7
moderor,7
nubo,7
ceno,7
hereditas,7
prorsus,7
spelunca,7
apte,7
fabrico,7
praepotens,7
semirutus,7
laxus,7
requies,7
exonero,7
uolgaris,7
decoro,7
for,7
quadratum,7
trinus,7
imperatorius,7
bifariam,7
aulius,7
succlamo,7
mobilis,7
criminatio,7
quantuscumque,7
manes,7
prospectus,7
minitor,7
sacrificatus,7
altar,7
superstitio,7
prouolo,7
peropportunus,7
uicesimus,7
uultus,7
indidem,7
sepultura,7
admiror,7
careo,7
crinis,7
stimulus,7
metallum,7
antiquitus,7
adhaereo,7
euidens,7
nimirum,7
periurium,7
quotienscumque,7
rusticus,7
praelatus,7
adloquium,7
adnuo,7
cloaca,7
commentarius,7
incredibilis,7
praeopto,7
uiscus,7
porcus,7
factura,7
miseratio,7
pudeo,7
excellens,7
exanimis,7
libere,7
obuerto,7
concurso,7
internecio,7
coitio,7
appellatio,7
frequenter,7
effugium,7
subsidiarius,7
contrarius,7
amplexus,7
erudio,7
curiatus,7
caelo,7
perfugium,7
consuesco,7
assideo,7
assurgo,7
exauctoro,7
mulco,7
nouendialis,7
salum,7
difficulter,7
uelamentum,7
detestabilis,7
productum,7
effringo,7
speculum,7
scapha,7
maurus,7
pignero,7
innocens,7
laeua,7
exaequo,7
seges,7
stata,7
praeuertor,7
praerogatiuus,7
agnus,7
reparo,7
diduco,7
abrumpo,7
perexiguus,7
placidus,7
tracto,7
exsulto,7
remigium,7
lutatius,7
uenum,7
tenus,7
lautia,7
pigritia,7
alpinus,7
detrimentum,7
concutio,7
opifex,7
sedulus,7
introeo,7
calcar,7
dictatorius,7
noscito,7
orbitas,7
inscitia,7
discerno,7
perlustro,7
ruptor,7
uesta,7
culter,7
incensus,7
communico,7
addictus,7
collatio,7
laudabilis,7
hospitaliter,7
sergius,7
matuta,7
commodum,7
cognatio,7
possessor,7
perueho,7
citus,7
murmur,7
raro,7
iaculor,7
enascor,7
suspicor,7
grauate,7
incorruptus,7
procliuis,7
nouitas,7
coemo,7
commemoratio,7
undecimus,7
inuisitatus,7
succingo,7
foeditas,7
aequitas,7
alligo,7
socordia,7
interdico,7
solidus,7
attributus,7
iuuenalis,7
umor,7
nuntia,7
inhumanus,7
conticesco,7
badius,7
transilio,7
speculatorius,7
auitus,7
dens,7
medicus,7
cicereius,7
creta,6
indemnatus,6
flauus,6
uolito,6
transalpinus,6
deciens,6
exstruo,6
germanus,6
mucro,6
manumitto,6
cursor,6
contradico,6
facies,6
exulo,6
deruptus,6
penna,6
falx,6
immodice,6
mutabilis,6
marmoreus,6
sicuti,6
frustro,6
suboles,6
tripudium,6
degenero,6
horridus,6
amoenitas,6
glans,6
meridianus,6
praeruptus,6
uarietas,6
configo,6
introrsus,6
eminus,6
profundus,6
conuallis,6
ultio,6
iactus,6
latio,6
impertio,6
immanis,6
demos,6
aenus,6
neapolis,6
conuello,6
callidus,6
portorium,6
implacabilis,6
necubi,6
malignitas,6
humilitas,6
capena,6
splendor,6
latitudo,6
caeres,6
ocius,6
hauddum,6
senium,6
restinguo,6
formido,6
iactans,6
desertor,6
cauillor,6
facundus,6
interuentus,6
gratifico,6
dumtaxat,6
lignor,6
depugno,6
adorno,6
mulus,6
mactus,6
reclamo,6
focus,6
muralis,6
tetrachmum,6
supellex,6
instabilis,6
infitior,6
iactatio,6
ueneror,6
quatenus,6
persono,6
innumerabilis,6
tricesimus,6
testimonium,6
exactor,6
impunitas,6
disceptator,6
accolo,6
frenum,6
postulatio,6
auide,6
insector,6
impetrabilis,6
licinus,6
persaepe,6
funebris,6
transmarinus,6
querimonia,6
attenuo,6
inexpiabilis,6
paeonius,6
trigeminus,6
bellator,6
lanio,6
insinuo,6
sponsor,6
intento,6
femur,6
inambulo,6
distinguo,6
tegumentum,6
recordor,6
uecors,6
semisomnus,6
lectio,6
potitius,6
fulcio,6
impugno,6
imperiosus,6
nutrio,6
linteus,6
instinctus,6
penetralis,6
praeeo,6
tecum,6
hosticus,6
asporto,6
lapido,6
delictum,6
squalor,6
olea,6
perperam,6
collabor,6
armamentarium,6
blanditia,6
prospecto,6
diua,6
coalesco,6
caro,6
anfractus,6
turmatim,6
oct,6
inflatus,6
furca,6
superne,6
transmissus,6
illic,6
deuoluo,6
sis,6
mamilius,6
ternus,6
matutinus,6
sedulo,6
inexpertus,6
euanesco,6
dubitatio,6
protraho,6
segrego,6
causor,6
grando,6
africus,6
exsupero,6
seruator,6
necessitudo,6
interiaceo,6
auersor,6
defodio,6
accisus,6
quadringeni,6
pedum,6
caleo,6
anquiro,6
luxurio,6
describo,6
prouoluo,6
caterua,6
libra,6
offensio,6
capillus,6
far,6
anima,6
cincinnatus,6
moneta,6
supinus,6
intercessor,6
auspicato,6
ancile,6
cotidianus,6
resoluo,6
moribundus,6
praeualidus,6
obsecratio,6
permuto,6
stabilio,6
rapina,6
intestinum,6
digitius,6
sponsus,6
armentum,6
perennis,6
apustius,6
disiungo,6
interfor,6
maceria,6
recurro,6
partim,6
necopinans,6
erogo,6
iners,6
coleus,6
inertia,6
detractatio,6
alternis,6
lacrimo,6
maternus,6
sagulum,6
sulla,6
lamia,6
lugubris,6
aquor,6
habilis,6
uenter,6
comitialis,6
inuiso,6
quiuis,6
recognosco,6
decuma,6
torridus,6
casa,6
subitarius,6
assentatio,6
infula,6
alea,6
intemperans,6
probrus,6
grauo,6
lugeo,6
puerilis,6
quadriennium,6
uiduus,6
notitia,6
nuptialis,6
eniteo,6
existimatio,6
inuitatus,6
lauinius,6
tanaquil,6
arripio,6
liberalis,6
phalangitae,6
sextilis,6
rutilius,5
catulus,5
mundus,5
picens,5
acquiro,5
exardesco,5
pagus,5
frumentarius,5
subsido,5
uestinus,5
incognitus,5
obnitor,5
senatorius,5
crus,5
acerbe,5
potentia,5
asser,5
detergeo,5
stipes,5
praelongus,5
hortatus,5
commendo,5
processus,5
egestas,5
ludificatio,5
tyrannis,5
detrudo,5
fanaticus,5
plaga,5
cinctus,5
debilito,5
confiteor,5
obstruo,5
labefacto,5
merx,5
inclamo,5
tradux,5
iusiurandum,5
immunitas,5
chius,5
uendito,5
postis,5
obsolesco,5
umbilicus,5
perduellis,5
exorsus,5
supersedeo,5
domitor,5
casu,5
pilleatus,5
requiro,5
lucius,5
inspecto,5
laudatio,5
credibilis,5
accidens,5
incresco,5
apollinaris,5
diligens,5
macer,5
aedilicius,5
fumo,5
praemoneo,5
ambitiosus,5
obiecto,5
suggero,5
diuendo,5
ferentinum,5
commode,5
intermisceo,5
praestituo,5
sollers,5
postridie,5
bouarius,5
superuacaneus,5
lancea,5
resido,5
principalis,5
turbidus,5
adequito,5
conscindo,5
iurgo,5
procursus,5
cratis,5
enuntio,5
surgo,5
alarius,5
oppleo,5
pulchritudo,5
grandis,5
mollitia,5
exercitatus,5
munitor,5
parsimonia,5
uerum,5
conflagro,5
quadrageni,5
sacrificulus,5
conualesco,5
perturbatio,5
ancilla,5
socrus,5
ecqui,5
coarguo,5
aduoluo,5
misereo,5
cooperio,5
optio,5
afflo,5
abutor,5
minaciter,5
praeiudicium,5
impudens,5
competitor,5
amolior,5
piso,5
tantundem,5
locatio,5
cohaereo,5
operio,5
occursus,5
lenitas,5
istic,5
obiectus,5
ingigno,5
uerendus,5
surdus,5
flebilis,5
lorum,5
furto,5
exquiro,5
lito,5
itus,5
sons,5
dorsum,5
praeuerto,5
ementior,5
sarcio,5
aspreta,5
hortator,5
inuidiosus,5
tibicen,5
dito,5
tessera,5
geganius,5
socors,5
modestus,5
paululum,5
duodequadraginta,5
haesito,5
argentarius,5
temptatio,5
clementer,5
duodecimus,5
abscessus,5
exacerbo,5
scorpio,5
libens,5
uociferatio,5
insepultus,5
praesagio,5
recreo,5
uiolator,5
diluo,5
bonum,5
piacularis,5
iniurius,5
secta,5
accessus,5
scutatus,5
diffugio,5
scala,5
propugnaculum,5
prudenter,5
aegritudo,5
sublimis,5
uesper,5
iactatus,5
chordus,5
insanabilis,5
fetus,5
scelestus,5
pestifer,5
conductum,5
aliquid,5
uecto,5
compar,5
quater,5
confluens,5
foederatus,5
exsurgo,5
fideliter,5
perplexe,5
diuino,5
laceratio,5
circumuehor,5
immitis,5
detineo,5
monstro,5
honorificus,5
paupertas,5
modeste,5
regimen,5
recepto,5
percenseo,5
furtum,5
patrocinium,5
barba,5
tarpeius,5
carnifex,5
aggrauo,5
addico,5
allium,5
incisum,5
antistius,5
comparatio,5
sepono,5
cauea,5
adsuetudo,5
propugno,5
elicius,5
hortus,5
delinquo,5
incolumitas,5
ingemo,5
fonteius,5
conceptus,5
pyrenaeus,5
laetorius,5
adultus,5
sponsa,5
laurea,5
tresuiri,5
quaestura,5
facilitas,5
excelsus,5
emptum,5
funditus,5
nimbus,5
munificus,5
torqueo,5
limus,5
discors,5
procurso,5
tubulus,5
exolesco,5
machinatio,5
inclinatio,5
considero,5
procuratio,5
arca,5
prolato,5
trano,5
uersor,5
genucius,5
ergastulum,5
inconsulte,5
laena,5
pinarius,5
extrinsecus,5
uosmet,5
salubris,5
uiolens,5
confodio,5
tumultuose,5
aequaliter,5
otiosus,5
dissensio,5
sospes,5
laureatus,5
contionabundus,5
imperitus,5
concursatio,5
serenus,5
atticus,5
deformitas,5
utpote,5
capra,5
hexapylon,5
benefacio,5
promiscue,5
intercursus,5
rubor,5
impauidus,5
infirmitas,5
admixtus,5
lapideus,5
rideo,5
optumas,5
canuleius,5
confingo,5
studeo,5
rapum,5
paluster,5
feriae,5
incumbo,5
inauro,5
aquator,5
formo,5
lucumo,5
mire,5
osculum,5
ardea,5
decemuiralis,5
succido,5
quieto,5
tabella,5
praedium,5
conuiua,5
simplicitas,5
enitor,4
conspiratio,4
annius,4
fragmentum,4
cisalpinus,4
diadema,4
repudio,4
centesimus,4
quingentesimus,4
acerrime,4
miserabiliter,4
laboriosus,4
egnatius,4
admisceo,4
praes,4
perrogo,4
transfodio,4
inquino,4
dediticius,4
stolo,4
peculatus,4
asiaticus,4
depereo,4
remoueo,4
largior,4
plumbum,4
praefringo,4
flo,4
misereor,4
medimnum,4
feruidus,4
generosus,4
mitesco,4
clemens,4
extinguo,4
piscis,4
gelidus,4
terrenus,4
placide,4
candor,4
euello,4
perimo,4
amans,4
iugulo,4
frustratio,4
praegrauo,4
habena,4
compitum,4
probus,4
maronitus,4
oporteo,4
suborno,4
infrequentia,4
stips,4
uitio,4
casurus,4
delitesco,4
dispenso,4
argumentor,4
calumnia,4
sollemne,4
excusatio,4
assidue,4
promo,4
deuincio,4
uapor,4
uicatim,4
deuro,4
castus,4
augurius,4
sophus,4
infitiae,4
rapidus,4
erratum,4
fetiales,4
mutus,4
strenue,4
falernus,4
ingrauesco,4
adminiculum,4
pudicus,4
ferus,4
intolerans,4
cassus,4
adiaceo,4
uigilo,4
opero,4
nauiter,4
comminor,4
coniectura,4
clitella,4
incessus,4
nonaginta,4
bibo,4
urus,4
aceo,4
ciuicus,4
uelox,4
astringo,4
furtim,4
subter,4
textilis,4
cistophorus,4
officina,4
pure,4
concubitus,4
delenimentum,4
aebutius,4
amator,4
importo,4
quinqueuir,4
stupro,4
serpo,4
comburo,4
demolio,4
uenatio,4
multifariam,4
assentator,4
amplifico,4
prouincialis,4
compes,4
reposco,4
scientia,4
contemptor,4
municipium,4
incalesco,4
accubo,4
attraho,4
libo,4
basilica,4
ludificatus,4
uisceratio,4
liquidus,4
tirocinium,4
superfundo,4
recordatio,4
obstipesco,4
polybius,4
december,4
solium,4
axius,4
octoni,4
herbidus,4
stupor,4
perfidus,4
rescribo,4
renascor,4
distendo,4
adhortator,4
insatiabilis,4
fastus,4
clupeum,4
mortifer,4
circumsido,4
abscido,4
fertus,4
folium,4
persona,4
inruo,4
dimoueo,4
congruentia,4
prandeo,4
gaesum,4
d,4
coacto,4
umbo,4
seorsus,4
uolcanus,4
posteaquam,4
forensis,4
uiridis,4
concitor,4
consternatio,4
nasus,4
leuiter,4
alienigenus,4
apporto,4
septies,4
pleo,4
infigo,4
gymnasium,4
uotiuus,4
abunde,4
delectus,4
flexus,4
alluo,4
sal,4
circiter,4
specula,4
concrepo,4
peregre,4
instratus,4
prosilio,4
effulgeo,4
uenalis,4
astus,4
castrensis,4
sano,4
carteius,4
procursatio,4
fortunatus,4
accingo,4
enumero,4
aemulor,4
contumeliosus,4
decurio,4
caneo,4
consanguineus,4
assero,4
iugulum,4
lamentum,4
sexageni,4
porricio,4
increbresco,4
intemperies,4
comminiscor,4
epotus,4
dictio,4
inhaereo,4
commigro,4
impendium,4
lectica,4
sibyllinus,4
decerto,4
accurro,4
euoluo,4
manlianus,4
facesso,4
cunctator,4
reses,4
subiectus,4
fluctuo,4
salue,4
continuatio,4
uena,4
ducto,4
auspicor,4
liberaliter,4
septeni,4
indefensus,4
otiose,4
serenitas,4
insolens,4
subnixus,4
potio,4
propatulus,4
placabilis,4
inhabilis,4
infidelis,4
diuinitus,4
sustento,4
quingeni,4
scopa,4
diuturnitas,4
piscatorius,4
mensarius,4
aemulus,4
effigies,4
queo,4
reciperator,4
dos,4
agilitas,4
hereditarius,4
uestio,4
hastile,4
deprimo,4
obtorpesco,4
isthmus,4
reticeo,4
altercor,4
demonstro,4
debilitas,4
commoditas,4
impudenter,4
septuageni,4
buteo,4
perlego,4
deuersorium,4
cadauer,4
traditio,4
tubicen,4
plausus,4
smyrna,4
dilato,4
saepis,4
contundo,4
stramentum,4
edissero,4
trunco,4
funis,4
maritus,4
reconciliatio,4
discretus,4
percontatio,4
inopinans,4
histrio,4
perlito,4
irrideo,4
collum,4
solutio,4
luxus,4
foedo,4
delenio,4
aridus,4
salutatio,4
uenor,4
reuoluo,4
acquiesco,4
transmigro,4
elanguesco,4
largus,4
denudo,4
siccitas,4
orbo,4
duodeni,4
inauditus,4
antecedo,4
defluo,4
similiter,4
cinis,4
demeto,4
ico,4
indigne,4
ruber,4
imprudens,4
nutrix,4
parate,4
fatigatio,4
portula,4
prouidentia,4
furiosus,4
philus,4
epularis,4
deuasto,4
blandus,4
exaedifico,4
seduco,4
stultus,4
molestus,4
obtrectatio,4
conicus,4
aquatio,4
proles,4
promisce,4
aduerso,4
deses,4
constringo,4
aedis,4
pompilus,4
anniuersarius,4
illecebra,4
gaza,4
undeuiginti,4
approbatio,4
iuuentius,4
auare,4
cauo,4
gelu,4
glacies,4
ueritas,4
elegans,4
cogitatum,4
cataphractus,4
mansuetus,4
postmodum,4
quercus,4
intercalarius,4
effrenatus,4
sodalis,4
adsertor,4
lasciuio,4
hepteris,4
praepropere,4
propensus,4
assentor,4
deprecatio,4
fimbria,4
lustratio,4
meditor,4
afranius,3
peroro,3
impotentia,3
diuidus,3
permutatio,3
percussor,3
uidua,3
cognominatus,3
emendo,3
eruo,3
consummo,3
manilius,3
paelex,3
cosconius,3
opimius,3
lucusta,3
catonium,3
delegatus,3
norbanus,3
mutilus,3
perterreo,3
uenetus,3
relegatio,3
aniensis,3
seminarium,3
amo,3
perspicio,3
falcatus,3
libramentum,3
intempestus,3
stuppa,3
pix,3
colluceo,3
excogito,3
fistula,3
operculum,3
pluma,3
electio,3
deprecator,3
aequipero,3
importunus,3
impudentia,3
ubertas,3
procerus,3
degener,3
caelus,3
alias,3
sagino,3
anticus,3
circumicio,3
carnis,3
ater,3
maculo,3
aculeus,3
scruto,3
uepris,3
inuoluo,3
matronalis,3
lignator,3
harena,3
fluxus,3
libro,3
deuexus,3
demiurgus,3
eneruo,3
clipeo,3
municeps,3
actuaria,3
moneris,3
incommode,3
adoro,3
sibylla,3
desumo,3
phrygius,3
castellanus,3
cruento,3
auolo,3
emollio,3
laureus,3
fastidium,3
decresco,3
conuicium,3
splendeo,3
exsatio,3
quadragies,3
ducenties,3
pie,3
superiacio,3
nimium,3
aegaeus,3
inflammo,3
circumuado,3
allego,3
luceres,3
palmatus,3
lituus,3
dignatio,3
dispensatio,3
immotus,3
illicio,3
lucrum,3
romuleus,3
scite,3
immerito,3
restito,3
flagito,3
ductor,3
tus,3
pecuarius,3
cerua,3
deflecto,3
rota,3
multifarius,3
introrsum,3
excessus,3
stator,3
obiaceo,3
opulentia,3
pluteus,3
linteatus,3
crista,3
doctrina,3
incompertus,3
diligentia,3
furialis,3
maecius,3
deflagro,3
armilla,3
uallaris,3
uicies,3
quirinus,3
seuere,3
semis,3
corruptela,3
maligne,3
circumsono,3
discerpo,3
dego,3
socio,3
obsero,3
opertum,3
proloquor,3
obscenus,3
adulterinus,3
uulgatus,3
tristitia,3
ingemesco,3
respuo,3
insolenter,3
disertus,3
fibula,3
uenumdo,3
arcadia,3
exstructum,3
precarius,3
molliter,3
nonagesimus,3
suffragor,3
procax,3
ludo,3
inaedifico,3
lautumia,3
defleo,3
consigno,3
uestigo,3
posticus,3
maereo,3
clangor,3
quirinalis,3
expiatio,3
remeo,3
oppeto,3
paludamentum,3
seminudus,3
praepedio,3
concitatio,3
uiolarium,3
intercalo,3
somnium,3
assoleo,3
impubes,3
pernicitas,3
temulentus,3
adulatio,3
percurro,3
auius,3
barbula,3
crapula,3
consilio,3
concino,3
quinquennalis,3
reformido,3
inclemens,3
comis,3
dolabra,3
ocrea,3
uersicolor,3
largitor,3
interdictum,3
defessus,3
contumacia,3
phalerae,3
primordium,3
animo,3
uicarius,3
firmamentum,3
incuriose,3
humanitas,3
hexeris,3
sordes,3
exitiabilis,3
decido,3
re,3
recursus,3
enarro,3
patruelis,3
lac,3
furtiuus,3
inaestimabilis,3
confluo,3
commentum,3
quadrigae,3
conflo,3
maturitas,3
tabulatus,3
reciproco,3
carinus,3
transcurro,3
spica,3
meto,3
biceps,3
copulo,3
duodetriginta,3
obstinate,3
hospitus,3
utiliter,3
ministro,3
conuenae,3
corbis,3
nonnihil,3
suesco,3
formus,3
attrecto,3
carptim,3
succlamatio,3
affectus,3
pueritia,3
intorqueo,3
imprudentia,3
pernumero,3
marcesco,3
perbreuis,3
optabilis,3
dimidium,3
uiaticum,3
abies,3
lacinia,3
praesentio,3
accommodo,3
auguro,3
impingo,3
manipulatim,3
uexillarius,3
antepilanus,3
prouerbium,3
exsero,3
insilio,3
sidus,3
refulgeo,3
paululus,3
religo,3
restis,3
indicatura,3
medicamentum,3
confuto,3
conscelero,3
pratum,3
breuitas,3
pontus,3
uerutum,3
diluceo,3
nexus,3
quispiam,3
mancus,3
interpretatio,3
mina,3
obtestatio,3
obtrecto,3
demando,3
respecto,3
admonitus,3
debilis,3
praecludo,3
centenius,3
coicio,3
interequito,3
sarmentum,3
allicio,3
selibra,3
rufus,3
quousque,3
exturbo,3
contactus,3
portio,3
suasor,3
percieo,3
honeste,3
nauus,3
tragula,3
emptor,3
perpetior,3
usitatus,3
appropero,3
taureus,3
atella,3
fertilitas,3
ostentatio,3
fabrefactus,3
introitus,3
temperans,3
decusso,3
olympia,3
lynx,3
semustus,3
clientela,3
cluuius,3
utensilis,3
pecu,3
sexus,3
obtundo,3
emunio,3
spartum,3
moderator,3
integritas,3
equuleus,3
merula,3
pernox,3
frumentatio,3
remulcum,3
obmutesco,3
inclementer,3
uernus,3
aequinoctium,3
perfacilis,3
undequinquaginta,3
arrogantia,3
interfluo,3
perfodio,3
scaena,3
rallus,3
retundo,3
mercatus,3
inuitatio,3
antiochia,3
ordinarius,3
militariter,3
harundo,3
texo,3
lactens,3
aurunculeius,3
curio,3
uulturius,3
praedamno,3
salio,3
regalis,3
latine,3
sudis,3
agitatio,3
praeproperus,3
pompa,3
publicius,3
obambulo,3
gubernaculum,3
interitus,3
diffundo,3
serpens,3
actor,3
insciens,3
neutiquam,3
deuolo,3
agaso,3
salina,3
palo,3
degrauo,3
manipularis,3
ecce,3
torpidus,3
obtempero,3
turbulentus,3
hiemo,3
inlino,3
beatus,3
maledictum,3
dica,3
irrogo,3
tempestiuus,3
praeualens,3
trames,3
adaperio,3
uenerabundus,3
molimentum,3
effreno,3
quanam,3
sublicius,3
bustum,3
tignum,3
quinquagesimus,3
rudimentum,3
infernus,3
paenitentia,3
deseco,3
siluester,3
cascus,3
redemptio,3
aedituus,3
uenator,3
exorabilis,3
conspicor,3
exsequia,3
inuentor,3
prouisus,3
lamentatio,3
reprimo,3
aduolo,3
affingo,3
nodus,3
summergo,3
neapolitanus,3
tacite,3
lana,3
nihildum,3
fenestra,3
pilleum,3
ludificor,3
aliunde,3
cornicen,3
pontificius,3
arcus,3
ligneus,3
reluceo,3
conquisitor,3
uncus,3
nuptus,3
phaleratus,3
uilitas,3
sapio,3
insolentia,3
turbator,3
apiscor,3
spiro,3
fortasse,3
glaeba,3
obuoluo,3
praediues,3
mercor,3
perfringo,3
percussus,3
conata,3
tegumen,3
digressus,3
impunis,3
accendium,3
minax,3
salii,3
tripertitus,3
perseueranter,3
exoro,3
quamdiu,3
auidius,3
appositus,3
secundani,3
breuiter,3
succendo,3
foras,3
aereus,3
pisum,3
lunensis,3
simpliciter,3
celox,3
lubricus,3
strues,3
semenstris,3
circumscribo,3
praetergredior,3
triceni,3
demereo,3
horror,3
asylum,3
effodio,3
uirginitas,3
consaluto,3
tonitrus,3
decuria,3
baculum,3
ianus,3
meta,3
opacus,3
alba,3
curiatius,3
cera,3
laqueus,3
nurus,3
semianimis,3
tugurium,3
condus,3
perosus,3
retracto,3
macula,3
adulo,3
euagor,3
ualua,3
aquilo,3
cubitum,3
agema,3
camelus,3
axis,3
commendatio,3
cardo,3
audaciter,3
auarus,3
quadrigatus,3
sanitas,3
accusatorius,3
circensis,3
tabellarius,3
obsum,3
curriculum,3
adoptio,3
caninius,3
emico,3
inmitto,3
memmius,3
tripes,3
dissimulanter,2
iudaeus,2
iuba,2
quadragesimus,2
cilicium,2
epistula,2
inuicem,2
praeripio,2
saga,2
repetunda,2
discido,2
honestas,2
bibulus,2
heluetius,2
confusio,2
pontificatus,2
impotenter,2
adopto,2
catilina,2
ambiorix,2
uitupero,2
libellus,2
praeceptor,2
nauicula,2
frigidus,2
triens,2
sublego,2
faenero,2
ducatus,2
destruo,2
bouillus,2
parthicus,2
gabinius,2
muliebriter,2
ofella,2
adoperio,2
unguis,2
aurata,2
fabricius,2
praemeditor,2
nauigabilis,2
tolleno,2
robustus,2
malleolus,2
ferramentum,2
perforo,2
sarisa,2
fabrilis,2
aduro,2
large,2
auello,2
adiectio,2
cauillatio,2
fecunditas,2
coma,2
proprietas,2
mulceo,2
mansuefacio,2
uelitaris,2
cutis,2
constitutus,2
tela,2
scutale,2
ambitiose,2
dissideo,2
decessus,2
crassipes,2
criminose,2
malitia,2
diuortium,2
uepres,2
cohonesto,2
columen,2
consors,2
defloresco,2
dissuasor,2
mulsum,2
superimpono,2
ennius,2
ciuiliter,2
respublica,2
fur,2
propago,2
patauium,2
adito,2
laco,2
cilnius,2
attendo,2
pastoralis,2
retento,2
lente,2
infimus,2
titiensis,2
incingo,2
attius,2
senilis,2
subscribo,2
auerrunco,2
enubo,2
iracundia,2
ruminalis,2
uaticanus,2
uerutus,2
sexiens,2
octogeni,2
sagum,2
uolumen,2
circumequito,2
perspicuus,2
circumspectus,2
effor,2
integumentum,2
consaeptum,2
cristatus,2
forsan,2
caedicius,2
iniuratus,2
controuersus,2
scaeuus,2
locupleto,2
palumbinus,2
posteritas,2
stragulus,2
uulgaris,2
tympanum,2
cymbalum,2
capax,2
uicinitas,2
quirito,2
piger,2
calx,2
immigro,2
effemino,2
uaticinus,2
athleta,2
recolo,2
procreo,2
armus,2
tenax,2
ridiculus,2
appendix,2
faex,2
pascuus,2
gratiosus,2
color,2
insculpo,2
calleo,2
nimio,2
rigidus,2
octogesimus,2
minitabundus,2
daps,2
triclinium,2
ossum,2
gemo,2
hystrix,2
saturnius,2
anser,2
nouacula,2
osculor,2
aquosus,2
torpor,2
inuro,2
fouea,2
egenus,2
uesanus,2
obsessor,2
exercitatio,2
ferax,2
deuerticulum,2
spado,2
prauitas,2
indus,2
statarius,2
distinctus,2
inritamentum,2
quamlibet,2
interneciuus,2
magisterium,2
perquam,2
praecino,2
sutrinus,2
aruum,2
cuneatus,2
tensa,2
intutus,2
praedicatio,2
anagninus,2
marcianus,2
castor,2
digero,2
euolgo,2
barbatus,2
flauius,2
gratis,2
dispertio,2
seminex,2
uiolatio,2
mutilo,2
phoenix,2
praescisco,2
interluceo,2
admonitio,2
eloquor,2
inhonestus,2
crucio,2
desidia,2
mercurius,2
naufragus,2
praedatorius,2
fragilis,2
licenter,2
salarius,2
sextans,2
inconstantia,2
consentius,2
necunde,2
coarto,2
caetra,2
procellosus,2
biremis,2
tricies,2
flagrum,2
trucidatio,2
senecta,2
accumbo,2
dexteritas,2
inaequaliter,2
subleuo,2
lanista,2
principatus,2
correpo,2
uersura,2
languesco,2
albius,2
atrius,2
semilixa,2
mamertinus,2
demens,2
indipiscor,2
seco,2
ueneratio,2
munditia,2
iucundus,2
inuetero,2
aeuum,2
requiesco,2
aequatio,2
exardo,2
consanguinitas,2
imploratio,2
repraesento,2
turmalis,2
plecto,2
destringo,2
conquestus,2
concelebro,2
rorarii,2
profligo,2
addubito,2
suouetaurilia,2
quadrans,2
criminosus,2
suggestus,2
recondo,2
tenebra,2
caduceum,2
ambigue,2
disquisitio,2
uitiosus,2
redemptura,2
propemodum,2
sata,2
praecurro,2
obseruatus,2
posthabeo,2
dextere,2
medeor,2
salubritas,2
lucesco,2
desuetus,2
luceo,2
trecentesimus,2
adiudico,2
uenatus,2
paenula,2
saepes,2
septuagesimus,2
substruo,2
cunctabundus,2
triplico,2
patrimonium,2
sicine,2
maelius,2
gentilicius,2
uegetus,2
uiuidus,2
expugnator,2
illuc,2
reuinco,2
euidenter,2
obaeratus,2
nefastus,2
dextrorsum,2
ecetra,2
gestio,2
uitalis,2
consortio,2
martialis,2
praeiudico,2
ganea,2
intrepide,2
defectus,2
condensus,2
alte,2
comminatio,2
aspere,2
macero,2
exanimus,2
bucina,2
institor,2
dispello,2
diuinatio,2
inlectus,2
macellum,2
muttio,2
antefixus,2
mula,2
lar,2
tardo,2
mergus,2
recusatio,2
nosmet,2
coercitio,2
lineamentum,2
sido,2
neptunus,2
appendo,2
aquila,2
uerecunde,2
tergeo,2
intertrimentum,2
cauerna,2
perdifficilis,2
metropolis,2
same,2
tarde,2
construo,2
densitas,2
insanus,2
hebes,2
liceor,2
corinthius,2
superuado,2
moto,2
patesco,2
dudum,2
exorsa,2
blandior,2
prospeculor,2
confinius,2
obmolior,2
peruideo,2
innecto,2
suburbanus,2
tumeo,2
clipeatus,2
uadosus,2
expugnabilis,2
transcensus,2
deuoco,2
cercurus,2
pertimesco,2
noxia,2
feronia,2
internuntius,2
negotior,2
amphora,2
adnecto,2
isthmia,2
musso,2
uanum,2
aueo,2
ludicrum,2
eno,2
corrogo,2
amiculus,2
nidus,2
prouenio,2
pertempto,2
emereo,2
remoror,2
duodeuicesimus,2
discingo,2
transcursus,2
u,2
oppugnator,2
muliercula,2
remissio,2
supercilium,2
concursator,2
usurpatio,2
litatio,2
cataracta,2
conuentio,2
nouenus,2
poeta,2
carmentalis,2
cupresseus,2
uicensima,2
insociabilis,2
dissimiliter,2
compages,2
commuto,2
placamen,2
indecorus,2
absonus,2
fabella,2
infacundus,2
tarditas,2
adiuro,2
hiatus,2
inauspicatus,2
statura,2
caesim,2
inguen,2
nundinus,2
celsus,2
tributim,2
seuoco,2
unciarius,2
tractatus,2
gaius,2
praenomen,2
ales,2
quandocumque,2
coruinus,2
amictus,2
uigilans,2
priuus,2
donatio,2
perfruor,2
istinc,2
pacifico,2
pruina,2
proconsularis,2
exsudo,2
intermissio,2
neglectus,2
infelicitas,2
terriculum,2
cooptatio,2
niuosus,2
nemus,2
cumque,2
rigo,2
praerogatiua,2
prodigus,2
reuello,2
septunx,2
cratera,2
fugax,2
tribulis,2
praepollens,2
praeferox,2
tegmen,2
cortex,2
aceruo,2
generatim,2
instauratio,2
migratio,2
unice,2
prolatio,2
octiens,2
suillus,2
canus,2
absurde,2
abydenus,2
laconicus,2
pollicitatio,2
pagatim,2
marmor,2
detrunco,2
aberro,2
confertim,2
scyllaeus,2
profano,2
acanthus,2
oleum,2
sitella,2
certatio,2
scitus,2
sanguineus,2
pastus,2
esca,2
sementis,2
adedo,2
lauo,2
salictum,2
inno,2
perfamiliaris,2
aufugio,2
stolide,2
barbaricus,2
curate,2
praeterfluo,2
stabulum,2
dominatus,2
guberno,2
irruptio,2
tragicus,2
pubesco,2
humiliter,2
turbatio,2
exhibeo,2
machinator,2
perleuis,2
unda,2
monitor,2
subuectus,2
aliquantum,2
series,2
aggrego,2
quinctilius,2
stridor,2
intrepidus,2
hebeto,2
inquisitio,2
celebritas,2
uerbena,2
sagmen,2
haedus,2
absurdus,2
splendidus,2
menstruus,2
thorax,2
quadrifarius,2
insignio,2
pergratus,2
animaduersio,2
feretrius,2
feretrum,2
iulus,2
parmatus,2
aequor,2
consideratus,2
lanatus,2
acclino,2
interceptor,2
efflagitatus,2
nux,2
infirmo,2
redemptor,2
commodo,2
pertimeo,2
phalarica,2
piraticus,2
turpiter,2
acclamo,2
merenda,2
intermorior,2
admonitum,2
rado,2
primigenius,2
peruerto,2
abiegnus,2
caementum,2
peremptor,2
insuperabilis,2
expostulo,2
informis,2
superpositus,2
linter,2
inanimus,2
taeter,2
infundo,2
putrefacio,2
illuuies,2
praeustus,2
rigeo,2
fulgor,2
infrenatus,2
elido,2
bruma,2
cauda,2
pluuius,2
torreo,2
transcribo,2
aedicula,2
distringo,2
diuello,2
sollertia,2
apocleti,2
obsequor,2
loricatus,2
intemperantia,2
solstitialis,2
troius,2
tantisper,2
albulus,2
languidus,2
lupa,2
adolesco,2
uultur,2
increpito,2
cacus,2
immortalitas,2
nascor,2
assisto,2
pompilius,2
actiacus,2
digitus,2
obnubo,2
proclamo,2
tigillum,2
pallor,2
lustralis,2
adaequo,2
caelius,2
grauidus,2
sublica,2
expergiscor,2
abstergeo,2
pictor,2
uiminalis,2
praefluo,2
accresco,2
munifice,2
deliberabundus,2
septingentesimus,2
uitis,2
cupide,2
caute,2
immoderatus,2
atrociter,2
participo,2
feruor,2
condono,2
languor,2
a,2
propere,2
plebicola,2
reperio,2
petitor,2
comito,2
lanius,2
salubriter,2
inlibatus,2
malignus,2
subsellium,2
ecquando,2
balneum,2
deuersor,2
luxuriosus,2
exsors,2
appono,2
truncus,2
cateruatim,2
desultor,2
aspergo,2
uadimonium,2
crebro,2
prouidus,2
undesexaginta,2
labrum,2
obscuro,2
commendabilis,2
derigeo,2
fastigatus,2
ancorale,2
inexplicabilis,2
accommodatus,2
beneuolentia,2
germanitas,2
perpaco,2
exordior,2
blaesus,2
securitas,2
dolo,2
immergo,2
clepo,2
delecto,2
segnities,2
consulte,2
inesco,2
poples,2
auctio,2
inseruio,2
conuolo,2
indigeo,2
percipio,2
imbibo,2
conuinco,2
nilus,2
aegyptius,2
intempestiue,2
iracundus,2
tumidus,2
sterilis,2
paeon,2
regionatim,2
delator,2
arto,2
sortito,2
terminalia,2
decumo,2
diremptus,2
inenarrabilis,2
restagno,2
dispicio,2
urinator,2
crassitudo,2
pone,2
supporto,2
pierius,2
loquacitas,2
accurate,2
capito,2
iubatus,2
conplus,2
luscus,2
stratus,2
ile,2
sesceni,2
peruicax,2
uacca,2
nouember,2
diserte,2
aburius,2
sapientia,2
dido,2
magnesium,2
regia,2
hilaritas,2
uictimarius,2
hirtius,2
rutilus,1
sagus,1
bassus,1
roscius,1
magius,1
captiuitas,1
indubitatus,1
didius,1
sentus,1
o,1
genetrix,1
lupercus,1
epidius,1
caesetius,1
legatum,1
pupilla,1
marito,1
iudiciarius,1
surena,1
sescentesimus,1
inlacrimo,1
allobrox,1
asseueratio,1
prouocator,1
etiamnunc,1
conspiro,1
britannia,1
silus,1
transtrum,1
quingenties,1
k,1
praeseco,1
priuignus,1
allocutio,1
infesto,1
murena,1
inuestigo,1
inusitatus,1
quadrifariam,1
tumultuatio,1
fultura,1
pertundo,1
foramen,1
scintilla,1
follis,1
scopulus,1
tibia,1
maeander,1
illiberalis,1
rutilo,1
geno,1
mehercule,1
spina,1
fimum,1
bubulus,1
accliuis,1
insectus,1
tripedalis,1
transuerbero,1
substructio,1
duodeciens,1
globosus,1
sutura,1
uicanus,1
seiuges,1
quinquies,1
exactio,1
biuium,1
imprudenter,1
immanitas,1
allatro,1
librarius,1
mendum,1
concerpo,1
nebulo,1
nugator,1
dissolutus,1
reprehensio,1
sponsalia,1
indignabundus,1
satus,1
expulso,1
fannius,1
nouissime,1
aequicus,1
importuosus,1
irriguus,1
fluuiatilis,1
pontificalis,1
auguralis,1
capis,1
auguratus,1
appuleius,1
incommoditas,1
nongenti,1
caenum,1
fortunate,1
inliberalis,1
consentaneus,1
insumo,1
elinguis,1
duis,1
ast,1
recrudesco,1
perlaetus,1
praescribo,1
rotundus,1
adaugeo,1
ficus,1
curuus,1
uterlibet,1
uallo,1
gesto,1
umbro,1
illac,1
essedum,1
carrus,1
lymphaticus,1
tellus,1
hortamen,1
superstratus,1
denuo,1
pabularis,1
proculco,1
profuse,1
consaeptus,1
detestatio,1
duronius,1
quicum,1
solistimus,1
alaris,1
frondosus,1
pocillum,1
temetum,1
cornicula,1
occupatio,1
aruina,1
persterno,1
transmontanus,1
cognitor,1
diligo,1
astipulor,1
octodecim,1
aeratus,1
plagula,1
monopodium,1
abacus,1
psaltria,1
sambucistria,1
conuiualis,1
oblectamentum,1
coquus,1
castimonia,1
ancillula,1
appetitus,1
meretricula,1
secubo,1
symphonia,1
excetra,1
amita,1
anus,1
uicinia,1
tremor,1
sulfur,1
cenaculum,1
conclaue,1
uls,1
comprecatio,1
ilico,1
constuprator,1
subiectio,1
minium,1
datio,1
deminutio,1
enuptio,1
leo,1
panthera,1
quaestuosus,1
negotiatio,1
merus,1
siler,1
gessius,1
phalera,1
catella,1
ueteres,1
quantuslibet,1
uersatilis,1
refragor,1
famosus,1
peruello,1
recubo,1
iurator,1
immolitus,1
neptunius,1
titius,1
dilucide,1
inique,1
impauide,1
horresco,1
comparabilis,1
constitutio,1
inundatio,1
expulsio,1
cuna,1
accumulo,1
siluosus,1
redimio,1
deformatio,1
deuotio,1
folliculus,1
exulcero,1
demulceo,1
ambulo,1
praeferuidus,1
octingentesimus,1
pagina,1
uehementer,1
fluctuatio,1
quaesitor,1
uescus,1
deuenio,1
obrogo,1
exlex,1
peruicacia,1
germanicus,1
summatim,1
refugium,1
faucius,1
mobilitas,1
spongia,1
argentatus,1
orcus,1
concentus,1
bimestris,1
grator,1
missito,1
dissimulatio,1
triumuiratus,1
excerno,1
temperatio,1
dehisco,1
subolesco,1
respiratus,1
praesidiarius,1
spoliatio,1
seclusus,1
afflicto,1
actutum,1
turibulum,1
aprilis,1
simplus,1
quare,1
aerumna,1
figura,1
improbitas,1
constupro,1
sono,1
nihilominus,1
sacrilegus,1
spoliator,1
duplus,1
pallium,1
crepida,1
palaestra,1
nefarie,1
tullianus,1
nubila,1
uolucris,1
uerrunco,1
crudus,1
merso,1
mapalia,1
praerapidus,1
primigenia,1
perrarus,1
internascor,1
interscindo,1
fugacius,1
multiiugus,1
perlabor,1
remigro,1
inexplebilis,1
praemolior,1
facunde,1
peregrinabundus,1
cohortatio,1
pernix,1
catasta,1
interfulgeo,1
gregarius,1
caesaries,1
nitidus,1
adno,1
propinquo,1
luctuosus,1
eryx,1
praestruo,1
relego,1
exscindo,1
interamenta,1
rutrum,1
alueolus,1
mola,1
quadragensimus,1
innuo,1
remordeo,1
dementia,1
testatio,1
hac,1
costa,1
inhorreo,1
formidulosus,1
subcenturio,1
mentum,1
prospero,1
dodrans,1
clarigatio,1
tranquillum,1
simila,1
sellularius,1
prorogatio,1
aduenticius,1
ingenuitas,1
exhorresco,1
compendium,1
arrigo,1
dimetor,1
respiratio,1
defatigatio,1
commorior,1
fustis,1
notabilis,1
dentatus,1
sextilius,1
reuerentia,1
trifarius,1
contenebro,1
superstitiosus,1
causarius,1
potus,1
praestigia,1
abdicatio,1
expendo,1
centuriatim,1
colona,1
uireo,1
frigeo,1
ubinam,1
retractatio,1
alliensis,1
demoueo,1
expauesco,1
morsus,1
leuamen,1
gregatim,1
idcirco,1
numqui,1
caluus,1
ablegatio,1
coniunctim,1
contemptio,1
occino,1
apex,1
cibo,1
commutatio,1
fractura,1
incaute,1
praefigo,1
perniciter,1
honesto,1
ostentus,1
pellicio,1
flagitiosus,1
primitia,1
rudus,1
foruli,1
conuictus,1
temero,1
collacrimo,1
gremium,1
arator,1
intego,1
assimulo,1
ouile,1
nominatio,1
humo,1
obtrectator,1
quinquatrus,1
uspiam,1
bulla,1
uncia,1
salinum,1
patella,1
sicunde,1
potentatus,1
semiapertus,1
praefectura,1
discordo,1
recresco,1
reuiuo,1
quantusuis,1
exaestuo,1
piscator,1
adnumero,1
dotalis,1
praepilatus,1
gallinaceus,1
decocta,1
uenalicius,1
orbita,1
diffidenter,1
alterco,1
memnon,1
acraeus,1
circumcido,1
ioco,1
dicax,1
permagnus,1
restitutio,1
destinatio,1
fiduciarius,1
ramosus,1
molitio,1
bifurcus,1
supergredior,1
testificor,1
paeninsula,1
decussis,1
undeoctoginta,1
fullo,1
quiritatio,1
semiuir,1
probabiliter,1
zona,1
profundum,1
adumbro,1
lemniscus,1
magnes,1
chelidonia,1
sarrio,1
epulo,1
flaminium,1
faunus,1
antemna,1
intectus,1
palla,1
galerius,1
uicesimarius,1
promus,1
androgynus,1
saltuosus,1
occulco,1
quolibet,1
conciliator,1
puteus,1
cursim,1
augesco,1
crepido,1
ambeo,1
cuias,1
apium,1
notio,1
bantius,1
sagaciter,1
uectis,1
licens,1
populariter,1
eblandior,1
compenso,1
tondeo,1
fungus,1
armilustrum,1
quadrimus,1
peluis,1
caste,1
iugarius,1
uelabrum,1
ostiensis,1
pernocto,1
incussus,1
catius,1
coartatio,1
strigosus,1
tortuosus,1
hio,1
scalprum,1
malleus,1
muluius,1
portentosus,1
agrellus,1
coruncanius,1
adamo,1
ludio,1
salto,1
iocularius,1
uernaculus,1
ludius,1
satura,1
satur,1
canticum,1
canto,1
diuerbium,1
intexo,1
iactito,1
exodium,1
insania,1
irrigo,1
impromptus,1
ianitor,1
rufulus,1
derogo,1
quadringenarius,1
praesulto,1
exsultatio,1
ensis,1
iocor,1
balbus,1
hortamentum,1
electus,1
centunculus,1
lymphatus,1
aerarium,1
arrogo,1
praepes,1
hactenus,1
ocior,1
semunciarius,1
camerinus,1
conflictus,1
gratulabundus,1
gregalis,1
superscando,1
castellatim,1
coepto,1
gramineus,1
obsidialis,1
sextarius,1
indago,1
lucto,1
praetorqueo,1
reuiso,1
arte,1
deponens,1
octoiugis,1
moleste,1
calculus,1
insuesco,1
fustuarium,1
pertendo,1
assecula,1
compectum,1
delibo,1
innauigabilis,1
animalis,1
deriuatio,1
intercurro,1
exinanio,1
proseco,1
pilentum,1
profestus,1
praecello,1
ingenero,1
uocabulum,1
circumcolo,1
cognominis,1
poeninus,1
praemunio,1
defugio,1
excubo,1
stupefacio,1
doliolum,1
despuo,1
sollemniter,1
sublustris,1
proturbo,1
quartarius,1
angor,1
panis,1
obscure,1
uae,1
reniteo,1
inaugurato,1
renouatio,1
superficies,1
transrhenanus,1
duodenonaginta,1
claritas,1
ampius,1
apparate,1
comparate,1
subterfugio,1
expilo,1
masculus,1
peruestigo,1
trientabulum,1
irritatio,1
significatio,1
acclamatio,1
eximie,1
congeries,1
rhomphaea,1
pulsatio,1
boreas,1
auctumnalis,1
hiemalis,1
peruilis,1
congius,1
ueientanus,1
concitator,1
furcula,1
persigno,1
continenter,1
rubeo,1
sibilus,1
concubius,1
aper,1
uenabulum,1
circumluo,1
fatus,1
scriptura,1
uomica,1
uitabundus,1
persegnis,1
allabor,1
discidium,1
crispus,1
rete,1
permetior,1
semigrauis,1
poto,1
simulac,1
percommode,1
platea,1
eurus,1
sindon,1
semiplenus,1
caespes,1
trudis,1
gnaeus,1
offenso,1
insomnia,1
euerro,1
praeteruolo,1
desiderabilis,1
misere,1
uector,1
uariatio,1
insteius,1
uacuna,1
uterus,1
io,1
neutro,1
pugnator,1
carnifico,1
exiguitas,1
excerpo,1
pupillaris,1
atellanus,1
peruro,1
parento,1
dulcis,1
sceleste,1
impie,1
procurator,1
eluctor,1
sentina,1
perbene,1
unio,1
corruptor,1
contabulo,1
machinamentum,1
cubitalis,1
recello,1
capital,1
peruigilo,1
cautio,1
lecticula,1
resurgo,1
resipisco,1
gerundium,1
adrodo,1
locusta,1
lineus,1
storea,1
obba,1
quarto,1
agilis,1
quadruplico,1
antenna,1
superinsterno,1
mutuor,1
genialis,1
amata,1
continentia,1
suffundo,1
suspiritus,1
solor,1
iuste,1
induro,1
maeuius,1
frendo,1
subterlabor,1
barbaria,1
exuuia,1
resilio,1
uectura,1
exsaeuio,1
dupliciter,1
intempestiuus,1
abiudico,1
reminiscor,1
incontaminatus,1
illino,1
armarium,1
discriptio,1
immuto,1
consortium,1
delatura,1
operosus,1
dearmatus,1
consulariter,1
bilibris,1
concoquo,1
monstrum,1
ruptura,1
intentio,1
resupino,1
restitutor,1
editio,1
sordeo,1
messio,1
scabies,1
tabum,1
effrenus,1
uenundo,1
aspiro,1
incunabulum,1
nuto,1
resistentia,1
obiurgo,1
incomptus,1
pensito,1
suffragatio,1
maecilius,1
proauus,1
confinis,1
bolus,1
fraudator,1
sestius,1
consequus,1
diuisio,1
denoto,1
lars,1
antiquarius,1
mam,1
uocito,1
medicamen,1
occisor,1
mensura,1
uulturnus,1
semuncia,1
calco,1
fundanius,1
fictilis,1
nonnullus,1
exaequatio,1
fortuno,1
accuro,1
fidius,1
tenacitas,1
manupretium,1
undequadraginta,1
sparus,1
siquidem,1
depopulator,1
ferrarius,1
echinus,1
uaniloquentia,1
istuc,1
argus,1
interiectus,1
aestimator,1
protero,1
amyclae,1
parce,1
gutta,1
naris,1
fluidus,1
uerisimilis,1
lubens,1
consessor,1
pueriliter,1
exsuscito,1
discrimino,1
praeduco,1
uerticosus,1
sator,1
teres,1
circumligo,1
lino,1
suscito,1
iniuste,1
interlino,1
lutum,1
structura,1
belligero,1
parturio,1
uicinalis,1
uibro,1
retinacula,1
pedetemptim,1
indigenus,1
glareosus,1
intonsus,1
repercutio,1
uiculus,1
aspero,1
intercurso,1
temptabundus,1
liquesco,1
luctatio,1
tabidus,1
ungula,1
pedica,1
concerno,1
acetum,1
apricus,1
taurinus,1
semigermanus,1
squalidus,1
scriptus,1
eneco,1
duodeuiceni,1
congestus,1
alumnus,1
incitamentum,1
praemonitus,1
perscrutor,1
imparatus,1
comminuo,1
periniquus,1
improuide,1
latebrosus,1
noueni,1
niualis,1
praegelidus,1
ieiunus,1
praeterfero,1
plurimum,1
percuro,1
perscindo,1
concretum,1
rigor,1
uinea,1
tutamentum,1
boarius,1
contignatio,1
habitator,1
uagina,1
spretor,1
nuncupatio,1
uitulus,1
faenebris,1
professio,1
uespa,1
gracilis,1
tantopere,1
quantumcumque,1
haustus,1
alienatio,1
unimanus,1
circumiacens,1
puter,1
frondeo,1
aquarius,1
inaequabilis,1
eleganter,1
iniucundus,1
lignarius,1
consiliarius,1
reconciliator,1
relanguesco,1
uaniloquus,1
conuiuator,1
renideo,1
condimentum,1
ferinus,1
sus,1
legiuncula,1
mendico,1
admetior,1
circumpono,1
grauatim,1
indiges,1
nouerca,1
proco,1
profluo,1
alluuius,1
fluito,1
sitio,1
uagitus,1
mamma,1
lambo,1
lupercal,1
arcas,1
inuus,1
sopor,1
aurora,1
claua,1
fatiloquus,1
ueridicus,1
consualia,1
ostentator,1
ferculum,1
gemmo,1
derecto,1
ramnenses,1
salueo,1
sospito,1
perobscurus,1
tetricus,1
aduncus,1
determino,1
desuetudo,1
gradiuus,1
saltatus,1
exscribo,1
exsigno,1
camena,1
biga,1
arcuatus,1
blande,1
troianus,1
troia,1
gramen,1
tangens,1
effatum,1
diespiter,1
perstringo,1
flebiliter,1
huncine,1
sororius,1
lacer,1
utroque,1
errabundus,1
malitiosus,1
glomero,1
obiratus,1
praue,1
uelamen,1
suprascando,1
condico,1
ferratus,1
indicus,1
murcia,1
innubo,1
conspicuus,1
obseruantia,1
instructe,1
pugil,1
discindo,1
exordium,1
dormio,1
corniculum,1
familiaritas,1
prognatus,1
serua,1
obloquor,1
trabea,1
arruntius,1
distributio,1
ephesius,1
caelebs,1
reuereor,1
cyprius,1
circumsaepio,1
mussito,1
facinorosus,1
infortunium,1
aedificatio,1
pererro,1
papauer,1
imperfectus,1
exauguro,1
exauguratio,1
perpetuitas,1
purgamentum,1
concupisco,1
obtentus,1
corneus,1
pythicus,1
lucubro,1
castitas,1
adulterium,1
adulter,1
impudicus,1
dehinc,1
celeres,1
lapicida,1
inuocatus,1
poeticus,1
antiquitas,1
desideo,1
inceptus,1
sardius,1
incestum,1
palatinus,1
immutatio,1
decumanus,1
difficile,1
subtiliter,1
contagium,1
circumitio,1
infinitus,1
interuolito,1
facundia,1
maturesco,1
pugnus,1
interpellatio,1
obtego,1
loquax,1
peculiaris,1
animosus,1
imitamen,1
pala,1
punctum,1
captator,1
insectator,1
obsecundo,1
libidinose,1
perpetuo,1
subex,1
obnoxie,1
uicissitudo,1
imaginarius,1
suppono,1
petulantia,1
lacrimabundus,1
aduocatio,1
lamentabilis,1
intono,1
cloacina,1
imbecillus,1
parricida,1
inutiliter,1
congratulor,1
gentilis,1
praeterequitans,1
transuolo,1
postfero,1
praefinio,1
aternius,1
octogensimus,1
contionalis,1
quadruplator,1
controuersiosus,1
praemortuus,1
luxurior,1
urna,1
conuenienter,1
indigena,1
obedienter,1
torpesco,1
perblandus,1
praefestino,1
inuidus,1
tripertito,1
obnatus,1
indictio,1
amicio,1
illustro,1
calua,1
tripudio,1
transulto,1
docilis,1
corium,1
canalis,1
tono,1
communicatio,1
exprobratio,1
coalo,1
hama,1
peruigilium,1
flagrantia,1
percurso,1
marceo,1
deripio,1
hebeo,1
ludifico,1
cantherius,1
patrimus,1
matrimus,1
permissio,1
famulus,1
curso,1
impressus,1
auctoro,1
archipirata,1
contus,1
trulla,1
saburra,1
discipulus,1
infreno,1
etesia,1
fauonius,1
promereo,1
exedo,1
undenonaginta,1
oblongus,1
dissimilitudo,1
frontalis,1
argyraspides,1
auster,1
perincommodus,1
obscuritas,1
amentum,1
temo,1
coniector,1
liqueo,1
subtexo,1
immoderate,1
circumiaceo,1
congiarius,1
intestabilis,1
praefloro,1
quotus,1
praetextus,1
inane,1
indulgenter,1
aristoteles,1
later,1
dilucesco,1
labium,1
pyra,1
corax,1
iuuentas,1
ieiunium,1
infabre,1
inscite,1
corycus,1
findo,1
gallina,1
perangustus,1
pandus,1
competo,1
armiger,1
ouillus,1
caprinus,1
immunitus,1
locutio,1
arbustum,1
praeligo,1
quassatio,1
intrabilis,1
illido,1
carina,1
praelego,1
egomet,1
inscientia,1
callide,1
immodestus,1
tremo,1
conseruator,1
interiungo,1
rescriptum,1
inspico,1
fornicatus,1
admirabilis,1
pugnax,1
adactio,1
immutabilis,1
illuceo,1
peditatus,1
transfugium,1
percommodus,1
punctim,1
undetriginta,1
superincubo,1
edisserto,1
nundinor,1
nequitia,1
innotesco,1
factito,1
amissio,1
inexorabilis,1
adiumentum,1
ambio,1
miseret,1
blandimentum,1
reprehenso,1
superincido,1
circumaro,1
herminius,1
foculus,1
remunero,1
retardo,1
macies,1
carnificina,1
praedabundus,1
reductor,1
incommodum,1
praesultator,1
superuacuus,1
nouellus,1
retribuo,1
peculium,1
inuitamentum,1
compesco,1
morator,1
flagitator,1
laudator,1
refuto,1
circumscindo,1
molimen,1
incusatio,1
contumaciter,1
lucror,1
duplicarius,1
hinnitus,1
abstinentia,1
terebro,1
bimulus,1
dispositus,1
sumptuosus,1
homicida,1
praefatio,1
incesta,1
mercatura,1
posticum,1
flatus,1
dominium,1
inprobus,1
tractatio,1
monitio,1
partitio,1
humi,1
deprauo,1
benefactor,1
copiose,1
scato,1
abdera,1
adrigo,1
corrector,1
ebur,1
editum,1
despolio,1
seditiose,1
fabulor,1
maledicus,1
conseruus,1
tumor,1
persedeo,1
petra,1
prouentus,1
quadruplex,1
praefulgeo,1
libertus,1
praegrauis,1
repurgo,1
clunis,1
exsilio,1
despicio,1
uertigo,1
fluentum,1
caeco,1
subuectio,1
effusio,1
inductio,1
persulto,1
emendabilis,1
ceruus,1
euripus,1
regero,1
magniloquentia,1
laniena,1
ursus,1
perpauci,1
credulitas,1
denego,1
opitulor,1
mediocriter,1
coniunctio,1
ignobilitas,1
honorifice,1
utrarius,1
latex,1
permano,1
galeatus,1
margo,1
postmeridianus,1
buccula,1
meridie,1
solstitium,1
september,1
madeo,1
areo,1
prouiso,1
chalcaspides,1
leucaspis,1
nato,1
fallacia,1
intermuralis,1
hirtuleius,1
plancus,1
proscriptio,1
graece,1
iniuriose,1
alexandrinus,1
commune,1
labienus,1
conserua,1
insuo,1
suspendium,1
delatio,1
impulsus,1
claudeo,1
aufidius,1
pertracto,1
ianuarius,1
figulus,1
februarius,1
missor,1
conductio,1
audientia,1
october,1
tabularium,1
praestes,1
arrius,1
aratrum,1
iamiam,1
admirandus,1
auspex,1
hospita,1
decliuis,1
praecordium,1
efficacia,1
experimentum,1
asinus,1
dependo,1
inmodicus,1
uentosus,1
propagatio,1
liberalitas,1
conuicior,1
era,1
calumnior,1
detorqueo,1
expostulatio,1
thespias,1
calliditas,1
regaliter,1
creticus,1
samos,1
ubiubi,1
suffodio,1
superfixus,1
irreuocabilis,1
taeda,1
cestrosphendone,1
bipalmis,1
semicubitalis,1
nisus,1
roto,1
anteuenio,1
olympus,1
euolo,1
cognomino,1
repudium,1
corripio,1
delicia,1
extraneus,1
uiduitas,1
porus,1
hortatio,1
praecogito,1
consociatio,1
iocosus,1
resideo,1
infamo,1
sociabilis,1
unanimitas,1
resero,1
posthac,1
sentis,1
euito,1
probitas,1
suspicax,1
diiudico,1
perseco,1
canicula,1
brumalis,1
conflicto,1
excrucio,1
tapes,1
candela,1
auditor,1
studiosus,1
bipartito,1
rebellatrix,1
auxiliarius,1
munda,1
proscaenium,1
polio,1
permarinus,1
antehac,1
lares,1
exitialis,1
inconstanter,1
tortor,1
compositum,1
fulgur,1
praestringo,1
lanx,1
examino,1
perfrequens,1
tepor,1
perluceo,1
quintanus,1
detendo,1
fortitudo,1
turdus,1
dehonesto,1
odiosus,1
nequam,1
quadrupes,1
obsequenter,1
sanqualis,1
uictoriatus,1
sescenaris,1
diffluo,1
olla,1
iecur,1
ambiguitas,1
familiariter,1
arrideo,1
laqueatus,1
lamina,1
quartanus,1
libitina,1
saturnus,1
moderate,1
seruulus,1
dissertio,1
interdictio,1
glarea,1
margino,1
ouum,1
auiarius,1
syrus,1
consilior,1
