,count
et,815
in,702
qui,672
sum,564
non,513
hic,358
nec,310
tu,256
magnus,252
fatum,230
bellus,224
omnis,209
iam,207
sed,207
caesar,203
per,201
cum,199
suus,181
ut,171
ille,165
arma,159
si,157
nullus,156
do,156
terra,155
dux,153
ab,151
sui,150
populus,149
totus,141
primus,141
tantus,136
ego,134
quis,133
ad,133
manus,132
unda,127
teneo,122
fortuna,120
deus,116
fero,113
orbis,112
solus,111
mundus,109
mors,108
sanguis,108
sic,105
ferrum,105
uideo,104
pars,103
possum,103
ipse,102
aut,101
gens,101
superus,101
multus,99
hostis,97
medius,97
romanus,96
pectus,95
quam,93
campus,90
peto,86
dies,85
signum,85
tuus,84
cunctus,84
uinco,83
aequor,82
sto,82
dum,81
urbs,80
ciuilis,79
moueo,78
miles,78
facio,77
tum,77
saeuus,76
habeo,76
sub,75
quisque,73
atque,73
bellum,73
tot,73
regnum,72
roma,71
tellus,70
nox,70
noster,69
pereo,69
uolo,68
caput,68
cado,68
res,68
telum,68
litus,67
uir,67
uenio,67
castrum,67
scelus,67
labor,67
eo,66
timeo,66
pompeius,66
unus,66
uox,66
mens,63
patior,62
nunc,62
uulnus,61
aer,60
fugio,60
ullus,60
o,60
caelum,60
ne,59
nomen,59
ius,59
umbra,58
gero,58
liceo,58
tamen,58
longus,58
iubeo,58
ac,57
misceo,57
tam,57
meus,56
robur,56
premo,56
membrum,54
agmen,54
noceo,54
corpus,54
spargo,53
paruus,53
mare,53
aqua,53
at,52
nam,52
ignis,52
ratis,52
traho,52
inde,51
puppis,51
miser,51
paro,51
extremus,51
ex,50
quaero,50
rapio,50
pax,50
uix,50
acies,50
iaceo,49
relinquo,49
credo,49
causa,49
locus,49
furor,49
uirtus,48
ensis,48
ira,48
turba,48
gladius,48
altus,47
os,47
uos,47
uis,47
cursus,47
pelagus,46
harena,46
nefas,46
mars,46
raptus,45
flamma,45
uiuo,45
uentus,45
numquam,45
tunc,44
tempus,44
hinc,43
post,43
fides,43
ueto,43
pontus,43
ruo,43
proelium,43
uita,42
aether,42
clades,42
quisquis,42
mos,42
uotum,42
ago,42
numen,42
quod,42
hesperius,42
quantus,41
de,41
rex,41
duco,41
sidus,41
sequor,40
senatus,40
ruina,40
impello,40
uictor,40
uel,40
pro,40
fluctus,40
seruo,40
sacer,40
saxum,40
rumpo,40
dubius,39
uiscus,39
sedes,39
nos,39
moenia,39
metus,39
cruor,39
placeo,38
plenus,38
frango,38
pondus,38
nubes,38
nihil,37
cedo,37
malus,37
templum,37
haereo,37
poena,37
quicumque,37
tutus,37
lex,37
fama,36
summum,36
iste,36
phoebus,36
caedes,35
spes,35
sol,35
carina,34
praeceps,34
lux,34
ubi,34
tectum,34
tergum,34
dirus,34
pono,33
tollo,33
specto,33
domus,33
ferio,33
aurum,32
artus,32
animus,32
frater,32
parens,32
ora,32
securus,32
murus,32
edo,32
ulter,32
gurges,32
casus,31
dominus,31
procul,31
durus,31
puto,31
alius,31
pugna,31
iuuentus,31
uoco,31
bonus,31
polus,30
super,30
felix,30
cura,30
uaco,30
ante,30
dono,30
furo,30
aeuum,30
silua,30
soluo,30
annus,30
rupes,30
anima,29
classis,29
fuga,29
gelidus,29
semper,29
letum,29
oculus,29
cogo,29
secor,29
par,29
natura,29
haud,29
fons,29
capio,29
latus,29
homo,29
ingens,29
exeo,29
nouus,29
qua,28
libertas,28
an,28
nilus,28
accipio,28
libycus,28
simul,28
redeo,28
amnis,28
metuo,28
laetus,28
sentio,28
torqueo,28
humanus,28
postquam,27
patrius,27
dico,27
finis,27
secundus,27
perdo,27
dextra,27
muto,27
quamuis,26
aufero,26
incertus,26
cerno,26
siccus,26
iuuenis,26
nego,26
uester,26
ignotus,26
uenenum,26
lacertus,26
nisi,26
cadauer,26
adsum,26
excipio,25
funus,25
fundo,25
grauis,25
opus,25
triumphus,25
fera,25
socer,25
coma,25
uerus,25
ciuis,25
iuuo,25
scio,25
amor,25
tumultus,25
mons,25
aetas,25
maestus,25
nondum,25
uastus,25
ripa,25
uagus,24
tristis,24
potens,24
magis,24
solutus,24
mereo,24
densus,24
tempto,24
certus,24
somnus,24
uia,24
subitus,24
seu,24
ictus,24
collis,24
manes,23
inter,23
sine,23
dolor,23
inuenio,23
rus,23
pater,23
ager,23
conspicio,23
iuppiter,23
ceruix,23
permitto,23
spero,23
prior,23
turbo,23
serpens,23
lateo,23
excutio,23
descendo,23
fortis,23
fluo,23
iungo,23
mora,23
axis,22
impleo,22
sedeo,22
effusus,22
nudus,22
timor,22
uacuus,22
sono,22
audeo,22
motus,22
minor,22
agger,22
paueo,22
cornu,22
percutio,22
mergo,22
geminus,22
calidus,22
reddo,22
caecus,22
iugulum,22
caterua,22
exiguus,21
bustum,21
iustus,21
adhuc,21
natus,21
perago,21
gaudeo,21
aruus,21
puluis,21
nemus,21
claudo,21
sufficio,21
mitto,21
loquor,21
monstrum,21
trepidus,21
tego,21
foedus,21
brutus,20
lacrima,20
tumulus,20
fretus,20
rursus,20
summa,20
desero,20
praesto,20
quoque,20
quies,20
uicinus,20
auster,20
uertex,20
nosco,20
uelut,20
eous,20
saeculum,20
torus,20
immensus,20
lumen,19
astrum,19
figo,19
careo,19
boreas,19
testor,19
crinis,19
sors,19
surgo,19
tendo,19
crimen,19
trado,19
aspicio,19
for,19
munus,19
merces,19
salus,19
patria,19
notus,19
oceanus,19
rabies,19
facilis,19
iter,19
fulmen,19
posco,19
facies,19
pignus,19
aio,19
undique,19
senex,19
arx,19
praebeo,19
pateo,18
maneo,18
rapidus,18
coniunx,18
ortus,18
effundo,18
pietas,18
uisum,18
plebs,18
frons,18
uenia,18
profundus,18
liber,18
aruum,18
soleo,18
faux,18
ara,18
pestis,18
diuersus,18
stygius,18
quoius,18
innumerus,18
addo,18
sagitta,18
expello,18
flumen,18
pronus,18
truncus,17
graius,17
enim,17
uelum,17
socius,17
committo,17
periculum,17
audio,17
dignus,17
funestus,17
inquam,17
modus,17
imperium,17
propior,17
scythicus,17
syrtis,17
penitus,17
pendeo,17
uates,17
quisquam,17
contentus,17
aduersum,17
pauidus,17
collum,17
erigo,17
cesso,17
gener,17
permisceo,17
fluuius,17
consul,17
moles,17
ignauus,16
frustra,16
ardeo,16
imago,16
queror,16
umquam,16
pareo,16
feralis,16
clarus,16
pudet,16
castra,16
rego,16
nescio,16
subigo,16
tango,16
uena,16
spolio,16
nimius,16
malum,16
discrimen,16
uterque,16
obliquus,16
uanus,16
conuerto,16
laeuus,16
pudor,16
inmitto,16
minax,16
diu,16
murmur,16
erro,16
antrum,16
laxo,16
ordo,16
cohors,16
fames,16
morior,16
fessus,16
uictoria,15
actus,15
lego,15
contingo,15
hora,15
inanis,15
tenebrae,15
ars,15
auctor,15
tyrannus,15
torrens,15
herba,15
retineo,15
recipio,15
moror,15
attono,15
audax,15
exigo,15
subduco,15
eripio,15
taceo,15
eques,15
dexter,15
segnis,15
plurimus,15
concutio,15
subeo,15
lingua,15
debeo,15
pugno,15
carmen,15
nobilis,15
tremo,15
concurro,15
colonus,15
parco,15
uilis,15
ferox,15
inferus,14
currus,14
damno,14
ualeo,14
clamor,14
gemitus,14
uerber,14
clausum,14
famulus,14
agito,14
abrumpo,14
mox,14
remus,14
ultra,14
uoluo,14
alter,14
consto,14
limes,14
unde,14
abeo,14
purus,14
calco,14
remotus,14
usque,14
satis,14
semel,14
obruo,14
flecto,14
modo,14
cauus,14
tentorium,14
qualis,14
uarius,14
olympus,14
mater,14
urgeo,14
creber,14
cinis,13
niger,13
colligo,13
cruentus,13
nauta,13
crassus,13
nolo,13
cauerna,13
cresco,13
paucus,13
rector,13
uadum,13
respicio,13
penas,13
barbarus,13
fas,13
late,13
spatium,13
saepe,13
damnatus,13
passus,13
discedo,13
damnum,13
confundo,13
lentus,13
auxilium,13
genus,13
ater,13
nocturnus,13
coeo,13
incumbo,13
promitto,13
fleo,13
precor,13
stimulus,13
uictus,13
pulso,13
fax,13
caedo,13
uesanus,13
terror,13
uetus,13
aeternus,12
positus,12
proicio,12
aperto,12
bene,12
linquo,12
regno,12
eurus,12
aduersus,12
fugo,12
exhaurio,12
toga,12
ops,12
amo,12
sulla,12
alienus,12
fauor,12
iugum,12
is,12
confero,12
pretium,12
reuoco,12
lasso,12
usus,12
peruro,12
admoueo,12
imber,12
recingo,12
leuo,12
caesum,12
uenus,12
puter,12
procumbo,12
dirimo,12
num,12
nimbus,12
fusus,12
celsus,12
tabes,12
concipio,12
datum,12
circum,12
disco,12
rostrum,12
pariter,12
thessalia,12
leuis,12
statio,12
omen,12
tuba,12
uerto,12
tueor,12
gloria,12
lancea,12
prodo,12
pugnax,12
gallus,12
flagro,12
prosterno,12
canus,12
compleo,12
classicus,12
sonipes,12
polluo,12
limen,12
lucas,11
cupio,11
compono,11
largus,11
longe,11
iniquus,11
auidus,11
differo,11
condo,11
nato,11
infero,11
iuba,11
uulgus,11
perimo,11
series,11
defendo,11
sterilis,11
testis,11
bibo,11
mensa,11
uiolentus,11
compages,11
galea,11
arabs,11
obsto,11
foris,11
nefandus,11
pes,11
haurio,11
secerno,11
colo,11
huc,11
emitto,11
recessus,11
pauor,11
uallum,11
hostilis,11
utor,11
exsul,11
hasta,11
praeda,11
potestas,11
impono,11
cingo,11
comes,10
seruio,10
portus,10
ostendo,10
maritus,10
lacer,10
honor,10
similis,10
inuisus,10
namque,10
talis,10
ferus,10
praecipito,10
nusquam,10
piger,10
poenus,10
olim,10
uerbum,10
fremo,10
catus,10
uiuus,10
nihilum,10
infelix,10
doceo,10
stagnum,10
radius,10
onus,10
deprehendo,10
auerto,10
destituo,10
quondam,10
occurro,10
carpo,10
discutio,10
uiolo,10
etiam,10
erepo,10
mollis,10
arctos,10
arcanus,10
malo,10
morsus,10
cantus,10
medium,10
uolucer,10
quidem,10
seco,10
curro,10
explico,10
iaculus,10
decus,10
accedo,10
sustineo,10
uinculum,10
neruus,10
ibi,10
equus,10
conscius,10
iussus,10
tandem,10
recedo,10
turris,10
caespes,10
uicis,10
utinam,10
ausonia,10
opto,10
reuello,10
exspecto,10
perfundo,10
fallo,10
antiquus,10
monstro,10
uallis,10
labo,10
ceu,10
prohibeo,10
supersum,10
diuido,10
refero,10
heu,10
sileo,10
arduus,10
palus,10
degener,9
meritum,9
rogus,9
dispergo,9
inuidia,9
gratus,9
ualidus,9
indomitus,9
spumo,9
erumpo,9
exemplum,9
prosum,9
fingo,9
obuius,9
iterum,9
aequoreus,9
studium,9
repeto,9
sinus,9
flatus,9
cumulus,9
egeo,9
desertum,9
sinister,9
aquilo,9
epula,9
scopulus,9
caelus,9
uibro,9
leo,9
cognosco,9
certe,9
potius,9
nascor,9
cano,9
pila,9
mortalis,9
dens,9
fabula,9
asper,9
scindo,9
cultus,9
tumidus,9
coactus,9
nota,9
stringo,9
nix,9
gemo,9
hospes,9
circumeo,9
supero,9
puer,9
transeo,9
duro,9
fatus,9
attollo,9
siue,9
auris,9
perfero,9
trux,9
palam,9
mille,9
tractus,9
nuto,9
uerendus,9
inuitus,9
fascis,9
comprimo,9
strages,9
pello,9
aequus,9
coerceo,9
tonans,8
luna,8
anceps,8
planctus,8
sepulchrum,8
incubo,8
decipio,8
strido,8
contra,8
uictima,8
sublimis,8
uolucris,8
praefero,8
dimitto,8
arcus,8
iudex,8
cur,8
figura,8
aestus,8
elido,8
adeo,8
calor,8
curuo,8
alcides,8
letifer,8
squaleo,8
absum,8
zephyrus,8
uergo,8
serenus,8
uitalis,8
consurgo,8
sudor,8
uisus,8
concieo,8
frondeo,8
taurus,8
idem,8
latio,8
partus,8
penna,8
custos,8
ossum,8
medulla,8
coepio,8
laxus,8
sanies,8
uestigium,8
congero,8
caurus,8
cubile,8
lassus,8
domo,8
propero,8
silentium,8
supplex,8
fiducia,8
sterno,8
insto,8
frenum,8
diffundo,8
miror,8
obscurus,8
commoueo,8
agnosco,8
catena,8
fossa,8
sponte,8
fraternus,8
languidus,8
uagor,8
secum,8
parum,8
remitto,8
infandus,8
forma,8
communis,8
tacita,8
bracchium,8
quamquam,8
aquila,8
angustus,8
trepido,8
rudis,8
iners,8
nudo,8
alnus,8
habito,7
illic,7
rapina,7
aura,7
magister,7
ueho,7
ast,7
remeo,7
ergo,7
infundo,7
fletus,7
tepidus,7
licet,7
offero,7
decet,7
turpis,7
complector,7
sollicitus,7
contrarius,7
faueo,7
procella,7
lacero,7
niliacus,7
gesto,7
ignoro,7
profor,7
luceo,7
saluus,7
possideo,7
inuado,7
armatus,7
sumo,7
marius,7
ferueo,7
laboro,7
diuitia,7
uindico,7
emineo,7
pallas,7
pauper,7
metallum,7
inops,7
impatiens,7
bruma,7
exuro,7
rarus,7
aetherius,7
sitio,7
securis,7
resoluo,7
inuoluo,7
alligo,7
dis,7
indus,7
arbor,7
ecce,7
eligo,7
plaga,7
ductor,7
anguis,7
rubeo,7
signifer,7
aperio,7
tumeo,7
affigo,7
fibra,7
uelox,7
cuspis,7
latebra,7
ceres,7
claustrum,7
quocumque,7
admitto,7
horreo,7
hiems,7
lar,7
defectus,7
nimium,7
seges,7
prosperus,7
turbidus,7
momentum,7
habena,7
fulgur,7
palleo,7
discors,7
deduco,7
totiens,7
emeritus,7
priuo,7
plebeius,7
tela,7
uerso,7
mico,7
suboles,7
excio,7
signo,7
morbus,7
scilicet,7
fragor,7
irrumpo,7
oppono,7
incursus,7
numerus,7
potior,7
impendo,7
quantum,7
ignarus,7
fulgeo,7
rhenium,7
corona,7
ritus,7
cancer,7
extendo,7
discurro,7
lapsus,7
circumdo,7
occulo,7
amplexus,7
carcer,7
obsideo,7
desum,7
missa,7
ligo,7
alpis,7
praemium,7
pallidus,7
celer,7
propinquus,7
scaeuus,7
prosilio,6
meatus,6
peruenio,6
quiesco,6
phrygius,6
luctus,6
prex,6
indignus,6
uestis,6
forsan,6
mando,6
fatalis,6
amictus,6
rudens,6
pilus,6
satio,6
adytum,6
hibernus,6
discordia,6
prope,6
uado,6
libet,6
proles,6
aliter,6
sonus,6
excludo,6
pasco,6
zona,6
breuis,6
iacto,6
ramus,6
lucus,6
frigus,6
ingredior,6
gradus,6
quotiens,6
flexus,6
bacchus,6
alo,6
consisto,6
exedo,6
pilum,6
spiritus,6
constringo,6
operio,6
celo,6
memoro,6
aethiopus,6
cardo,6
mergus,6
oro,6
oppositus,6
mina,6
iuro,6
factura,6
dubito,6
feruidus,6
calens,6
sulcus,6
sibilo,6
soror,6
conficio,6
fecundus,6
summoueo,6
refugio,6
umor,6
accenseo,6
mentior,6
maturus,6
struo,6
expono,6
irritus,6
ambio,6
orno,6
fructus,6
tener,6
error,6
iro,6
procer,6
hodie,6
pallor,6
mucro,6
arto,6
paean,6
praesagus,6
nescius,6
cupido,6
formido,6
recuso,6
ciuile,6
odi,6
gallius,6
fodio,6
maiestas,6
fastus,6
perpetuus,6
pinus,6
comminus,6
maculo,6
frigidus,6
diduco,6
barbaricus,6
querella,6
lugeo,6
sicut,6
stratum,6
superbus,6
pulsus,6
en,6
ingero,6
terreo,6
transfero,6
deuoueo,6
semen,6
donec,6
fraus,6
lacesso,6
fateor,6
ultor,6
infestus,6
italia,6
nubila,6
horror,6
curius,6
curuus,6
uarus,6
erebus,6
terribilis,6
suspendo,6
insum,6
gigno,6
fetus,6
tremulus,6
uallus,6
fragilis,6
igneus,5
tus,5
miro,5
uindex,5
inuictus,5
carinus,5
placidus,5
delabor,5
urna,5
aliquis,5
paternus,5
condio,5
sceptrum,5
catonium,5
chaos,5
obduco,5
decerno,5
magnanimus,5
arceo,5
euoluo,5
macto,5
cultor,5
laudo,5
interea,5
percussus,5
pingo,5
ter,5
gramen,5
foueo,5
obeo,5
priuatus,5
forsitan,5
senectus,5
sperno,5
patientia,5
maurus,5
subsido,5
diligo,5
infernus,5
rutilus,5
depello,5
aestuo,5
sitis,5
incendo,5
tertius,5
exsero,5
lucto,5
stabilis,5
intentus,5
demissus,5
profecto,5
patricius,5
exploro,5
derigo,5
saltem,5
honestus,5
successus,5
dipsas,5
uulgo,5
medusa,5
auersus,5
sulco,5
effugio,5
adiuuo,5
tingo,5
etiamnunc,5
cor,5
cutis,5
sino,5
fluentum,5
succendo,5
corrumpo,5
paulus,5
roto,5
miserabilis,5
nodus,5
africa,5
solacium,5
serus,5
extraho,5
recepto,5
gaudium,5
ceterus,5
noto,5
thalamus,5
gressus,5
ueneror,5
uetustas,5
albus,5
theatrum,5
cuneus,5
certo,5
uerbero,5
crastinus,5
indulgeo,5
transcurro,5
captiuus,5
ieiunus,5
tiro,5
apud,5
quot,5
nauita,5
pressus,5
conuallis,5
maereo,5
doleo,5
corripio,5
temere,5
scipio,5
ponticus,5
prodeo,5
consumo,5
quippe,5
obtero,5
sullanus,5
abduco,5
necesse,5
totidem,5
coacta,5
procedo,5
resto,5
diuus,5
chalybs,5
umbo,5
promoueo,5
nobilitas,5
attingo,5
supra,5
amens,5
uetustus,5
sacro,5
despicio,5
imbellis,5
aegyptus,5
iliacus,5
simulo,5
exstruo,5
flauus,5
paratus,5
priscus,5
madeo,5
externus,5
paene,5
siculus,5
intra,5
lustro,5
rigeo,5
astringo,5
consulo,5
donum,5
firmus,5
exprimo,5
emico,5
letalis,5
certamen,5
hiatus,5
gallicus,5
curia,5
inprobus,5
effero,5
herculeus,5
gyrus,5
repello,5
decurro,5
cacumen,5
festus,5
insula,5
longinquus,5
egero,5
includo,5
contagium,5
porta,5
pando,5
naufragus,5
gena,5
concedo,5
otium,5
fauilla,4
conuexus,4
innocuus,4
stella,4
ludibrium,4
uolito,4
pendo,4
fragmentum,4
monumentum,4
plango,4
fumus,4
capitolium,4
heres,4
memor,4
exsoluo,4
laqueus,4
germanus,4
remex,4
uro,4
cornelius,4
summitto,4
conuicium,4
luxus,4
uenerabilis,4
laus,4
pigeo,4
pirata,4
coetus,4
dulcis,4
publicus,4
comito,4
quin,4
casa,4
constituo,4
male,4
tumesco,4
impingo,4
torpeo,4
margo,4
draco,4
suadeo,4
ardor,4
occasus,4
glaeba,4
messis,4
radix,4
immineo,4
commercium,4
naufragium,4
detego,4
contorqueo,4
deuexus,4
mano,4
quanto,4
gemma,4
libro,4
plaustrum,4
aries,4
euentus,4
consilium,4
protego,4
impunis,4
eumenides,4
torpor,4
subito,4
diues,4
palaestra,4
uolatus,4
clipeus,4
sopor,4
spiro,4
frugifer,4
ros,4
metior,4
fumo,4
distendo,4
amplector,4
sensus,4
edax,4
defessus,4
permissus,4
abstrusus,4
palma,4
distineo,4
spumeus,4
informis,4
transigo,4
protinus,4
calcar,4
filum,4
culmus,4
questus,4
lues,4
unicus,4
infans,4
ludo,4
miraculum,4
continuus,4
elicio,4
promptus,4
phoebe,4
nepos,4
restituo,4
fugax,4
uigil,4
iubar,4
forum,4
rogo,4
feruor,4
ingratus,4
properus,4
ingemo,4
dolus,4
efficio,4
effectus,4
augeo,4
rabidus,4
aduerto,4
publicum,4
defungor,4
obsisto,4
augur,4
lentulus,4
domitius,4
montanus,4
purpura,4
numida,4
aeger,4
hortor,4
copia,4
arcesso,4
culpa,4
cupidus,4
modicus,4
dissonus,4
potentia,4
emptum,4
crux,4
carus,4
sancio,4
oriens,4
nonne,4
reparo,4
succingo,4
aratrum,4
incognitus,4
argi,4
expauesco,4
refert,4
missilis,4
odium,4
caleo,4
immemor,4
glomero,4
parce,4
niteo,4
presso,4
sanguineus,4
stimulo,4
instar,4
ministro,4
excito,4
temerarius,4
transmitto,4
abscisus,4
caelicola,4
nequiquam,4
ubicumque,4
tres,4
depositum,4
flebilis,4
succedo,4
uereor,4
gaza,4
infectus,4
senus,4
uiso,4
intrepidus,4
effodio,4
perses,4
aula,4
antonius,4
iulius,4
confido,4
satelles,4
postis,4
situs,4
capax,4
glacies,4
aestas,4
indignor,4
osculum,4
taeda,4
regius,4
factum,4
uictrix,4
cognatus,4
madesco,4
concordia,4
quercus,4
tribunus,4
resideo,4
capto,4
depono,4
forus,4
pius,4
firmo,4
lustrum,4
pompa,4
laurus,4
expers,4
transcendo,4
aro,4
alternus,4
turma,4
excedo,4
munimen,4
pecus,4
pulmo,4
confinis,4
prius,4
resero,4
sceleratus,4
contineo,4
patens,4
sucus,4
cumque,4
uallo,4
pabulum,4
aequo,4
illinc,4
configo,4
opprimo,4
exanimis,4
impero,4
penetralis,4
guttur,4
immisceo,4
sollicito,4
produco,4
peruius,4
pons,4
profugus,4
praeter,4
loco,4
ardesco,4
blandus,4
minae,4
gelu,4
sanctus,3
ductus,3
forte,3
repulsus,3
malignus,3
tero,3
uiuax,3
contundo,3
effluo,3
genitor,3
transfigo,3
mecum,3
retego,3
cognitus,3
egredior,3
gemino,3
exuuia,3
renouo,3
uultur,3
impar,3
utilis,3
castus,3
color,3
deprecor,3
remoueo,3
compello,3
prospicio,3
acquiro,3
examen,3
cera,3
oblino,3
ala,3
amarus,3
ambiguus,3
sicco,3
repugno,3
propello,3
confringo,3
prora,3
obnoxius,3
peritus,3
marmor,3
probo,3
iuxta,3
praelabor,3
tutela,3
inuidus,3
fuluus,3
uirgineus,3
igitur,3
fido,3
sat,3
fertilis,3
reficio,3
temperies,3
dissipo,3
liquidus,3
aeolius,3
contortus,3
culmen,3
scopulosus,3
rapum,3
nisus,3
affundo,3
circulus,3
porrigo,3
liquor,3
incultus,3
beatus,3
separo,3
immunis,3
scruto,3
repleo,3
insero,3
anhelus,3
tolero,3
reperio,3
latex,3
maius,3
conterreo,3
noxius,3
poculum,3
exundo,3
domina,3
educo,3
stridulus,3
flagello,3
femineus,3
uipereus,3
insolitus,3
uito,3
columna,3
harpe,3
nitor,3
reor,3
coluber,3
laedo,3
recta,3
decido,3
uario,3
cerastes,3
torridus,3
cauda,3
armentum,3
retro,3
crus,3
tegmen,3
poples,3
dissilio,3
profanus,3
umerus,3
tumor,3
lorica,3
auctus,3
harundo,3
demitto,3
suspicio,3
humus,3
ascribo,3
prouoco,3
peregrinus,3
ceruus,3
diurnus,3
cohibeo,3
suspirium,3
inserto,3
excanto,3
lambo,3
mapalia,3
memorabilis,3
riuus,3
incola,3
rite,3
attraho,3
plausus,3
sertorius,3
aeque,3
iniussus,3
inruo,3
pacificus,3
catilina,3
inualidus,3
merito,3
aueo,3
casurus,3
deiectus,3
exardeo,3
lectus,3
pharetra,3
abstineo,3
sulfur,3
iacio,3
mirus,3
lymphatus,3
perspicio,3
denso,3
undo,3
planus,3
aduento,3
languesco,3
domitor,3
penates,3
famosus,3
grauor,3
saeptum,3
destringo,3
tamquam,3
gelo,3
grandaeuus,3
utrimque,3
procurro,3
uincio,3
frequens,3
canna,3
expleo,3
nex,3
hac,3
curo,3
uindicta,3
tensa,3
lituus,3
fremitus,3
circa,3
subtexo,3
quotus,3
stipo,3
insequor,3
commissum,3
uestio,3
datus,3
quacumque,3
quatio,3
bellona,3
flagellum,3
mauors,3
lepidus,3
proficio,3
succumbo,3
singulus,3
perrumpo,3
eminus,3
multo,3
superstes,3
infidus,3
persto,3
popularis,3
intro,3
aueho,3
ratus,3
massa,3
purgo,3
ultrix,3
moene,3
dedecus,3
incestus,3
a,3
facinus,3
abscondo,3
secta,3
onero,3
strata,3
ruber,3
candidus,3
sordidus,3
uoluptas,3
dictum,3
profero,3
lunaris,3
uapor,3
spiramen,3
adoro,3
lenis,3
manifestus,3
titulus,3
haustus,3
madidus,3
obstruo,3
seruilis,3
machina,3
ubique,3
licentia,3
horridus,3
acta,3
tenere,3
conscendo,3
expromo,3
concors,3
miseror,3
duo,3
tranquillus,3
acer,3
temero,3
uomer,3
egestas,3
turriger,3
uestalis,3
focus,3
furialis,3
cratis,3
derigesco,3
occupo,3
mutus,3
quiris,3
continuo,3
tigris,3
receptus,3
quilibet,3
languor,3
mitis,3
admissum,3
laeto,3
placo,3
diana,3
incolo,3
memini,3
impetus,3
eadem,3
latro,3
canis,3
ululo,3
sacerdos,3
anfractus,3
extum,3
portitor,3
abscido,3
uber,3
praecipio,3
excelsus,3
tribunicius,3
tarpeius,3
punicus,3
fatidicus,3
naualis,3
uerro,3
auis,3
pretiosus,3
phoenix,3
occiduus,3
nubifer,3
langueo,3
inermis,3
crudus,3
incendium,3
sublatus,3
uersus,3
coruscus,3
consero,3
tonsa,3
semianimis,3
retento,3
amputo,3
prehendo,3
cumulo,3
uncus,3
fors,3
pinguis,3
adsuetus,3
neuter,3
senecta,3
defero,3
ignosco,3
recido,3
concido,3
insomnis,3
cassus,3
funereus,3
rigidus,3
intumesco,3
propius,3
rapax,3
deuerto,3
dudum,3
uellus,3
saltus,3
tenuis,3
funis,3
admoneo,3
sustento,3
dispono,3
castellum,3
adigo,3
ursa,3
umeo,3
nebula,3
uector,3
magus,3
caneo,3
adductus,3
deprimo,3
lupus,3
ap,3
fulcio,3
conecto,2
sepelio,2
uero,2
auspicium,2
aegyptius,2
officium,2
requiro,2
porto,2
uanesco,2
stirps,2
perfidus,2
iactus,2
occubo,2
alexander,2
suppono,2
defleo,2
imprimo,2
inmodicus,2
generosus,2
reuiso,2
togatus,2
insilio,2
indigus,2
seruitium,2
tribus,2
regia,2
obsidio,2
fauus,2
nexus,2
pastor,2
litoreus,2
inuius,2
superne,2
deficio,2
linteum,2
detrudo,2
interrumpo,2
clauus,2
uentosus,2
perflo,2
concha,2
nata,2
quieto,2
planta,2
obliuium,2
annosus,2
chorus,2
nitidus,2
complexus,2
tempero,2
euado,2
perduco,2
dulcedo,2
praecedo,2
clausura,2
populator,2
tangens,2
exerceo,2
quia,2
prodigium,2
inseruio,2
patulus,2
delubrum,2
leptus,2
solstitium,2
cynosura,2
umidus,2
corniger,2
monitus,2
labienus,2
supernus,2
exemplar,2
oraculum,2
supinus,2
parcus,2
alloquor,2
species,2
admixtus,2
rictus,2
praeuenio,2
rigesco,2
cerberus,2
hydra,2
secundum,2
gorgo,2
animal,2
immanis,2
hydrus,2
penso,2
orbita,2
stillo,2
incoquo,2
lucrum,2
macula,2
concolor,2
pruina,2
pario,2
tabificus,2
africus,2
elephans,2
mordeo,2
torreo,2
palatum,2
exquiro,2
missus,2
propere,2
tantum,2
inguen,2
membrana,2
ocius,2
rubor,2
aenus,2
globus,2
mirator,2
naris,2
praecordia,2
caligo,2
uirga,2
funda,2
mensura,2
perosus,2
reliquus,2
excubo,2
spectator,2
magicus,2
bis,2
spissatus,2
culta,2
distermino,2
usquam,2
troia,2
phryx,2
iuleus,2
retorqueo,2
effigies,2
pacatum,2
plaudo,2
anxius,2
ambages,2
uaticinor,2
nuntio,2
laurea,2
propono,2
tullius,2
eloquium,2
facundia,2
lente,2
potus,2
praematurus,2
aduenio,2
martius,2
incus,2
neptunius,2
spiculum,2
recoquo,2
cyclops,2
liquo,2
cooperio,2
solamen,2
adiaceo,2
fumifer,2
tonitrus,2
dissimilis,2
transmissus,2
radio,2
quartus,2
legio,2
tetrarches,2
caetra,2
repente,2
spondeo,2
delecto,2
gymnasium,2
moto,2
praepono,2
cognata,2
imputo,2
raptim,2
flagito,2
redux,2
uoueo,2
superfundo,2
nonus,2
natalis,2
coram,2
albanus,2
senator,2
redigo,2
fossor,2
faex,2
allium,2
pestifer,2
insanus,2
tremor,2
citus,2
indium,2
romulus,2
infamis,2
cassius,2
uultus,2
resonus,2
resulto,2
necto,2
armatura,2
liquefacio,2
glans,2
syrus,2
collecta,2
inspico,2
aegis,2
subicio,2
coruinus,2
torquatus,2
contego,2
cassis,2
istic,2
columen,2
egressus,2
increpito,2
successor,2
corruo,2
iugulo,2
adflictus,2
miseret,2
lamentum,2
statuo,2
hortamen,2
sumptus,2
despondeo,2
inuigilo,2
capulus,2
captus,2
philippus,2
ambeo,2
prouincia,2
matrona,2
adulter,2
inlicitus,2
pharos,2
deceo,2
capillus,2
maxime,2
ni,2
regina,2
femina,2
trabs,2
hebenus,2
testudo,2
coquo,2
minister,2
discolor,2
distinguo,2
mollio,2
exseco,2
fusco,2
spolium,2
pecten,2
stamen,2
ambitio,2
pone,2
etruscus,2
recens,2
orsus,2
siler,2
niualis,2
arbiter,2
subdo,2
incrementum,2
libra,2
neue,2
tumet,2
trans,2
commeo,2
discursus,2
digero,2
quidam,2
inuideo,2
pastus,2
sero,2
amoueo,2
alueus,2
spuma,2
dea,2
digno,2
fidelis,2
nupta,2
expugno,2
molior,2
crudelis,2
inferia,2
tribuo,2
clangor,2
fundus,2
facultas,2
lucifer,2
diffido,2
abdo,2
praemordeo,2
mulciber,2
atrium,2
circumfluus,2
tropaeum,2
inultus,2
uere,2
glacialis,2
semirutus,2
gigas,2
ferreus,2
belliger,2
ianus,2
consors,2
qualiter,2
gracilis,2
aegaeus,2
parca,2
intercipio,2
obscuro,2
induo,2
sonitus,2
materia,2
reuertor,2
decorus,2
nurus,2
mas,2
paupertas,2
uenalis,2
usura,2
caesaries,2
percello,2
coeptum,2
uenabulum,2
ocior,2
exorior,2
raucus,2
conspectus,2
teutonicus,2
creditum,2
exsilium,2
bello,2
liuor,2
decretum,2
accendo,2
loquax,2
supprimo,2
suesco,2
docilis,2
mansuesco,2
pridem,2
detraho,2
conqueror,2
tuscus,2
pinifer,2
fio,2
euoco,2
rebellis,2
imito,2
pererro,2
altar,2
falsus,2
inlabor,2
solum,2
exsilio,2
affligo,2
desilio,2
eualesco,2
despero,2
latinus,2
auius,2
agricola,2
uterus,2
infaustus,2
minerua,2
flamen,2
induco,2
toruus,2
aduro,2
lethaeus,2
accessus,2
emo,2
britannus,2
udus,2
amitto,2
recludo,2
eruo,2
census,2
auus,2
creta,2
graecia,2
pisaeus,2
dilectus,2
athenae,2
cadmium,2
proscindo,2
contexo,2
nauale,2
inicio,2
ungula,2
substringo,2
ieiunium,2
numero,2
aridus,2
deflecto,2
tracto,2
terrigena,2
finio,2
deleo,2
aptus,2
statura,2
conexum,2
taxus,2
ornus,2
irascor,2
iuuencus,2
ballista,2
innecto,2
uinea,2
sudis,2
spatiosus,2
uolumen,2
area,2
ephebus,2
quater,2
liburnus,2
caeruleus,2
iaculor,2
confercio,2
frustror,2
aplustre,2
ile,2
amissum,2
uenter,2
reduco,2
perfodio,2
pessum,2
iustitium,2
necdum,2
liueo,2
lanio,2
ango,2
euerto,2
carthago,2
tabum,2
nimis,2
furtum,2
deformis,2
catulus,2
piaculum,2
saeuitia,2
flos,2
occumbo,2
inconcussus,2
caelestis,2
comperio,2
uirgo,2
conubium,2
umbrosus,2
diuortium,2
deuoluo,2
lorum,2
planum,2
decliuis,2
dorsum,2
scyllaeus,2
seduco,2
suppleo,2
ascendo,2
deposco,2
incalesco,2
possido,2
alea,2
petra,2
diripio,2
queo,2
nemorosus,2
attondeo,2
adueho,2
cibus,2
mino,2
abrado,2
lampas,2
retundo,2
cerebrum,2
exorno,2
dilato,2
excurro,2
interior,2
hispania,2
brumalis,2
aditus,2
inuerto,2
terrenus,2
python,2
pythia,2
incurro,2
praenosco,2
liqueo,2
surdus,2
praeduco,2
tono,2
conticesco,2
instruo,2
pactum,2
opertum,2
desaeuio,2
trunco,2
praeruptus,2
pharsalicus,2
humilis,2
traicio,2
marceo,2
tartareus,2
lacus,2
bubo,2
fidus,2
exhalo,2
tempore,2
scrutator,2
castalius,2
deuius,2
uitta,2
demens,2
appius,2
inficio,2
uicinia,2
angusto,2
saxosus,2
expertus,2
exercitus,2
meditor,2
brundisium,2
dictator,2
sollemnis,2
rastrum,2
incipio,2
incautus,2
amyclae,2
intendo,2
festino,2
inimicus,2
circumfundo,2
saxeus,2
prodigus,2
stagno,2
mutuus,2
rigo,2
nempe,2
mobilis,2
uenator,2
curio,2
semustus,1
semideus,1
rideo,1
tutor,1
refoueo,1
praecludo,1
priuignus,1
exstinguo,1
porro,1
instrumentum,1
resido,1
elabor,1
commendo,1
sextus,1
insidia,1
delitesco,1
perfruor,1
exsurgo,1
moderatus,1
occido,1
alias,1
impurus,1
niloticus,1
hospitium,1
proauus,1
afficio,1
furtiuus,1
inhumatus,1
semiuir,1
mareotis,1
pyramis,1
linum,1
apis,1
insignis,1
uelamen,1
depasco,1
obicio,1
reuerentia,1
adimo,1
pacate,1
sacrum,1
abutor,1
parate,1
degusto,1
desidiosus,1
thymum,1
increpo,1
mel,1
inculco,1
proximus,1
conterminus,1
innato,1
prouidus,1
antemna,1
suffigo,1
armamenta,1
incido,1
obnitor,1
inuiolatus,1
regimen,1
sortior,1
inlaesus,1
insopitus,1
hesperis,1
hortus,1
derogo,1
uer,1
aureus,1
germen,1
custodia,1
pomum,1
eicio,1
pulcher,1
sponsor,1
praetento,1
peditum,1
communiter,1
uitio,1
excoquo,1
citer,1
eneco,1
desido,1
imbrifer,1
aggredior,1
scutum,1
sacrificus,1
immobilis,1
proruo,1
finitor,1
incensus,1
inuidiosus,1
splendeo,1
donarium,1
uireo,1
domito,1
scorpius,1
iudico,1
hortator,1
inquiro,1
amator,1
sortilegus,1
carpentum,1
haustor,1
inspicio,1
scando,1
spissus,1
dubium,1
depecto,1
lenio,1
cetus,1
retrorsum,1
cithara,1
praepes,1
iuuenca,1
innubus,1
pacta,1
libyssus,1
saxificus,1
uigilo,1
offundo,1
duplico,1
colubrifer,1
hamatus,1
tritonia,1
aliger,1
palla,1
ales,1
somnifer,1
gutta,1
spons,1
tenus,1
merx,1
chelydrus,1
cenchros,1
aluus,1
ophites,1
indiscretus,1
spina,1
natrix,1
uiolator,1
dissoluo,1
basiliscus,1
auratus,1
fulgor,1
emetior,1
ebibo,1
uago,1
tenax,1
retexo,1
sura,1
musculus,1
destillo,1
decoquo,1
contraho,1
textura,1
efflo,1
polleo,1
intactus,1
spectaculum,1
pressura,1
crocum,1
foramen,1
redundo,1
socia,1
stipes,1
sabaeus,1
toxicum,1
murrio,1
armus,1
orion,1
allicio,1
inuro,1
exonero,1
innoxius,1
aspis,1
ouum,1
status,1
expurgo,1
medicatus,1
ebulum,1
galbaneus,1
sudo,1
panacea,1
centaureus,1
larix,1
abrotonum,1
designo,1
saliua,1
exspuo,1
gustus,1
legens,1
herous,1
lacrimosus,1
ostrifer,1
pergama,1
anchises,1
nais,1
oenus,1
inscius,1
xanthus,1
monstrator,1
musa,1
congestus,1
turicremus,1
aeneus,1
lauinius,1
aspecto,1
praedo,1
editus,1
exter,1
sarisa,1
sedo,1
obses,1
biremis,1
sistrum,1
coalesco,1
dependo,1
como,1
ordior,1
sexus,1
affectus,1
ineo,1
peroro,1
laqueatus,1
crusto,1
achates,1
purpureus,1
lapis,1
mareoticus,1
ebur,1
atrius,1
distinctus,1
smaragdus,1
iaspis,1
supellex,1
triclinium,1
fucus,1
plumatus,1
coccum,1
licium,1
refugus,1
lanugo,1
discumbo,1
fuco,1
sidonius,1
perluceo,1
nilotis,1
acus,1
niueus,1
crystallus,1
merum,1
uua,1
falernus,1
nardus,1
floreo,1
rosa,1
euanesco,1
aduectus,1
incoho,1
adloquium,1
liniger,1
arguo,1
primordium,1
edissero,1
auditus,1
notesco,1
moderor,1
saturnus,1
cyllenius,1
sirius,1
superiacio,1
coarto,1
aestiuus,1
suscito,1
imploro,1
libero,1
autumnus,1
declino,1
stata,1
assiduus,1
obex,1
uomo,1
rumor,1
sal,1
mitesco,1
lis,1
creator,1
opifex,1
tyrannis,1
notitia,1
rubicundus,1
mendax,1
celator,1
concessus,1
mitigo,1
lineus,1
praeuehor,1
multifidus,1
cataracta,1
delictum,1
praeficio,1
accurro,1
nubo,1
luo,1
formosus,1
sons,1
deterreo,1
merus,1
obliuio,1
districtus,1
insidiae,1
contemptus,1
reparabilis,1
casia,1
secus,1
nuper,1
alanus,1
puteo,1
orator,1
sequester,1
aestimo,1
delicia,1
quasso,1
incurso,1
luxuriosus,1
defensor,1
inaratus,1
pyrrhus,1
compesco,1
biga,1
commodo,1
asylum,1
isthmus,1
parthicus,1
aemulus,1
piraticus,1
laureus,1
senium,1
dedisco,1
petitor,1
praestringo,1
recolligo,1
subsum,1
curium,1
scitum,1
sector,1
ambitus,1
annuus,1
uorax,1
faenus,1
quirinus,1
latiaris,1
aestifer,1
infremo,1
puniceus,1
candesco,1
serpo,1
grauidus,1
pluuialis,1
cetera,1
concino,1
scaber,1
robigo,1
partio,1
repagulum,1
conuoco,1
extemplo,1
decimus,1
acte,1
hannibal,1
marcellus,1
cliens,1
iudicium,1
reus,1
consummo,1
ueteranus,1
laelius,1
insigne,1
exclamo,1
inhospitus,1
decem,1
castrensis,1
moneta,1
metator,1
assentio,1
uoluto,1
molliter,1
braca,1
batauus,1
recuruus,1
aceo,1
tondeo,1
comatus,1
immitis,1
bardus,1
animaequus,1
nuntia,1
praeconius,1
affero,1
incedo,1
prorumpo,1
inconsultus,1
uelifer,1
amata,1
difficilis,1
pauo,1
uolantes,1
cometes,1
fallax,1
latiar,1
coacto,1
expallesco,1
mycenae,1
charybdis,1
indiges,1
monstruosus,1
diffugio,1
iuno,1
megaera,1
insono,1
anio,1
propter,1
accio,1
edoceo,1
pontifex,1
uittatus,1
troianus,1
almus,1
cybebe,1
septemuir,1
titius,1
sodalis,1
mola,1
culter,1
taeter,1
aspergo,1
iecur,1
profundum,1
soporifer,1
hio,1
praeparo,1
acheron,1
innubo,1
paelex,1
dilabor,1
ignifer,1
demergo,1
laetifico,1
gnarus,1
annona,1
assero,1
horreum,1
prouideo,1
praemitto,1
palatium,1
praetor,1
curulis,1
censeo,1
erubesco,1
experior,1
saturnius,1
aedis,1
raptor,1
spectatrix,1
exuo,1
desisto,1
stridor,1
fabricius,1
uendo,1
tributus,1
boeotus,1
cadmeus,1
arca,1
centenus,1
biformis,1
consuesco,1
conus,1
alluo,1
exilis,1
marsyas,1
aurifer,1
iulus,1
arbustus,1
murex,1
flumineus,1
sculpo,1
animalis,1
resono,1
ostium,1
croceus,1
medicamen,1
coloro,1
pyra,1
armenus,1
fungor,1
renascor,1
affinis,1
terminus,1
confinius,1
amplio,1
meta,1
exequia,1
euolo,1
leuitas,1
sermo,1
annalis,1
illustro,1
perfringo,1
uxor,1
rebello,1
uirgultum,1
ruricola,1
panis,1
siluanus,1
nympha,1
insisto,1
recubo,1
simulacrum,1
mugio,1
frequento,1
bipennis,1
aerius,1
effor,1
nequeo,1
subuerto,1
expendo,1
nodosus,1
ilex,1
cupressus,1
exsulto,1
hispanus,1
stellatus,1
repo,1
exanimo,1
tormentum,1
grando,1
respuo,1
adoperio,1
pluteus,1
incussus,1
fragmen,1
uiridis,1
consequor,1
appareo,1
armo,1
matutinus,1
conuello,1
triremis,1
multiplex,1
luno,1
praetorius,1
inueho,1
transtrum,1
crepo,1
habilis,1
tarde,1
patera,1
cohaereo,1
manica,1
teres,1
concretum,1
discerno,1
insuper,1
instauro,1
contendo,1
meo,1
eiecto,1
inhibeo,1
obluctor,1
prehenso,1
ulna,1
amplius,1
alimentum,1
pix,1
praescius,1
conclamatus,1
ululatus,1
coniuro,1
achaemenius,1
medicus,1
prouentus,1
uter,1
limosus,1
ulua,1
paedor,1
tenebrosus,1
ulcisco,1
triumpho,1
conflo,1
ergastulum,1
lubricus,1
nedum,1
baebius,1
fimbria,1
uesta,1
septimus,1
collinus,1
samnis,1
furca,1
medicina,1
thrax,1
stabulum,1
conuenio,1
inexpletus,1
palpito,1
aduncus,1
ouile,1
bellicus,1
eluctor,1
exitus,1
praeteritus,1
soporus,1
amplus,1
absoluo,1
orbo,1
construo,1
persequor,1
fraudo,1
redimo,1
tueo,1
ideo,1
hortensis,1
maternus,1
inlibatus,1
scribo,1
corono,1
legitimus,1
eburneus,1
discrimino,1
timidus,1
leuiter,1
luteus,1
uelo,1
balteus,1
fluxus,1
monile,1
lugubris,1
lana,1
sabinus,1
auspex,1
dimoueo,1
intonsus,1
incresco,1
barba,1
hirtus,1
iustitia,1
seruator,1
campanus,1
occursus,1
dalmaticus,1
sapa,1
populeus,1
transuersus,1
permeo,1
uulturnus,1
lira,1
rado,1
macer,1
moratus,1
ferax,1
domitus,1
indigenus,1
lacinia,1
populo,1
apto,1
horrisonus,1
tridens,1
icio,1
pubes,1
properatus,1
pedes,1
surrepo,1
retempto,1
paciscor,1
interritus,1
praeses,1
supplicium,1
carbo,1
sospes,1
praecordium,1
territus,1
quaeso,1
cynthia,1
dedo,1
iudaeus,1
sophus,1
refundo,1
spumosus,1
affor,1
perdomo,1
assequor,1
atrox,1
alteruter,1
dumosus,1
insido,1
quassabilis,1
metor,1
turritus,1
tesqua,1
indago,1
fatigo,1
intermaneo,1
structura,1
caledonius,1
saepio,1
disto,1
nemoralis,1
saepis,1
abstraho,1
cito,1
corneus,1
praesaepium,1
moribundus,1
nebulosus,1
anhelo,1
caenum,1
inconditus,1
minuo,1
turgeo,1
dumus,1
folium,1
satur,1
latebrosus,1
furto,1
dedignor,1
opportunus,1
quo,1
piceus,1
uitis,1
scisco,1
contus,1
crescentus,1
pardus,1
hebes,1
uulnero,1
tortilis,1
falarica,1
muralis,1
belua,1
repercussus,1
uello,1
fulmineus,1
euello,1
specula,1
immitto,1
obsaepio,1
defluo,1
hesperia,1
condico,1
solstitialis,1
maturo,1
praecido,1
uesper,1
habitator,1
achilles,1
pieris,1
oblimo,1
irrigo,1
amphrysus,1
famulor,1
suspiro,1
magnes,1
semifer,1
centaurus,1
argentum,1
fornax,1
praesumo,1
sex,1
grassor,1
altrix,1
dodona,1
detestor,1
ingigno,1
hospitus,1
uolubilis,1
auoco,1
babylon,1
seuerus,1
uertigo,1
maeander,1
titubo,1
nubilus,1
pruinosus,1
afflo,1
obstringo,1
imperiosus,1
despumo,1
efferus,1
obtineo,1
macies,1
lito,1
infodio,1
peruerto,1
oleo,1
duresco,1
rodo,1
excrementum,1
primaeuus,1
labrum,1
effringo,1
caute,1
uenefica,1
conspergo,1
inuolo,1
propago,1
torquis,1
praepondero,1
origo,1
peremptor,1
electus,1
opaco,1
intus,1
defigo,1
uillosus,1
abluo,1
lynx,1
hyaena,1
pasta,1
tepefacio,1
inno,1
uipera,1
saturo,1
inspuo,1
strix,1
illido,1
penetro,1
styx,1
persephone,1
lauo,1
lanx,1
latito,1
orcus,1
exaudio,1
asto,1
tisiphone,1
abigo,1
tabidus,1
eloquor,1
daps,1
remaneo,1
munia,1
indoles,1
hyperboreus,1
exulo,1
phoebeius,1
phoca,1
sceptrifer,1
diadema,1
bromius,1
trietericus,1
baccha,1
themis,1
diuinus,1
apollo,1
contactus,1
apex,1
campana,1
uaporo,1
labes,1
susurro,1
benignus,1
fruor,1
antistes,1
absterreo,1
longaeuus,1
sibylla,1
infula,1
resisto,1
instinctus,1
impius,1
orbus,1
consultum,1
desino,1
confugio,1
bacchor,1
exaestuo,1
congeries,1
excerpo,1
consultor,1
tripus,1
collabor,1
uolgaris,1
lethe,1
territo,1
excepto,1
euripus,1
intermitto,1
furia,1
uendito,1
iniustus,1
pecco,1
quolibet,1
aliqui,1
portendo,1
inquino,1
obsequium,1
quando,1
sanus,1
dicto,1
absento,1
fortiter,1
seditio,1
despecto,1
transfuga,1
amolior,1
exarmo,1
discus,1
decuma,1
suffragium,1
decanto,1
menstruus,1
praesideo,1
flammifer,1
eueho,1
inconstantia,1
carchesium,1
obliquo,1
bosporus,1
migro,1
sensim,1
uadosus,1
numquid,1
tacite,1
iuncus,1
intexo,1
paluster,1
munio,1
phaselus,1
alga,1
quisnam,1
scintilla,1
lares,1
intellego,1
modestus,1
importunus,1
pauperies,1
indocilis,1
lucidus,1
tenuo,1
luridus,1
ardea,1
instabilis,1
cornix,1
uexo,1
priuus,1
conuoluo,1
nimbosus,1
extimesco,1
elementum,1
ambracia,1
dictus,1
mirabilis,1
deicio,1
incesso,1
emereo,1
iactans,1
insurgo,1
moderamen,1
terrestris,1
tenor,1
grus,1
effingo,1
littera,1
praetereo,1
sepono,1
coniugium,1
strepitus,1
dominor,1
peruigil,1
excerno,1
hactenus,1
pluuius,1
uernus,1
refulgeo,1
gangeticus,1
extinguo,1
imperfectus,1
defundo,1
pyrenaeus,1
restagno,1
prolato,1
uenditor,1
uorago,1
summe,1
neptunus,1
inundo,1
emergo,1
salix,1
madefactus,1
uimen,1
texo,1
k,1
uenetus,1
nauigo,1
bibulus,1
papyrus,1
succido,1
decresco,1
opacus,1
distantia,1
parumper,1
nutus,1
saluto,1
cieo,1
puerilis,1
singultus,1
requies,1
instituo,1
libamen,1
gramineus,1
disturbo,1
adsertor,1
exoro,1
proditio,1
oppidum,1
sacramentum,1
desuetus,1
gusto,1
dissuasor,1
adhaereo,1
confirmo,1
gestus,1
siquidem,1
eris,1
subtraho,1
deflagro,1
substituo,1
paulatim,1
tepesco,1
saucius,1
conamen,1
adduco,1
puteus,1
cauo,1
irriguus,1
fastigium,1
pumex,1
glarea,1
silex,1
limus,1
certatim,1
lac,1
sorbeo,1
palmes,1
fortunatus,1
aconitus,1
squamosus,1
rescindo,1
areo,1
afranius,1
denique,1
dego,1
tecum,1
luxuries,1
quaesitor,1
ambitiosus,1
murra,1
paeniteo,1
bellax,1
cautus,1
cupa,1
porricio,1
remigium,1
refluus,1
relabor,1
tabulatus,1
octauius,1
confestim,1
inuito,1
odoratus,1
rete,1
clamosus,1
auide,1
impedio,1
religo,1
tardo,1
inumbro,1
summergo,1
euomo,1
conatus,1
conspicuus,1
exhibeo,1
instantia,1
orior,1
promissum,1
ecquis,1
collaudo,1
interficio,1
creo,1
inexpertus,1
percipio,1
uigeo,1
spelunca,1
adsuesco,1
resumo,1
olympiacus,1
conseruo,1
anhelitus,1
induresco,1
stupefacio,1
deseco,1
confligo,1
nouerca,1
acceptum,1
miratrix,1
cognomen,1
f,1
termino,1
afer,1
solium,1
desolo,1
capesso,1
furtim,1
simulator,1
sollers,1
citra,1
aurora,1
rogatus,1
