,count
sum,1669
et,1277
tu,1236
qui,1089
non,855
num,727
hic,726
ego,587
nec,512
si,448
in,421
sed,420
cum,415
tuus,371
do,348
quis,341
possum,330
ille,295
dico,260
facio,236
meus,225
ut,212
habeo,209
uolo,199
noster,189
iam,183
uideo,179
suus,175
quod,168
ipse,167
edo,167
sic,161
de,158
nihil,157
ad,151
magnus,148
ab,145
quam,144
puer,143
multus,141
omnis,140
totus,139
liceo,135
nos,134
dum,133
tam,128
mitto,126
nunc,122
credo,119
unus,118
tamen,117
tantus,117
uenio,116
puto,115
manus,113
libellus,112
nullus,112
iste,109
sui,109
fero,108
dominus,107
ne,107
amicus,105
aut,100
nego,97
rogo,96
munus,96
uel,94
puella,94
primus,90
nomen,89
peto,89
amo,88
solus,87
per,86
lego,85
uir,84
aqua,83
paruus,82
o,81
os,80
carmen,79
dies,79
saepe,78
semper,78
deus,77
liber,76
soleo,74
longus,73
bonus,72
uiuo,70
modo,69
pater,69
urbs,68
scio,66
domus,66
uoco,66
bene,65
placeo,63
quantus,63
iubeo,63
nolo,63
quaero,63
at,62
breuis,61
bibo,61
debeo,60
pro,60
res,59
atque,59
cupio,58
opus,57
annus,57
duo,57
senex,57
mille,56
eo,55
turba,55
quisquis,55
leuis,54
nisi,53
nam,53
scribo,53
malus,53
uxor,53
cena,53
toga,53
loquor,51
uinco,51
post,51
niger,51
uerus,51
grauis,50
reddo,50
ergo,50
praesto,50
uterque,50
bis,50
sacer,49
timeo,49
fama,48
lex,48
cur,48
ludo,47
dono,47
felix,47
futuo,47
quisque,46
iuuo,46
an,46
miror,46
unda,46
laudo,46
mentula,46
satis,45
taceo,45
nimius,44
medius,44
gratus,44
sto,44
mater,44
coma,43
miser,43
nox,43
accipio,43
nouus,43
tristis,43
fio,43
quotiens,43
poeta,43
dens,43
uetus,42
perdo,42
aper,42
doceo,42
uita,41
colo,41
populus,41
caesar,41
pono,41
tempus,41
talis,41
ante,41
redeo,41
rumpo,40
ago,40
uox,40
homo,40
mensa,40
causa,40
malo,40
charta,40
specto,40
labor,40
gaudeo,40
sine,40
pectus,40
gallus,40
inter,40
dulcis,39
maritus,39
pauper,39
lux,39
teneo,39
sono,39
mos,39
auris,39
uinum,38
numero,38
rus,38
rarus,38
natus,38
terra,37
bellus,37
grandis,37
uotum,37
emo,37
prior,37
superbus,37
tres,37
magis,37
rideo,37
diues,37
ceno,37
hinc,37
sub,36
dignus,36
candidus,36
frons,36
lauo,36
centum,36
ars,36
lasciuus,35
nudus,35
eques,35
ex,35
sedeo,35
caput,35
audio,35
mollis,35
uendo,35
parum,34
locus,34
iaceo,34
sordidus,34
dux,34
donum,34
numquam,34
uerbum,33
lingua,33
inquam,33
factum,33
posco,33
leo,33
tego,33
saeuus,33
pars,32
tero,32
nummus,32
capillus,32
tener,32
pereo,32
misceo,31
relinquo,31
quattuor,31
nemo,31
sapio,31
aurum,31
pingo,31
orbis,31
queror,31
digitus,31
certus,31
uersus,30
gens,30
curro,30
sentio,30
quare,30
ops,30
minister,30
capio,30
mane,30
durus,30
cura,30
qualis,30
uilis,30
uix,30
fera,30
rogus,30
amor,30
domina,30
idem,30
uia,30
pudor,29
gloria,29
serus,29
blandus,29
refero,29
conuiua,29
umbra,29
superus,29
mereo,29
cito,29
pariter,28
altus,28
soror,28
par,28
hora,28
lacerna,28
usque,28
inprobus,28
focus,28
nescio,28
auis,28
cado,28
seruo,28
basium,28
uicinus,28
ter,28
canis,28
fatum,28
nosco,28
adhuc,27
ingens,27
quoque,27
carus,27
raptus,27
frater,27
pagina,27
castus,27
comes,27
ecce,27
pes,27
epigramma,26
magister,26
pius,26
recito,26
uis,26
pasco,26
ius,26
precor,26
ubi,26
alter,26
nobilis,26
cunnus,26
ager,26
protinus,26
alius,26
rex,26
duco,25
cedo,25
astrum,25
equus,25
paro,25
tecum,25
inde,25
fugio,25
fruor,24
templum,24
sex,24
piger,24
fateor,24
corona,24
facies,24
uos,24
silua,24
aureus,24
latus,24
oleo,24
madidus,24
remitto,24
therma,24
minor,23
coquus,23
nix,23
sinus,23
similis,23
hortus,23
taurus,23
quoius,23
pulcher,23
rosa,23
lector,23
frango,23
desum,23
ingenium,22
iocus,22
limen,22
quinque,22
gaudium,22
merus,22
decem,22
mensis,22
nemus,22
tutus,22
harena,22
morior,22
grex,22
tenuis,22
quando,22
sumo,22
rufus,22
mors,22
ratio,22
securus,22
theatrum,22
canus,22
iuuenis,22
seruus,22
rapio,22
poto,22
quamuis,21
addo,21
septem,21
datum,21
honor,21
roma,21
placidus,21
nimis,21
lusus,21
lassus,21
torus,21
basio,21
enim,21
collum,21
numquid,21
rudis,21
uates,21
nondum,21
frigus,21
uaco,21
sodalis,21
gero,21
laetus,21
tot,20
uultus,20
opto,20
nugae,20
modus,20
fingo,20
tus,20
saluto,20
notus,20
flaccus,20
male,20
delicia,20
abeo,20
uiuus,20
coepio,20
caleo,20
praeda,20
premo,20
tunc,20
caecilius,20
nota,20
pondus,20
noceo,20
facilis,20
anus,20
seu,20
somnus,20
inuidia,20
uenus,19
oculus,19
uetulus,19
narro,19
poculum,19
nuper,19
bruma,19
purus,19
sextus,19
sidus,19
decus,19
gemma,19
moueo,19
coniunx,19
uagus,19
moneo,19
consul,19
quisquam,19
gelidus,19
iungo,19
cinaedus,19
cogo,19
balneum,19
pudet,19
ferrum,19
probo,19
pretium,19
patior,19
quidam,19
siue,19
paucus,19
quater,18
saxum,18
uirgo,18
lucerna,18
canto,18
soluo,18
cerno,18
saeculum,18
contingo,18
claudo,18
tertius,18
rusticus,18
semel,18
geminus,18
facundus,18
uelum,18
praefero,18
prosum,18
beatus,18
porto,18
traho,18
mens,18
iugum,18
decet,18
niueus,18
tectum,18
qua,18
quid,18
ora,18
perago,18
seruio,18
rubeo,18
pila,18
tingo,17
nubo,17
princeps,17
aer,17
ouum,17
argentum,17
nascor,17
sis,17
aufero,17
fleo,17
lectus,17
mappa,17
uernus,17
uester,17
potius,17
quicumque,17
phoebus,17
imago,17
seco,17
delicatus,17
siccus,17
fons,17
trado,17
calix,17
putus,17
testa,17
is,16
frequens,16
permitto,16
parens,16
fortis,16
diu,16
lentus,16
lana,16
aspicio,16
dextra,16
inuenio,16
ualeo,16
condio,16
tabella,16
cinis,16
propero,16
noto,16
diligo,16
labrum,16
pinguis,16
uarius,16
quondam,16
libra,16
sequor,16
animus,16
tollo,16
turpis,16
infans,16
signo,16
culus,16
madeo,16
prope,16
fides,16
deciens,16
uenter,16
inguen,16
nasus,16
lepus,16
quidem,15
seuerus,15
memini,15
intro,15
sal,15
priscus,15
disertus,15
sol,15
nitidus,15
forte,15
aio,15
uellus,15
cliens,15
clarus,15
fallo,15
tonsor,15
praemium,15
marmor,15
messis,15
arma,15
sollicitus,15
litus,15
uua,15
corpus,15
crinis,15
subitus,15
dea,15
secundus,15
mitis,15
lupus,15
metuo,15
aliquis,15
mentior,15
lacus,15
causidicus,15
laedo,15
consto,15
disco,15
tetricus,15
audeo,15
unguentum,14
nimium,14
niteo,14
largus,14
adeo,14
albus,14
quot,14
cresco,14
plenus,14
numen,14
capto,14
doleo,14
conuiuium,14
daps,14
nectar,14
iuro,14
dormio,14
formosus,14
lateo,14
medicus,14
mullus,14
tamquam,14
ullus,14
haereo,14
barba,14
turdus,14
uiridis,14
clamo,14
nefas,14
fames,14
pellis,14
molestus,14
otium,14
ebrius,14
ficus,14
filia,14
dolor,14
holus,14
reus,14
uitium,14
requiro,14
puluis,13
plurimus,13
patrius,13
etiam,13
pallidus,13
iuppiter,13
pecus,13
flamma,13
ignis,13
ruber,13
lino,13
torqueo,13
conuenio,13
caelum,13
sportula,13
palleo,13
heres,13
rado,13
cultus,13
sanus,13
fuscus,13
tribuo,13
unde,13
lumen,13
summum,13
supersum,13
luceo,13
quies,13
cingo,13
cesso,13
impleo,13
porticus,13
iuuencus,13
moecha,13
tellus,13
oliua,13
colonus,13
pilus,13
heu,13
quasi,13
ulter,13
satur,13
uireo,13
perpetuus,13
delecto,13
postquam,13
carpo,13
exigo,13
pomum,13
surgo,13
boletus,13
commendo,13
forum,13
cor,13
nato,13
decipio,13
ira,13
lis,13
moechus,13
piscis,13
tango,13
propter,12
recedo,12
promitto,12
musa,12
hospes,12
ingratus,12
ara,12
anulus,12
purpura,12
quintus,12
color,12
maneo,12
habito,12
arbor,12
contentus,12
desino,12
spero,12
unguis,12
crassus,12
cutis,12
denique,12
serenus,12
arca,12
lignum,12
spargo,12
amphora,12
centenus,12
flauus,12
auctor,12
totiens,12
aetas,12
falernus,12
sollicito,12
pateo,12
femineus,12
sanctus,12
simplex,12
famulus,12
exspecto,12
positus,12
crus,12
inuideo,12
sanguis,12
sors,12
lingo,12
regnum,12
rigidus,12
quadrans,12
pedico,12
stultus,12
uanus,12
iacto,12
tondeo,12
namque,12
ploro,12
furtum,12
parce,12
togatus,12
lepor,12
gula,12
igitur,12
agrellus,12
erro,12
tumidus,11
luscus,11
bassus,11
ueneror,11
aliter,11
hibernus,11
cella,11
triumphus,11
fas,11
penna,11
telum,11
muto,11
aula,11
triens,11
gena,11
repeto,11
reuoco,11
auus,11
malignus,11
laxus,11
tandem,11
ludus,11
quartus,11
licet,11
lesbius,11
palma,11
condo,11
pullus,11
cadus,11
fello,11
monstrum,11
horridus,11
maxime,11
gigno,11
cornu,11
nata,11
lar,11
proelium,11
fax,11
prohibeo,11
excipio,11
patronus,11
cras,11
procul,11
ueto,11
nux,11
uacuus,11
libet,11
barbarus,11
faba,11
uilla,11
collis,11
campus,11
recumbo,11
transeo,11
pietas,10
laboro,10
laus,10
summa,10
fortuna,10
respondeo,10
asper,10
romanus,10
lutum,10
uelox,10
admitto,10
sancio,10
inuito,10
gulosus,10
columba,10
adsum,10
supplex,10
paulus,10
custos,10
uictor,10
osculum,10
iustus,10
onus,10
insto,10
fallax,10
pendeo,10
crudus,10
purpureus,10
meritum,10
laeuus,10
recens,10
libenter,10
acer,10
amicitia,10
polus,10
damnum,10
aueo,10
apis,10
iudex,10
curuus,10
crimen,10
mergo,10
utor,10
fabula,10
genus,10
pusillus,10
arrigo,10
mora,10
prandium,10
antiquus,10
prurio,10
calamus,10
festino,10
cunctus,10
furor,10
propior,10
uulnus,10
ferueo,10
lapis,10
ursus,10
sitis,10
tunica,10
concha,10
erus,10
fatuus,10
uoro,10
frustra,10
ibi,10
uilicus,10
fur,10
otiosus,10
ducenti,10
tepeo,10
fastus,9
finis,9
uestis,9
lyra,9
immo,9
femina,9
aura,9
faex,9
crudelis,9
pistor,9
consumo,9
moror,9
aeger,9
mons,9
ebur,9
longe,9
exiguus,9
tumulus,9
faustus,9
sudo,9
augustus,9
filius,9
murex,9
uitis,9
reuertor,9
tepidus,9
ardeo,9
dubito,9
uirga,9
salus,9
differo,9
sterilis,9
succurro,9
casus,9
nimbus,9
ignoro,9
emptum,9
gratia,9
auarus,9
foris,9
sumen,9
colus,9
conscius,9
sella,9
porrigo,9
uisum,9
pecco,9
missa,9
argutus,9
contra,9
nescius,9
dicis,9
illinc,9
deprehendo,9
cera,9
membrana,9
hostis,9
cuspis,9
inutilis,9
bucca,9
calidus,9
paene,9
piper,9
dos,9
lactuca,9
chius,9
peregrinus,9
caseus,9
maternus,9
testis,9
libertus,9
ciuis,9
exeo,9
febris,9
perfero,9
urbanus,9
fretus,9
lacrima,9
sestertius,9
recingo,9
suspicor,9
parco,9
naeuius,9
subinde,8
tempto,8
scriptum,8
accedo,8
discus,8
finio,8
odi,8
mundus,8
garrulus,8
struo,8
censeo,8
propino,8
caecus,8
locuples,8
inferus,8
matrona,8
redux,8
tribus,8
pax,8
mecum,8
offendo,8
herba,8
uenenum,8
algeo,8
acus,8
fuga,8
forsitan,8
kalendae,8
parcus,8
filum,8
uestio,8
prius,8
arcanus,8
uertex,8
deceo,8
possideo,8
densus,8
luxuria,8
uexo,8
littera,8
furo,8
colligo,8
umbilicus,8
suburbanus,8
lapillus,8
pluma,8
domo,8
senus,8
uindemia,8
celebro,8
turbo,8
laurus,8
casa,8
obscurus,8
aetherius,8
pudicus,8
scelus,8
nidus,8
fidus,8
ostrea,8
imber,8
parma,8
imito,8
mirus,8
penis,8
matutinus,8
rhombus,8
respicio,8
mando,8
hodie,8
uentus,8
cycnus,8
percido,8
damno,8
tendo,8
figo,8
rota,8
exuo,8
as,8
uiator,8
ferus,8
perfidus,8
faueo,8
nequitia,8
prex,8
maestus,8
potens,8
esurio,8
iucundus,8
togula,8
mutuus,8
aptus,8
usus,8
utilis,8
lectulus,8
lacertus,8
mamma,8
uenator,8
audax,8
ingeniosus,8
alienus,8
tabula,8
ceterus,8
aequoreus,8
caupo,8
mare,8
uterus,8
praetor,8
supinus,8
caueo,8
fututor,8
ecquis,8
subito,8
repente,8
iter,8
auidus,8
posterus,8
impono,8
nequam,8
facinus,8
saltem,8
nusquam,8
postumus,8
inmodicus,8
epistola,8
satio,7
senecta,7
raucus,7
macer,7
fundus,7
pollex,7
lippus,7
mordeo,7
uirtus,7
ueho,7
tardus,7
porcus,7
texo,7
poena,7
spectator,7
belle,7
lasso,7
flecto,7
exsul,7
ossum,7
sino,7
tonans,7
deficio,7
corrumpo,7
centiens,7
linum,7
forma,7
foedus,7
massa,7
uiolo,7
cyathus,7
iugulo,7
rego,7
herculeus,7
diuitia,7
humus,7
pallium,7
fraudo,7
ramus,7
aestiuus,7
mula,7
testor,7
sufficio,7
silus,7
culina,7
uro,7
mortuus,7
ignosco,7
selibra,7
paternus,7
infelix,7
oro,7
lacero,7
praeses,7
inuictus,7
necesse,7
pareo,7
trux,7
tempero,7
harundo,7
sceleratus,7
penas,7
trecenti,7
fortasse,7
crepo,7
fulgeo,7
mel,7
occurro,7
uagor,7
redimo,7
apud,7
pario,7
amarus,7
ratis,7
fluctus,7
querela,7
uenia,7
hasta,7
nympha,7
uitrum,7
sepono,7
uerber,7
caco,7
olim,7
signum,7
puter,7
grammaticus,7
obseruo,7
placenta,7
propius,7
malum,7
pignus,7
deinde,7
ceruus,7
latro,7
miles,7
caluus,7
tenebrae,7
cereus,7
difficilis,7
lambo,7
rodo,7
uitreus,7
prasinus,7
tumeo,7
sobrius,7
detineo,7
derideo,7
perlego,7
ruina,7
mustus,7
porrum,7
sus,7
antrum,7
rete,7
damma,7
septimus,7
caecubus,7
pretiosus,7
indulgeo,7
excutio,7
chorus,7
ingenuus,7
gesto,7
cathedra,7
certo,7
dissimulo,7
columna,7
praedium,7
fugitiuus,7
rumor,7
dica,7
mentum,7
lanx,7
stringo,7
probus,7
martialis,7
subeo,7
spado,7
stygius,7
absum,7
dimidius,7
ancilla,7
iuger,7
lupercus,7
secor,7
incipio,7
festus,7
ah,7
faux,7
regulus,7
demens,7
saluus,7
sophus,7
octauus,6
aliqui,6
fatigo,6
lauriger,6
genitor,6
ubique,6
secum,6
nonus,6
io,6
archetypus,6
nestor,6
lucrum,6
morio,6
uiginti,6
fenestra,6
duceni,6
panis,6
erubesco,6
timidus,6
tigris,6
bacchus,6
culta,6
attono,6
sinister,6
pigeo,6
fluo,6
fusus,6
merum,6
ligula,6
certe,6
salutator,6
udus,6
area,6
explico,6
concubinus,6
sponsa,6
plebs,6
tergum,6
speculum,6
innumerus,6
poenus,6
fundo,6
roseus,6
officium,6
a,6
aridus,6
lac,6
natura,6
autumnus,6
hiems,6
aeternus,6
crystallum,6
rapina,6
querulus,6
aestas,6
octo,6
lectica,6
totidem,6
dictum,6
ales,6
exoro,6
pensum,6
sitio,6
fulmen,6
umquam,6
inspicio,6
infernus,6
sileo,6
occido,6
anser,6
rector,6
sane,6
secta,6
callidus,6
splendidus,6
tremulus,6
passer,6
recipio,6
lubricus,6
mulio,6
naris,6
uilica,6
tacita,6
hesternus,6
descendo,6
luxuriosus,6
percutio,6
dimitto,6
rhetor,6
sutor,6
mutus,6
coquo,6
exstruo,6
incido,6
gemo,6
captus,6
dispereo,6
alumnus,6
stupeo,6
atrium,6
cognosco,6
amnis,6
recuso,6
eboreus,6
improbus,6
leuo,6
uena,6
palus,6
unctum,6
nurus,6
acuo,6
toreuma,6
fictilis,6
murra,6
spongia,6
lugeo,6
lotus,6
fibula,6
parca,6
ceruix,6
piscina,6
spiro,6
aequor,6
garum,6
liquidus,6
acetum,6
hilaris,6
forsan,6
ignotus,6
corono,6
indecens,6
ruo,6
noxius,6
lorum,6
coram,6
synthesis,6
here,6
aequus,6
recessus,6
decuma,6
uadum,6
december,6
pertineo,6
fraus,6
fragro,6
communis,6
uerpus,6
ulcus,6
occupo,6
scrinium,6
stagnum,6
rigeo,6
materia,5
facile,5
tono,5
tuba,5
germanicus,5
committo,5
pugna,5
nouem,5
renouo,5
memoro,5
insum,5
uigilo,5
lucus,5
luna,5
gallicus,5
uapulo,5
gracilis,5
aruum,5
currus,5
floreo,5
liueo,5
lilium,5
risus,5
breuitas,5
brutus,5
nubilus,5
funus,5
folium,5
uapor,5
cochlea,5
miraculum,5
apex,5
ambrosius,5
effero,5
exitus,5
paedagogus,5
forus,5
mars,5
eunuchus,5
cestus,5
tonsa,5
uello,5
promissum,5
metallum,5
numerus,5
dubius,5
commodo,5
barbatus,5
uenabulum,5
uergilius,5
tuscus,5
marmoreus,5
excido,5
claudius,5
excito,5
bellum,5
frigidus,5
inuidus,5
perspicuus,5
uacerra,5
polio,5
simplicitas,5
inanis,5
sarcina,5
splendeo,5
stella,5
nomisma,5
tessera,5
denus,5
pugno,5
niliacus,5
bos,5
gellius,5
careo,5
ordo,5
bibliotheca,5
assero,5
placo,5
cumque,5
aro,5
culter,5
praetereo,5
sustineo,5
aureolus,5
uiola,5
sacro,5
uallis,5
uirgineus,5
plausus,5
ripa,5
uictima,5
monumentum,5
orno,5
supercilium,5
reuerentia,5
sescenti,5
paelex,5
fascis,5
hirsutus,5
cauda,5
inuitus,5
plaga,5
pica,5
arator,5
ensis,5
cauea,5
citer,5
nocturnus,5
odor,5
inuisus,5
silentium,5
calceus,5
curo,5
cultor,5
pastus,5
gemmo,5
uomo,5
mulsum,5
retineo,5
fritillus,5
caelus,5
moneta,5
talus,5
alea,5
quadringenti,5
flagellum,5
tantum,5
prodo,5
sperno,5
uas,5
culcita,5
exprimo,5
persona,5
emitto,5
simpliciter,5
caro,5
titulus,5
impero,5
lumbus,5
alica,5
duplex,5
membrum,5
haedus,5
scomber,5
turtur,5
carina,5
uiscus,5
fauus,5
atticus,5
absoluo,5
census,5
ostendo,5
inquietus,5
domi,5
lustrum,5
grabatus,5
cursus,5
calua,5
aliquando,5
plaudo,5
flagro,5
cano,5
taedium,5
comatus,5
quanto,5
excolo,5
impius,5
fodio,5
imputo,5
nupta,5
clamosus,5
libertas,5
palaestra,5
perimo,5
iuno,5
pollus,5
uicus,5
quacumque,5
afer,5
triginta,5
liuidus,5
diuido,5
garrio,5
uelut,5
assiduus,5
orbus,5
secerno,5
titius,5
cinnamum,5
gradus,5
bracchium,5
gutta,5
capella,5
uipera,5
ursa,5
massicus,5
hamus,5
libycus,5
extremus,5
ambulo,5
liberalis,5
moles,5
iocosus,5
prospicio,5
subsellium,5
suscito,5
popina,5
taberna,5
marius,5
classicus,5
cerdo,5
canius,5
inscribo,4
succedo,4
ita,4
alligo,4
penates,4
ianus,4
tragicus,4
transfero,4
lepidus,4
angustus,4
ferox,4
uiuidus,4
patera,4
phrygius,4
quantum,4
peruenio,4
terreo,4
circus,4
lito,4
senatus,4
almus,4
uenum,4
caedo,4
captiuus,4
aemulus,4
phiala,4
lanius,4
creta,4
quotus,4
septeni,4
pulso,4
sollemnis,4
blaesus,4
scriba,4
priapus,4
renascor,4
fabius,4
contero,4
papyrus,4
accumbo,4
uer,4
languidus,4
amans,4
thalamus,4
pastor,4
terror,4
tremo,4
luno,4
iuba,4
maecenas,4
libo,4
cautus,4
cubitum,4
laena,4
mulus,4
auersus,4
natalis,4
en,4
gener,4
sterno,4
sero,4
calculus,4
pierius,4
permuto,4
lucanus,4
marcus,4
pompa,4
lineus,4
misellus,4
quercus,4
uale,4
desero,4
decido,4
culmen,4
computo,4
prostituo,4
mas,4
depono,4
potis,4
ratus,4
foueo,4
glaeba,4
aestuo,4
modicus,4
iudicium,4
draucus,4
uocatus,4
uoueo,4
bustum,4
uictrix,4
lanugo,4
sidereus,4
uirilis,4
repono,4
surdus,4
periculum,4
celer,4
neglego,4
artus,4
pontus,4
clauis,4
apto,4
reficio,4
clunis,4
edisco,4
munusculum,4
regina,4
crystallinum,4
murrinus,4
uero,4
celsus,4
frondeo,4
deiectus,4
sacrilegus,4
ambitiosus,4
fessus,4
puerilis,4
clamor,4
concurro,4
caedes,4
feritas,4
socius,4
fetus,4
uimen,4
comito,4
scindo,4
figura,4
stamen,4
choraules,4
gaius,4
podagra,4
quini,4
monstro,4
uiduus,4
nodus,4
arx,4
senator,4
lemma,4
triplico,4
ligneus,4
punctum,4
librarius,4
buxus,4
agricola,4
tinea,4
follis,4
fullo,4
corneus,4
uernula,4
redoleo,4
eris,4
ilex,4
defendo,4
paenula,4
sponda,4
succingo,4
sapor,4
fumus,4
uenetus,4
coccinus,4
mendax,4
auricula,4
requiesco,4
obuius,4
amator,4
rana,4
catella,4
aurifer,4
necto,4
comoedus,4
citharoedus,4
stomachus,4
beta,4
bulbus,4
draco,4
morsus,4
gustus,4
perdix,4
palumbes,4
uolucris,4
salax,4
murena,4
profundus,4
corax,4
macellus,4
depositum,4
cibus,4
oleum,4
passus,4
prelum,4
urbicus,4
officiosus,4
studeo,4
litigo,4
aestimo,4
nitor,4
quiesco,4
largior,4
decimus,4
puluerulentus,4
potestas,4
metus,4
planum,4
spectaculum,4
temerarius,4
partus,4
desiderium,4
breuiter,4
essedum,4
caballus,4
reduco,4
nauta,4
aluta,4
flumen,4
pensio,4
migro,4
marinus,4
glorior,4
omnino,4
uelo,4
damnatus,4
peruro,4
onyx,4
labellum,4
cogito,4
fornix,4
ouis,4
instruo,4
supra,4
circa,4
langueo,4
cliuus,4
ianua,4
comparo,4
prodeo,4
acerra,4
saeta,4
exclamo,4
spolio,4
piscator,4
neo,4
inhumanus,4
egeo,4
iniquus,4
ridiculus,4
cicada,4
resaluto,4
sapa,4
nilus,4
cucullus,4
iulius,4
ioco,4
laboriosus,4
laxo,4
uado,4
sucinum,4
formica,4
falx,4
constituo,4
nimirum,4
blandior,4
dispensator,4
ungo,4
cicero,4
reseco,4
cosconius,4
nouacula,4
morbus,4
inuidiosus,4
saucius,4
paetus,4
praeceps,4
cynicus,4
hircus,4
paedico,4
letum,4
solium,4
uindico,4
emendo,4
litura,4
antonius,4
commodus,4
irascor,4
irrumo,4
minerua,4
iterum,4
uae,4
aperto,4
iro,4
insanus,4
schola,4
suppono,4
tribunus,4
ponticus,4
ohe,4
traduco,4
falsus,4
discrimen,4
hiatus,4
displiceo,4
praeco,4
tenere,4
suboles,4
decius,4
latinus,4
anima,4
ligurio,4
baeticus,4
sextilius,4
fido,4
situs,3
sedes,3
desidiosus,3
stemma,3
debilis,3
longaeuus,3
scyphus,3
clepsydra,3
hyle,3
laetitia,3
dictus,3
farina,3
supero,3
cothurnus,3
abduco,3
cupidus,3
eous,3
nutrio,3
delabor,3
eruo,3
palatinus,3
desertum,3
nebula,3
uolito,3
discurro,3
pendulus,3
uesica,3
coclear,3
aether,3
nubes,3
anxius,3
natalicius,3
memor,3
tributus,3
repello,3
aedes,3
probitas,3
abolla,3
saturo,3
faunus,3
polliceor,3
radio,3
caper,3
lyaeus,3
ala,3
caedicius,3
iussus,3
censura,3
concipio,3
picens,3
defungor,3
subduco,3
inuado,3
dolosus,3
circumeo,3
surripio,3
colossus,3
cedrus,3
morus,3
tumor,3
papilla,3
late,3
immensus,3
porta,3
camena,3
pompeius,3
nuntio,3
inlotus,3
racemus,3
bombycinus,3
redimio,3
sextans,3
pumex,3
dicto,3
uitio,3
cadauer,3
sandapila,3
merito,3
amomum,3
aeuum,3
indicus,3
absens,3
ritus,3
pagus,3
diuus,3
ile,3
pinguesco,3
adulter,3
conturbo,3
uncia,3
mango,3
leno,3
cubile,3
infandus,3
ephebus,3
nomino,3
flos,3
syllaba,3
contumax,3
populo,3
nepos,3
lares,3
iaculus,3
ligo,3
compes,3
aedifico,3
ultro,3
pilosus,3
minax,3
faber,3
nutus,3
catasta,3
urna,3
bini,3
patulus,3
puppis,3
absento,3
profero,3
efficio,3
pulpitum,3
obruo,3
nempe,3
seni,3
debitor,3
perdomo,3
trio,3
rupes,3
humanus,3
confiteor,3
inops,3
propinquus,3
cassis,3
ansa,3
uinea,3
comedo,3
questus,3
discedo,3
aedis,3
comissator,3
digno,3
discipulus,3
tullius,3
dirus,3
pictura,3
nauigo,3
auditor,3
ferculum,3
tabesco,3
trieteris,3
exonero,3
excludo,3
sutilis,3
inlaesus,3
diuersus,3
emptor,3
hydra,3
habena,3
acta,3
aedilis,3
manifestus,3
citreus,3
leuiter,3
theca,3
armatus,3
lentiscus,3
morosus,3
blatta,3
habilis,3
paganicus,3
turgeo,3
exerceo,3
immundus,3
linteus,3
proficio,3
constringo,3
musca,3
spumo,3
loquax,3
scopa,3
stragulus,3
testudo,3
masculus,3
plebeius,3
ferio,3
salio,3
urceus,3
stoicus,3
uillus,3
planta,3
tumet,3
regio,3
praecingo,3
fascia,3
fragilis,3
aes,3
trochus,3
cantus,3
regnator,3
arto,3
bibliopola,3
succumbo,3
calens,3
cortex,3
auceps,3
ofella,3
nasutus,3
opera,3
saepis,3
far,3
puls,3
olla,3
lens,3
simulo,3
modius,3
incoho,3
fastidium,3
grauiter,3
melimela,3
meta,3
rugosus,3
carnis,3
frugi,3
fumosus,3
porca,3
alo,3
anas,3
uolua,3
miro,3
gallina,3
amitto,3
torquatus,3
pauo,3
patella,3
scarus,3
pungo,3
imbellis,3
pendo,3
despicio,3
delicium,3
senectus,3
solitudo,3
uoluptas,3
liuor,3
diligenter,3
decerno,3
ortus,3
pigritia,3
extendo,3
litoreus,3
procer,3
secundum,3
lepos,3
pulchre,3
uentilo,3
palatium,3
spondeo,3
deunx,3
affero,3
portus,3
adoro,3
turris,3
curtus,3
meio,3
impudicus,3
restis,3
uito,3
acerbus,3
quia,3
utinam,3
flammeus,3
libidinosus,3
exolesco,3
studium,3
carnifex,3
fugax,3
tiro,3
gratis,3
truncus,3
quindecim,3
periculosus,3
cunnilingus,3
gelu,3
stigma,3
nuptiae,3
uafer,3
censor,3
dispono,3
praeter,3
statim,3
ambitiose,3
elegi,3
eligo,3
ineptus,3
superstes,3
concupisco,3
gemmeus,3
amatrix,3
pons,3
caninus,3
pruina,3
uiso,3
suspirium,3
pedo,3
unicus,3
ibis,3
spatium,3
fletus,3
triceni,3
tueor,3
lenis,3
abigo,3
contendo,3
restituo,3
simul,3
toxicum,3
uulpes,3
oceanus,3
celo,3
solutus,3
cenula,3
satura,3
plumbeus,3
fauor,3
iuuenta,3
scripulum,3
stillo,3
iugerum,3
capillatus,3
cotidianus,3
nutrix,3
sepulchrum,3
laelius,3
potior,3
ardesco,3
blanditia,3
miserabilis,3
coccum,3
otacilius,3
gemitus,3
saeptum,3
aquilo,3
municeps,3
persequor,3
lacesso,3
serpens,3
alcinous,3
auitus,3
luxurior,3
casia,3
noctua,3
creo,3
salum,3
imperium,3
scabies,3
singulus,3
ruta,3
cauus,3
amplexus,3
super,3
experior,3
teges,3
quincunx,3
corripio,3
adnumero,3
suspicio,3
rima,3
sagus,3
condicio,3
fauilla,3
coacta,3
consilium,3
pecto,3
timor,3
obscenus,3
delator,3
confero,3
aestus,3
tussio,3
lues,3
detraho,3
obsto,3
effugio,3
deformis,3
sterto,3
numerosus,3
spurcus,3
gressus,3
taeda,3
nardum,3
iugulum,3
aspernor,3
harpastum,3
partio,3
statuo,3
innocens,3
iacio,3
flagello,3
mico,3
saturnalia,3
intra,3
iulus,3
planus,3
declamo,3
quo,3
profugus,3
pronus,3
ictus,3
aequalis,3
cubo,3
deuoro,3
pone,3
proximus,3
multo,3
tremor,3
bilis,3
armus,3
tussis,3
fastidio,3
garrulitas,3
admiror,3
infundo,3
colloco,3
belua,3
cicer,3
innocuus,3
genius,3
accido,3
ministro,3
phoebe,3
tribas,3
sulfureus,3
olfacio,3
palaestrita,3
mimus,3
subdolus,3
castro,3
retro,3
uindex,3
crastinus,3
coruus,3
mugio,3
lacteus,3
occasio,2
itaque,2
uario,2
caelestis,2
ingero,2
autem,2
licentia,2
custodio,2
uerecundus,2
licinus,2
praelego,2
agnosco,2
auena,2
odiosus,2
apollo,2
crater,2
calathus,2
dimidium,2
lucrifacio,2
dito,2
cyperos,2
respectus,2
uarus,2
raptor,2
indus,2
ligustrum,2
olor,2
regno,2
ducto,2
patria,2
pegma,2
perungo,2
diluo,2
crocus,2
astutus,2
bractea,2
reor,2
culex,2
papilio,2
suspendo,2
sputum,2
colocasium,2
offensus,2
spuma,2
pyramis,2
mareoticus,2
assurgo,2
munificus,2
haurio,2
furax,2
reseruo,2
quasso,2
libitina,2
congero,2
defluo,2
turbidus,2
diana,2
insania,2
uescor,2
mentor,2
caligo,2
nubila,2
lampas,2
lotos,2
aequo,2
rogatus,2
expingo,2
murmur,2
mapalia,2
ausonia,2
diadema,2
fragmentum,2
attero,2
lacuna,2
contemno,2
dormito,2
solea,2
conductum,2
imprecor,2
uineus,2
sat,2
arcus,2
aditus,2
amplio,2
consulatus,2
pomarius,2
sicco,2
postumius,2
scutula,2
sincerus,2
cynthia,2
docte,2
flaminius,2
expello,2
inualidus,2
summitto,2
nigresco,2
unio,2
eheu,2
laureus,2
hedera,2
extra,2
hospitium,2
sublimis,2
incendo,2
perlucidus,2
praecido,2
creditor,2
auctio,2
maereo,2
continuus,2
sexus,2
cuna,2
uber,2
uagitus,2
libido,2
annuus,2
maledicus,2
grus,2
iuuenalis,2
ros,2
repto,2
semiuir,2
protego,2
aegis,2
uter,2
lutulentus,2
flauesco,2
albanus,2
nonnullus,2
coleus,2
turgidus,2
scaena,2
caterua,2
uiduo,2
debitum,2
hostia,2
rostrum,2
extum,2
denarius,2
mendacium,2
innuo,2
artifex,2
laeto,2
procella,2
genero,2
adnuo,2
resupinus,2
robur,2
tyrannus,2
priuatus,2
orans,2
dogma,2
spes,2
continuo,2
ructo,2
costa,2
memorabilis,2
luteus,2
alternus,2
uerno,2
rapax,2
onerosus,2
sagitta,2
salebra,2
quatio,2
montanus,2
operio,2
metior,2
undecimus,2
natiuus,2
platanus,2
fistula,2
effusus,2
nobiscum,2
cristatus,2
amphitheatrum,2
socer,2
ciuilis,2
sordeo,2
coeo,2
agna,2
produco,2
indignor,2
pineus,2
astrologus,2
languor,2
glacies,2
calor,2
responsum,2
cheragra,2
stupidus,2
pluuius,2
salutatrix,2
infitior,2
consecro,2
discingo,2
fecundus,2
pilleum,2
moto,2
membraneus,2
loculus,2
compositus,2
insidiosus,2
armo,2
comminus,2
militia,2
strido,2
reliquus,2
fossa,2
balsamum,2
pauoninus,2
bubulus,2
pugnus,2
pera,2
analecta,2
scapula,2
ueredus,2
pelagus,2
crispus,2
caelo,2
generosus,2
linteum,2
foliatus,2
rubicundus,2
commentum,2
niualis,2
argenteus,2
indoctus,2
lingula,2
cercopithecus,2
scortea,2
brumalis,2
uillosus,2
circulus,2
serra,2
tergeo,2
stragulum,2
congelo,2
amethystinus,2
pergo,2
patienter,2
feruidus,2
docilis,2
plectrum,2
induco,2
sigillum,2
lacerta,2
culpa,2
emergo,2
figulus,2
elido,2
anguis,2
optime,2
inimicus,2
doctor,2
historia,2
multiplex,2
pumilus,2
simius,2
criso,2
pumilio,2
quiuis,2
praedo,2
craticula,2
fumo,2
ientaculum,2
postulo,2
ficedula,2
frumentum,2
rapum,2
caulis,2
stipes,2
educo,2
asparagus,2
incultus,2
sorbum,2
pruna,2
caries,2
lucanica,2
lacto,2
tuber,2
perna,2
properus,2
iecur,2
glis,2
cuniculus,2
galbinus,2
catta,2
rusticulus,2
exuro,2
squilla,2
caeruleus,2
echinus,2
induo,2
esca,2
gobius,2
oryx,2
capistrum,2
magus,2
onager,2
caprea,2
dorcas,2
thunnus,2
desidia,2
consequor,2
solacium,2
conuictus,2
consuesco,2
periclitor,2
grauor,2
torrens,2
atauus,2
clementia,2
millies,2
frenum,2
cursor,2
exsilium,2
halitus,2
missio,2
abrumpo,2
rosarius,2
domesticus,2
concedo,2
furia,2
quadra,2
cepa,2
resina,2
pilo,2
huc,2
illic,2
digero,2
piso,2
asellus,2
ostrum,2
putidus,2
catena,2
fortunatus,2
patrona,2
neglegenter,2
gemellus,2
ungula,2
rapacitas,2
uerbero,2
institor,2
merx,2
uinitor,2
pudeo,2
saccus,2
regalis,2
cruor,2
caelebs,2
deterior,2
quinquageni,2
idus,2
unctor,2
effundo,2
mercatus,2
fulcio,2
glans,2
uicies,2
trigon,2
hirnea,2
missus,2
suspiro,2
repleo,2
syrma,2
erudio,2
pando,2
limus,2
caprificus,2
stola,2
rogator,2
clamito,2
pannus,2
uerum,2
proteruus,2
matella,2
triclinium,2
aruus,2
quomodo,2
aquila,2
intellego,2
libum,2
adhibeo,2
oppidum,2
secessus,2
adiuuo,2
ianitor,2
aerugo,2
magistra,2
uisus,2
olidus,2
impedio,2
umidus,2
utrimque,2
prometheus,2
popularis,2
uaticanus,2
neuter,2
malua,2
fel,2
sabinus,2
tunicatus,2
marcellus,2
capitolinus,2
quirinus,2
eximo,2
fannius,2
deleo,2
cancer,2
flumineus,2
frequento,2
flebilis,2
torreo,2
october,2
pudicitia,2
hispanus,2
polluo,2
ganymedes,2
nouerca,2
auius,2
patricius,2
etruscus,2
lucifer,2
chorea,2
binus,2
pilleatus,2
pictor,2
caesum,2
remus,2
castanea,2
intus,2
adicio,2
crux,2
cirrus,2
emeritus,2
cadmium,2
mirator,2
florus,2
paruulus,2
ubicumque,2
praesens,2
pampineus,2
meto,2
subura,2
inepte,2
tricesimus,2
ceres,2
castigo,2
carinus,2
reuoluo,2
ineptia,2
foras,2
sacculus,2
pango,2
flo,2
scriptus,2
arduus,2
cruentus,2
falcifer,2
stropha,2
anticus,2
lasciuio,2
fossor,2
mariscae,2
mus,2
seges,2
fututrix,2
prosequor,2
allec,2
nasica,2
tracto,2
botellus,2
gabata,2
cimex,2
sarcio,2
ferula,2
astringo,2
pluo,2
arrideo,2
oblino,2
trudo,2
extinguo,2
spatior,2
perfundo,2
furtiuus,2
bilibris,2
uerso,2
relego,2
editus,2
subtraho,2
imperiosus,2
suburanus,2
uagio,2
lanista,2
dexter,2
riualis,2
caelius,2
conclaue,2
complexus,2
arguo,2
obeo,2
nudo,2
egestas,2
ni,2
compilo,2
conata,2
genu,2
lucretius,2
usura,2
presso,2
inquino,2
causor,2
clinicus,2
punicus,2
ulmus,2
tum,2
periurium,2
seueritas,2
toruus,2
roscidus,2
praegrauis,2
neue,2
caerellius,2
affirmo,2
honoro,2
pudens,2
tricies,2
deni,2
praedico,2
semodius,2
clauus,2
siculus,2
lanificus,2
lachesis,2
tutela,2
fors,2
ualete,2
amissum,2
repo,2
medium,2
mancus,2
fabulor,2
cinctus,2
misereor,2
immineo,2
celeusma,2
gurges,2
uoluo,2
pernego,2
apollinaris,2
benignus,2
saturnus,2
dissimulator,2
conspicuus,2
diffundo,2
uetustas,2
uastus,2
religo,2
lacer,2
supplicium,2
exhibeo,2
rhinoceros,2
exardeo,2
sanguineus,2
roto,2
pardus,2
securis,2
rabidus,2
scopulus,2
despero,2
cognitus,2
atrox,2
naualis,2
adfatus,2
laco,2
thetis,2
naumachia,2
certamen,2
dedico,2
accola,2
feteo,2
promineo,2
cothurnatus,2
offero,2
qualiter,2
incendium,2
edictum,2
equester,2
comitatus,2
gelo,2
libertinus,2
castrum,2
receptus,2
quatenus,2
dudum,2
semita,2
mandra,2
gladiator,2
belliger,2
crocum,2
alpha,2
paenulatus,2
gestus,2
prodigiosus,2
caespes,2
agnus,2
miseret,2
error,2
heri,2
allatro,2
qualiscumque,2
supellex,2
remaneo,2
diripio,2
gladius,2
accubo,2
legitimus,2
pirum,2
esuritio,2
uolumen,2
insequor,2
lorica,2
rursus,2
summe,2
conuicium,2
obstrepo,2
glandula,2
peiero,2
granum,2
scalae,2
destituo,2
cerussatus,2
mica,2
facetus,2
sustento,2
nidor,2
aceruus,2
conticesco,2
praeparo,2
approbo,2
incedo,2
humilis,2
cosmicus,2
excrucio,2
mercor,2
limo,2
salsus,2
catenatus,2
dolo,2
serius,2
arbiter,2
ater,2
copia,2
sophia,2
formo,2
inaequalis,2
abutor,2
dependeo,2
basiatio,2
compitum,2
ideo,2
moratus,2
stulte,2
contemptus,2
crucio,2
ardor,2
annosus,2
sepulcrum,2
luctus,2
ampulla,2
podex,2
uitulus,2
mergus,2
palmes,2
uersiculus,2
femur,2
creber,2
subluo,2
salto,2
hercules,2
interiungo,2
demo,2
ambulator,2
assideo,2
gryllus,2
renuo,2
argi,2
uidua,2
famosus,2
opimus,2
iliacus,2
susurro,2
tholus,2
ulcisco,2
panniculus,2
martius,2
lupa,2
heros,2
sertorius,2
index,2
balneator,2
salarius,2
uere,2
profectus,2
corium,2
circumfero,2
merda,2
dolus,2
haruspex,2
indignus,2
carruca,2
ueientanus,2
uenalis,2
abscido,2
studiosus,2
barathrum,2
prehendo,2
excuso,2
exemplum,2
catus,2
aelius,2
adsertor,2
meretrix,2
rictus,2
eripio,2
licinius,2
postis,2
quirinalis,2
tata,2
supplico,1
uerecundia,1
mimicus,1
maiestas,1
religiosus,1
purificatio,1
lustro,1
profiteor,1
pallas,1
soccus,1
conuentus,1
suscipio,1
desisto,1
cymbium,1
furiosus,1
mucidus,1
murus,1
dido,1
principium,1
dodrans,1
obiectum,1
specularia,1
boreas,1
mutuor,1
paciscor,1
uulgo,1
plaustrum,1
castor,1
xanthus,1
hibridus,1
flagrum,1
oppius,1
gangeticus,1
multifidus,1
amyclaeus,1
paphius,1
inobseruatus,1
nuntia,1
praetoricius,1
derado,1
fulcrum,1
icio,1
aranea,1
bombyx,1
urgeo,1
bulla,1
tumesco,1
batauus,1
regia,1
circe,1
pertinax,1
liberalitas,1
uicis,1
reposco,1
manes,1
perseuero,1
intereo,1
profusus,1
funereus,1
farcio,1
terentius,1
splendesco,1
infantia,1
maxilla,1
umerus,1
giganteus,1
exhilaro,1
recta,1
explorator,1
electrum,1
pustula,1
aeolius,1
imbuo,1
egregius,1
detondeo,1
fremo,1
nomas,1
tityrus,1
ames,1
asto,1
italia,1
exspuo,1
aggero,1
piperatus,1
cantor,1
decorus,1
octiens,1
caducus,1
mollitia,1
iubar,1
ouo,1
castalia,1
pacificus,1
facundia,1
cohibeo,1
thalia,1
nemesis,1
conduco,1
seruulus,1
stipo,1
amabo,1
floreus,1
uictoria,1
hyperboreus,1
hesperius,1
sortior,1
mystica,1
dindymene,1
amplector,1
papirius,1
annaeus,1
ciuicus,1
liquo,1
addictus,1
suffulcio,1
domitor,1
uirilitas,1
erepo,1
stips,1
lupanar,1
iniuria,1
foedo,1
dama,1
rebello,1
nuncupo,1
antlia,1
curetes,1
crepito,1
ob,1
asser,1
guberno,1
ac,1
effigies,1
auerta,1
appeto,1
uereor,1
depilo,1
purgo,1
rixor,1
libero,1
for,1
scaenicus,1
parasitus,1
permetior,1
deduco,1
lena,1
palliolatus,1
scitum,1
delibero,1
resigno,1
destino,1
pyxis,1
perambulo,1
orior,1
reditus,1
dispergo,1
enato,1
masturbor,1
casurus,1
porricio,1
mitigo,1
basis,1
indico,1
conclamatus,1
squaleo,1
successor,1
praependeo,1
conspicio,1
tribulis,1
habitator,1
amoenus,1
monitum,1
crescentus,1
cognatio,1
sturnus,1
miluus,1
demereo,1
armiger,1
clipeus,1
galea,1
decennium,1
tribulus,1
tabulatus,1
expono,1
testudineus,1
ingemo,1
consulo,1
culpo,1
statua,1
expendo,1
nobilito,1
iaspis,1
rubesco,1
amplexor,1
nemorosus,1
habitus,1
conditio,1
incus,1
resulto,1
peruigilo,1
laniger,1
stabulo,1
concors,1
portitor,1
lucidus,1
aries,1
uittatus,1
litterula,1
silex,1
structilis,1
caementum,1
strages,1
compages,1
subex,1
disputo,1
pacatum,1
abstineo,1
obnoxius,1
seruolus,1
riuus,1
pertundo,1
infamis,1
saeuio,1
quadrus,1
commodum,1
peruigil,1
tremebundus,1
tortor,1
immortalis,1
duplico,1
medico,1
elleborus,1
trulla,1
prouentus,1
dispendium,1
praecedo,1
peltatus,1
reparo,1
adseruio,1
possido,1
contundo,1
tricae,1
ascribo,1
obscuro,1
nouo,1
discolor,1
damnosus,1
sortitus,1
graphiarius,1
frondeus,1
accendo,1
umbraculum,1
firmus,1
uenatorius,1
omen,1
tribunicius,1
pugio,1
orbita,1
curuo,1
tonsorius,1
seligo,1
cubicularis,1
uigil,1
candela,1
candelabrum,1
expulso,1
destringo,1
sistrum,1
balanus,1
nitrum,1
graecus,1
lanterna,1
gremium,1
tibicina,1
compingo,1
lanatus,1
taurinus,1
eximius,1
coptus,1
botulus,1
incestus,1
medica,1
narthecium,1
mendicus,1
pulex,1
abies,1
acernus,1
trabs,1
redemptor,1
bascauda,1
attenuo,1
potorius,1
decocta,1
crepitus,1
elabor,1
gallius,1
coccineus,1
transfuga,1
pectoralis,1
compesco,1
uadimonium,1
focale,1
trilix,1
candor,1
ceruical,1
tapete,1
polymitus,1
zona,1
quadratum,1
opprimo,1
sagum,1
tomentum,1
concido,1
stramen,1
eicio,1
russus,1
uacca,1
gibber,1
pugillaris,1
ilias,1
studiose,1
perhibeo,1
rapidus,1
uenor,1
eludo,1
cymbalum,1
balteus,1
stupor,1
scutum,1
accipiter,1
obsono,1
palatum,1
spumeus,1
dulciarius,1
adipatus,1
perdite,1
magnanimus,1
depugno,1
senium,1
hordeum,1
brassica,1
capitatus,1
praecipuus,1
nemoralis,1
napus,1
spina,1
duracinus,1
tendentia,1
cistella,1
trapetum,1
croceus,1
circumfluo,1
uitellus,1
liquor,1
porcellus,1
gallinaceus,1
uolucer,1
persicum,1
praecox,1
adoptiuus,1
acceptum,1
altrix,1
decuria,1
nardus,1
caros,1
sequax,1
anserinus,1
effodio,1
altilis,1
exhaurio,1
macresco,1
columbinus,1
periurus,1
tardo,1
hebeto,1
phoenicopterus,1
phasianus,1
transporto,1
defectus,1
modulor,1
gigas,1
adueho,1
languesco,1
adedo,1
ingrate,1
laneus,1
aurata,1
auratus,1
saetiger,1
domitus,1
uenatio,1
remoueo,1
baca,1
exspiro,1
muria,1
nectareus,1
sisto,1
mamertinus,1
cariosus,1
marsicus,1
expungo,1
fumeus,1
patrocinium,1
triennium,1
occupatio,1
nedum,1
prouincialis,1
intemperanter,1
excusatio,1
secedo,1
ciuitas,1
adsuesco,1
subtilitas,1
desidero,1
destitutus,1
municipalis,1
robigo,1
aduersus,1
cotidie,1
abicio,1
gestio,1
aduenio,1
familiaris,1
latrator,1
aduena,1
gradior,1
superbio,1
mactus,1
trimus,1
gloriosus,1
grates,1
uiolentus,1
satisfacio,1
insidia,1
agger,1
animosus,1
insidior,1
recubo,1
strues,1
antecedo,1
defero,1
sorbeo,1
trepidus,1
substringo,1
liniger,1
prouincia,1
merces,1
textilis,1
riguus,1
ductilis,1
bifer,1
anguilla,1
lympha,1
dedecus,1
retento,1
bimus,1
tripes,1
bipes,1
subsum,1
maenas,1
puleium,1
uilico,1
ficetum,1
bicolor,1
glaber,1
praeluceo,1
copulo,1
cognatus,1
chordus,1
zephyrus,1
contego,1
calceo,1
comissatio,1
pontifex,1
uappa,1
aerius,1
hippodromos,1
usquam,1
concilio,1
incubo,1
gaza,1
humane,1
aegrotus,1
nummularius,1
malleator,1
fustis,1
fasciatus,1
naufragus,1
uicinia,1
textor,1
transmitto,1
calco,1
spons,1
carbo,1
luxurio,1
pernumero,1
talio,1
tanquam,1
stilla,1
patruus,1
compactus,1
tisana,1
cataplus,1
superbia,1
quinquies,1
flagitium,1
feriae,1
accepta,1
soleatus,1
como,1
umor,1
donec,1
sicut,1
sagax,1
reperio,1
epos,1
pathicus,1
oliuifer,1
coronis,1
findo,1
probrus,1
circulatrix,1
ramentum,1
psittacus,1
coturnix,1
praue,1
ludibrium,1
contemptor,1
pressus,1
conscientia,1
coruscus,1
contumeliosus,1
bubulcus,1
releuo,1
dilectus,1
praetextatus,1
raeda,1
alga,1
obticesco,1
mensor,1
ap,1
trames,1
sano,1
cerussa,1
acte,1
recordor,1
expedio,1
nouenus,1
praesente,1
sator,1
claustrum,1
temperatus,1
saluber,1
mugilis,1
effingo,1
bonitas,1
consocer,1
facetia,1
sporta,1
secreto,1
irrumpo,1
discidium,1
imprimo,1
caledonius,1
perennis,1
prudens,1
pilatus,1
cohors,1
halo,1
structor,1
properatus,1
solidus,1
statera,1
macellum,1
calculo,1
corinthius,1
dispar,1
coloro,1
gratulor,1
impunis,1
rabirius,1
imperator,1
gratulator,1
trinus,1
incito,1
quartanus,1
piscosus,1
cucuma,1
uexatio,1
auerto,1
auxilium,1
inflammo,1
lusor,1
infamo,1
munditia,1
pinus,1
siluanus,1
sacerdos,1
clemens,1
regius,1
dubie,1
remotus,1
opertum,1
scrobis,1
pollinctor,1
conualesco,1
horridulus,1
subulcus,1
socrates,1
litigans,1
congrego,1
aquilus,1
moenia,1
salubris,1
nauis,1
sponsio,1
personatus,1
regula,1
centurio,1
cogitatio,1
capsa,1
alabaster,1
scaphium,1
sepelio,1
quantuluscumque,1
horribilis,1
circuitus,1
concrepo,1
cucumis,1
salictum,1
talpa,1
hio,1
sublatus,1
soloecismus,1
fuluius,1
aenus,1
transmissus,1
impingo,1
petaurum,1
armilla,1
braca,1
guttur,1
onocrotalus,1
praecipito,1
tragus,1
complector,1
ferreus,1
frustum,1
paropsis,1
perfrico,1
sucidus,1
palliolum,1
sericus,1
frico,1
cucurbita,1
minutal,1
maena,1
uenustus,1
tritus,1
bibulus,1
edax,1
sardonyx,1
sudarium,1
horreo,1
paueo,1
concutio,1
mella,1
tirynthius,1
terebro,1
cantharus,1
contagium,1
despolio,1
calliditas,1
expio,1
mox,1
cupa,1
britannus,1
semicrematus,1
pedis,1
hortor,1
praegnas,1
eadem,1
stipula,1
agedum,1
fortiter,1
auaritia,1
dactyliotheca,1
tubus,1
uulua,1
impurus,1
curiosus,1
fauste,1
calumniator,1
fraudator,1
negotiator,1
uenatrix,1
fulmineus,1
pecunia,1
propono,1
medicina,1
pipinna,1
umbella,1
aeneus,1
cacaturio,1
cupido,1
baiae,1
effectus,1
loco,1
fabrilis,1
dedolo,1
puluereus,1
equinus,1
scythicus,1
pyctes,1
iracundus,1
animal,1
lenio,1
assidue,1
nucleus,1
sector,1
intactus,1
limes,1
maeonius,1
lucilius,1
columella,1
accius,1
tumulatus,1
uolatus,1
uitiosus,1
germanus,1
summoueo,1
delibutus,1
ceratus,1
nuptialis,1
saepes,1
tribunatus,1
lictor,1
tribunal,1
curulis,1
ascendo,1
febricito,1
oscitans,1
remedium,1
cyaneus,1
subtilis,1
emineo,1
carnarius,1
curius,1
admissum,1
motus,1
ostium,1
diarium,1
concerno,1
euocatus,1
ieiunium,1
sabbatarius,1
anhelitus,1
pauidus,1
metrum,1
licens,1
asotus,1
instructus,1
tumefacio,1
actiacus,1
hymenaeus,1
myrtus,1
reses,1
concordia,1
astus,1
hannibal,1
africanus,1
aduentus,1
uasum,1
priuignus,1
mucro,1
textrix,1
trigonus,1
plumeus,1
penetrabilis,1
pupa,1
collinus,1
insilio,1
graius,1
requies,1
uiceni,1
corrodo,1
spoliatrix,1
sacrum,1
perosus,1
melpomene,1
polyhymnia,1
adopto,1
credibilis,1
aduersum,1
insula,1
oportet,1
nausea,1
galla,1
anaglyptus,1
solum,1
circumdo,1
mareotis,1
uncus,1
amazonicus,1
satyrus,1
lacedaemon,1
quinquennium,1
burrus,1
uirginitas,1
perpetuo,1
bromius,1
frendo,1
faliscus,1
syrus,1
capax,1
septenarius,1
fructuosus,1
paeniteo,1
penetralis,1
baculum,1
collino,1
mycenae,1
platea,1
ambio,1
rixa,1
rigo,1
manlius,1
insidiae,1
pumiceus,1
d,1
heliades,1
concretum,1
uincio,1
ardea,1
solstitium,1
curiatius,1
hereditas,1
meridie,1
hesperis,1
ianiculum,1
perfruor,1
peculiaris,1
leniter,1
admoueo,1
nauticus,1
muluius,1
tiberis,1
comis,1
hospitalitas,1
molorchus,1
dedo,1
saltus,1
inemptus,1
exagito,1
comprimo,1
incalesco,1
sirius,1
uestinus,1
particeps,1
inicio,1
duodeni,1
paupertas,1
inrequietus,1
immemor,1
plico,1
diuisus,1
exhortor,1
erudite,1
salarium,1
inuerto,1
procedo,1
uenerabilis,1
erigo,1
madesco,1
exulo,1
impendo,1
praebeo,1
subdo,1
terribilis,1
contemero,1
persoluo,1
uiscum,1
lancea,1
grauidus,1
exsilio,1
confodio,1
libro,1
maturus,1
portio,1
fraternus,1
elephas,1
stimulo,1
occubo,1
cornutus,1
ador,1
immisceo,1
dirigo,1
bubalus,1
merges,1
fuscina,1
ancora,1
arcas,1
chimaera,1
ignifer,1
classis,1
triton,1
pedester,1
concieo,1
flauius,1
ueridicus,1
salutifer,1
credulitas,1
procax,1
decoro,1
taliter,1
obliuiscor,1
dignitas,1
adrogans,1
smaragdus,1
articulus,1
incumbo,1
quilibet,1
consido,1
seria,1
metreta,1
proauus,1
flammo,1
gestatio,1
funis,1
indutus,1
theatralis,1
ludia,1
tridens,1
uniuersus,1
comitas,1
aequitas,1
oratio,1
robiginosus,1
insulto,1
immotus,1
trepido,1
genetrix,1
horresco,1
reluctor,1
tactus,1
inamabilis,1
sciurus,1
phoenix,1
ducenties,1
alternis,1
thymum,1
conchis,1
fluxus,1
ululo,1
trabea,1
scamnum,1
effringo,1
prosterno,1
semen,1
panariolum,1
inimicitia,1
transfigo,1
codicilli,1
fidiculae,1
extemporalis,1
deuito,1
abdico,1
pecuniosus,1
architectus,1
gannitus,1
adhaereo,1
procurator,1
alapa,1
triplex,1
discerpo,1
obicio,1
temero,1
lardum,1
marceo,1
lupinus,1
uibro,1
infacetus,1
tibia,1
sudor,1
inhaereo,1
feria,1
iactura,1
censorius,1
aleator,1
inuius,1
tergus,1
palmatus,1
conuerto,1
publicus,1
fiducia,1
nuntius,1
pulsus,1
sexaginta,1
propterea,1
septingenti,1
quindecies,1
rubor,1
uipereus,1
radius,1
instar,1
albesco,1
sesquipedalis,1
absisto,1
insero,1
poppysma,1
coxa,1
excauo,1
spondylus,1
esculentus,1
obsero,1
dissocio,1
populator,1
trapetus,1
tormentum,1
paulisper,1
tertio,1
hebes,1
caenum,1
amictus,1
rancidulus,1
tegula,1
stridor,1
mortifer,1
quaestor,1
roro,1
letalis,1
stiria,1
collega,1
emungo,1
discursus,1
obligo,1
ambo,1
sopor,1
compareo,1
celeber,1
gusto,1
querella,1
posteritas,1
fere,1
transcurro,1
epula,1
sata,1
mola,1
decresco,1
rusticitas,1
difficile,1
tarpeius,1
succenseo,1
recludo,1
obliquus,1
attingo,1
tolero,1
tentigo,1
undeni,1
subligo,1
sedecim,1
recte,1
sacrarium,1
antistes,1
perridiculus,1
coda,1
inunguo,1
consularis,1
iuuenca,1
insulsus,1
praeteritus,1
pusulatus,1
negotior,1
auritus,1
perniciosus,1
ichneumon,1
luscinius,1
appello,1
palam,1
anceps,1
percussus,1
elegans,1
forfex,1
sensus,1
species,1
diligens,1
conubium,1
immeritus,1
exseco,1
ultra,1
aquosus,1
peloris,1
sagatus,1
decor,1
conscribo,1
barbarismus,1
inquiro,1
cunctor,1
exitiosus,1
furibundus,1
incola,1
mustum,1
humo,1
integer,1
applico,1
affligo,1
semisupinus,1
auditus,1
retorqueo,1
simus,1
reuincio,1
thermula,1
anhelo,1
ophites,1
attendo,1
confirmo,1
quocumque,1
pertimesco,1
festiue,1
dicterium,1
quadriga,1
exsoluo,1
quolibet,1
inserto,1
conuiuor,1
tangens,1
exstirpo,1
testificor,1
sospes,1
reueho,1
uultur,1
furiose,1
defleo,1
aduerto,1
dedignor,1
pantex,1
pulmo,1
praeterea,1
inuro,1
hexameter,1
scius,1
attraho,1
leuamen,1
sexagesimus,1
expertus,1
separo,1
dis,1
deuoueo,1
cupressus,1
buccella,1
creditum,1
hostilis,1
minae,1
compar,1
potor,1
nauita,1
odorus,1
subrideo,1
modice,1
octophoron,1
orbo,1
resono,1
planctus,1
euoluo,1
remetior,1
oenophorum,1
moechor,1
arte,1
abortiuus,1
putresco,1
acidus,1
stabulum,1
porro,1
tragoedia,1
comoedia,1
curio,1
retiarius,1
reclamo,1
negotium,1
africa,1
scipio,1
germanium,1
laurea,1
disiungo,1
exscribo,1
triduum,1
bouillus,1
compono,1
attice,1
rescribo,1
inenarrabilis,1
lugubris,1
decoquo,1
maeror,1
suspectus,1
intemptatus,1
linquo,1
inausus,1
achilleus,1
recurro,1
uector,1
aegroto,1
nihilum,1
sido,1
obsideo,1
tonstrix,1
uicarius,1
uobiscum,1
reatus,1
squalidus,1
excedo,1
nequiter,1
euge,1
epoto,1
stellans,1
quippe,1
balbus,1
confinis,1
laronius,1
indulgentia,1
mitratus,1
imbrex,1
ianthinus,1
urus,1
piceus,1
cretatus,1
faginus,1
concolor,1
cammarus,1
faenerator,1
undecim,1
antequam,1
floridus,1
colluceo,1
arcula,1
confido,1
oppignero,1
clades,1
labienus,1
heius,1
incertus,1
salamandra,1
abluo,1
sonus,1
dedisco,1
rastrum,1
furialis,1
axis,1
abscisus,1
clausum,1
custodia,1
graeculus,1
recanto,1
echo,1
luculentus,1
atta,1
debilitas,1
quintilis,1
iota,1
longinquus,1
festinus,1
medicamen,1
aperio,1
congiarius,1
elixus,1
menstruus,1
diurnus,1
exheredo,1
distichon,1
accuso,1
subula,1
sica,1
sufflo,1
perfrigesco,1
praefatio,1
exorno,1
alludo,1
recepto,1
scriptor,1
aemulor,1
meridies,1
proscribo,1
trecentiens,1
potio,1
obsonium,1
macto,1
agrestis,1
testiculus,1
taeter,1
appareo,1
fibra,1
iulianus,1
refrigero,1
insanio,1
suadeo,1
ruga,1
proserpina,1
ualde,1
catulus,1
dipsas,1
scorpius,1
subsequor,1
umbo,1
tergeminus,1
capena,1
frutex,1
sessilis,1
feriatus,1
faenum,1
poema,1
cisterna,1
ordino,1
myrtetum,1
angulus,1
nouember,1
putator,1
inermis,1
guttatus,1
segnis,1
somniculosus,1
hispidus,1
sugo,1
incisum,1
mitulus,1
fungus,1
suillus,1
sparulus,1
spatiosus,1
canticum,1
desideo,1
refugio,1
cassius,1
gramen,1
messor,1
arabs,1
meridianus,1
interior,1
gymnasium,1
stadium,1
aperte,1
oppositus,1
scaeuus,1
diuinus,1
pannosus,1
sulcus,1
infinitus,1
pridem,1
lucto,1
eruca,1
satureia,1
secrete,1
perficio,1
samius,1
testum,1
galbinatus,1
effultus,1
sericum,1
puluillus,1
suggero,1
concubina,1
flabellum,1
fugo,1
myrteus,1
percurro,1
agilis,1
tractatrix,1
sciscitator,1
urina,1
flexus,1
capillaris,1
septunx,1
persuadeo,1
peccatum,1
subligar,1
dissimilis,1
insignis,1
pluteus,1
cerua,1
araneus,1
olea,1
osseus,1
bustuarius,1
pestilentia,1
auia,1
scalpo,1
acor,1
ceueo,1
temperamentum,1
infirmus,1
interpres,1
ueritas,1
latine,1
uulgus,1
palladium,1
derisor,1
consummo,1
incurro,1
albulus,1
collabor,1
biiugis,1
arrius,1
mediocris,1
actito,1
campanus,1
istic,1
satelles,1
mucius,1
porsena,1
incomptus,1
consessor,1
cuneus,1
egero,1
chirurgus,1
recido,1
prosilio,1
incustoditus,1
abscondo,1
cornelius,1
honestus,1
subnixus,1
tomaclum,1
dicax,1
stolidus,1
procacitas,1
genesta,1
neco,1
nobilitas,1
confugio,1
hispania,1
pomona,1
prandeo,1
impotens,1
apricus,1
liburnus,1
sura,1
impudenter,1
aemilius,1
scilicet,1
seruitium,1
plagiarius,1
interpositus,1
contamino,1
fronto,1
exuuia,1
promo,1
onero,1
tenebrosus,1
amplus,1
procumbo,1
aponius,1
liuius,1
demitto,1
scriptura,1
tomus,1
inhorresco,1
demissus,1
uesta,1
rhodium,1
excelsus,1
dentatus,1
inclino,1
circum,1
concoquo,1
pestis,1
serpo,1
hortatus,1
dissipo,1
incruentus,1
catellus,1
familia,1
faenero,1
fructus,1
conuiuo,1
inquilinus,1
pastillus,1
ructus,1
opacus,1
pratum,1
perneo,1
iudico,1
penitus,1
aenigma,1
adulterium,1
ocellus,1
natis,1
zelotypus,1
pedica,1
fabricius,1
leucophaeatus,1
mulier,1
una,1
sursum,1
prodigus,1
apparo,1
sordes,1
plumbeum,1
implicitus,1
conualo,1
large,1
rubellus,1
infitiator,1
patientia,1
lupatus,1
uenatus,1
peruius,1
strata,1
ouidius,1
interpono,1
fututio,1
reticeo,1
cenaculum,1
pix,1
graculus,1
suspendium,1
pirus,1
