,count
sum,7012
et,4761
qui,3714
in,2889
ego,2515
hic,2277
tu,2205
ille,2142
non,2003
nec,1880
meus,1488
ut,1354
suus,1331
tuus,1313
cum,1123
do,1116
ab,1030
si,989
possum,938
habeo,893
ipse,882
quis,858
dico,858
facio,816
tamen,810
uideo,809
fero,800
quisque,791
sed,789
per,778
noster,755
ad,688
deus,685
manus,582
omnis,576
magnus,565
nunc,554
quam,539
uenio,532
multus,531
iam,527
nomen,524
pars,502
corpus,499
nullus,493
de,490
uir,488
os,483
aqua,479
tempus,459
sic,448
sui,445
terra,443
edo,442
locus,429
uerbum,425
amor,420
peto,413
quod,393
dum,393
pectus,391
at,390
primus,386
uolo,384
teneo,383
eo,379
nos,376
ex,375
unus,371
saepe,361
ne,360
aut,356
longus,354
quoque,345
unda,343
causa,338
num,331
modo,331
ante,319
tantus,317
factum,315
sub,310
ignis,308
moueo,308
mater,305
carmen,296
medius,296
credo,294
animus,290
arma,288
pater,288
dea,285
nouus,285
sine,281
pro,280
ubi,273
totus,273
uox,271
is,268
nisi,266
iste,265
opus,264
paruus,263
uis,263
soleo,261
refero,260
ops,258
res,258
puella,256
sacer,255
coniunx,254
nox,253
annus,253
iubeo,253
quaero,251
ars,250
dies,247
domus,246
pes,246
oculus,245
altus,244
puto,241
mens,241
solus,240
capio,239
liceo,236
equus,235
ago,233
nihil,233
urbs,233
natus,232
cura,232
alter,231
uultus,231
adsum,231
lacrima,228
munus,228
nam,227
malus,227
uos,227
tum,226
fugio,226
uulnus,225
tango,223
numen,222
loquor,222
semper,219
bene,217
sanguis,217
atque,217
crimen,216
orbis,215
uix,214
ira,214
uinco,213
miser,213
labor,212
caelum,211
amo,211
idem,207
relinquo,206
forma,204
precor,204
cur,203
bonus,203
humus,203
cado,201
iaceo,201
sentio,200
aio,199
mitto,198
o,196
iuppiter,194
caput,193
talis,193
timeo,192
mora,191
frater,191
uentus,191
durus,191
fatum,190
hostis,189
parens,189
placeo,187
uiuo,186
uoco,184
premo,184
uia,184
aequor,182
enim,182
lumen,181
iungo,181
sto,181
uerus,181
patior,179
iuuenis,178
rogo,177
fides,176
alius,175
poena,174
tutus,174
aura,174
populus,171
leuis,170
latus,170
duo,170
uotum,170
patrius,169
flamma,169
uester,169
ullus,167
dignus,166
mos,165
puer,164
parum,162
tellus,162
noceo,162
iuuo,162
turba,162
aspicio,161
nego,161
sequor,161
positus,161
signum,160
silua,160
grauis,159
dictum,158
pono,158
soror,158
laedo,158
capillus,157
lego,157
an,156
mors,156
coma,154
absum,152
reddo,152
fortis,152
dolor,152
tam,151
telum,151
aliquis,151
specto,151
uterque,151
addo,150
uel,150
herba,150
pereo,150
inter,150
uita,149
sumo,149
litus,149
quamuis,148
mare,147
fallo,146
amicus,146
superus,145
uisum,143
aer,143
collum,143
paro,143
inde,143
facies,141
tollo,141
tego,141
fio,140
traho,140
aurum,139
aptus,138
rex,137
redeo,137
etiam,137
modus,136
duco,136
simul,135
tristis,135
fera,135
dux,135
uirgo,135
lingua,134
torus,133
bellus,133
ferrum,133
membrum,133
somnus,133
ius,132
bracchium,132
domina,131
ora,130
saxum,130
comes,129
mollis,129
fama,129
spes,129
tectum,129
careo,129
pius,129
nota,128
templum,127
tener,127
saeuus,127
datum,126
lux,126
hinc,126
arbor,126
regnum,126
ulter,125
queror,124
debeo,124
seruo,124
doceo,124
inquam,124
quia,123
accipio,123
audio,123
quisquis,123
certus,123
fateor,123
male,122
cornu,122
ingenium,121
colo,121
uestis,121
quidem,121
fleo,120
satis,120
imago,120
dextra,120
lex,119
amans,119
quantus,119
plenus,119
metus,119
pudor,119
abeo,118
magis,118
maneo,118
tot,117
gratus,114
uetus,114
lateo,114
nympha,114
felix,113
perdo,113
senex,113
umbra,113
tergum,113
sol,113
mons,113
ara,112
fretus,112
auctor,112
genus,111
penna,111
osculum,110
siue,110
honor,110
nata,110
raptus,109
gero,109
gens,109
procul,109
adeo,109
fortuna,108
quicumque,107
misceo,107
subeo,107
sidus,107
inuenio,106
ualeo,106
usus,106
mereo,105
foris,105
postquam,105
taurus,105
cupio,105
cunctus,105
contingo,104
iter,104
fingo,104
pondus,103
neue,103
uelum,103
spargo,102
qua,101
protinus,101
pariter,100
cognosco,100
scio,100
quondam,100
homo,100
color,99
cerno,99
propior,98
sustineo,98
summum,98
bos,98
culpa,97
prex,97
prior,97
post,97
ita,97
cedo,97
adhuc,97
certe,97
finis,96
turpis,96
tunc,96
ergo,96
muto,96
ferus,96
ager,95
doleo,95
cumque,94
uates,94
praebeo,94
timor,94
prius,94
dubito,94
ensis,93
sinus,93
flumen,93
liber,93
ter,93
femina,92
sonus,92
digitus,91
sedeo,91
carus,91
rapio,91
artus,91
officium,90
laetus,90
pateo,90
impono,90
auis,90
tempto,90
taceo,89
numerus,89
geminus,89
ecce,89
dominus,88
auris,88
quisquam,88
meritum,88
ueto,88
breuis,88
inferus,88
memor,88
tendo,87
opto,87
huc,87
scilicet,86
mitis,86
pontus,86
forsitan,86
nudus,86
cogo,85
gaudeo,85
audeo,85
formosus,85
posco,84
ratis,84
iustus,84
umerus,84
falsus,84
quotiens,84
prosum,84
pax,83
studium,83
iacto,83
uerto,82
figo,82
exiguus,82
mille,82
memini,81
anima,81
uenus,81
caedes,81
resto,81
sino,81
similis,81
dubius,81
aufero,81
scribo,81
carpo,80
unde,80
erro,80
cursus,80
scelus,79
uictor,79
ceterus,79
lacertus,79
caesar,79
exeo,79
bis,78
candidus,78
gelidus,78
fons,78
fuga,78
tenuis,78
pugno,77
puppis,77
maritus,77
summa,77
frustra,77
ramus,77
arcus,77
haereo,77
infelix,76
thalamus,76
igitur,76
damnum,76
caelestis,76
diu,76
flos,76
canis,76
super,76
lectus,76
cano,75
perago,75
laudo,75
uirtus,75
onus,74
mensis,74
iugum,74
quoniam,74
moenia,73
faueo,73
laus,73
ingens,73
casus,73
uro,72
morior,72
sono,72
aetas,72
semen,72
leuo,72
nimius,72
nescius,72
trado,71
nosco,71
bibo,71
minor,71
pietas,71
harena,71
qualis,71
iuro,70
tus,70
utinam,70
probo,69
placidus,69
antiquus,69
exemplum,69
surgo,69
clarus,69
uiuus,69
sors,69
tecum,69
scriptum,69
repeto,68
lentus,68
frons,68
miror,68
amnis,68
denique,68
crinis,68
inuitus,68
paene,68
littera,67
decipio,67
nupta,67
dulcis,67
arx,67
laeuus,67
cresco,67
accedo,67
aeuum,67
nex,66
mando,66
uiscus,66
soluo,66
seu,66
narro,66
currus,66
par,65
nescio,65
flecto,65
excutio,65
pecus,65
hospes,65
serus,65
miles,65
numquam,65
timidus,64
fulmen,64
impleo,64
festus,64
funus,64
cauus,64
conuenio,64
uinum,64
tingo,64
desum,64
spatium,64
decet,64
clamo,64
ala,64
frigus,63
aureus,63
socius,63
gratia,63
frondeo,63
liquidus,63
metuo,63
utilis,62
mecum,62
maestus,62
excipio,62
aether,62
diuersus,62
limen,62
demo,62
supero,62
quot,62
nubes,62
sedes,62
desino,61
uitium,61
supersum,61
coepio,61
uacuus,61
praeda,61
pomum,61
praesto,60
pretium,60
acta,60
disco,60
utor,60
mortalis,60
nemus,60
noto,59
paucus,59
longe,59
aequus,59
canus,59
claudo,59
uerro,59
celer,59
ripa,59
niger,59
usque,59
blandus,58
tres,58
remus,58
gaudium,58
auus,58
praemium,58
nondum,58
uinculum,58
fluctus,58
exigo,58
fax,58
carina,58
condo,58
quoius,57
ordo,57
recipio,57
pudet,57
rumpo,57
moror,57
genitor,57
salus,57
donum,56
inanis,56
uersus,56
patria,56
en,56
error,56
semel,56
campus,56
figura,56
uelut,56
titulus,56
reperio,56
cibus,56
nuper,56
anguis,56
intro,56
curuus,56
effugio,56
ardeo,56
nurus,55
grandis,55
repello,55
ferox,55
rigidus,55
hasta,55
respicio,55
rogus,55
albus,55
frango,55
dens,55
tardus,55
mergo,55
cingo,55
rarus,55
potens,55
haud,55
uxor,54
curro,54
diues,54
auidus,54
antrum,54
libellus,54
pignus,54
spero,54
ortus,54
barbarus,54
subito,53
retineo,53
letum,53
purpureus,53
consto,53
testis,53
gena,53
prohibeo,53
sagitta,53
desero,52
nitor,52
ludo,52
cultus,52
finio,52
facilis,52
immensus,52
ambo,52
filia,52
cruor,52
discedo,51
custos,51
bellum,51
gloria,51
missa,51
rideo,51
corona,51
terreo,51
focus,51
aruum,51
interea,51
nolo,51
obsto,51
forte,51
uiridis,51
erus,50
pulcher,50
praesens,50
ceruix,50
rus,50
proles,50
recens,50
notus,50
uenia,50
totiens,50
aeger,50
iterum,49
pingo,49
concipio,49
palma,49
suppono,49
cupido,49
caeruleus,49
conscius,49
coeo,49
ac,49
gener,48
quin,48
tueor,48
secundus,48
requiro,48
peruenio,48
hiems,48
moneo,48
propero,48
secor,48
ictus,48
subitus,48
luctus,48
celo,48
sollicitus,48
murmur,48
natura,48
pario,47
nauis,47
totidem,47
uaco,47
aliqui,47
ignotus,47
uertex,47
rursus,47
humanus,47
exsul,47
cinis,47
cera,47
adimo,47
canto,47
fidus,47
dissimulo,47
furor,47
capto,46
lyra,46
rudis,46
omen,46
uestigium,46
piscis,46
illic,46
deduco,46
portus,46
fessus,46
castus,46
uisus,46
mensa,46
auxilium,46
remitto,46
odium,46
nepos,45
ossum,45
tepidus,45
niueus,45
aequoreus,45
celebro,45
heros,45
agmen,45
parco,45
heu,45
pulso,45
foedus,45
socer,45
oro,45
extremus,45
uelo,45
transeo,45
nitidus,45
iudex,45
robur,45
fas,44
gradus,44
materia,44
tertius,44
mundus,44
uolucris,44
insum,44
admoueo,44
ceres,44
dirus,44
ueho,44
torqueo,44
lupus,44
paelex,44
attono,44
creo,44
ferio,43
namque,43
percutio,43
gramen,43
luna,43
que,43
eripio,43
densus,43
contra,43
crus,43
mirus,43
tremo,43
uoluptas,43
iniquus,43
siccus,43
crudelis,43
cor,42
sileo,42
ater,42
tabella,42
incipio,42
sucus,42
aperto,42
pendeo,42
nimium,42
nefas,42
iaculus,42
unguis,42
nutrix,42
tumulus,42
certamen,42
amarus,42
uanus,42
serpens,42
cesso,41
mars,41
iners,41
mox,41
merus,41
promissum,41
anus,41
motus,41
uolucer,41
promitto,41
induo,41
paternus,41
monstrum,41
caecus,41
communis,41
supplex,41
memoro,41
fluo,41
stultus,41
fruor,41
murus,41
hora,40
princeps,40
iuuencus,40
uastus,40
coeptum,40
insto,40
imber,40
rapidus,40
efficio,40
quilibet,40
gemitus,40
secum,40
gigno,40
sceptrum,40
lenis,40
flauus,40
axis,40
odi,40
fuluus,39
orbus,39
sis,39
agito,39
sinister,39
committo,39
uiso,39
uallis,39
pello,39
sermo,39
contentus,39
quamquam,39
malum,39
furtum,39
rusticus,39
adulter,39
pendo,39
aruus,39
sperno,39
orior,38
parce,38
clamor,38
uirgineus,38
seges,38
compono,38
sceleratus,38
nempe,38
fraus,38
uincio,38
poeta,38
pecco,38
lassus,38
pugna,37
alo,37
moles,37
ianua,37
pasco,37
uereor,37
aeternus,37
f,37
sublimis,37
bacchus,37
nix,37
passus,37
uesta,37
copia,37
pelagus,37
malo,37
uirga,37
pareo,37
lacus,37
aestus,37
iudicium,36
solutus,36
signo,36
rego,36
porta,36
purus,36
frenum,36
leo,36
deficio,36
centum,36
nascor,36
conspicio,36
deprehendo,36
potior,36
donec,36
cruentus,35
ualidus,35
uarius,35
origo,35
romanus,35
perpetuus,35
roma,35
olim,35
postis,35
triumphus,35
obruo,35
exsilium,35
iacio,35
sacerdos,35
mico,35
uenenum,35
tenebrae,35
turbo,35
quid,35
regius,35
tandem,35
uua,35
periculum,35
dos,35
seruus,34
mane,34
uicis,34
prodo,34
aratrum,34
ouis,34
concedo,34
ostendo,34
uena,34
filum,34
ales,34
porrigo,34
ratus,34
eris,34
species,34
uicinus,34
fundo,34
indicium,34
amplexus,34
haurio,34
tumidus,34
uito,34
deceo,34
natalis,34
diligo,34
facinus,34
sex,33
famulus,33
quidam,33
cuspis,33
adnuo,33
confero,33
phoebus,33
placo,33
arduus,33
firmus,33
partus,33
scopulus,33
frigidus,33
lucus,33
aper,33
asper,33
ruo,33
defendo,33
pauidus,32
sepulcrum,32
acuo,32
dexter,32
trepidus,32
reus,32
securus,32
clausum,32
uitis,32
amplector,32
procumbo,32
ignarus,32
lac,32
genu,32
lapis,32
solidus,32
pone,32
acer,32
consilium,32
ardesco,32
guttur,32
confiteor,32
septem,31
uiolentus,31
classis,31
scindo,31
stringo,31
includo,31
gemma,31
adicio,31
plurimus,31
resoluo,31
cortex,31
ulcisco,31
genetrix,31
iocus,31
caueo,31
augustus,31
occupo,31
aduersum,31
temerarius,31
incertus,31
frux,31
gladius,31
armentum,31
uelox,31
uellus,31
cacumen,31
uerso,31
inuisus,31
sensus,31
profugus,31
regio,31
umquam,31
urgeo,30
colus,30
conor,30
praetereo,30
libet,30
prope,30
pauper,30
quies,30
fugo,30
praeceps,30
tunica,30
imperium,30
proelium,30
quater,30
fetus,30
interdum,30
perfidus,30
femineus,30
fallax,30
sterno,30
aduncus,30
uictus,30
sapio,30
inops,30
publicus,30
ignosco,30
putus,30
miserabilis,30
lanio,30
rota,30
imito,30
exsto,30
comito,29
adsuetus,29
lana,29
mollio,29
clipeus,29
priscus,29
uterus,29
domo,29
decus,29
consisto,29
saltus,29
affero,29
superbus,29
numero,29
fauor,29
porto,29
pharetra,29
peregrinus,29
daps,29
palleo,29
occido,29
paueo,29
ibi,29
reor,29
blanditia,29
neruus,29
quinque,28
concutio,28
otium,28
territus,28
madidus,28
pronus,28
necto,28
secerno,28
tela,28
excido,28
ecquis,28
stella,28
gemo,28
aliter,28
nobilitas,28
rostrum,28
praecipue,28
tacita,28
innumerus,28
uale,28
gurges,28
induco,28
assiduus,28
harundo,28
exerceo,28
reuertor,27
augeo,27
fulgeo,27
moto,27
deuoueo,27
quare,27
infans,27
confundo,27
difficilis,27
alimentum,27
fames,27
ludus,27
impedio,27
caesum,27
sicut,27
abdo,27
simulo,27
egeo,27
sitis,27
tamquam,27
pollex,27
plebs,27
duro,27
uber,27
fecundus,27
remoueo,27
simulacrum,27
marmor,27
uacca,27
recedo,27
laboro,27
disto,27
summoueo,27
uilis,26
exspecto,26
paeniteo,26
potius,26
aedes,26
grauidus,26
radius,26
pluma,26
foueo,26
aetherius,26
offensus,26
diua,26
palus,26
diuus,26
coniugium,26
caneo,26
grex,26
maxime,26
irritus,26
ineo,26
consul,26
uitta,26
folium,26
pigeo,26
remotus,26
saucius,26
maternus,26
reuoco,26
differo,25
stamen,25
ratio,25
ignoro,25
persto,25
nubila,25
condio,25
floreo,25
possideo,25
forum,25
sisto,25
caedo,25
alienus,25
uelamen,25
solacium,25
columba,25
ultor,25
stipes,25
plango,25
celeber,25
ritus,25
lustro,25
pompa,25
admitto,25
maturus,25
draco,25
rubeo,25
immemor,25
depono,25
uerber,25
aeneus,25
equidem,25
taeda,25
suadeo,25
lignum,25
inicio,25
admonitus,25
circa,25
germanus,25
praeter,25
habito,25
obsum,25
intus,25
epistula,25
ceruus,25
rubor,25
mentior,25
late,25
contrarius,25
fiducia,25
cupidus,24
fusus,24
indignor,24
recuso,24
extum,24
uer,24
mulceo,24
consulo,24
regno,24
descendo,24
militia,24
sollicito,24
uictima,24
laurus,24
obscenus,24
index,24
toruus,24
uindex,24
ruina,24
requies,24
messis,24
concieo,24
laqueus,24
pellis,24
occulo,24
manifestus,24
iuno,24
castrum,24
cautus,24
amator,24
puluis,24
udus,24
cognatus,24
subsum,24
monstro,24
minerua,24
poculum,24
iuuenalis,24
iro,24
rete,24
uero,24
radix,24
obscurus,24
nato,24
nemo,24
tero,24
grauitas,24
captiuus,23
minuo,23
galea,23
impello,23
fastus,23
impetus,23
proximus,23
lis,23
alternus,23
inuidiosus,23
minister,23
macto,23
hortus,23
prospicio,23
medium,23
propono,23
sanus,23
ingratus,23
musa,23
colonus,23
culta,23
subiectum,23
astrum,23
romulus,23
lucifer,23
erubesco,23
fabula,23
citus,23
torreo,23
circum,23
stagnum,23
gremium,23
indignus,23
inuidia,23
magister,23
exclamo,23
colligo,23
moene,23
succedo,23
turris,23
damno,23
tribuo,23
silex,23
demitto,23
theatrum,23
admissum,23
trepido,23
rector,23
cito,22
destituo,22
licet,22
lar,22
trabs,22
orno,22
barba,22
captus,22
despicio,22
raucus,22
horreo,22
contineo,22
hospitium,22
generosus,22
ueneror,22
instar,22
nauita,22
nouem,22
aluus,22
furo,22
insidiae,22
ardor,22
praefero,22
experior,22
opacus,22
paulatim,22
arbitrium,22
sententia,22
audax,22
aurora,22
truncus,22
procus,22
infestus,22
ignauus,22
complector,22
missus,22
ambiguus,22
potentia,22
prehendo,21
ferreus,21
habena,21
praepono,21
insanus,21
tremulus,21
aditus,21
aduerto,21
silentium,21
saeculum,21
uenter,21
uireo,21
collis,21
insula,21
uagus,21
calidus,21
pastor,21
sopor,21
pinus,21
sero,21
alumnus,21
naufragus,21
almus,21
eques,21
perennis,21
epula,21
instruo,21
spolium,21
decido,21
obliquus,21
uiolo,21
lugeo,21
merum,21
umidus,21
limes,21
pudicus,21
oblino,21
fere,21
eligo,21
mano,21
sospes,21
saluus,21
respondeo,21
hactenus,21
oborior,21
fletus,21
spiritus,21
nequeo,21
clades,21
curuo,21
eburneus,21
sodalis,21
amissum,20
humilis,20
immitis,20
auersus,20
ianus,20
ni,20
ultra,20
census,20
perfero,20
uere,20
improbus,20
pudeo,20
editus,20
seco,20
icio,20
atrium,20
refert,20
nouo,20
postmodo,20
catena,20
aro,20
mendax,20
ingeniosus,20
ancilla,20
iuuenta,20
flebilis,20
undique,20
suspicor,20
urna,20
agnosco,20
uirilis,20
refugio,20
nubo,20
fertilis,20
agrestis,20
consumo,20
concubitus,20
subdo,20
uigil,20
caespes,20
fatalis,20
rosa,20
candor,20
quercus,20
lasciuus,20
testor,20
extinguo,20
iugulum,20
no,20
ingemo,20
naris,20
rupes,19
reditus,19
taedium,19
quirinus,19
miro,19
far,19
uetustas,19
principium,19
amicitia,19
monitus,19
sacro,19
oppositus,19
credibilis,19
ferueo,19
satyrus,19
pandus,19
inguen,19
nanciscor,19
riuus,19
lusus,19
praeteritus,19
obuius,19
chorus,19
uitio,19
externus,19
traicio,19
flamen,19
pallas,19
fraternus,19
demens,19
egredior,19
monumentum,19
arguo,19
remaneo,19
iniuria,19
obstipesco,19
carcer,19
mutus,19
miseror,19
concido,19
piger,19
cantus,19
languidus,19
saltem,19
sicco,19
adoro,19
querella,19
nouerca,19
charta,19
absens,19
retro,19
dono,19
expello,19
merces,19
aequo,19
labes,19
tactus,19
sponte,19
saluto,19
aduersus,19
senecta,19
tyrannus,19
seuerus,19
eadem,19
gracilis,19
praeceptum,19
cremo,18
recepto,18
insignis,18
uiduus,18
emitto,18
casa,18
callidus,18
umor,18
perfundo,18
iussus,18
ouum,18
aperio,18
stirps,18
conuiuium,18
furtim,18
uadum,18
dictus,18
pinguis,18
uomer,18
ligo,18
nutrio,18
lacero,18
dolus,18
lauo,18
uirginitas,18
curo,18
amata,18
lustrum,18
hirsutus,18
expono,18
cauda,18
terribilis,18
peccatum,18
ile,18
corrumpo,18
filius,18
nefandus,18
trux,18
auster,18
findo,18
securis,18
nocturnus,18
lacer,18
plaga,18
arceo,18
tibia,18
marmoreus,18
gutta,18
fructus,18
merito,18
circumdo,18
plaudo,18
faux,18
conuicium,18
moderatus,18
delabor,18
stupeo,18
repugno,18
increpo,17
manes,17
prodeo,17
nonus,17
nouitas,17
caducus,17
mel,17
proprius,17
uictrix,17
capella,17
nobilis,17
pulsus,17
heres,17
uoueo,17
dimitto,17
turpiter,17
inmitto,17
proicio,17
occurro,17
sanctus,17
tueo,17
saeuio,17
commodus,17
fungor,17
subduco,17
fors,17
uigor,17
succurro,17
fauilla,17
uigilo,17
decor,17
amictus,17
ocellus,17
mirabilis,17
molior,17
arcanus,17
releuo,17
euenio,17
iamdudum,17
linum,17
impero,17
area,17
emo,17
nequiquam,17
medicamen,17
appono,17
transfero,17
frequens,17
artifex,17
circumspicio,17
contraho,17
digno,17
impunis,17
lenio,17
morsus,17
delicia,17
periurium,17
erigo,17
anxius,17
exhibeo,17
meta,17
quamlibet,16
redimo,16
inceptum,16
cithara,16
uindico,16
conspicuus,16
ebur,16
baculum,16
libum,16
grates,16
celsus,16
effero,16
poto,16
diana,16
libo,16
troius,16
subsido,16
fumus,16
matrona,16
corono,16
glans,16
coerceo,16
potus,16
regia,16
inhaereo,16
rigeo,16
impius,16
senectus,16
recuruus,16
tenus,16
amens,16
profiteor,16
montanus,16
pertimesco,16
indolesco,16
binus,16
polus,16
tempero,16
astringo,16
inermis,16
appello,16
exstinguo,16
regalis,16
ingenuus,16
ministra,16
quatio,16
summitto,16
desertum,16
pactum,16
culpo,16
spiculum,16
glacies,16
adiuuo,16
falx,16
profundus,16
resisto,16
arista,16
proteruus,16
hamus,16
animal,16
demissus,16
furtiuus,16
seruio,16
pabulum,16
spolio,16
procer,16
elido,16
beatus,16
ruga,16
era,16
obliuium,16
cultor,16
contendo,16
consuesco,16
fatigo,16
tenuo,16
nasus,16
satus,15
succumbo,15
presso,15
agna,15
euentus,15
resero,15
percipio,15
tumeo,15
renouo,15
receptus,15
utilitas,15
forus,15
actus,15
sata,15
apis,15
effusus,15
quiesco,15
suspendo,15
tracto,15
posterus,15
palla,15
ausonia,15
albeo,15
uomo,15
adductus,15
idus,15
macies,15
querela,15
creditum,15
exitus,15
linquo,15
studiosus,15
paulus,15
aduena,15
penetralis,15
ursa,15
exuo,15
faunus,15
equa,15
stratum,15
detraho,15
quiris,15
lasso,15
parcus,15
inimicus,15
singulus,15
depositum,15
resido,15
facundus,15
disertus,15
acies,15
onero,15
ciuis,15
spatior,15
compositus,15
toga,15
diffundo,15
irascor,15
debitum,15
morbus,15
infirmus,15
spatiosus,15
fumo,15
fidelis,15
requiesco,15
lucto,15
unicus,15
spina,15
madeo,15
nauta,15
educo,15
penas,15
lorum,15
medulla,15
detineo,15
perimo,15
liuor,15
impar,15
inscius,15
coacta,15
uoluo,15
immanis,15
animosus,15
formido,15
acceptum,15
nebula,15
persequor,15
surdus,15
erepo,15
resupinus,15
inficio,15
struo,15
glaeba,15
maereo,14
digero,14
constituo,14
statuo,14
nutus,14
lucidus,14
absumo,14
uetustus,14
lacrimo,14
neco,14
cerua,14
libro,14
discrimen,14
intra,14
procella,14
tenere,14
protego,14
corripio,14
h,14
commissum,14
umbrosus,14
calco,14
ingredior,14
phrygius,14
delubrum,14
armatus,14
desilio,14
ilex,14
margo,14
continuo,14
affor,14
incalesco,14
auratus,14
canna,14
legitimus,14
inuideo,14
amitto,14
acerbus,14
uiuax,14
fibra,14
adulterium,14
indico,14
conata,14
oppono,14
inspicio,14
niteo,14
fugax,14
promptus,14
feritas,14
terror,14
ambages,14
iuuenca,14
ulmus,14
uario,14
iuba,14
rumor,14
scythicus,14
monitum,14
nimbus,14
pallidus,14
aridus,14
graius,14
io,14
misereor,14
pallor,14
latebra,14
rapina,14
cuna,14
defero,14
senatus,14
praecipio,14
compleo,14
oppidum,14
afflo,14
contemno,14
areo,14
quo,14
praecipito,14
laxus,14
plangor,14
autumnus,14
inuictus,14
stygius,14
incubo,14
uoluntas,14
fortiter,14
rictus,14
complexus,14
queo,14
lector,14
operosus,13
admoneo,13
eruo,13
facundia,13
finitimus,13
tutela,13
prosperus,13
odoratus,13
purpura,13
pratum,13
moratus,13
incumbo,13
alloquor,13
pererro,13
aduentus,13
ros,13
quattuor,13
culter,13
murra,13
cinctus,13
asellus,13
iuuentus,13
libido,13
praeterea,13
hostilis,13
mugitus,13
perlego,13
dispono,13
mensura,13
rite,13
satio,13
auctus,13
expers,13
redimio,13
reduco,13
excuso,13
ei,13
credulus,13
mutuus,13
nectar,13
tepeo,13
prosilio,13
patruus,13
circus,13
reseco,13
aenus,13
expedio,13
incingo,13
properatus,13
intellego,13
mina,13
poenus,13
decem,13
adhibeo,13
roro,13
polliceor,13
fodio,13
quiuis,13
quantum,13
clam,13
exsilio,13
corniger,13
concurro,13
hedera,13
medicus,13
puerilis,13
idcirco,13
profanus,13
sedulus,13
reuello,13
scaena,13
quotus,13
uipereus,13
spuma,13
recingo,13
immunis,13
situs,13
sufficio,13
exanimis,13
ambio,13
insequor,13
anilis,13
latex,13
speculum,13
passim,13
horridus,13
tenax,13
patulus,13
qualiscumque,13
liqueo,13
progenies,13
laeto,13
compesco,13
probitas,13
sarcina,12
coram,12
achilles,12
series,12
caelus,12
secta,12
auspicium,12
labo,12
angustus,12
certo,12
duplex,12
saturnius,12
succingo,12
hostia,12
uiola,12
consurgo,12
reicio,12
abduco,12
texo,12
resurgo,12
iliacus,12
recessus,12
sancio,12
suscipio,12
restituo,12
pagus,12
corrigo,12
religo,12
tigris,12
propinquus,12
rapax,12
attingo,12
procedo,12
limus,12
molliter,12
bellicus,12
irrito,12
congero,12
brutus,12
calathus,12
iniustus,12
castra,12
dedecus,12
reuerentia,12
orans,12
solium,12
dis,12
caleo,12
patens,12
splendidus,12
thyrsus,12
sollers,12
permaneo,12
temero,12
uaticinor,12
medeor,12
faex,12
regina,12
horrendus,12
concha,12
mendacium,12
lapsus,12
plaustrum,12
spectabilis,12
myrtus,12
acumen,12
capax,12
laetitia,12
salio,12
dissimilis,12
uitulus,12
palatum,12
grando,12
conuerto,12
edax,12
rabies,12
status,12
senilis,12
modestus,12
delictum,12
odor,12
quippe,12
calor,12
etiamnum,12
innitor,12
mordeo,12
praecordia,12
cunctor,12
quaeso,12
peruius,12
permitto,12
femur,12
segnis,12
arboreus,12
demos,12
iucundus,12
riualis,12
dica,11
contemptus,11
secedo,11
cubile,11
uibro,11
conditor,11
annuus,11
quartus,11
auitus,11
k,11
luceo,11
ubique,11
custodia,11
formo,11
augur,11
stipula,11
furiosus,11
intumesco,11
sitio,11
recludo,11
nequitia,11
pedis,11
concito,11
innocuus,11
funestus,11
uagor,11
spiro,11
supra,11
assisto,11
serenus,11
granum,11
diuitia,11
sterilis,11
iugalis,11
conubium,11
successus,11
zona,11
linteus,11
statio,11
caelo,11
pridem,11
emineo,11
zephyrus,11
simplex,11
sollemnis,11
aerius,11
decimus,11
suburbanus,11
bustum,11
separo,11
leuitas,11
recondo,11
lilium,11
stimulus,11
stabulum,11
ferinus,11
quasi,11
diripio,11
consido,11
grator,11
calamus,11
perosus,11
fenestra,11
appareo,11
furia,11
rescribo,11
obliuiscor,11
inutilis,11
madesco,11
uimen,11
fossa,11
flagro,11
exsulto,11
uindicta,11
cutis,11
fortasse,11
modicus,11
nuntia,11
supprimo,11
funis,11
aspergo,11
aequalis,11
cyclops,11
raptor,11
somnium,11
damnosus,11
repleo,11
palam,11
sidereus,11
uigilans,11
uulnero,11
dispar,11
suspicio,11
exitium,11
conicio,11
interior,11
confinis,11
sepelio,11
impatiens,11
sanguineus,11
gestus,11
auarus,11
latro,11
inuidus,11
fremo,11
gemino,11
indulgeo,11
exsanguis,11
caligo,11
consequor,11
ceu,11
obsideo,11
languor,11
barbaria,11
inhibeo,11
immineo,11
probus,11
euerto,10
sanguinolentus,10
propter,10
faustus,10
iurgium,10
discus,10
palmes,10
argentum,10
cliuus,10
attollo,10
laniger,10
abstineo,10
caper,10
fauus,10
solor,10
reparo,10
ruricola,10
incendium,10
suspiro,10
hospitus,10
squalidus,10
infero,10
triumpho,10
phoebe,10
sapienter,10
reficio,10
simplicitas,10
infundo,10
auguro,10
pila,10
prosequor,10
intonsus,10
loquax,10
accipiter,10
uenor,10
periurus,10
coetus,10
torrens,10
inultus,10
fuscus,10
garrulus,10
saeta,10
blandior,10
magicus,10
abrumpo,10
deformis,10
annosus,10
acus,10
incido,10
uicinia,10
socialis,10
redux,10
uictoria,10
decliuis,10
mentum,10
agricola,10
proauus,10
gelu,10
postulo,10
tantummodo,10
recido,10
oceanus,10
deinde,10
aedis,10
salto,10
spectaculum,10
dotalis,10
diuido,10
seduco,10
stridor,10
parca,10
aries,10
diurnus,10
uenum,10
oportet,10
immundus,10
lympha,10
tremor,10
umeo,10
ululatus,10
frutex,10
buxus,10
parilis,10
phryx,10
obsequium,10
uexo,10
hortor,10
tympanum,10
nodus,10
concauus,10
perficio,10
eloquium,10
resono,10
condicio,10
inferia,10
trunco,10
officiosus,10
pressus,10
pretiosus,10
detrecto,10
exhalo,10
circumeo,10
uulgo,10
questus,10
rima,10
exsisto,10
bibulus,10
credulitas,10
marinus,10
istic,10
dormio,10
assumo,10
serpo,10
penetro,10
fragilis,10
armus,10
baca,10
uapor,10
excedo,10
superstes,10
plausus,10
infitior,10
tabes,10
auerto,10
extemplo,10
patientia,10
notitia,10
nusquam,10
consors,9
rutilus,9
pensum,9
leuiter,9
remex,9
pacatum,9
derigo,9
honoro,9
ferax,9
offero,9
aceruus,9
ternus,9
paciscor,9
luxurio,9
ob,9
kalendae,9
lucrum,9
capitolium,9
suffundo,9
posteritas,9
uulgus,9
sulfur,9
graecus,9
aduro,9
sus,9
dedo,9
aegre,9
ministro,9
lotos,9
paratus,9
nidus,9
firmo,9
insisto,9
subsisto,9
confugio,9
claua,9
germanium,9
cognomen,9
septimus,9
ah,9
armifer,9
asto,9
duritia,9
apud,9
flumineus,9
pluuius,9
destringo,9
arctos,9
fabius,9
hibernus,9
libycus,9
latratus,9
tolero,9
detego,9
pumex,9
teres,9
uiator,9
deiectus,9
alueus,9
patienter,9
resumo,9
inmodicus,9
infernus,9
foramen,9
nudo,9
furialis,9
recordor,9
desisto,9
scutum,9
frequento,9
opero,9
praecingo,9
colloquium,9
profero,9
tonitrus,9
aquilo,9
troia,9
ungula,9
adsuesco,9
genialis,9
disicio,9
columna,9
confido,9
euinco,9
sacrilegus,9
fraudo,9
tabula,9
concordia,9
iugulo,9
prudens,9
nodosus,9
canities,9
strido,9
crudus,9
conuiua,9
matertera,9
concumbo,9
dicto,9
profusus,9
dedignor,9
exoro,9
tempore,9
neptunus,9
limosus,9
luo,9
ungo,9
ieiunium,9
purgo,9
prouenio,9
pullus,9
uilla,9
accenseo,9
sordidus,9
eurus,9
iaculor,9
crucio,9
tormentum,9
paluster,9
intereo,9
succenseo,9
deripio,9
neglego,9
comminus,9
rigo,9
decerpo,9
uigeo,9
elabor,9
cubo,9
intendo,9
tardo,9
incautus,9
admiror,9
obicio,9
infamis,9
exardeo,9
foedo,9
sons,9
nomino,9
eludo,9
sibilo,9
audacia,9
minax,9
cognitus,9
curuamen,9
opprimo,9
deterior,9
spissus,9
cumulus,9
citra,9
piceus,9
lapillus,9
creber,9
pharetratus,9
emico,9
amplius,9
desidero,9
sinuo,9
contagium,9
ultro,9
iactura,9
clementia,9
oliua,9
excepto,9
naufragium,9
litura,8
tribus,8
deuoro,8
hiatus,8
penates,8
pergama,8
iubar,8
intactus,8
extimesco,8
chaos,8
massa,8
cardo,8
significo,8
egressus,8
perspicio,8
eous,8
hesperius,8
bini,8
testificor,8
ulua,8
maiestas,8
tuscus,8
subicio,8
exsero,8
concilio,8
hospita,8
lactens,8
acernus,8
rudens,8
risus,8
defensa,8
applico,8
fragor,8
euoluo,8
robigo,8
cassis,8
ancora,8
tarde,8
honestus,8
deuius,8
infidus,8
inscribo,8
habilis,8
feralis,8
adoperio,8
siculus,8
conscendo,8
boreas,8
polluo,8
altar,8
inuado,8
crater,8
murex,8
repertor,8
gemellus,8
lucina,8
edisco,8
pugnax,8
resideo,8
faba,8
pix,8
largus,8
tarquinius,8
aeratus,8
mino,8
recurro,8
diuinus,8
egero,8
nimis,8
feliciter,8
sopio,8
medusa,8
eicio,8
mustus,8
adno,8
imbellis,8
incola,8
querulus,8
defectus,8
correpo,8
saepis,8
sonitus,8
commendo,8
tuba,8
quando,8
usquam,8
uenatus,8
tantum,8
proficiscor,8
fulcio,8
porticus,8
iocosus,8
continuus,8
decurro,8
cras,8
pieris,8
tropaeum,8
uerecundus,8
immisceo,8
exululo,8
scitor,8
inueho,8
magnanimus,8
accendo,8
lampas,8
imprudens,8
secus,8
demum,8
ast,8
mas,8
propius,8
nemorosus,8
sulcus,8
carinus,8
quanto,8
lugubris,8
uncus,8
fel,8
praesagium,8
adigo,8
popularis,8
leaena,8
crepusculum,8
metior,8
ambitiosus,8
exhaurio,8
penitus,8
tenor,8
commentum,8
retexo,8
onerosus,8
exhortor,8
indomitus,8
praecordium,8
poples,8
torpeo,8
incedo,8
iactus,8
uolumen,8
glomero,8
abstraho,8
suspirium,8
caesaries,8
nouiens,8
langueo,8
offendo,8
strepitus,8
absento,8
inquiro,8
madefactus,8
sano,8
dulcedo,8
luridus,8
oraculum,8
tractus,8
squama,8
adhaereo,8
constans,8
sistrum,8
relego,8
forsan,8
medicina,8
praeconium,8
supercilium,8
iactans,7
aquosus,7
deprecor,7
uerendus,7
plectrum,7
magnificus,7
autem,7
domesticus,7
germanicus,7
anceps,7
letifer,7
sal,7
flexus,7
operio,7
stips,7
faenum,7
naualis,7
rado,7
fontanus,7
occiduus,7
ruber,7
noxa,7
affundo,7
pecten,7
collecta,7
intempestiuus,7
patera,7
alcides,7
cres,7
dependeo,7
scaber,7
rastrum,7
como,7
pacta,7
mobilis,7
adamo,7
pio,7
lea,7
uocalis,7
chordus,7
praecipuus,7
curius,7
incultus,7
eueho,7
pluuialis,7
incolumis,7
anhelo,7
subsequor,7
ascendo,7
recumbo,7
tiberis,7
saepes,7
euanesco,7
conuoco,7
admonitum,7
mercurius,7
nuntius,7
habitus,7
pudibundus,7
salix,7
martius,7
picus,7
aquila,7
nubilus,7
angulus,7
croceus,7
utiliter,7
extendo,7
titubo,7
loco,7
sedulitas,7
expleo,7
oriens,7
calens,7
erudio,7
planta,7
attraho,7
haedus,7
catulus,7
ploro,7
horresco,7
triplex,7
auius,7
latio,7
diuturnus,7
datus,7
lubricus,7
arte,7
effigies,7
solum,7
conticesco,7
contundo,7
praesignis,7
caro,7
obseruo,7
accepta,7
rigor,7
aestas,7
uernus,7
numquid,7
exprimo,7
tundo,7
ordior,7
uentosus,7
spons,7
perpetuo,7
thymum,7
liquefacio,7
uerum,7
emendo,7
factura,7
libertas,7
anulus,7
memnon,7
roseus,7
culmen,7
ouile,7
discors,7
opera,7
sat,7
delitesco,7
dilabor,7
noxius,7
cruento,7
pestis,7
liquor,7
pestifer,7
diduco,7
successor,7
lepus,7
licentia,7
lasciuia,7
serius,7
hebes,7
biformis,7
festino,7
dimoueo,7
abluo,7
effundo,7
insero,7
potis,7
eminus,7
inprobus,7
integer,7
consolo,7
armo,7
deleo,7
repono,7
malignus,7
stolidus,7
produco,7
aggredior,7
amplexor,7
uello,7
reminiscor,7
argumentum,7
apollo,7
pecto,7
antemna,7
latito,7
distineo,7
exaudio,7
diuello,7
furibundus,7
belua,7
insuper,7
labellum,7
argenteus,7
radio,7
incito,7
obuerto,7
perpetior,7
cauo,7
conuello,7
uotiuus,7
saxeus,7
cubitum,7
intremo,7
praetendo,7
rabidus,7
aestuo,7
talus,7
pampineus,7
induresco,7
potestas,7
collabor,7
retracto,7
cinyra,7
apto,7
intercipio,7
supplicium,7
retorqueo,7
infectus,7
incursus,7
discutio,7
retempto,7
primordium,7
terrenus,7
tabesco,7
quasso,7
eodem,7
incuruus,7
insidiosus,7
occasus,7
omnipotens,7
pallium,7
inualidus,7
daedalus,7
aegis,7
attenuo,7
recito,7
tumesco,7
excludo,7
assidue,7
menda,7
rependo,7
meretrix,7
tristitia,6
bello,6
atrides,6
auersor,6
pagina,6
for,6
rigesco,6
narratum,6
aula,6
hirundo,6
bruma,6
mella,6
sapor,6
saturnus,6
clauiger,6
caeles,6
pascuus,6
polleo,6
coniunctus,6
olympus,6
apex,6
comperio,6
alligo,6
herbosus,6
iecur,6
obeo,6
ductus,6
arcas,6
infamia,6
hercules,6
auxiliaris,6
eximo,6
emeritus,6
reformido,6
faenus,6
praecedo,6
coluber,6
elegi,6
freno,6
labefacio,6
cornix,6
cynthia,6
turbidus,6
diffugio,6
coruus,6
socio,6
bicornis,6
excelsus,6
uobiscum,6
pilus,6
lacrimosus,6
lupa,6
insono,6
decorus,6
meto,6
curia,6
exstruo,6
pyra,6
testa,6
opertum,6
ebrius,6
obsisto,6
nais,6
concors,6
terminus,6
praesentia,6
minae,6
eloquor,6
stillo,6
canorus,6
arbiter,6
denus,6
laurea,6
laureus,6
senus,6
elementum,6
uter,6
coactus,6
mucro,6
fertus,6
haustus,6
pruina,6
tono,6
fortunatus,6
relatus,6
comitatus,6
probrus,6
reliquus,6
adamas,6
uanesco,6
flaueo,6
nemoralis,6
praepes,6
igneus,6
conuexus,6
temere,6
monile,6
redundo,6
irrumpo,6
crassus,6
pons,6
priuatus,6
liuius,6
saluber,6
remoror,6
hastile,6
uenabulum,6
uillus,6
emereo,6
asperitas,6
concino,6
stabilis,6
puellaris,6
ecqui,6
bimaris,6
fumosus,6
crepito,6
maius,6
uesper,6
commoueo,6
colubra,6
bubo,6
feruidus,6
patruelis,6
exosus,6
matutinus,6
lanugo,6
nilus,6
puniceus,6
racemus,6
doctor,6
hesternus,6
circumfundo,6
displiceo,6
conclamo,6
incesso,6
subtraho,6
moderamen,6
letalis,6
uado,6
uenerabilis,6
exterreo,6
praesentio,6
fistula,6
cycnus,6
cornum,6
hirtus,6
trans,6
diluo,6
scriba,6
sincerus,6
moribundus,6
fraxinus,6
pauor,6
delecto,6
roto,6
costa,6
ursus,6
molimen,6
agger,6
hamatus,6
defleo,6
planus,6
utrimque,6
infringo,6
momentum,6
utroque,6
adduco,6
ico,6
occulte,6
indigenus,6
anhelitus,6
uago,6
speciosus,6
tumultus,6
circumsto,6
obnoxius,6
conterminus,6
effectus,6
sulphur,6
multo,6
sulco,6
peraro,6
semianimis,6
intono,6
incresco,6
imperfectus,6
profectus,6
concresco,6
patefacio,6
ibis,6
affectus,6
dedisco,6
cothurnus,6
facile,6
mulier,6
decolor,6
maeonius,6
insania,6
pompeius,6
ponticus,6
emptum,6
percussus,6
lena,6
barbaricus,5
diruo,5
doto,5
uae,5
graecia,5
pyrrhus,5
accensi,5
spica,5
repente,5
compitum,5
luteus,5
rugosus,5
lamina,5
aes,5
harenosus,5
elicio,5
adoleo,5
profecto,5
diuiduus,5
scando,5
ambitio,5
distantia,5
cancer,5
mica,5
domitus,5
irrideo,5
flatus,5
pineus,5
iulius,5
tirynthius,5
fulgur,5
acte,5
destino,5
tegeaeus,5
formica,5
auena,5
remigium,5
bimembris,5
glacialis,5
ululo,5
falcatus,5
penso,5
illinc,5
februum,5
purgamen,5
quini,5
hodie,5
lepor,5
lyricus,5
transilio,5
deciens,5
fulmineus,5
dissipo,5
pinetum,5
latinus,5
uestalis,5
etruscus,5
aeolius,5
styx,5
porricio,5
placabilis,5
idoneus,5
prodigium,5
hymenaeus,5
plumbum,5
optime,5
sumptus,5
agnus,5
neo,5
languesco,5
fatus,5
grandaeuus,5
reticeo,5
ideo,5
praenuntia,5
crescentus,5
contemptor,5
redigo,5
quintus,5
adusque,5
instituo,5
propago,5
mauors,5
gressus,5
lapidosus,5
frequenter,5
abscedo,5
derigesco,5
abigo,5
insidior,5
praesum,5
affecto,5
uocabulum,5
transformo,5
dido,5
quantuluscumque,5
nouies,5
moderator,5
damma,5
defigo,5
planum,5
sublatus,5
comprimo,5
prora,5
reposco,5
pudicitia,5
depereo,5
rapum,5
praeceptor,5
pauo,5
itero,5
occubo,5
iuncus,5
defungor,5
tullius,5
auriga,5
censura,5
tibicen,5
abicio,5
inflo,5
rubesco,5
senesco,5
assentio,5
insolitus,5
gramineus,5
iunctura,5
gratulor,5
peruigil,5
terrigena,5
ciuilis,5
recursus,5
abundo,5
coepi,5
exulo,5
uocatus,5
papauer,5
flo,5
neptis,5
pando,5
candeo,5
conamen,5
eheu,5
crocus,5
persephone,5
mugio,5
atticus,5
incomitatus,5
permulceo,5
proserpina,5
dimidius,5
siquidem,5
habitabilis,5
partio,5
fungus,5
inuoluo,5
labrum,5
strenuus,5
designo,5
praetexo,5
historia,5
mortuus,5
multiplico,5
publicum,5
contactus,5
uenenatus,5
praeuius,5
tutor,5
fastigium,5
liquesco,5
ingero,5
inhumanus,5
seligo,5
praescius,5
despero,5
instrumentum,5
tetricus,5
promo,5
lacesso,5
coniuro,5
culte,5
uendo,5
surripio,5
repulsus,5
innato,5
retinacula,5
saeuitia,5
plecto,5
mitesco,5
aemulus,5
hortator,5
conuinco,5
impendo,5
socia,5
deploro,5
auello,5
corruo,5
uolatus,5
chlamys,5
exequia,5
illac,5
gradior,5
platanus,5
obumbro,5
moderor,5
repercutio,5
perseus,5
odiosus,5
equinus,5
tegmen,5
deicio,5
prudentia,5
ebrietas,5
insilio,5
pulmo,5
cicatrix,5
dissilio,5
rescindo,5
praeconius,5
compello,5
aquaticus,5
praeses,5
ostrum,5
colloco,5
amomum,5
innecto,5
discordia,5
temo,5
exploro,5
importunus,5
sudor,5
ulna,5
cohaereo,5
puteo,5
uas,5
instabilis,5
effodio,5
inclino,5
miraculum,5
singultus,5
sagax,5
inuito,5
fulgor,5
ministerium,5
excito,5
mergus,5
perterreo,5
calculus,5
sedo,5
temperies,5
quadrupes,5
nonne,5
intexo,5
assimulo,5
athenae,5
cumulo,5
reprehendo,5
cippus,5
pellitus,5
nexus,5
crista,5
praemoneo,5
flammifer,5
cygnus,5
inamabilis,5
accessus,5
uulgaris,5
conualesco,5
inornatus,5
flauesco,5
calcar,5
crinalis,5
proditio,5
triplico,5
articulus,5
fastidio,5
tragicus,5
gyrus,5
sponsus,5
extenuo,5
pruinosus,5
reflecto,5
accingo,5
brumalis,5
stimulo,5
etsi,5
alea,5
intermitto,5
nouellus,5
adnumero,5
necesse,5
uersor,5
mordax,5
rufus,5
constanter,5
lusor,5
commercium,5
canesco,4
seruitium,4
phoenix,4
teucrus,4
praetor,4
biceps,4
uerbero,4
concolor,4
fascis,4
faliscus,4
salue,4
clauis,4
sacrificus,4
ianitor,4
aeque,4
falcifer,4
iustitia,4
saetiger,4
rodo,4
euerro,4
commereo,4
examen,4
puter,4
panis,4
priapus,4
superbia,4
taciturnus,4
lanx,4
cristatus,4
arcadia,4
incustoditus,4
mulciber,4
spelunca,4
affigo,4
luxuriosus,4
arator,4
demereo,4
pronuba,4
procurro,4
praeruptus,4
pontifex,4
prouidus,4
obligo,4
bidens,4
olor,4
ornatus,4
conceptus,4
inauro,4
ficus,4
hydrus,4
fatidicus,4
siluester,4
pelasgi,4
amicio,4
herculeus,4
uinetum,4
roscidus,4
iuxta,4
secubo,4
uectis,4
praedo,4
fluuius,4
romuleus,4
primitia,4
fornax,4
syllaba,4
tantalides,4
defodio,4
peruigilo,4
reuiuo,4
tumet,4
comparo,4
euoco,4
exsequia,4
adolesco,4
longaeuus,4
renascor,4
gradiuus,4
stramen,4
funereus,4
camena,4
perduco,4
dehisco,4
leniter,4
respergo,4
indus,4
demergo,4
puluerulentus,4
tentorium,4
chorea,4
recenseo,4
uescor,4
mitra,4
philippus,4
scorpius,4
subigo,4
sepono,4
floridus,4
nixus,4
percurro,4
macula,4
discipulus,4
sacrifico,4
nuntio,4
etiamnunc,4
dilacero,4
distinctus,4
fagus,4
recta,4
ceratus,4
natiuus,4
adueho,4
stuprum,4
calesco,4
fideliter,4
arbuteus,4
ascisco,4
damnatus,4
subseco,4
paries,4
mola,4
minime,4
incestus,4
tumulo,4
contractus,4
baccha,4
inuoco,4
exstimulo,4
persona,4
fanum,4
perdoceo,4
impune,4
sobrius,4
palatinus,4
semideus,4
corneus,4
oppugno,4
agilis,4
propello,4
reluctor,4
procerus,4
perfidia,4
ueneficium,4
reuoluo,4
aliquando,4
redimiculum,4
electrum,4
fertilitas,4
imitamen,4
succido,4
ostium,4
claudius,4
inroro,4
orion,4
adipiscor,4
uelociter,4
quacumque,4
specus,4
charybdis,4
soporifer,4
stulte,4
mutabilis,4
caducifer,4
spiceus,4
percello,4
responsum,4
incendo,4
olea,4
perluo,4
metallum,4
fundamen,4
acerra,4
iambus,4
summe,4
cadauer,4
uultur,4
rixa,4
inconsumptus,4
ferrugo,4
esca,4
effluo,4
conficio,4
fastidium,4
caenum,4
speculor,4
assideo,4
fur,4
aethra,4
benignus,4
efflo,4
nigresco,4
semiuir,4
centaurus,4
inuius,4
cogito,4
dissideo,4
alga,4
radior,4
debilito,4
tergeo,4
inseruio,4
inclutus,4
astus,4
interritus,4
sollertia,4
tergus,4
truculentus,4
exaestuo,4
infra,4
intentus,4
augurium,4
praedico,4
expeto,4
alcyon,4
nauigo,4
praesente,4
persuadeo,4
proficio,4
capulus,4
spectator,4
deprimo,4
concretum,4
summergo,4
carchesium,4
armiger,4
uarus,4
gesto,4
litoreus,4
concilium,4
expallesco,4
refoueo,4
lunaris,4
echidna,4
crinitus,4
nuto,4
spondeo,4
praesagus,4
adonis,4
saturo,4
limbus,4
memorabilis,4
declino,4
iuuenaliter,4
excio,4
perlucidus,4
dryades,4
congelo,4
induro,4
modulor,4
prae,4
exposco,4
maculosus,4
inhospitus,4
degener,4
anhelus,4
concursus,4
eiecto,4
reluceo,4
relabor,4
lacteus,4
animo,4
despecto,4
robustus,4
fluidus,4
cauerna,4
lambo,4
transitus,4
salutifer,4
circumfero,4
euincio,4
decretum,4
latrans,4
praetento,4
horror,4
uesanus,4
ambrosius,4
adaperio,4
funda,4
crocum,4
depello,4
deuerto,4
aduenio,4
sorbeo,4
quadriiugus,4
diuerto,4
sortior,4
meditor,4
imprimo,4
dilato,4
alte,4
renuo,4
contortus,4
prosterno,4
alleuo,4
nux,4
inspiro,4
rusticitas,4
compes,4
uolubilis,4
inaequalis,4
turgidus,4
petulans,4
papilla,4
dedeceo,4
nonnumquam,4
desiderium,4
uitreus,4
neuter,4
magus,4
hortatus,4
exilis,4
inrequietus,4
canor,4
grauor,4
censeo,4
ualua,4
sensim,4
recandesco,4
sidonius,4
debitor,4
insulto,4
quolibet,4
excolo,4
flaccus,4
libenter,4
macer,4
medico,4
ocior,4
quocumque,4
laudabilis,4
claudus,4
particeps,4
tegumen,4
adfectus,4
decresco,4
hilaris,4
gladiator,4
circumsono,4
liniger,4
argutus,4
molestus,4
mimus,4
interdictum,4
famosus,4
foras,4
prostituo,4
ualete,4
superuacuus,3
crastinus,3
exagito,3
recognosco,3
liuidus,3
globus,3
penes,3
praesideo,3
fictilis,3
incaeduus,3
armilla,3
obdo,3
exorior,3
porca,3
proteus,3
triuius,3
lyaeus,3
uestio,3
accumbo,3
sura,3
inexstinctus,3
uector,3
prouoco,3
pontificalis,3
tempestas,3
immitto,3
actor,3
cacus,3
reuocamen,3
praestruo,3
obex,3
numida,3
augurius,3
cognominis,3
praesaepe,3
sarculum,3
iampridem,3
pacalis,3
perenno,3
propensus,3
obses,3
pergo,3
electus,3
paco,3
piamen,3
gubernator,3
maeonides,3
tangens,3
tumor,3
discretus,3
trecenti,3
cratera,3
lupercus,3
pan,3
deueho,3
dialis,3
discurro,3
hesperus,3
tofus,3
relaxo,3
pure,3
sponda,3
inclamo,3
occursus,3
uagio,3
trabea,3
tegula,3
licium,3
instillo,3
dinumero,3
canistrum,3
litigiosus,3
ardea,3
obsidio,3
lucretius,3
quamprimum,3
uagina,3
libero,3
trames,3
seni,3
inobseruatus,3
indocilis,3
iuger,3
excubia,3
defluo,3
muscus,3
dominor,3
donarium,3
calliditas,3
faber,3
persoluo,3
subter,3
inquino,3
uolcanus,3
nestor,3
ebibo,3
sibylla,3
sororius,3
piscosus,3
tartareus,3
lauinius,3
squaleo,3
ramosus,3
crabro,3
simus,3
uinosus,3
denseo,3
reporto,3
pendulus,3
rogatus,3
a,3
hara,3
properus,3
suscito,3
ultrix,3
magistra,3
reparabilis,3
deseruio,3
medicabilis,3
obstrepo,3
glorior,3
dirimo,3
nenia,3
prosectum,3
gusto,3
extra,3
capena,3
sabinus,3
rebello,3
scamnum,3
pistor,3
turriger,3
alpinus,3
exsupero,3
actium,3
racemifer,3
inlaesus,3
coquo,3
ingemino,3
superinicio,3
uicus,3
coruscus,3
tritonius,3
glaucus,3
iuleus,3
pomarius,3
egregius,3
perfringo,3
priuignus,3
discingo,3
imputo,3
legatus,3
hisco,3
genero,3
diuum,3
sudis,3
gallus,3
promereo,3
trinacris,3
degrauo,3
uiolarium,3
abscido,3
exuro,3
cieo,3
inuigilo,3
coagulum,3
punicus,3
lito,3
maenalius,3
calefacio,3
salictum,3
pales,3
pastorius,3
decoro,3
semicaper,3
salax,3
feretrum,3
hosticus,3
conatus,3
utcumque,3
mansuetus,3
denego,3
plebeius,3
erumpo,3
imbuo,3
dilectus,3
insuo,3
uorax,3
pronepos,3
binominis,3
trisulcus,3
fallacia,3
uenator,3
opifex,3
comprehendo,3
obstruo,3
suspectus,3
alipes,3
septeni,3
aequaliter,3
destruo,3
fabrico,3
accido,3
colluceo,3
caprea,3
prehenso,3
satelles,3
achiuus,3
lynceus,3
castor,3
pollux,3
perforo,3
milito,3
constantia,3
animaequus,3
septemplex,3
temptamen,3
imploro,3
exprobro,3
gestamen,3
insons,3
expendo,3
proximitas,3
merx,3
parma,3
reseruo,3
accuso,3
munimen,3
maledico,3
retego,3
arripio,3
infigo,3
rubefacio,3
inritamen,3
concerno,3
orbo,3
anchises,3
troianus,3
promineo,3
uitrum,3
riguus,3
pruna,3
uillosus,3
penetrabilis,3
pauefactus,3
tortilis,3
prodigiosus,3
spectatrix,3
cetera,3
digredior,3
natator,3
attero,3
nauigium,3
palaestra,3
susurro,3
lucerna,3
illido,3
uoluto,3
debilis,3
caute,3
discumbo,3
commemoro,3
cerebrum,3
certatim,3
fumidus,3
plerumque,3
forceps,3
dissuadeo,3
implico,3
sarisa,3
resilio,3
quandoquidem,3
fatifer,3
animalis,3
detrudo,3
abnuo,3
absisto,3
obduco,3
adflictus,3
bipennis,3
uipera,3
innubus,3
myrica,3
bicolor,3
naturalis,3
inconcessus,3
abripio,3
adsuetudo,3
caelebs,3
acclino,3
mollesco,3
remollesco,3
cinnamum,3
sudo,3
consultum,3
dilanio,3
trio,3
puerpera,3
uolatilis,3
deterreo,3
uecto,3
tonsa,3
auceps,3
lente,3
scrobis,3
reuincio,3
myrteus,3
praeripio,3
aduolo,3
munio,3
insurgo,3
duplico,3
nimbosus,3
fragmen,3
anser,3
simulator,3
primo,3
diuino,3
interuenio,3
coniugialis,3
custodio,3
inexpugnabilis,3
subuolo,3
moneris,3
tumulatus,3
maculo,3
obitus,3
feruor,3
ango,3
genitalis,3
epotus,3
exspiro,3
cohibeo,3
iulus,3
exspatior,3
uagitus,3
horrifer,3
dolosus,3
edoceo,3
arcesso,3
explico,3
troicus,3
abunde,3
fido,3
triformis,3
quatenus,3
formidabilis,3
statua,3
uitalis,3
obambulo,3
incurso,3
tabum,3
conqueror,3
uenefica,3
peruideo,3
fibula,3
uolito,3
circumuolo,3
congeries,3
messor,3
deseco,3
etenim,3
libens,3
tarpeius,3
repagulum,3
praecludo,3
palatium,3
intabesco,3
dicis,3
febris,3
salignus,3
reprimo,3
cruciatus,3
deuexus,3
contego,3
studeo,3
causor,3
lacrimabilis,3
opprobrium,3
actaeus,3
pastus,3
grauo,3
accommodo,3
samos,3
horreum,3
caestus,3
paupertas,3
inlino,3
cerealis,3
deludo,3
uafer,3
pango,3
funebris,3
uitricus,3
salutaris,3
sanabilis,3
desidia,3
desidiosus,3
oblecto,3
fretum,3
fascia,3
redoleo,3
stomachus,3
conduco,3
sinuosus,3
incurro,3
abantiades,3
medusaeus,3
niuosus,3
cyllenius,3
tenebrosus,3
hebeto,3
desuetus,3
suppleo,3
araneus,3
deliquesco,3
salmacis,3
perluceo,3
cicuta,3
arrepo,3
munificus,3
cliens,3
december,3
iactatus,3
turma,3
excusabilis,3
solaris,3
pierius,3
praesidium,3
proscindo,3
semisupinus,3
phoca,3
diffido,3
adiunctus,3
candesco,3
nexilis,3
euhoe,3
perhorresco,3
casu,3
lethaeus,3
effetus,3
bacchor,3
balatus,3
aconitus,3
immo,3
commoditas,3
absinthium,3
ador,3
adloquium,3
delinquo,3
homerus,3
retento,3
inreprehensus,3
bonum,3
prosto,3
attice,3
studiose,3
conuictus,3
stupor,3
turtur,3
mobilitas,3
pertimeo,3
instita,3
docilis,3
ineptus,3
fusco,3
priuo,3
peruerto,3
legens,3
tragoedia,3
casurus,3
discolor,3
trochus,3
ioco,3
cedrus,3
inoffensus,3
braca,3
carnifex,3
uerbosus,3
qualiter,3
amabilis,3
indulgentia,3
obduro,3
tergeminus,3
coloro,3
leno,3
commodo,3
psittacus,3
progredior,2
uiginti,2
tenaciter,2
nubifer,2
leuamen,2
neptunium,2
annalis,2
ciuicus,2
auspex,2
trabeatus,2
nefastus,2
tacite,2
introitus,2
concentus,2
caricus,2
senator,2
moneta,2
nuncupo,2
repentinus,2
sacellum,2
strues,2
coronis,2
fucus,2
agonalis,2
praeuideo,2
agonium,2
indium,2
costum,2
transformis,2
adultero,2
uerbena,2
derigeo,2
emetior,2
torquis,2
exanimo,2
superator,2
stata,2
sementis,2
depopulo,2
lolium,2
triticeus,2
hordeum,2
actiacus,2
procellosus,2
turicremus,2
sponsor,2
taedifer,2
mysticus,2
sepulcralis,2
fruticosus,2
laxo,2
modice,2
bellator,2
immeritus,2
positor,2
merso,2
accumulo,2
heroum,2
incuso,2
arctophylax,2
carmentis,2
inhonestus,2
aperte,2
uirgultum,2
impubes,2
peruolo,2
satur,2
iugis,2
stymphalis,2
umbraculum,2
grauiter,2
cornipes,2
intercido,2
armipotens,2
tremefacio,2
capra,2
fornacalis,2
genius,2
procne,2
patella,2
testum,2
colona,2
construo,2
lacto,2
imitator,2
praenuntius,2
comiter,2
interimo,2
quarto,2
paulisper,2
obrepo,2
percenseo,2
oliuifer,2
praenosco,2
missilis,2
aduoco,2
amplus,2
lituus,2
detondeo,2
uuidus,2
parturio,2
salii,2
religio,2
procuro,2
morus,2
cliuosus,2
dedoleo,2
caelius,2
calix,2
maurus,2
adsilio,2
achates,2
numicius,2
tribunus,2
agon,2
libamen,2
concrepo,2
exedo,2
auide,2
claudico,2
lino,2
tiro,2
frequentia,2
uergo,2
iamiam,2
exonero,2
perdomo,2
here,2
praemitto,2
attineo,2
reuinco,2
tepefacio,2
thrax,2
fluuialis,2
abies,2
illuc,2
fagineus,2
rudimentum,2
recolo,2
adiaceo,2
sextus,2
gallicus,2
defensor,2
iunius,2
lacta,2
refulgeo,2
textus,2
uolubilitas,2
rotundus,2
tholus,2
asella,2
rubicundus,2
rudo,2
indicus,2
tonans,2
triumphalis,2
capesso,2
prouolo,2
matralis,2
matuta,2
instimulo,2
ser,2
captiua,2
flammeus,2
dedico,2
luxuria,2
subuerto,2
quinquatrus,2
aedilis,2
scirpeus,2
allicio,2
admisceo,2
terebro,2
flaminius,2
solstitialis,2
addico,2
clio,2
inspico,2
tributus,2
iugosus,2
reuereor,2
timide,2
deuinco,2
alterno,2
infaustus,2
ascribo,2
exspes,2
adoptiuus,2
decerto,2
tritus,2
cymbalum,2
amoenus,2
adytum,2
influo,2
caseus,2
cn,2
libra,2
eos,2
tureus,2
consuo,2
refercio,2
inadsuetus,2
herbifer,2
eryx,2
structura,2
syrtis,2
aegaeus,2
ieiunus,2
atrius,2
quieto,2
uulpes,2
cohors,2
suffimen,2
satura,2
crepo,2
milium,2
excoquo,2
scintilla,2
aeneius,2
stiua,2
introrsus,2
uinalia,2
ubicumque,2
improbe,2
uittatus,2
longinquus,2
flagellum,2
incoquo,2
transcribo,2
inhorreo,2
impurus,2
caninus,2
aurifer,2
uecors,2
praesaepium,2
luctator,2
uorago,2
contumulo,2
serra,2
leto,2
cauea,2
imperiosus,2
mutilo,2
saxificus,2
fidicen,2
strangulo,2
gigas,2
liquido,2
curulis,2
cupressifer,2
cytisus,2
decutio,2
cothurnatus,2
meretricius,2
albesco,2
incolo,2
achilleus,2
obsequor,2
comminuo,2
holus,2
spumo,2
cadus,2
gemellipara,2
praeuenio,2
giganteus,2
signifer,2
aquilus,2
stellans,2
stramineus,2
suffragium,2
pugil,2
dubitabilis,2
inhonoratus,2
siluestris,2
ouo,2
orator,2
dementia,2
retraho,2
praelatus,2
exsecror,2
anteeo,2
reueho,2
subiecto,2
inemptus,2
coniecto,2
intrepidus,2
consonus,2
parentalis,2
infesto,2
octoni,2
acidus,2
circumfluo,2
lasciuio,2
aestiuus,2
fragum,2
auctumnalis,2
circe,2
morsum,2
interitus,2
tractabilis,2
priuigna,2
expertus,2
sternuo,2
tranquillus,2
incandesco,2
consterno,2
congredior,2
candentia,2
nouenus,2
considero,2
lorica,2
affligo,2
respiramen,2
carnis,2
occumbo,2
nubigena,2
caterua,2
rapto,2
ocius,2
calcitro,2
torris,2
obustus,2
praedator,2
fremitus,2
labefacto,2
lancea,2
ornus,2
fraxineus,2
cratis,2
praerumpo,2
proculco,2
defenso,2
praestantia,2
mendosus,2
semifer,2
conexum,2
condus,2
obliquo,2
ciuiliter,2
quinquennium,2
necopinus,2
insuperabilis,2
stridulus,2
refugus,2
tilia,2
arbutus,2
cupressus,2
gemmo,2
bulla,2
concordo,2
splendesco,2
sculpo,2
dubie,2
interdico,2
latitantia,2
succiduus,2
palmifer,2
opportunus,2
talarius,2
olorinus,2
menta,2
maenas,2
exsterno,2
orgia,2
undecimus,2
circumlitus,2
delenio,2
maturesco,2
reformo,2
profor,2
uersutus,2
hostiliter,2
uastator,2
lenimen,2
ballista,2
coorior,2
tumefacio,2
uertigo,2
regimen,2
remeo,2
incessus,2
indeploratus,2
altrix,2
substringo,2
internodium,2
meo,2
prodigus,2
iracundus,2
corporeus,2
laborifer,2
hodiernus,2
surruo,2
stagno,2
uesica,2
argus,2
tinea,2
rana,2
nardus,2
curalium,2
duresco,2
immuto,2
uiscatus,2
portendo,2
lues,2
temptamentum,2
phoebeius,2
opifer,2
italia,2
uelifer,2
circumfluus,2
papyrifer,2
septemfluus,2
madefacio,2
aegyptius,2
indelebilis,2
contero,2
adulo,2
discidium,2
atauus,2
euado,2
emergo,2
improuisus,2
frustum,2
quinquennis,2
nubilis,2
proripio,2
desuetudo,2
infamo,2
resuscito,2
improbo,2
deplango,2
tempestiuus,2
repurgo,2
iuuenilis,2
coniungo,2
bitumen,2
puluinar,2
exscreo,2
formus,2
peltatus,2
balteus,2
iurandum,2
formula,2
unguentum,2
superpositus,2
audacter,2
sane,2
subluceo,2
sponsa,2
fluentum,2
bisulcus,2
illudo,2
euello,2
odorus,2
amburo,2
insomnis,2
defessus,2
atrox,2
subscribo,2
abominor,2
somnifer,2
cressa,2
confluo,2
reuolo,2
incomptus,2
uasto,2
compos,2
claustrum,2
tondeo,2
maeander,2
renideo,2
uola,2
iunonius,2
achaia,2
rasilis,2
lacuna,2
uulnificus,2
aesculeus,2
frondosus,2
coniectus,2
exitiabilis,2
exuuia,2
consanguineus,2
consenesco,2
caelicola,2
sedile,2
multifidus,2
furca,2
tignum,2
misere,2
conlecta,2
supinus,2
deuenio,2
resecutus,2
inexpertus,2
pudens,2
crebro,2
dissimulanter,2
effingo,2
contrecto,2
ignorantia,2
appeto,2
mandatus,2
mortifer,2
urtica,2
odio,2
urbanus,2
sector,2
deflecto,2
oesypum,2
impugno,2
soccus,2
trietericus,2
esurio,2
adhinnio,2
euanidus,2
emorior,2
simultas,2
lectica,2
medicatus,2
succendo,2
eneruo,2
exaspero,2
harpe,2
intorqueo,2
singulto,2
confodio,2
pegasus,2
pica,2
deuoluo,2
palicus,2
polenta,2
stellatus,2
perspicuus,2
renarro,2
frugifer,2
maledictum,2
conspicor,2
bipennifer,2
lynx,2
ferula,2
gestio,2
fabrilis,2
inopinus,2
silesco,2
lycius,2
apricus,2
alludo,2
profano,2
tinnulus,2
membrana,2
cerberus,2
tisiphone,2
sanies,2
acrisius,2
themis,2
talaris,2
gorgo,2
praefigo,2
seruator,2
indotatus,2
arca,2
numerosus,2
marius,2
australis,2
ueliuolus,2
bubulcus,2
toxicum,2
difficile,2
suillus,2
affinis,2
inlabefactus,2
antistes,2
pasta,2
tabidus,2
tortus,2
isthmus,2
indeclinatus,2
thersites,2
interpres,2
pedum,2
conterreo,2
adedo,2
torpesco,2
lectulus,2
strata,2
inhumatus,2
dispenso,2
praeficio,2
hymen,2
lanificus,2
tridens,2
sigillum,2
grus,2
oleum,2
recubo,2
uirago,2
afficio,2
arcitenens,2
relanguesco,2
mediocris,2
quandocumque,2
degenero,2
puluereus,2
palearis,2
insuetus,2
tremesco,2
inuergo,2
striga,2
uerno,2
reuiresco,2
terni,2
acquiro,2
praeconsumo,2
experientia,2
pugnus,2
copula,2
innubo,2
aucupor,2
apte,2
possido,2
achaius,2
adiungo,2
tubicen,2
biforis,2
comptus,2
stola,2
erratum,2
rosarius,2
turritus,2
crudeliter,2
splendeo,2
proturbo,2
retardo,2
superemineo,2
praeualidus,2
furto,2
centimanus,2
tepesco,2
arrideo,2
documentum,2
addisco,2
exsurgo,2
distinguo,2
smaragdus,2
incognitus,2
hinnitus,2
simulac,2
recuruo,2
populo,2
circulus,2
cista,2
occulto,2
miluus,2
testudo,2
liueo,2
protero,2
sentis,2
agenor,2
aliquid,2
adsimilis,2
aequipero,2
fomentum,2
seria,2
comprecor,2
configo,2
perscribo,2
ilias,2
ap,2
alcinous,2
instructus,2
marcesco,2
conscribo,2
impressus,2
essedum,2
indebitus,2
nimirum,2
antefero,2
perfruor,2
complexo,2
populeus,2
fabricator,2
mensor,2
nocte,2
seminex,2
euolo,2
bucina,2
lutulentus,2
iugerum,2
assero,2
torpor,2
populifer,2
scrinium,2
salum,2
patrocinium,2
tauricus,2
smyrna,2
sapientia,2
anxietas,2
polio,2
fossor,2
crux,2
stultitia,2
nauus,2
phaselus,2
expando,2
pulpitum,2
salubris,2
declamo,2
sordes,2
auritus,2
blaesus,2
perniciosus,2
proclino,2
edictum,2
attamen,2
dimidium,2
bellatrix,2
accius,2
procax,2
tessera,2
grassor,2
lucrosus,2
affirmo,2
praelustris,2
peruro,2
ingrauo,2
scite,2
speculator,2
belliger,2
carbo,2
turgesco,2
perfungor,2
ambitiose,2
subrubeo,2
morosus,2
pubes,2
munditia,2
minium,2
subleuo,2
incus,2
processus,2
superbio,2
aluta,2
ornatrix,2
saucio,2
decenter,2
compar,2
ennius,2
praedor,2
pomifer,2
liceor,2
secubitus,2
peiero,2
proditor,2
uitiosus,2
castellum,2
confugium,2
placide,2
consilio,2
fulmino,2
uentilo,2
dispendium,2
conductum,2
napus,2
talentum,1
linteum,1
prosocer,1
legatum,1
fosso,1
saeptum,1
cilissa,1
praeeo,1
ambulo,1
delibo,1
ianiculum,1
propexus,1
metor,1
octipes,1
perses,1
accolo,1
corymbifer,1
dissuo,1
uiriliter,1
petitor,1
saluete,1
conlabefacto,1
proflo,1
immolo,1
prouincia,1
scorteus,1
maenalus,1
porro,1
furius,1
capricornus,1
sementiuus,1
uilicus,1
paganus,1
pilum,1
capistratus,1
spumesco,1
torquatus,1
intumulatus,1
lictor,1
torridus,1
flaminica,1
repostor,1
gemmeus,1
gentilis,1
discursus,1
obsessor,1
lupor,1
transutus,1
pastoralis,1
armarium,1
lupercal,1
albula,1
rumen,1
hircus,1
exseco,1
aquarius,1
syrus,1
curis,1
neglectus,1
mus,1
obsuo,1
maena,1
coryletum,1
modeste,1
socrus,1
curtus,1
decusso,1
lacerna,1
matronalis,1
impauidus,1
linter,1
laneus,1
piniger,1
pertica,1
hastatus,1
pilanus,1
initium,1
consummo,1
procreo,1
consus,1
salsus,1
rutilo,1
piabilis,1
elicius,1
cepa,1
emoueo,1
ancile,1
apicatus,1
impexus,1
uindemitor,1
ampelos,1
uegrandis,1
uescus,1
ueiouis,1
depecto,1
frondeus,1
desuper,1
cyathus,1
exstructum,1
phoenissa,1
furialiter,1
sidonis,1
bouillus,1
domi,1
albo,1
turifer,1
uitisator,1
calx,1
lutum,1
commentor,1
commemini,1
mancus,1
capitale,1
draconigena,1
semisepultus,1
ruinosus,1
xanthus,1
appositus,1
fugitiuus,1
munitor,1
distribuo,1
strix,1
exsorbeo,1
accurro,1
lardum,1
ostrea,1
pygmaeus,1
manlius,1
capitolinus,1
taurinus,1
bellona,1
duellum,1
appius,1
sulla,1
sancus,1
quirinalis,1
fulcimen,1
locatum,1
syracosius,1
uestibulum,1
praefor,1
uacuna,1
uacunalis,1
furnus,1
pumiceus,1
conuolo,1
breuiter,1
gallius,1
machina,1
curtius,1
uelabrum,1
smintheus,1
hispanus,1
sceptrifer,1
distincte,1
thyias,1
resigno,1
portunus,1
cadmeus,1
didius,1
discrepo,1
fenestella,1
instinctus,1
carpentum,1
tanaquil,1
praecompositus,1
tibicina,1
collegium,1
inuentrix,1
st,1
heliades,1
uolsci,1
algidus,1
depromo,1
clotho,1
postea,1
dehinc,1
lares,1
stator,1
nostras,1
condisco,1
deligo,1
durabilis,1
latebrosus,1
trinodis,1
securiger,1
nothus,1
nisus,1
abdico,1
depudet,1
doma,1
uallo,1
ueneficus,1
heus,1
argon,1
refreno,1
cereus,1
praeradio,1
lemnias,1
subnuba,1
suasor,1
initus,1
liquo,1
placate,1
semustus,1
celaeno,1
merops,1
inflecto,1
tinnitus,1
immergo,1
rhea,1
curetes,1
atta,1
italus,1
sacrifer,1
edomo,1
paean,1
arcessitus,1
cyclas,1
uarie,1
taureus,1
nasica,1
indictus,1
concelebro,1
moretum,1
ensifer,1
chalybeius,1
pacificus,1
prolecto,1
caltha,1
papauereus,1
hyacinthus,1
amarantus,1
melilotos,1
gelus,1
immotus,1
exsoluo,1
mystes,1
aliger,1
piraeus,1
turilegus,1
fordus,1
malua,1
conuallis,1
fabalis,1
nauale,1
balo,1
fiscella,1
mulctra,1
siluicolus,1
fiscina,1
degrandinat,1
camella,1
sapa,1
ambigo,1
rutrum,1
uolgaris,1
sisymbrium,1
iunceus,1
collinus,1
syracusae,1
uindemia,1
frumentum,1
culmus,1
mantele,1
aliquantus,1
osseus,1
reuolubilis,1
affulgeo,1
prolabor,1
pannus,1
subsidium,1
saxosus,1
maturo,1
necator,1
infandus,1
puteal,1
monstrator,1
praestringo,1
comicus,1
fissilis,1
semicrematus,1
tantisper,1
dissentio,1
scitum,1
caelifer,1
cinctutus,1
inuentor,1
praestes,1
argestes,1
aprilis,1
chlorum,1
florus,1
intepeo,1
charites,1
narcissus,1
uinea,1
prouentus,1
uicia,1
lens,1
cella,1
dolium,1
locuples,1
pecunia,1
depasco,1
publicius,1
postumius,1
laena,1
sutilis,1
philyra,1
splendor,1
lemuria,1
lemures,1
prouerbium,1
boeotus,1
agrellus,1
exsuscito,1
circumspecto,1
praetextus,1
roboreus,1
quotannis,1
harundifer,1
albulus,1
argi,1
mercator,1
suffio,1
emptor,1
tubilustrium,1
honestas,1
internus,1
grauida,1
conecto,1
obtrudo,1
aduecto,1
oriundus,1
semirefectus,1
impensa,1
praefodio,1
manifesto,1
ornate,1
communico,1
deuasto,1
benefacio,1
caelamen,1
obiectum,1
consentio,1
ostento,1
antistita,1
proauitus,1
obmutesco,1
sustollo,1
troas,1
confinius,1
duodeni,1
tapete,1
inconstantia,1
consortium,1
acanthus,1
ambracia,1
excurro,1
imbrifer,1
uoro,1
reuomo,1
detergeo,1
cuneatus,1
compingo,1
ligustrum,1
alnus,1
detero,1
coacto,1
immobilis,1
tribulis,1
castaneus,1
stabulo,1
fetura,1
dinosco,1
refrigero,1
penniger,1
obmurmuro,1
numerarius,1
raptim,1
refugium,1
pernocto,1
sequax,1
acriter,1
morator,1
desertor,1
dormito,1
puluinus,1
aduento,1
inexspectatus,1
fataliter,1
solamen,1
indestrictus,1
extraho,1
euito,1
fremebundus,1
nidor,1
multiforus,1
adito,1
forabilis,1
denubo,1
uecordia,1
lebes,1
funale,1
sputo,1
pruniceus,1
inuro,1
semicremus,1
inexperrectus,1
amentum,1
ferratus,1
glandifer,1
praedurus,1
iaculator,1
praefringo,1
dependo,1
sessilis,1
refrigesco,1
caudex,1
cribrum,1
bifurcus,1
quadrupedans,1
cornus,1
securifer,1
equito,1
commoneo,1
callum,1
capulum,1
retusus,1
clangor,1
semihomo,1
reduncus,1
ductor,1
populator,1
inamoenus,1
portitor,1
aesculus,1
corylus,1
enodis,1
amnicola,1
tinus,1
flexipes,1
capistrum,1
immunitus,1
oliuom,1
marcidus,1
uietus,1
insido,1
collaudo,1
exquiro,1
sabaeus,1
superuenio,1
firmamen,1
perstringo,1
dumosus,1
reclinis,1
ueneo,1
intemptatus,1
genualia,1
cyprius,1
neptunius,1
pomus,1
ligneus,1
sacrarium,1
probrum,1
simulamen,1
lymphatus,1
praesutus,1
lacertosus,1
dispergo,1
auditus,1
intellectus,1
incerno,1
murmuro,1
genialiter,1
altor,1
fusilis,1
fluito,1
optato,1
spumiger,1
eluo,1
ascensus,1
tiara,1
regero,1
coarguo,1
tridentiger,1
aedifico,1
delphinus,1
uelamentum,1
progenitor,1
delamentor,1
festinus,1
restagno,1
strepito,1
demugitus,1
interrumpo,1
incommendatus,1
armamenta,1
ualenter,1
arduum,1
subnecto,1
refundo,1
cuneus,1
setius,1
arquatus,1
hebenus,1
plumeus,1
fallaciter,1
praedelasso,1
uolantes,1
sortitus,1
inambitiosus,1
anas,1
subedo,1
absoluo,1
tyrannis,1
suggero,1
pinguesco,1
epulor,1
supernus,1
scruto,1
inuestigo,1
palor,1
terriculum,1
migro,1
exturbo,1
turgeo,1
insolidus,1
demolio,1
raresco,1
spissatus,1
nouatrix,1
decursus,1
eluuies,1
paludosus,1
exsicco,1
abstemius,1
sulfureus,1
spiramentum,1
bitumineus,1
nutrimen,1
tritoniacus,1
florilegus,1
papilio,1
sexangulus,1
mellifer,1
putrefacio,1
resemino,1
ilicet,1
casia,1
substerno,1
hyaena,1
mycenae,1
amphion,1
appenninigena,1
pedica,1
latialis,1
traduco,1
detestor,1
euomo,1
adrigo,1
circumuerto,1
amazon,1
haruspex,1
appropero,1
famularis,1
finite,1
insibilo,1
insculpo,1
cortina,1
lacinia,1
parthenope,1
lentiscifer,1
antius,1
odoro,1
acclinis,1
britannus,1
praemonitus,1
tabularium,1
incisum,1
ignesco,1
indiges,1
aboleo,1
nauifragus,1
expugnax,1
praeuitio,1
portentificus,1
demurmuro,1
resimus,1
suspiratus,1
gemebundus,1
protendo,1
inundo,1
ligamen,1
allabor,1
circumuelo,1
examino,1
occallesco,1
pacifer,1
bifidus,1
transcurro,1
subtexo,1
reses,1
prorumpo,1
terrestris,1
oleaster,1
transtrum,1
stuppeus,1
euerbero,1
exsequor,1
dicio,1
luxuries,1
irrigo,1
saltatus,1
corbis,1
disiungo,1
frondator,1
putator,1
scalae,1
piscator,1
clausura,1
permisceo,1
plumbeus,1
apparens,1
laudator,1
secundum,1
immodicus,1
insidia,1
alias,1
prout,1
reualesco,1
precarius,1
praediues,1
opperior,1
hiemalis,1
scitus,1
clemens,1
concustoditus,1
hydra,1
indefessus,1
domabilis,1
laetabilis,1
populabilis,1
uterum,1
strenuitas,1
myrtetum,1
faticanus,1
seditio,1
uerumtamen,1
sepulchrum,1
ferocia,1
expugno,1
innoxius,1
triennium,1
umecto,1
aresco,1
fauonius,1
inculpatus,1
optabilis,1
mareoticus,1
pharos,1
punio,1
sonabilis,1
resonantia,1
ducto,1
ciris,1
multiplex,1
refluo,1
coepto,1
mirabile,1
elix,1
perdix,1
coeptus,1
herbidus,1
propulso,1
impes,1
magniloquus,1
mauortius,1
recalfacio,1
althaea,1
eumenides,1
coaceruo,1
exsatio,1
turbineus,1
multicauus,1
lacuno,1
prouoluo,1
tridentifer,1
spretor,1
fulica,1
ramalia,1
intibum,1
succresco,1
renouamen,1
contremesco,1
pallesco,1
detrunco,1
subuecto,1
incanus,1
lumbus,1
tuber,1
inattenuatus,1
gula,1
dictata,1
sponsalia,1
dubium,1
macero,1
insideo,1
praecerpo,1
iaculatrix,1
uersiculus,1
reuelo,1
inruo,1
profundo,1
nodo,1
dimico,1
pertineo,1
assertor,1
percoquo,1
praeseco,1
emoderor,1
insitio,1
adopto,1
cingulum,1
rebellis,1
recanto,1
inacesco,1
inambulo,1
dentatus,1
collino,1
nausea,1
perflo,1
epos,1
sustento,1
bipertitus,1
inepte,1
biuius,1
diffidentia,1
substituo,1
subnubilus,1
transitio,1
item,1
recalesco,1
ancillula,1
rea,1
aberro,1
diuortium,1
satisfacio,1
refrico,1
pusillus,1
redardesco,1
epoto,1
frustror,1
puta,1
bulbus,1
eruca,1
ruta,1
restinguo,1
fremidus,1
exsaturo,1
bellicum,1
indutus,1
dissimulator,1
infligo,1
ementior,1
colubrifer,1
inexorabilis,1
indoctus,1
nobiscum,1
thespias,1
feles,1
subiungo,1
remolior,1
flexilis,1
corinthus,1
inconsolabilis,1
conluo,1
lacerta,1
tribulus,1
pisum,1
narratus,1
amentia,1
auernalis,1
acheron,1
erebus,1
siren,1
deperdo,1
achais,1
numerabilis,1
uepris,1
mopsopius,1
intento,1
garrulitas,1
ignigenus,1
bimater,1
indetonsus,1
consitor,1
biiugus,1
contiguus,1
coctilis,1
tremebundus,1
exhorresco,1
iunonigena,1
elimo,1
lemnius,1
odorifer,1
achaemenius,1
diffamo,1
eneco,1
dolenter,1
praequestus,1
dementer,1
remollio,1
enutrio,1
cytoriacus,1
referio,1
applaudo,1
transluceo,1
polypus,1
uiresco,1
frondesco,1
pampinus,1
taxus,1
sentus,1
tantalos,1
cadmium,1
distendo,1
corusco,1
sido,1
debello,1
superuolo,1
mirator,1
admonitor,1
aethiopus,1
transmitto,1
squamiger,1
circumsonus,1
anguifer,1
praecutio,1
aereus,1
uberius,1
excaeco,1
auditor,1
conuictor,1
opulentia,1
rubus,1
hilaro,1
mancipium,1
olympias,1
forensis,1
limo,1
nimbifer,1
sella,1
sculptilis,1
secreto,1
decerno,1
opimus,1
incommodus,1
degusto,1
achaei,1
licens,1
infrons,1
pedes,1
istinc,1
imitabilis,1
gallium,1
permeo,1
censor,1
praefrigidus,1
mirificus,1
hercule,1
adiuto,1
adiumentum,1
uitabilis,1
tomus,1
africus,1
campania,1
discerno,1
immoderatus,1
inoblitus,1
rabirius,1
subtilis,1
camerinus,1
scriptor,1
ineditus,1
siler,1
specio,1
prospectus,1
intepesco,1
supersto,1
praemedicatus,1
pineum,1
impetro,1
orsus,1
inadustus,1
conseruo,1
ingratiis,1
resorbeo,1
abscissa,1
sisyphius,1
admirabilis,1
subtemen,1
pauio,1
insectus,1
ciconia,1
intertextus,1
postpono,1
euitabilis,1
incuruo,1
neruosus,1
communiter,1
reuocabilis,1
ignobilitas,1
indigena,1
erraticus,1
supplico,1
bucerus,1
perbibo,1
compareo,1
exterius,1
subueho,1
effrenus,1
praecontrecto,1
detorqueo,1
obuncus,1
palpito,1
piaculum,1
ceruinus,1
refringo,1
deuelo,1
epops,1
subnixus,1
conscelero,1
insopitus,1
seruatrix,1
inardesco,1
adamanteus,1
caminus,1
fumificus,1
praetinctus,1
praeacutus,1
triceps,1
adiutrix,1
serpentigena,1
recolligo,1
amphrysus,1
contribuo,1
refluus,1
squameus,1
chelydrus,1
semilacer,1
laniatus,1
pennatus,1
inobrutus,1
cous,1
cyllene,1
concubeo,1
torosus,1
illuceo,1
sinum,1
consono,1
monedula,1
congressus,1
inexcusabilis,1
strages,1
tabeo,1
puteus,1
altaria,1
indefletus,1
pignero,1
frugilegus,1
callis,1
granifer,1
desubito,1
iaculabilis,1
nectareus,1
coitus,1
concorditer,1
rurigena,1
indago,1
consensus,1
squalor,1
secundo,1
modestia,1
laudatrix,1
pronurus,1
reprehensor,1
obloquor,1
egomet,1
pelta,1
basis,1
sacrificium,1
lustralis,1
infula,1
exaro,1
uol,1
fulcrum,1
ecquando,1
concessus,1
reuiso,1
terebinthus,1
promus,1
insigne,1
delectus,1
latenter,1
consimilis,1
incorruptus,1
perquiro,1
compages,1
squamosus,1
uestigo,1
molaris,1
albidus,1
halitus,1
spira,1
instantia,1
uenenifer,1
flagello,1
fautrix,1
incrementum,1
conus,1
clipeatus,1
aulaeum,1
stipo,1
cacumino,1
pristinus,1
compendium,1
anticipo,1
instigo,1
ineuitabilis,1
incunabulum,1
octauus,1
feria,1
resonabilis,1
despectus,1
inlimis,1
inexpletus,1
resonus,1
assono,1
anguigena,1
actutum,1
spumeus,1
susurrus,1
prospecto,1
adiuro,1
corymbus,1
panthera,1
repandus,1
pyropus,1
illustris,1
ignifer,1
enitor,1
circuitus,1
curuatura,1
chrysolithos,1
effulgeo,1
concauo,1
minitor,1
trifidus,1
iniuste,1
regaliter,1
obiecto,1
audentia,1
retendo,1
rescisco,1
superfundo,1
uenatrix,1
aueo,1
exorabilis,1
conspectus,1
indeuitatus,1
inaniter,1
malleus,1
uaticinus,1
immortalis,1
praeuerto,1
circino,1
lemnicola,1
pigre,1
tritonia,1
spineus,1
spinosus,1
blandimentum,1
seuoco,1
dorsum,1
lappa,1
ea,1
uenerator,1
adorior,1
uiolator,1
silus,1
narrabilis,1
promoueo,1
probator,1
recte,1
quaestus,1
lethe,1
intermorior,1
commilitium,1
strophium,1
agamemnon,1
tranquillo,1
caeco,1
arcturus,1
pleias,1
dito,1
doctrina,1
gigans,1
intueor,1
fundanius,1
antenna,1
largior,1
superiacio,1
ansa,1
acheloius,1
uerax,1
cresius,1
huncine,1
doricus,1
praepedio,1
foro,1
inertia,1
stupefacio,1
centesimus,1
aspiro,1
indigestus,1
innabilis,1
dissocio,1
dissaepio,1
efferuesco,1
agitabilis,1
inaratus,1
itus,1
inritamentum,1
immadesco,1
contemptrix,1
notabilis,1
terrificus,1
monticola,1
siluanus,1
confremo,1
deposco,1
enumero,1
uiolentia,1
suboles,1
hortamen,1
defrenatus,1
arbustum,1
indeiectus,1
tricuspis,1
profundum,1
desolo,1
durities,1
diluuium,1
decentia,1
sagittifer,1
obtusus,1
intondeo,1
spumosus,1
remugio,1
compago,1
luctisonus,1
refello,1
uaticinator,1
teredo,1
inresolutus,1
pacate,1
podagra,1
muliebris,1
cynicus,1
persicum,1
noualis,1
thessalia,1
alpis,1
eiuro,1
approbo,1
bonitas,1
procinctus,1
euripus,1
pinifer,1
albanus,1
exacuo,1
suppliciter,1
barbitos,1
sicelis,1
uiolabilis,1
maeror,1
illaesus,1
chelys,1
poetria,1
peritus,1
frendo,1
ploratus,1
patronus,1
lineus,1
aliqua,1
cicada,1
lepos,1
nequam,1
admugio,1
adultera,1
superstitio,1
institor,1
emax,1
nummus,1
inlectus,1
aliquot,1
mundities,1
deformo,1
tonsura,1
inreligatus,1
procurator,1
subdolus,1
fortassis,1
improbitas,1
detono,1
priuus,1
arrogo,1
compositor,1
lesbius,1
domitor,1
commisceo,1
describo,1
detexo,1
allium,1
fuco,1
scaenicus,1
poema,1
bucolicus,1
monitor,1
inglorius,1
bosporus,1
protraho,1
conseco,1
bimus,1
sutum,1
tinctilis,1
saepio,1
adapertilis,1
pubesco,1
rebellatrix,1
dure,1
proprie,1
incorrectus,1
aestimo,1
infecundus,1
dedecet,1
efferus,1
scutica,1
eximius,1
praegrauis,1
equester,1
insignio,1
domitrix,1
perambulo,1
illino,1
germana,1
peruagus,1
auolo,1
effugium,1
regressus,1
arundo,1
philtrum,1
uxorius,1
trano,1
natis,1
latrocinium,1
maritalis,1
castanea,1
turdus,1
aurata,1
tunicatus,1
taedeo,1
lentesco,1
furiose,1
subiectus,1
satureia,1
piper,1
pyrethrum,1
innuo,1
mysterium,1
semireductus,1
obiectus,1
coalesco,1
rauus,1
prolicio,1
uaccinium,1
secessus,1
circumicio,1
resaeuio,1
euigilo,1
ames,1
persono,1
respectus,1
indelibatus,1
deminuo,1
infragilis,1
quantuscumque,1
praeposterus,1
coniectura,1
palladium,1
abydenus,1
incutio,1
proueho,1
repexus,1
segmentum,1
amethystus,1
amygdala,1
creta,1
collido,1
bractea,1
lapso,1
mutilus,1
mendum,1
scapula,1
distorqueo,1
cachinnus,1
temno,1
uaricus,1
nablium,1
reticulum,1
facesso,1
lauriger,1
perlateo,1
deuolo,1
lingula,1
boo,1
abiegnus,1
munda,1
proludo,1
conuenienter,1
cassus,1
minanter,1
umidulus,1
balneum,1
aegroto,1
iniurius,1
oleo,1
praesumo,1
paulo,1
modius,1
tripus,1
aequum,1
repetitor,1
uidua,1
aspectus,1
praemorior,1
subrideo,1
agitator,1
linea,1
assurgo,1
cancellus,1
re,1
flexibilis,1
intemeratus,1
ruminor,1
parumper,1
effuse,1
domino,1
sagum,1
iuuenesco,1
praemortuus,1
mollities,1
exaequo,1
aelinos,1
defugio,1
rogalis,1
docte,1
legifer,1
adseruio,1
excubo,1
innotesco,1
uendibilis,1
historicus,1
praenubilus,1
praesono,1
porcus,1
praeuerro,1
figuro,1
diffiteor,1
harundineus,1
obtutus,1
specula,1
circumplaudo,1
necne,1
seruabilis,1
mitigo,1
praeterquam,1
aerumna,1
nihilum,1
circumspectus,1
bracatus,1
anguineus,1
chimaera,1
harpyia,1
semibos,1
cycneus,1
dissoluo,1
inhonesto,1
curriculum,1
boreus,1
dodona,1
erado,1
sin,1
clauus,1
sodalicius,1
bassus,1
horatius,1
uergilius,1
thalia,1
cupidineus,1
perbreuis,1
tempestiue,1
pisaeus,1
comis,1
luxurior,1
effringo,1
absentia,1
loquela,1
geno,1
condolesco,1
uria,1
corytos,1
contemplatus,1
inlacrimo,1
mendico,1
superabilis,1
solstitium,1
grauate,1
caries,1
naeuus,1
guberno,1
comprobo,1
omitto,1
inserto,1
sterto,1
peculium,1
praetepesco,1
breuitas,1
imitatrix,1
coturnix,1
graculus,1
insimulo,1
anteactus,1
ixon,1
medica,1
retundo,1
indesertus,1
disperdo,1
egelidus,1
bilustris,1
dissors,1
amando,1
loculus,1
irriguus,1
bacifer,1
perrumpo,1
subuenio,1
mannus,1
herous,1
luno,1
undeni,1
emodulor,1
lupatus,1
desultor,1
cena,1
praegusto,1
castigo,1
semiadapertus,1
moderabilis,1
conserua,1
recompositus,1
dipsas,1
rhombus,1
pupula,1
gypsatus,1
flagito,1
urus,1
relentesco,1
distraho,1
extero,1
soporatus,1
aueho,1
resanesco,1
mercabilis,1
tribunal,1
conductor,1
graphium,1
suspendium,1
uadimonium,1
cognitor,1
cariosus,1
parento,1
marceo,1
uallum,1
castalius,1
