,count
et,887
sum,656
in,518
qui,489
ego,430
non,361
hic,317
ut,260
ad,257
ille,248
cum,233
inquam,208
meus,182
quis,180
num,176
facio,173
nec,173
si,166
sed,159
habeo,148
tu,148
omnis,145
iam,133
suus,132
etiam,128
ne,118
uideo,117
manus,114
sui,109
quod,109
dico,108
aut,105
nos,102
is,93
coepio,93
enim,91
puer,91
quam,90
possum,87
ipse,86
ab,86
de,82
ergo,81
tam,79
inter,79
itaque,77
homo,76
quidem,75
totus,72
puto,71
nam,70
ex,70
uenio,66
tamen,66
alius,65
tanquam,65
do,64
ac,63
uolo,63
iubeo,62
per,61
tuus,58
scio,57
atque,55
autem,55
nihil,54
magnus,54
bonus,51
multus,49
super,49
unus,49
nisi,48
dum,48
noster,46
dies,46
sic,45
pars,45
res,44
corpus,44
quaero,44
oculus,43
idem,43
sine,43
primus,42
credo,42
caput,41
seruus,41
quia,40
pes,39
quisquis,39
nunc,38
pro,37
terra,37
deinde,37
placeo,37
nox,37
solus,37
uultus,36
modo,36
ubi,36
at,36
ago,36
soleo,36
tollo,36
ita,35
fides,35
edo,34
intro,34
inuenio,33
mulier,33
accipio,33
locus,32
alter,32
loquor,31
diu,31
rideo,31
causa,31
dominus,31
pono,31
affero,31
uox,31
uos,30
adhuc,30
rogo,30
duo,30
malus,30
nemo,30
duco,29
factum,29
fortuna,29
immo,29
frater,29
deus,29
amicus,29
tantus,28
bene,28
liber,28
quisque,28
ingens,28
ecce,28
familia,28
aliquis,28
pater,27
uerbum,27
quidam,27
animus,27
uterque,27
pectus,27
ante,27
eo,26
mens,26
relinquo,26
impono,26
uinum,26
domus,26
iniuria,26
iaceo,26
accedo,25
patior,25
nolo,25
uerus,25
timeo,24
teneo,24
statim,24
ancilla,24
triclinium,24
nauis,24
gratia,24
parum,24
magis,23
postquam,23
curo,23
circa,23
mensa,23
nomen,23
arma,23
cena,22
mitto,22
plenus,22
fugio,22
mors,22
caelum,22
aurum,22
fero,22
sanguis,22
male,21
uestis,21
planus,21
reddo,21
positus,21
perdo,20
debeo,20
ars,20
peto,20
annus,20
numquid,20
lacrima,20
uoco,20
ulter,20
osculum,20
iste,20
aqua,20
uiuo,20
os,20
orbis,19
sto,19
amo,19
lectus,19
longe,19
an,19
redeo,19
nullus,19
frons,19
miror,19
uir,19
fortunatus,19
audio,18
summa,18
cibus,18
uotum,18
mos,18
altus,18
mox,18
hinc,18
humanus,18
frango,18
risus,18
tempto,18
paruus,18
scilicet,18
ceterum,18
facies,18
populus,18
post,18
pereo,18
peruenio,18
conuerto,18
mare,18
amor,18
mortuus,18
clamo,17
iuuenis,17
carmen,17
uis,17
hodie,17
aureus,17
emo,17
uinco,17
effundo,17
tristis,17
domina,17
ceruix,17
nouus,17
rapio,17
lacero,17
nauigium,17
genus,16
ideo,16
quasi,16
uester,16
usque,16
quoque,16
aio,16
noto,16
medium,16
cella,16
ratio,16
littera,16
mille,16
aliqui,16
numquam,16
exspecto,16
igitur,16
sinus,16
officium,16
iuppiter,16
liceo,15
agamemnon,15
sermo,15
nascor,15
sentio,15
sedeo,15
muto,15
minor,15
spiritus,15
o,15
uel,15
par,15
paene,15
fabula,15
quisquam,15
quare,15
coquus,15
miles,15
usus,14
uelut,14
fingo,14
auris,14
intellego,14
proclamo,14
libido,14
impleo,14
interim,14
paro,14
utique,14
consilium,14
miser,14
perfundo,14
sumo,14
umquam,14
sequor,14
anser,14
specto,14
extra,14
occido,14
crinis,14
tango,14
forma,14
fatum,14
excipio,13
fio,13
filius,13
spargo,13
cado,13
dignus,13
lex,13
turba,13
nescius,13
quoius,13
uendo,13
subinde,13
nosco,13
fortis,13
adicio,13
contra,13
clamor,13
admitto,13
sacer,13
ullus,13
ualde,13
mollis,13
consumo,13
continuo,13
natus,13
balneum,13
argenteus,13
canis,13
tabula,13
uoluptas,13
iterum,13
contentus,13
porcus,13
ceterus,13
fluctus,13
tellus,13
defero,12
tres,12
cito,12
furo,12
disco,12
siue,12
romanus,12
rogus,12
anus,12
nudus,12
erro,12
poena,12
comes,12
gladius,12
reliquus,12
urbs,12
tempus,12
pallium,12
tunica,12
abeo,12
beneficium,12
torus,12
tot,12
capillus,12
exclamo,12
puella,12
pingo,12
ebrius,12
traho,12
exeo,12
sub,12
uestimentum,12
potio,12
supra,12
mora,12
aliquot,12
uxor,12
opus,12
anima,12
effero,12
ignis,12
monumentum,12
publicus,11
sententia,11
dictum,11
certe,11
grandis,11
sidus,11
semel,11
praeda,11
bellus,11
nego,11
promitto,11
profero,11
conicio,11
consido,11
taceo,11
tum,11
uetus,11
uerbero,11
subito,11
descendo,11
nummus,11
signum,11
tunc,11
huc,11
secundum,11
turbo,11
latus,11
somnus,11
dormio,11
paries,11
limen,11
satis,11
iro,11
obliuiscor,11
munus,11
finio,11
moueo,11
sestertius,11
refero,11
clarus,11
panis,11
curro,11
merus,11
cresco,11
mater,11
unde,11
ops,11
capio,11
nota,11
uulnus,11
femina,11
uia,10
sonus,10
magister,10
labor,10
imito,10
pondus,10
ludo,10
uersus,10
diligens,10
donec,10
sudor,10
deduco,10
molestus,10
rursus,10
cotidie,10
facile,10
extremus,10
curiosus,10
ius,10
potius,10
pecunia,10
praeterea,10
argentum,10
excutio,10
pariter,10
deprehendo,10
eiusmodi,10
consurgo,10
interpello,10
nescio,10
uita,10
senex,10
aufero,10
quemadmodum,10
uenus,10
imago,10
propter,10
dens,10
proicio,10
piscis,10
oportet,10
semper,10
uiuus,10
malo,10
medius,10
ferrum,10
respicio,10
inimicus,10
caesar,10
crux,10
bellum,10
lux,10
uincio,10
confundo,10
grauis,10
gaudium,10
supercilium,10
ira,10
rumpo,10
eloquentia,9
forum,9
litus,9
praecido,9
leuis,9
oratio,9
porticus,9
compono,9
turpis,9
subduco,9
cursus,9
appareo,9
persequor,9
adeo,9
bibo,9
iungo,9
foris,9
ceno,9
reuoco,9
tandem,9
alligo,9
intra,9
suspicio,9
metus,9
ostium,9
derideo,9
aetas,9
genu,9
periculum,9
basio,9
repente,9
labrum,9
lucerna,9
ictus,9
hilaritas,9
memini,9
fuga,9
digitus,9
singulus,9
unguentum,9
uero,9
praecipue,9
pendo,9
luna,9
qualis,9
conuiua,9
honestus,9
saepe,9
aper,9
medicus,9
irascor,9
narro,9
gallus,9
paulus,9
forsitan,9
recito,9
matrona,9
uentus,9
contumelia,9
talis,9
candidus,9
hospes,9
scintilla,9
amplexus,9
simul,9
unda,9
mercenarius,9
mereo,9
dux,8
strepitus,8
impero,8
habito,8
excito,8
nondum,8
contineo,8
ingenium,8
poeta,8
procedo,8
color,8
pecco,8
diues,8
dono,8
propero,8
felix,8
diligenter,8
diuinus,8
titulus,8
deficio,8
pudor,8
extorqueo,8
soluo,8
forte,8
rusticus,8
motus,8
lusus,8
thesaurus,8
uindico,8
traduco,8
praeter,8
carus,8
recipio,8
aliquando,8
inuado,8
flecto,8
dolor,8
uexo,8
uix,8
gemitus,8
hilaris,8
lentus,8
prior,8
frigidus,8
inguen,8
iuro,8
lautitia,8
longus,8
lumen,8
fax,8
cubiculum,8
trepido,8
opera,8
posco,8
roma,8
canto,8
ostendo,8
denarius,8
ouum,8
laudo,8
geminus,8
circumfero,8
appello,8
ignosco,8
fundus,8
secor,8
percutio,8
harundo,8
cerno,8
patrimonium,8
ingenuus,8
saluus,8
mecum,8
mentior,8
umbra,8
frequens,8
hora,8
templum,8
haereo,8
solutus,8
uereor,8
commodus,8
imperium,8
chrysos,8
sustineo,7
surgo,7
corrumpo,7
adulescens,7
secerno,7
probo,7
capto,7
moror,7
exigo,7
delecto,7
agnosco,7
morior,7
iter,7
perduco,7
as,7
iracundia,7
stringo,7
nocturnus,7
deuersorium,7
fames,7
memoria,7
communis,7
libet,7
reduco,7
admoueo,7
diuido,7
ambulo,7
considero,7
alienus,7
iactura,7
inspicio,7
latro,7
scindo,7
apud,7
depono,7
posterus,7
fleo,7
attono,7
praesens,7
numen,7
priapus,7
effusus,7
excido,7
repugno,7
illinc,7
reficio,7
discumbo,7
genius,7
haurio,7
diduco,7
ministerium,7
includo,7
amplius,7
contingo,7
inscriptio,7
plaga,7
stupeo,7
colligo,7
dispensator,7
inferus,7
despolio,7
seruo,7
infra,7
albus,7
potestas,7
frequentia,7
corona,7
carpo,7
pugno,7
arcesso,7
lingua,7
collum,7
fugitiuus,7
repleo,7
comedo,7
lauo,7
solum,7
gaudeo,7
attineo,7
doceo,7
artificium,7
testamentum,7
uilis,7
laedo,7
facinus,7
conuicium,7
soror,7
compositus,7
classis,7
prudens,7
cura,7
dextra,7
furor,7
similis,7
raptim,7
dea,7
mendacium,7
odium,7
decipio,7
ter,7
extinguo,7
pello,7
pontus,7
foedus,7
satio,7
supplicium,7
pax,6
exitus,6
sicut,6
spes,6
confiteor,6
obruo,6
scaena,6
succingo,6
stabulum,6
anicula,6
urbanitas,6
lassus,6
deformis,6
inicio,6
prex,6
misceo,6
sublatus,6
ruina,6
alioqui,6
differo,6
recuso,6
inuidia,6
opertum,6
tego,6
raptus,6
occasio,6
umerus,6
detraho,6
paululum,6
iudex,6
casus,6
regio,6
audacia,6
imprudens,6
impetus,6
laboro,6
premo,6
sane,6
torqueo,6
basium,6
religiosus,6
propior,6
ferculum,6
detergeo,6
aer,6
tristitia,6
contubernalis,6
plaudo,6
secreto,6
inuoluo,6
libenter,6
circulus,6
capillatus,6
numero,6
exonero,6
lana,6
ianua,6
foras,6
uarius,6
crus,6
interrogo,6
insequor,6
niger,6
lanx,6
mel,6
symphonia,6
onero,6
immitto,6
permitto,6
gallina,6
bonum,6
laxo,6
superus,6
gallinaceus,6
quomodo,6
libertus,6
scitum,6
bos,6
uehementer,6
duro,6
funus,6
heu,6
uirtus,6
ploro,6
improbus,6
perseuero,6
certus,6
rixa,6
iacto,6
unguis,6
auis,6
onus,6
spero,6
respondeo,6
graecus,6
crudelis,6
gaius,6
erigo,6
natura,6
incendium,6
excandesco,6
peregrinus,6
mutus,6
pomum,6
diuus,6
gremium,6
expedio,6
humanitas,6
summum,6
hospitium,6
amans,6
amicitia,6
lectulus,6
amator,6
canus,6
ephebus,6
uestigium,6
fera,6
moles,6
incido,6
phoebus,6
paenitentia,6
haud,6
sarcina,6
nubes,6
perago,6
insolitus,6
uertex,6
circe,6
adulescentulus,5
uirgo,5
declamatio,5
pudicus,5
postea,5
prius,5
parens,5
studium,5
gradus,5
grex,5
flumen,5
ordo,5
urbanus,5
operio,5
aditus,5
aeque,5
accido,5
quid,5
ubique,5
harena,5
dimitto,5
uitreus,5
somnium,5
lis,5
conuenio,5
expello,5
cras,5
praeceps,5
dudum,5
discutio,5
plausus,5
pretiosus,5
lacinia,5
concutio,5
moratus,5
familiaris,5
solitudo,5
depositum,5
contemptus,5
quamuis,5
merces,5
destino,5
pretium,5
sordidus,5
possideo,5
silentium,5
affirmo,5
aperio,5
neuter,5
misereor,5
impune,5
ultio,5
commoueo,5
scelus,5
complodo,5
ueto,5
mortalis,5
hiems,5
praecingo,5
consisto,5
dubius,5
pauimentum,5
extendo,5
indecens,5
auxilium,5
infelix,5
missio,5
abicio,5
poculum,5
concido,5
sterto,5
infundo,5
quaeso,5
equus,5
admoneo,5
taurus,5
uitulus,5
spectaculum,5
obiter,5
tertius,5
maestus,5
ioco,5
cubitum,5
momentum,5
delicia,5
figo,5
fascis,5
securis,5
dexter,5
excludo,5
anulus,5
cultus,5
penna,5
concipio,5
porrigo,5
mars,5
amphora,5
centum,5
homuncio,5
miro,5
fauus,5
taeter,5
quattuor,5
laetus,5
ludus,5
plurimus,5
illic,5
proscribo,5
inclino,5
pasco,5
culter,5
damno,5
uua,5
calidus,5
cor,5
queror,5
putus,5
hereditas,5
recte,5
pannus,5
mus,5
persuadeo,5
uilla,5
tempestas,5
uenter,5
stomachus,5
mitis,5
coniungo,5
lego,5
occupo,5
consto,5
humilis,5
quando,5
bracchium,5
exsul,5
uiridis,5
ibi,5
seruio,5
late,5
caueo,5
consterno,5
pulcher,5
saltem,5
qua,5
resoluo,5
faba,5
lapis,5
uitium,5
statua,5
custodia,5
cogito,5
gurges,5
tremo,5
extraho,5
uicinia,5
felicitas,5
cruentus,5
lineamentum,5
uerber,5
praemium,5
attero,5
diligo,5
hostis,5
formosus,5
mons,5
comprehendo,5
sepelio,5
iugum,5
cicatrix,5
equidem,5
fateor,5
armatus,5
grabatus,5
utor,5
naufragium,5
nouacula,5
tonsor,5
aeger,5
nauta,5
gubernator,5
uinculum,5
horridus,5
ignotus,5
acies,5
praeteritus,5
gens,5
circum,5
flamma,5
pareo,5
membrum,4
existimo,4
stultus,4
sapio,4
inanis,4
efficio,4
deleo,4
fama,4
pictura,4
sudo,4
gratus,4
seuerus,4
impello,4
induo,4
sapientia,4
trux,4
redimo,4
sono,4
celer,4
epula,4
largus,4
hortus,4
reicio,4
furtim,4
spatior,4
ciuitas,4
contemno,4
perturbo,4
inuitus,4
intento,4
scortum,4
purus,4
paupertas,4
custos,4
fruor,4
claustrum,4
conspicio,4
ciuilis,4
aes,4
eques,4
etsi,4
lucrum,4
querela,4
controuersia,4
caluus,4
praecludo,4
delabor,4
licet,4
error,4
superbus,4
articulus,4
frigus,4
remedium,4
licentia,4
uulgo,4
oro,4
securus,4
spissus,4
intueor,4
paulisper,4
uirilis,4
psyche,4
admonitus,4
interuenio,4
tingo,4
cinaedus,4
inquino,4
falernus,4
inundo,4
umor,4
prodo,4
olim,4
belle,4
uniuersus,4
sufficio,4
muliebris,4
uaco,4
quantus,4
exerceo,4
matella,4
tergeo,4
conspectus,4
admiratio,4
ostiarius,4
cauus,4
mercurius,4
praesto,4
cornu,4
barba,4
atriensis,4
pridie,4
transeo,4
gressus,4
periclitor,4
deprecor,4
remitto,4
nequam,4
donum,4
exprimo,4
nudo,4
gusto,4
ligneus,4
figuro,4
uter,4
affigo,4
figura,4
orcus,4
aries,4
cancer,4
leo,4
libra,4
caespes,4
suadeo,4
nato,4
ingero,4
tenebrae,4
siccus,4
piper,4
inuideo,4
ferueo,4
pistor,4
dulcis,4
caupo,4
pilleatus,4
inde,4
numerus,4
cogitatio,4
reuertor,4
circumeo,4
nanciscor,4
optime,4
discordia,4
recingo,4
porro,4
lutum,4
colonia,4
casula,4
ager,4
patria,4
carnarius,4
uelum,4
ingeniosus,4
praeco,4
puteo,4
africa,4
finis,4
prosequor,4
cyclops,4
feliciter,4
scyphus,4
proximus,4
actus,4
centiens,4
ardeo,4
uicis,4
opto,4
flagellum,4
eludo,4
tutela,4
propitius,4
ualeo,4
fictilis,4
nugae,4
suauiter,4
timor,4
traicio,4
osculor,4
catella,4
euerto,4
offendo,4
repono,4
fluo,4
cogo,4
frequenter,4
abscondo,4
tremulus,4
pudet,4
heres,4
commendo,4
cinis,4
columba,4
trecentiens,4
ultro,4
subeo,4
offensus,4
neptunus,4
inuito,4
concito,4
dissimulo,4
tutus,4
ocius,4
mutuus,4
consuetudo,4
pignus,4
uerum,4
damnatus,4
innocens,4
noxius,4
tracto,4
adoro,4
inhaereo,4
argumentum,4
lateo,4
ratis,4
pauidus,4
namque,4
tumidus,4
saxum,4
aequor,4
ara,4
accendo,4
mando,4
fundo,4
confugio,4
uapulo,4
renouo,4
succurro,4
praebeo,4
supplex,4
proditio,4
funis,4
scapha,4
salus,4
mergo,4
omen,4
noceo,4
implacabilis,4
manifestus,4
proelium,4
tralaticius,4
expugno,4
concilio,4
concordia,4
conditorium,4
lugeo,4
recens,4
cadauer,4
casa,4
nempe,4
arx,4
desum,4
aura,4
catus,4
regnum,4
summitto,4
neruus,4
schola,3
catena,3
datum,3
naturalis,3
sanus,3
senectus,3
sapor,3
fraudo,3
insanio,3
cicero,3
impetro,3
insidiae,3
piscator,3
hamus,3
scopulus,3
praeceptum,3
dis,3
maiestas,3
applico,3
frugalitas,3
cliens,3
neue,3
fons,3
quatio,3
interdum,3
aestus,3
quo,3
fatigo,3
cento,3
consaluto,3
egressus,3
stuprum,3
mano,3
pollex,3
accurro,3
inhorresco,3
gladiator,3
obscenus,3
eadem,3
praeceptor,3
uidelicet,3
diffundo,3
sarcinula,3
partio,3
cupio,3
cellula,3
lorum,3
petulans,3
uenalis,3
angulus,3
emptor,3
adduco,3
muliercula,3
inuicem,3
spolium,3
inuiolatus,3
iudicium,3
emptum,3
cicer,3
discedo,3
indignor,3
libero,3
uictoria,3
audax,3
impulsus,3
accuso,3
comito,3
constringo,3
aspicio,3
morbus,3
supinus,3
misericordia,3
pollicitatio,3
dignitas,3
uictor,3
mimicus,3
exsono,3
obstipesco,3
emitto,3
conor,3
infirmus,3
obduco,3
conficio,3
innumerabilis,3
inuoco,3
pungo,3
opprimo,3
suborno,3
cingulum,3
clunis,3
repeto,3
stratum,3
apparatus,3
syrus,3
rixor,3
marceo,3
oleum,3
concrepo,3
conuiuium,3
facilis,3
ruga,3
tantum,3
detego,3
demitto,3
rudis,3
asellus,3
nuptiae,3
correpo,3
expauesco,3
libidinosus,3
speculor,3
diligentia,3
tamquam,3
exspectatio,3
quies,3
procella,3
quamquam,3
pila,3
prasinus,3
spado,3
diuersus,3
uibro,3
decido,3
principium,3
poto,3
lippus,3
satur,3
postis,3
scriptum,3
mentum,3
condio,3
aeneus,3
pompeius,3
kalendae,3
stella,3
eripio,3
decem,3
impingo,3
experior,3
acidus,3
canticum,3
chorus,3
craticula,3
ceruical,3
mappa,3
sinister,3
lacertus,3
armilla,3
suauis,3
calculus,3
ala,3
incubo,3
scruto,3
eruo,3
pinguis,3
pertundo,3
circumdo,3
intermitto,3
tumultus,3
fors,3
paropsis,3
animaduerto,3
obiurgo,3
eheu,3
larua,3
mobilis,3
nouitas,3
materia,3
frustum,3
herba,3
mimus,3
suspicor,3
pertineo,3
erubesco,3
sciscitor,3
graeculus,3
collibertus,3
recumbo,3
nihilum,3
lignum,3
iulius,3
negotiatio,3
superuacuus,3
patronus,3
quiesco,3
caelus,3
durus,3
mathematicus,3
coleus,3
uerto,3
minister,3
necdum,3
texo,3
fascia,3
turdus,3
uolito,3
speciosus,3
poema,3
uerso,3
recta,3
cerebrum,3
quinque,3
fatus,3
planctus,3
antiquus,3
solidus,3
bucca,3
negotior,3
quot,3
secum,3
coruus,3
annona,3
aedilis,3
euenio,3
minuo,3
tuba,3
pilus,3
cliuus,3
udus,3
coquo,3
triduum,3
bestia,3
caedo,3
nenia,3
latinus,3
abigo,3
prosum,3
tormentum,3
castigo,3
mensis,3
adductus,3
colo,3
nauigo,3
pauper,3
hercules,3
praetereo,3
palam,3
conclamo,3
uasum,3
corinthus,3
nata,3
hannibal,3
congero,3
massa,3
phiala,3
daedalus,3
calix,3
exoro,3
salto,3
acta,3
arca,3
aedes,3
reus,3
baro,3
cornicen,3
animal,3
circumspicio,3
codicilli,3
epigramma,3
intersum,3
lapideus,3
laboriosus,3
gloriosus,3
philosophus,3
perna,3
offula,3
rana,3
claudo,3
carnis,3
bis,3
oppono,3
uicesimus,3
lapidarius,3
iudico,3
hasta,3
mucro,3
tectum,3
amplus,3
ratus,3
lupus,3
amica,3
plango,3
candelabrum,3
camella,3
cochlea,3
reliquiae,3
approbo,3
rubor,3
interpono,3
puluis,3
mulio,3
malum,3
nux,3
proelior,3
ungo,3
insula,3
aedifico,3
uale,3
caleo,3
placo,3
supprimo,3
sicco,3
ebrietas,3
frugi,3
tero,3
officiosus,3
gemo,3
fulmen,3
ultra,3
peculium,3
clauus,3
oblino,3
uigilo,3
stichus,3
custodio,3
effringo,3
praesidium,3
ni,3
dubito,3
polluo,3
fletus,3
iugulum,3
sacramentum,3
inhibeo,3
eligo,3
indulgeo,3
conduco,3
desero,3
caedes,3
horror,3
apollo,3
flos,3
odi,3
ostrum,3
horreo,3
dubie,3
modus,3
timidus,3
aggressus,3
simulo,3
certamen,3
sucus,3
astrum,3
audeo,3
antequam,3
capitolium,3
propinquus,3
concupisco,3
obsideo,3
minax,3
antrum,3
patrius,3
damnum,3
iuuentus,3
fraus,3
monstrum,3
pulsus,3
marmor,3
consentio,3
ligo,3
troius,3
abstineo,3
cenula,3
miseret,3
saeuitia,3
solacium,3
quasso,3
emendo,3
pulso,3
incipio,3
abduco,3
afer,3
uolucer,3
ora,3
laus,3
fallo,3
fatalis,3
rabies,3
praecipito,3
ferramentum,3
iaculor,3
impatiens,3
uindicta,3
furca,3
foramen,3
indicium,3
miseria,3
languidus,3
esurio,3
blandus,3
utinam,3
nix,3
pruina,3
ueho,3
induco,3
portus,3
deflecto,3
impendeo,3
tranquillitas,3
rado,3
uector,3
simulacrum,3
prohibeo,3
coma,3
spolio,3
tragoedia,3
cantus,3
pluma,3
decus,3
maereo,3
ineptus,3
pudicitia,3
exemplum,3
sepultura,3
fulgeo,3
desiderium,3
manes,3
blanditia,3
sino,3
belua,3
sensus,3
oppidum,3
nobilis,3
honor,3
campus,3
plebs,3
aruum,3
cruor,3
aeuum,3
desertum,3
medulla,3
cocytus,3
bustum,3
ecquis,3
sanguineus,3
alpis,3
turma,3
paratus,3
circus,3
gramen,3
hesternus,3
auersus,3
sacerdos,3
petronius,2
inquieto,2
libertas,2
tolerabilis,2
tumor,2
uanus,2
proficio,2
pirata,2
tyrannus,2
edictum,2
scribo,2
pestilentia,2
papauer,2
nutrio,2
oleo,2
culina,2
ludibrium,2
doctor,2
lyricus,2
cano,2
exercitatio,2
pulchritudo,2
exsurgo,2
uentosus,2
istic,2
athenae,2
eniteo,2
aegyptius,2
declamo,2
quoniam,2
rarus,2
necesse,2
adulator,2
aliter,2
appeto,2
pisciculus,2
obiurgatio,2
effodio,2
perperam,2
effectus,2
regius,2
addictus,2
calor,2
seu,2
siren,2
habena,2
graius,2
pagina,2
meatus,2
indomitus,2
quicumque,2
madeo,2
agrestis,2
holus,2
praecedo,2
meretrix,2
tarde,2
sero,2
exsecror,2
occurro,2
obscurus,2
caligo,2
patientia,2
percussor,2
colloquium,2
priuatus,2
questus,2
collido,2
rumor,2
prospicio,2
amolior,2
lustro,2
artus,2
complexus,2
pera,2
latrocinium,2
opportunus,2
propius,2
mirabilis,2
mendicus,2
persona,2
seduco,2
intactus,2
interdictum,2
recipero,2
lupinus,2
addico,2
aduocatus,2
flagito,2
exhibeo,2
crastinus,2
strangulo,2
crimen,2
postulo,2
acumen,2
praeparo,2
pallidus,2
sponte,2
recludo,2
uobiscum,2
punio,2
ostentatio,2
ambitiosus,2
imber,2
antecedo,2
periculosus,2
inhorreo,2
tertianus,2
medicina,2
monstro,2
subtilitas,2
praecordium,2
protendo,2
iocus,2
deprecatio,2
tempore,2
indutia,2
constituo,2
necto,2
uirguncula,2
repentinus,2
ignoro,2
gallicus,2
constantia,2
sollicito,2
instita,2
prodeo,2
appono,2
ebibo,2
acus,2
quiris,2
horribilis,2
legitimus,2
lassitudo,2
gustatio,2
grauor,2
gustus,2
coniunctus,2
maneo,2
tenuis,2
expilo,2
lagena,2
auidius,2
fur,2
expergiscor,2
adiuuo,2
insulsus,2
congemo,2
tendo,2
addo,2
conspuo,2
creta,2
nimbus,2
tener,2
acuo,2
uernaculus,2
feria,2
ile,2
uocatus,2
diarium,2
septem,2
uerecundus,2
iuno,2
praefero,2
agmen,2
thalamus,2
exorno,2
accenseo,2
rima,2
furtiuus,2
confodio,2
delibero,2
horologium,2
amicio,2
seruilis,2
uestio,2
uestitus,2
subicio,2
aspergo,2
calefacio,2
linteum,2
cursor,2
dominicus,2
iussus,2
pica,2
quadratum,2
uenalicius,2
minerua,2
tribunal,2
excelsus,2
copiosus,2
lar,2
marmoreus,2
pyxis,2
pusillus,2
camera,2
inscribo,2
natalis,2
obligo,2
alexandrinus,2
corinthius,2
tomaculum,2
granum,2
diuitia,2
perfodio,2
tessera,2
delicatus,2
palea,2
pauo,2
suppono,2
selibra,2
pullus,2
putamen,2
piperatus,2
purgamentum,2
aequus,2
putidus,2
gypsatus,2
pittacium,2
perlego,2
heri,2
apto,2
cunctus,2
duodecim,2
placenta,2
scorpio,2
marinus,2
sagittarius,2
capricornus,2
aquarius,2
procurro,2
lepus,2
inceptum,2
aggredior,2
obsonium,2
totiens,2
discurro,2
modius,2
metior,2
miluus,2
ruta,2
folium,2
atticus,2
apis,2
semen,2
conchyliatus,2
loco,2
culpa,2
sceleratus,2
socius,2
rex,2
conturbo,2
auctio,2
theca,2
ossum,2
pecus,2
unguentarius,2
lardum,2
prae,2
mola,2
aro,2
praepono,2
magnitudo,2
immineo,2
altilis,2
barbatus,2
indico,2
aperto,2
dimissus,2
redimio,2
lyaeus,2
mundus,2
ebullio,2
inflo,2
musca,2
consolatio,2
uitalis,2
malignus,2
obeo,2
caninus,2
linguosus,2
initium,2
pilo,2
inuolo,2
destinatum,2
ganymedes,2
mordeo,2
saturnalia,2
audacter,2
curia,2
schema,2
exspuo,2
deuoro,2
domi,2
uulpes,2
ieiunium,2
computo,2
excello,2
decedo,2
nomino,2
asinus,2
pario,2
epulum,2
norbanus,2
fauor,2
seco,2
adhibeo,2
plane,2
arguto,2
manduco,2
seruulus,2
filum,2
libens,2
calx,2
causidicus,2
aduersus,2
spatium,2
acetum,2
iuuo,2
liberalitas,2
indulgentia,2
creber,2
sus,2
decuria,2
uiator,2
homerus,2
pendeo,2
seueritas,2
relaxo,2
botulus,2
honoro,2
insolentia,2
aerarius,2
incendo,2
faber,2
intelligo,2
histrio,2
decet,2
actuarius,2
area,2
uilicus,2
contubernium,2
cubicularius,2
ingratus,2
choraules,2
ingemo,2
contundo,2
aberro,2
uulnero,2
disertus,2
luxuria,2
moenia,2
nequitia,2
cacabus,2
margarita,2
baca,2
orno,2
pelagius,2
nupta,2
nummularius,2
ouis,2
uomo,2
negotium,2
porrum,2
forensis,2
solea,2
beta,2
beatus,2
ciuis,2
uiginti,2
hircus,2
tuber,2
sursum,2
deorsum,2
toga,2
peruerto,2
euado,2
parce,2
scutum,2
puluinus,2
canorus,2
diana,2
achilles,2
ob,2
intremo,2
crocum,2
fericulus,2
patera,2
ualetudo,2
dissilio,2
uicus,2
angustus,2
semis,2
apoculo,2
exuo,2
silua,2
gero,2
misellus,2
striga,2
paucus,2
tubicen,2
sagino,2
dorsum,2
exceptio,2
ualua,2
amictus,2
conterreo,2
trepidatio,2
intestinus,2
ursus,2
quanto,2
catillus,2
periscelis,2
inauro,2
sudarium,2
crassus,2
pondo,2
cohaereo,2
au,2
secundus,2
ministro,2
interea,2
uergilius,2
circulator,2
musa,2
parento,2
deprimo,2
lacus,2
decerno,2
pecten,2
collecta,2
talus,2
uinarius,2
deiectus,2
palma,2
pugna,2
idoneus,2
requiesco,2
pius,2
fidelis,2
subsequor,2
latrans,2
effugio,2
tergum,2
solium,2
index,2
coniectus,2
praedico,2
urceolus,2
incumbo,2
caudex,2
desino,2
concoquo,2
quattuordecim,2
coemo,2
iumentum,2
uipera,2
nausea,2
uicinus,2
tumultuor,2
interdiu,2
candor,2
deuersitor,2
ingurgito,2
uehiculum,2
transfero,2
intorqueo,2
dementia,2
taberna,2
familiaritas,2
uetustus,2
condicio,2
committo,2
cunctor,2
era,2
egredior,2
commilito,2
similitudo,2
ergastulum,2
cingo,2
deuoueo,2
grassator,2
legio,2
retro,2
paulatim,2
temeritas,2
uetustas,2
ueritas,2
repello,2
nympha,2
aemulus,2
societas,2
litigo,2
exercitatus,2
pelagus,2
faenus,2
castrum,2
inops,2
exstruo,2
aedicula,2
ordino,2
recedo,2
fere,2
murmur,2
mane,2
pugnax,2
sollicitus,2
immortalis,2
coitus,2
lactens,2
arduus,2
census,2
sopio,2
saeculum,2
experimentum,2
demergo,2
cognosco,2
attingo,2
pando,2
profor,2
abdo,2
potens,2
porta,2
dolus,2
bipennis,2
pertempto,2
captiuus,2
spiro,2
celsus,2
fretus,2
tranquillus,2
remus,2
anguis,2
spuma,2
sonitus,2
iuba,2
iubar,2
paruulus,2
ceu,2
nodus,2
quadrupes,2
theatrum,2
arbitrium,2
reuiuesco,2
insto,2
auide,2
conatus,2
eicio,2
indignatio,2
insanus,2
circumuenio,2
fascinum,2
iniurius,2
ales,2
plebeius,2
attraho,2
scarus,2
rosa,2
lapido,2
uerecundia,2
furiosus,2
cedo,2
sponda,2
resero,2
proripio,2
mulco,2
status,2
ostiolum,2
faueo,2
procurator,2
rabiosus,2
modicus,2
culcita,2
mensura,2
sternuto,2
parco,2
incultus,2
destruo,2
puppis,2
circumago,2
simplex,2
pridem,2
uecto,2
expono,2
simulatio,2
uiso,2
langueo,2
cubile,2
utcumque,2
gubernaculum,2
statio,2
perpetuus,2
uacuus,2
furtum,2
ritus,2
atramentum,2
permuto,2
arabs,2
macula,2
sollers,2
stigma,2
fallacia,2
naufragus,2
exhorresco,2
epicurus,2
auspicium,2
adumbro,2
expio,2
saeuio,2
iustus,2
legatus,2
satisfactio,2
saeuus,2
crudelitas,2
tueor,2
conscendo,2
propono,2
dedecus,2
fas,2
infestus,2
ramus,2
euoco,2
signo,2
formula,2
exhortor,2
exsulto,2
conuello,2
fallax,2
niteo,2
leuitas,2
auerto,2
defungor,2
inedia,2
magistratus,2
comploro,2
fidus,2
commodo,2
imperator,2
defleo,2
uisum,2
infernus,2
subsisto,2
domicilium,2
odor,2
pertinacia,2
satietas,2
aruus,2
circumscribo,2
misericors,2
summoueo,2
ibis,2
conualesco,2
concedo,2
contego,2
arbor,2
en,2
terribilis,2
confero,2
sanctus,2
fructus,2
instrumentum,2
cesso,2
sepulcrum,2
corax,2
caballus,2
instruo,2
ambitus,2
intexo,2
refugio,2
testis,2
fabulosus,2
nitor,2
clades,2
tigris,2
auratus,2
gradior,2
uagus,2
gula,2
orbo,2
uictus,2
uindex,2
tacita,2
luxus,2
strues,2
feralis,2
gloria,2
hiatus,2
uernus,2
discors,2
sedes,2
dehisco,2
cieo,2
tisiphone,2
perluo,2
rebello,2
quippe,2
persono,2
stygius,2
fulgur,2
elido,2
passim,2
ripa,2
aether,2
stridor,2
herculeus,2
glacies,2
concretum,2
rigeo,2
calco,2
triumphus,2
germanus,2
reor,2
sordes,2
nemus,2
mauortius,2
lues,2
deploro,2
rigidus,2
ruo,2
decurro,2
toruus,2
telum,2
fluito,2
uisus,2
pinus,2
cassis,2
laeuus,2
stipes,2
draco,2
lampas,2
uolubilitas,2
delinquo,2
superbia,2
produco,2
ambulatio,2
gracilis,2
concilium,2
implicitus,2
uiola,2
ueneficium,2
speculum,2
quondam,2
restituo,2
excusatio,2
licium,2
lapillus,2
praecanto,2
querulus,2
floreo,2
trepidus,2
uiscus,2
bacchus,2
delubrum,2
reuoluo,2
sacrificium,2
urtica,2
filia,2
bonitas,2
integer,2
caro,2
c,1
furia,1
impendium,1
liberi,1
succido,1
poples,1
responsum,1
immolo,1
mellitus,1
globulus,1
eneruo,1
umbraticus,1
homericus,1
testimonium,1
maculosus,1
turgidus,1
nuper,1
enormis,1
loquacitas,1
pestilens,1
afflo,1
regula,1
obmutesco,1
pasta,1
canesco,1
compendiarius,1
nimirum,1
meditor,1
auditor,1
esca,1
ambitio,1
crudus,1
atrox,1
stilus,1
magnificus,1
effingo,1
ambio,1
polio,1
impotens,1
plausor,1
armigera,1
tritonis,1
colonus,1
maeonius,1
circumfluo,1
suffundo,1
distinctus,1
memoro,1
canor,1
pierius,1
incedo,1
extemporalis,1
dictio,1
infamo,1
opportune,1
cursim,1
fornix,1
lupanar,1
anfractus,1
semita,1
prandium,1
extergeo,1
habitus,1
conductum,1
lucretius,1
tarquinius,1
nisus,1
fortiter,1
uiridarium,1
hercule,1
pacate,1
secedo,1
quaestus,1
obsto,1
scholasticus,1
habitatio,1
tardus,1
diuisio,1
amiculus,1
euoluo,1
perfunctorius,1
obscuritas,1
splendor,1
contemplatio,1
conticesco,1
temere,1
sutura,1
fastidiosus,1
uendito,1
exhilaratus,1
circuitus,1
dimico,1
ambiguus,1
regno,1
cynicus,1
mercor,1
compendium,1
merx,1
uociferatio,1
tenere,1
confluo,1
permutatio,1
sequester,1
tuberosus,1
praedo,1
constitutus,1
calliditas,1
serus,1
crypta,1
assentatio,1
detono,1
retexo,1
quisnam,1
inexpiabilis,1
perquiro,1
lenio,1
necessitas,1
iuuenilis,1
sacellum,1
religio,1
prouidentia,1
moto,1
adnuo,1
iurgium,1
iugulo,1
mutatio,1
interpellatio,1
sexus,1
depugno,1
lodicula,1
contextus,1
medicamentum,1
penicillus,1
superuenio,1
myrteus,1
uirga,1
alte,1
palaestrita,1
splendidus,1
mirificus,1
initio,1
peruigilium,1
depello,1
fuligo,1
defectus,1
occidens,1
comissor,1
conuolo,1
planta,1
agilis,1
procax,1
recido,1
immundus,1
detexo,1
frustra,1
molo,1
profluo,1
acacia,1
riuus,1
dissoluo,1
conspicor,1
sciscitatio,1
pertracto,1
promulsis,1
milito,1
productum,1
infans,1
prouerbium,1
nuptialis,1
flammeus,1
incestum,1
improbe,1
puerilis,1
euito,1
bucinator,1
tueo,1
pilum,1
soleatus,1
follis,1
uesica,1
coccinus,1
lectica,1
phaleratus,1
uetulus,1
symphoniacus,1
tibia,1
libellus,1
saluto,1
resupino,1
sinistra,1
collega,1
desisto,1
caduceum,1
ratiocinor,1
pictor,1
abundo,1
parca,1
pensum,1
gladiatorius,1
embolum,1
ianuarius,1
incommodus,1
peccatum,1
atrium,1
neglegentia,1
ministrator,1
rogatus,1
pantomimus,1
oliua,1
margo,1
ponticulus,1
glis,1
syriacus,1
pruna,1
punicus,1
adrado,1
fimbria,1
ferreus,1
eboreus,1
lamina,1
splendeo,1
conecto,1
absentiuus,1
terebinthina,1
crystallinus,1
textor,1
corbis,1
patens,1
strepo,1
pauoninus,1
farina,1
ficedula,1
uitellus,1
mulsum,1
colaphus,1
scopa,1
euerro,1
amphitheatrum,1
elegantia,1
assigno,1
multo,1
accurate,1
uertebra,1
proprius,1
structor,1
arietinus,1
bubulus,1
testiculus,1
ficus,1
africanus,1
statera,1
locusta,1
mullus,1
clibanus,1
laserpiciarius,1
tripudio,1
sumen,1
pegasus,1
marsyas,1
garum,1
euripus,1
essedarius,1
hydraulus,1
itero,1
accumbo,1
meridies,1
sobrius,1
puluinar,1
decuma,1
quiuis,1
lac,1
meliusculus,1
indium,1
boletus,1
mula,1
onager,1
tomentum,1
beatitudo,1
octingenti,1
porto,1
pilleum,1
alapa,1
cenaculum,1
libertinus,1
olla,1
auus,1
phantasia,1
creditor,1
publico,1
philologia,1
totidem,1
cornum,1
bubulcus,1
biga,1
lino,1
quadro,1
imperiosus,1
compedio,1
aliquid,1
expendo,1
strabo,1
aerumnosus,1
cucurbita,1
rhetor,1
sophus,1
camara,1
comparo,1
aduenio,1
rete,1
uenabulum,1
laconicus,1
dependo,1
palmula,1
porcellus,1
uber,1
scrofa,1
significo,1
polymitus,1
uenatorius,1
euolo,1
auceps,1
siluaticus,1
glans,1
sportella,1
secessus,1
bacalusia,1
aenigma,1
stupor,1
uitis,1
hedera,1
bromius,1
euhius,1
calathiscus,1
dama,1
fullo,1
liquesco,1
chrysanthus,1
bulla,1
abstinax,1
mica,1
stragulum,1
miluinus,1
puteus,1
honeste,1
mordicus,1
re,1
unctum,1
parra,1
costa,1
uindemia,1
stips,1
pessum,1
plumbum,1
septuaginta,1
corneolus,1
salax,1
puellaris,1
esuritio,1
colludo,1
maxilla,1
arcus,1
aduro,1
mico,1
dirigo,1
benignus,1
resaluto,1
retrouersus,1
coda,1
antea,1
lanatus,1
trudo,1
delico,1
festus,1
domesticus,1
miscix,1
quadringenti,1
impendo,1
sempiternus,1
coactus,1
stratus,1
filix,1
factura,1
reseco,1
colubra,1
restis,1
quamdiu,1
reuera,1
decrepitus,1
bestiarius,1
loripes,1
flo,1
dictata,1
fatuus,1
dispareo,1
discipulus,1
morbosus,1
feriatus,1
rubricatus,1
taeda,1
pudeo,1
lasanum,1
minutal,1
mundo,1
capistrum,1
tintinnabulum,1
bimus,1
nomenclator,1
trimus,1
sexennis,1
portendo,1
electio,1
quotus,1
quadragesimus,1
empticius,1
potentia,1
saliua,1
suburbanus,1
confinis,1
agrellus,1
fastidio,1
bibliotheca,1
sibylla,1
cumae,1
ampulla,1
efflo,1
celeritas,1
percoquo,1
cuminum,1
tortor,1
recepto,1
arripio,1
inclinatio,1
captus,1
uafer,1
stellio,1
miscellaneus,1
reporrigo,1
potis,1
otium,1
corrigo,1
decollo,1
troianus,1
ponderosus,1
demissus,1
percurro,1
meritum,1
hilarus,1
cordax,1
concino,1
grauitas,1
ineptia,1
inaequalis,1
saltatio,1
sextilis,1
praedium,1
horreum,1
triticum,1
quingenti,1
domitius,1
relatus,1
colloco,1
ortus,1
sextus,1
infero,1
saltuarius,1
exheredo,1
repudio,1
liberta,1
balneator,1
scalae,1
tricae,1
comoedus,1
maxime,1
grauiter,1
concurro,1
ridiculus,1
catastropha,1
decretum,1
comprobo,1
distorqueo,1
transuersus,1
mentio,1
penes,1
thrax,1
commoror,1
publilius,1
ructus,1
plumatus,1
ciconia,1
hospita,1
pietaticultrix,1
gracilipes,1
crotalistria,1
nidus,1
indicus,1
phalera,1
extraneus,1
smaragdus,1
uitrum,1
scintillo,1
probitas,1
textilis,1
prosto,1
nebula,1
lineus,1
difficilis,1
febris,1
anatinus,1
indignus,1
ouillus,1
acetabulum,1
collaris,1
contus,1
persicum,1
passer,1
muscarius,1
canalis,1
pedalis,1
murena,1
sescenti,1
huiusmodi,1
intemperans,1
ueruex,1
conuiuor,1
balatus,1
feruo,1
uermis,1
fetus,1
seruitus,1
tributarius,1
constitutum,1
gratis,1
ricinus,1
prandeo,1
quadraginta,1
basilica,1
illac,1
enato,1
athlon,1
compressus,1
aduersarius,1
caepa,1
december,1
cibaria,1
geometria,1
criticus,1
rhetoricus,1
satago,1
mutuor,1
uah,1
maledicus,1
mapalia,1
dupondius,1
cocococo,1
primitia,1
factio,1
colloquor,1
insolenter,1
latine,1
cerua,1
explico,1
ducenarius,1
elixus,1
galeatus,1
uerro,1
elegans,1
stropha,1
nuntio,1
lacunar,1
cupa,1
alabaster,1
pompa,1
remissio,1
uexatio,1
augustus,1
ueneratio,1
bullatus,1
cerdo,1
conuictus,1
muttio,1
gaudimonium,1
satius,1
exorsus,1
terentius,1
corporaliter,1
uenerius,1
demando,1
ocrea,1
angustia,1
scruta,1
quintus,1
miliarium,1
nasus,1
ululo,1
primitus,1
bifurcus,1
lanius,1
etiamsi,1
lancea,1
compilo,1
uersipellis,1
exopinisso,1
minime,1
tegula,1
chius,1
liuidus,1
amplexor,1
stramentum,1
intestinum,1
melicus,1
caricus,1
quadrigae,1
appositus,1
exsibilo,1
nausia,1
cubo,1
iactans,1
effuse,1
hortatus,1
crystallinum,1
comminuo,1
respergo,1
ascendo,1
scapula,1
reprimo,1
aliquamdiu,1
recordatio,1
anserinus,1
exosso,1
lictor,1
comissator,1
praetor,1
assurgo,1
recreo,1
praetorius,1
capax,1
nouendialis,1
quinquaginta,1
aestimo,1
dimidius,1
corono,1
hispanus,1
calua,1
arbitratus,1
uernula,1
prospectus,1
ursinus,1
caseus,1
sapa,1
chordus,1
alueus,1
terni,1
pugnus,1
quater,1
galbinus,1
reticulum,1
obrussa,1
sex,1
millesimus,1
circulo,1
capsella,1
aureolus,1
auricula,1
meio,1
saucius,1
indiligentia,1
scobis,1
minium,1
luscinia,1
barbaria,1
desperatus,1
sutor,1
trecenti,1
uilicatio,1
semihora,1
succino,1
lacernatus,1
caliga,1
farcio,1
spina,1
echinus,1
monstruosus,1
uulua,1
turtur,1
litigans,1
fustis,1
ostrea,1
inaudio,1
peluis,1
corolla,1
aliquantus,1
famosus,1
condimentum,1
feteo,1
tragoedus,1
sponsio,1
prouoco,1
circensis,1
contentio,1
lacto,1
ingemesco,1
ducenti,1
uinea,1
largiter,1
falsus,1
sepulchrum,1
caco,1
praetextatus,1
sacculus,1
bini,1
effluo,1
urna,1
sculpo,1
paeniteo,1
furnus,1
exspiro,1
assentor,1
piscina,1
tractus,1
interuentus,1
auoco,1
algeo,1
labyrinthus,1
cisterna,1
iactatio,1
pistrinum,1
lasso,1
inuitatus,1
restringo,1
dispono,1
saccus,1
defluo,1
merum,1
corollarium,1
aenus,1
aequum,1
firmus,1
mala,1
ambubaia,1
machina,1
spuo,1
pergula,1
somnio,1
doma,1
here,1
proxime,1
intereo,1
ascia,1
inspuo,1
trulla,1
ringor,1
tabularium,1
quisquilia,1
etiamnum,1
rostrum,1
cerebellum,1
coheres,1
laticlauius,1
concupio,1
naufrago,1
fortitudo,1
mancipium,1
fermentum,1
faenero,1
consiliator,1
acia,1
latifundium,1
nutrico,1
resto,1
triginta,1
cenatio,1
perbonus,1
scaurus,1
nusquam,1
hospitor,1
paternus,1
stragulus,1
praetexo,1
subrideo,1
tinea,1
comburo,1
imprecor,1
nardus,1
parentalis,1
fulcio,1
consono,1
funebris,1
intono,1
uigil,1
imprudentia,1
scrupus,1
eminens,1
columna,1
euinco,1
notabilis,1
tabellarius,1
festra,1
calens,1
transfundo,1
labellum,1
gratulor,1
inuentor,1
uoluto,1
indormio,1
manubia,1
abscindo,1
suppliciter,1
imprimo,1
festinatio,1
fulminatus,1
pronuntiatio,1
destituo,1
quatenus,1
assimulo,1
antescholanus,1
collegium,1
impurus,1
confessio,1
exsilium,1
ueneo,1
stola,1
tactus,1
infirmitas,1
militia,1
excio,1
prosilio,1
centuria,1
constanter,1
centurio,1
ementior,1
exercitus,1
aceruo,1
rudimentum,1
apella,1
extremitas,1
aquila,1
hyle,1
lyra,1
praedor,1
proinde,1
imperitus,1
pruinosus,1
facundia,1
insisto,1
differentia,1
insector,1
ueteranus,1
leno,1
quaestor,1
stipendium,1
educo,1
excogito,1
suspectus,1
uiolarium,1
gymnasium,1
praecipio,1
praedator,1
sollemnis,1
arto,1
pigritia,1
electus,1
exsoluo,1
optio,1
optabilis,1
macedonicus,1
obdormio,1
papilla,1
distineo,1
dicto,1
improbitas,1
irrepo,1
derisus,1
condiscipulus,1
iteratio,1
maturitas,1
gestio,1
anhelitus,1
tritus,1
consulo,1
cupiditas,1
tropicus,1
instituo,1
priscus,1
uigeo,1
uirgultum,1
cacumen,1
consenesco,1
inuentio,1
elleborus,1
plastes,1
accusator,1
antiquitas,1
dialecticus,1
astronomia,1
philosophia,1
senatus,1
deliro,1
anceps,1
messis,1
uates,1
ater,1
caesum,1
robur,1
specus,1
decennium,1
stipo,1
firmo,1
careo,1
gena,1
cuspis,1
uterus,1
tardo,1
resilio,1
confirmo,1
inualidus,1
fremo,1
pubes,1
intus,1
murmuro,1
roboreus,1
resulto,1
abies,1
cauda,1
fulmineus,1
sibilus,1
infula,1
phrygius,1
tergus,1
coruscus,1
pietas,1
accumulo,1
auxiliator,1
uictima,1
profano,1
radior,1
excursus,1
retracto,1
obtrunco,1
troas,1
profugio,1
poetice,1
auspicatus,1
quotiens,1
aduenticius,1
tecum,1
eiuro,1
hodiernus,1
bilis,1
strigilis,1
libere,1
quilibet,1
uoluntas,1
tenebrosus,1
peruolo,1
contero,1
singultus,1
amabilis,1
concessio,1
amarus,1
clamito,1
imitatio,1
infamis,1
frico,1
palatum,1
anas,1
syrtis,1
mulus,1
cinnamum,1
olfacio,1
conuicior,1
moderatio,1
egregie,1
deceo,1
mactus,1
paedagogus,1
absentia,1
intepesco,1
iracundus,1
insania,1
denuntiatio,1
eximo,1
clauis,1
inuestigo,1
suspendium,1
condo,1
meta,1
collabor,1
retusus,1
contemplatus,1
uolutatio,1
molitio,1
uidua,1
marcus,1
concursus,1
coctor,1
insularius,1
extum,1
strido,1
linteus,1
impar,1
instigo,1
ansa,1
censeo,1
miseror,1
alternus,1
aduocatio,1
lecticarius,1
perfero,1
barbarus,1
peroro,1
fastus,1
lucidus,1
commonstro,1
discolor,1
adnecto,1
inseruio,1
astus,1
pererro,1
inserto,1
commissura,1
firmitas,1
procumbo,1
praetextus,1
quaestio,1
subter,1
irrumpo,1
amplector,1
merito,1
collectio,1
salio,1
arbiter,1
popina,1
araneus,1
coarto,1
fomentum,1
hibernus,1
profusus,1
aemulatio,1
dica,1
scabitudo,1
asper,1
ast,1
aratrum,1
dilabor,1
similiter,1
erudio,1
praelabor,1
expedite,1
crepo,1
aluta,1
fiducia,1
dissideo,1
palpito,1
inexspectatus,1
amitto,1
turbulentus,1
tremebundus,1
sopor,1
moleste,1
consortium,1
nobiscum,1
rego,1
mercatus,1
archipirata,1
uectura,1
egeo,1
promo,1
effugium,1
confusio,1
obumbro,1
curuo,1
insinuo,1
desidero,1
quin,1
peruigil,1
comitatus,1
pellis,1
aliquatenus,1
efferus,1
aduersum,1
charta,1
expers,1
studiosus,1
aethiops,1
circumcido,1
iudaeus,1
incresco,1
gallium,1
medicamen,1
adhaereo,1
arcessitus,1
ferrumen,1
infigo,1
calamistrum,1
demens,1
praeligo,1
profundus,1
comperio,1
declino,1
denudo,1
notus,1
liberalis,1
acclino,1
intempestiuus,1
nauseo,1
deuotio,1
soporatus,1
facetus,1
fidius,1
intempestus,1
carcer,1
quadrageni,1
nobilitas,1
salue,1
nutrix,1
origo,1
unicus,1
docte,1
impressus,1
intercipio,1
memor,1
consensus,1
contio,1
reconcilio,1
lenitas,1
dediticius,1
interuerto,1
seruitium,1
uoluntarius,1
cur,1
molior,1
animaduersio,1
deterior,1
confidentia,1
parricida,1
iniquus,1
obsum,1
simpliciter,1
gestus,1
curatio,1
miserabilis,1
interpres,1
salamandra,1
uoueo,1
aequalis,1
spongia,1
liquefacio,1
contamino,1
mina,1
adsum,1
denuntio,1
utrinque,1
mino,1
tonsorius,1
aegre,1
caduceator,1
accepta,1
olea,1
heros,1
atrides,1
fraternus,1
ei,1
obicio,1
item,1
contumeliosus,1
duceni,1
residuus,1
iusiurandum,1
remaneo,1
aboleo,1
fuscina,1
blandior,1
antemna,1
uolucris,1
peritus,1
artifex,1
uiscatus,1
illigo,1
uimen,1
uoluo,1
uerno,1
rotundus,1
creo,1
citus,1
adorno,1
pristinus,1
decor,1
deformitas,1
seuoco,1
decorus,1
flauus,1
auctor,1
sileo,1
adamo,1
orsus,1
uulgaris,1
hypogaeum,1
afflicto,1
singularis,1
quintum,1
alimentum,1
assideo,1
quotienscumque,1
affulgeo,1
prouincia,1
asseruo,1
secta,1
hortor,1
exulcero,1
sanitas,1
exhortatio,1
retego,1
indemnatus,1
abstinentia,1
plerumque,1
infacundus,1
castus,1
facultas,1
desideo,1
ignauia,1
maritus,1
mediocriter,1
amabiliter,1
migratio,1
concinno,1
obliquus,1
captiuitas,1
alloquor,1
coeo,1
rescindo,1
suspirium,1
obsequium,1
spintria,1
dicax,1
undique,1
italicus,1
aquilo,1
possessor,1
obnoxius,1
periculose,1
prora,1
pernicies,1
sistrum,1
uocifero,1
prope,1
uere,1
exsero,1
zona,1
infectus,1
defendo,1
diaeta,1
membrana,1
expleo,1
phreneticus,1
elaboro,1
piscatorius,1
uortex,1
umeo,1
proficiscor,1
subiectus,1
impotentia,1
cautus,1
destinatio,1
bello,1
penates,1
lapsus,1
auidus,1
adoleo,1
procul,1
sublimis,1
italia,1
exploro,1
inhabito,1
negotiator,1
sin,1
celebro,1
ignominiosus,1
latito,1
necessitudo,1
militaris,1
displiceo,1
poeticus,1
rapina,1
grassor,1
urus,1
neco,1
seruiliter,1
condisco,1
eueho,1
sodalis,1
uicies,1
destitutus,1
carthago,1
tussio,1
mendax,1
sterilitas,1
precor,1
ingredior,1
detrecto,1
maledictum,1
contumacia,1
crepitus,1
sententiola,1
generosus,1
uanitas,1
partus,1
uilitas,1
profanus,1
arceo,1
preterea,1
emineo,1
horatius,1
calcar,1
labo,1
historicus,1
ambages,1
uaticinatio,1
grauida,1
carina,1
fuluus,1
uulgus,1
certo,1
uellus,1
aduena,1
aula,1
effor,1
perses,1
pubesco,1
surripio,1
exseco,1
eneruis,1
laxus,1
citreus,1
renideo,1
sterilis,1
siculus,1
conchylium,1
aspiro,1
suffragium,1
catonium,1
illuuies,1
exedo,1
tabes,1
detero,1
reparo,1
caenum,1
libycus,1
penitus,1
parthenope,1
funestus,1
autumnus,1
uireo,1
alo,1
chaos,1
fauilla,1
lacesso,1
nimium,1
possido,1
extollo,1
struo,1
pacatum,1
sitio,1
sullanus,1
ensis,1
frux,1
defundo,1
genitor,1
penetralis,1
uer,1
impunis,1
exuro,1
cremo,1
sterno,1
thessalia,1
fragor,1
nilus,1
actiacus,1
pandus,1
nauita,1
porthmeus,1
uixdum,1
abscido,1
pauito,1
pateo,1
cynthia,1
tono,1
tremefacio,1
uoro,1
tumulus,1
dirus,1
ostento,1
breuis,1
aerius,1
rupes,1
adultus,1
mansuesco,1
radius,1
minitor,1
hesperius,1
ambo,1
omnipotens,1
testor,1
sexaginta,1
nouerca,1
ignauus,1
tropaeum,1
alea,1
horrendus,1
humus,1
incalesco,1
undo,1
paulo,1
flamen,1
confringo,1
grando,1
gelu,1
nixus,1
olympus,1
deicio,1
gigans,1
palatium,1
tonitrus,1
ferio,1
territus,1
ocior,1
icio,1
debello,1
penas,1
occulto,1
absento,1
interficio,1
coniunx,1
grandaeuus,1
ignarus,1
metuo,1
auster,1
consul,1
tremor,1
repertor,1
ouo,1
ueneror,1
bosporus,1
diuum,1
niueus,1
fugax,1
iustitia,1
lacer,1
palla,1
erebus,1
emergo,1
bellona,1
megaera,1
letum,1
insidia,1
luridus,1
abrumpo,1
uelo,1
detritus,1
umbo,1
flagro,1
pallas,1
proles,1
tirynthius,1
concerno,1
aeratus,1
scaber,1
robigo,1
tabum,1
linquo,1
erumpo,1
furibundus,1
accensi,1
desolo,1
marcellus,1
curio,1
lentulus,1
murus,1
praescribo,1
exaggero,1
resisto,1
superfluens,1
remoueo,1
explorator,1
inuidiosus,1
mendicitas,1
petulantia,1
incessus,1
prostituo,1
augurius,1
mercator,1
aestuo,1
stator,1
orchestra,1
transilio,1
succumbo,1
equester,1
humilitas,1
latebra,1
radix,1
scriptura,1
confinius,1
permisceo,1
naris,1
inflecto,1
caelicola,1
flammifer,1
guberno,1
pigeo,1
inquiro,1
adopto,1
digno,1
cultor,1
mulceo,1
reluceo,1
sol,1
progenies,1
detineo,1
imputo,1
extimesco,1
emico,1
cyperos,1
lilium,1
pratum,1
robustus,1
neglego,1
regina,1
incomptus,1
excaeco,1
soporifer,1
conscius,1
funero,1
interior,1
rescribo,1
uiolo,1
unctio,1
ualidus,1
pastus,1
bulbus,1
parcus,1
inauspicatus,1
sputum,1
purpura,1
lepos,1
aestiuus,1
platanus,1
cupressus,1
tonsa,1
amnis,1
spumeus,1
ros,1
procne,1
rus,1
myrtus,1
remotus,1
interiacio,1
paralyticus,1
crepito,1
rigo,1
conuoco,1
musso,1
penso,1
animosus,1
languor,1
corripio,1
thyrsus,1
bruma,1
mortifer,1
contumax,1
serius,1
uigor,1
senecta,1
salix,1
cognitio,1
perfrico,1
doleo,1
tragicus,1
simplicitas,1
concubitus,1
tepidus,1
persuasio,1
uiduus,1
inclutus,1
aedis,1
tutor,1
impius,1
egenus,1
quandoque,1
arrideo,1
corniger,1
hornus,1
liquor,1
uestibulum,1
strix,1
triuium,1
debilis,1
circo,1
perplexe,1
floridus,1
spissatus,1
aresco,1
niliacus,1
iners,1
zephyrus,1
flabra,1
uirgineus,1
phoebeius,1
magicus,1
proteus,1
calleo,1
frutex,1
sisto,1
fluuius,1
altar,1
carbo,1
pix,1
temperatus,1
incingo,1
cucuma,1
focus,1
particula,1
dolo,1
legumen,1
purgo,1
segrego,1
inertia,1
folliculus,1
despuo,1
indus,1
ebur,1
radio,1
deludo,1
cratis,1
salignus,1
ceres,1
rota,1
stilla,1
uimineus,1
maculo,1
testa,1
fortuitus,1
iuncus,1
fumosus,1
suspendo,1
tigillum,1
conseruo,1
sorbum,1
odoratus,1
thymbra,1
racemus,1
actaea,1
hospitus,1
trado,1
delibo,1
coaequalis,1
sinciput,1
puter,1
sella,1
statura,1
altitudo,1
foculus,1
restinguo,1
circumsisto,1
serratus,1
morsus,1
coacto,1
penis,1
harpyia,1
madesco,1
uenenum,1
perterreo,1
regia,1
diluo,1
formo,1
testum,1
excuso,1
pensio,1
offero,1
scelerate,1
flagitium,1
sacerdotium,1
impensa,1
taedium,1
homicidium,1
malignitas,1
tempero,1
acrisius,1
iurisconsultus,1
ser,1
praesente,1
clausum,1
apium,1
precatio,1
coniectura,1
iecur,1
configo,1
meracus,1
scorteus,1
insero,1
nasturcium,1
abrotonum,1
umbilicus,1
tento,1
prehendo,1
decursus,1
cruento,1
comparatio,1
caelestis,1
resipisco,1
tractatio,1
exagito,1
inscius,1
cumque,1
noxa,1
nouicius,1
biduus,1
philomela,1
successio,1
prudentia,1
salubris,1
nuncupo,1
lumbus,1
lente,1
remunero,1
oscillatio,1
desidia,1
clostellum,1
gratiosus,1
socrates,1
glorior,1
celeriter,1
inesco,1
captator,1
exhaurio,1
imminuo,1
legatum,1
hac,1
percipio,1
asto,1
exsequor,1
recusatio,1
fastidium,1
blandimentum,1
epulatio,1
scipio,1
pagus,1
