,count
et,2229
qui,2220
sum,2201
in,1418
non,1264
ut,1243
hic,1162
ego,1067
tu,932
ille,826
quod,728
cum,666
is,627
quam,623
sed,598
tuus,557
enim,538
ipse,532
si,522
num,515
ab,489
ex,455
etiam,444
omnis,438
ad,430
nec,426
meus,402
possum,400
tamen,371
multus,360
facio,343
quis,339
uideo,337
dico,325
alius,324
nam,317
magnus,301
tantus,293
princeps,291
aut,284
de,283
sui,281
suus,280
ne,275
idem,270
quidem,263
ac,262
habeo,248
uale,246
noster,243
bonus,234
ita,229
uel,223
nihil,218
nos,215
quisque,210
iam,207
do,205
an,198
tam,198
quantus,189
magis,188
atque,184
nunc,181
causa,180
uolo,179
nisi,179
quasi,179
edo,175
debeo,173
res,171
homo,171
ago,170
scribo,168
liber,164
senatus,162
dies,161
pro,159
quidam,159
puto,157
primus,153
parum,152
plinius,151
unus,150
quia,150
per,148
nullus,144
pars,140
tempus,139
audio,139
uerus,138
amicus,138
honor,136
iste,130
ergo,130
publicus,129
aliquis,120
studium,120
accipio,119
consul,118
soleo,112
locus,112
ante,111
modo,111
lex,109
nomen,107
lego,106
uir,105
opus,105
scio,104
animus,104
ratio,104
credo,103
sic,103
pater,103
peto,101
epistula,100
deinde,100
autem,99
iudicium,97
maxime,96
inter,94
gratia,92
apud,90
dignus,88
dominus,87
uenio,85
longus,84
laus,84
imperator,84
gloria,83
oculus,83
uterque,83
quamquam,82
deus,81
alter,79
quoque,79
solus,79
rogo,78
mitto,78
nouus,77
amo,77
ceterus,76
exemplum,76
ciuitas,76
modus,76
mos,75
totus,74
malus,74
cura,73
officium,73
prouincia,73
fero,72
summa,72
annus,72
praesto,72
uereor,71
mereo,71
nemo,71
ius,71
semper,70
labor,70
adeo,70
genus,70
similis,70
refero,70
amor,69
fides,69
mare,69
traianus,69
adhuc,68
plurimus,68
tunc,68
reddo,68
relinquo,68
tamquam,68
filius,68
post,67
inuenio,67
tum,67
par,67
dum,66
sententia,66
factum,66
exigo,66
consulatus,66
manus,65
oratio,65
sine,65
inde,65
statim,65
ingenium,64
recito,64
sequor,64
uita,63
simul,63
duo,62
laudo,62
iubeo,62
imperium,62
addo,61
grauis,61
parens,61
consilium,60
sub,60
diligo,60
satis,59
rursus,58
uero,58
singulus,58
domus,58
ciuis,58
bene,57
quaero,57
saepe,57
patior,57
aliqui,57
placeo,57
iucundus,57
coepio,56
probo,56
pulcher,56
denique,56
liceo,55
contra,55
gratus,55
paruus,54
sermo,54
teneo,54
suscipio,54
terra,54
mors,53
at,53
capio,53
dolor,53
posterus,53
numquam,52
eligo,52
littera,52
cupio,52
uiuo,52
mille,52
periculum,51
sentio,51
corpus,51
cogo,51
latus,51
itaque,51
otium,50
confero,50
gaudium,50
uotum,49
respondeo,49
fama,49
uoluptas,49
urbs,49
inquam,48
breuis,47
ideo,47
honestus,47
consulo,47
munus,47
censeo,47
metus,46
existimo,46
necessitas,46
tertius,46
aetas,46
alioqui,46
uirtus,45
praeterea,44
uxor,44
qualis,44
fortasse,43
cubiculum,43
cognosco,43
uoco,43
prior,42
paucus,42
altus,42
seruus,42
proximus,42
usus,42
uox,42
iuuenis,42
dignitas,42
beneficium,42
uis,41
libellus,41
quin,41
quisquis,41
alienus,41
populus,41
intersum,41
loquor,41
contingo,41
quoius,41
nego,41
interim,41
talis,41
reus,40
actio,40
seruo,39
supersum,39
adicio,39
timeo,39
immo,39
sicut,39
potius,39
auctoritas,39
diuersus,39
quamuis,38
sufficio,38
fio,38
tot,38
pecunia,38
clarus,38
ingens,38
memoria,38
certe,38
priuatus,38
postulo,37
iudico,37
uerbum,37
pertineo,37
uos,37
postea,37
siue,37
ubi,37
uilla,37
longe,36
natura,36
communis,36
uinco,36
cogito,36
augeo,36
crimen,36
dubito,36
interdum,36
mox,36
ordo,35
materia,35
secundus,35
pietas,35
proinde,35
experior,35
permitto,35
patria,35
libertus,35
recipio,35
heres,35
iter,34
auris,34
oportet,34
memini,34
cur,34
praesertim,34
accedo,34
gero,34
incido,34
quisquam,34
miror,34
finis,34
remitto,34
cedo,34
mater,34
iudex,34
laetus,34
sto,34
seu,34
differo,33
diu,33
solum,33
plerus,33
perago,33
uelut,33
doceo,33
ob,33
profero,33
summum,33
amplus,33
flumen,33
amicitia,33
emo,33
absoluo,33
ibi,33
numerus,33
omnino,32
balneum,32
sol,32
exspecto,32
prex,32
mirus,32
pariter,32
datum,32
exprimo,32
caput,32
legatus,32
libertas,32
emendo,31
tristis,31
potis,31
reliquus,31
saeculum,31
utilitas,31
diuus,31
ager,31
maneo,31
gaudeo,31
super,31
fortuna,31
reuerentia,31
admoneo,30
uenia,30
lacus,30
adsum,30
intellego,30
silentium,30
praesens,30
impetro,30
induco,30
proxime,30
clamor,30
queror,30
arbitro,30
certus,30
ullus,30
precor,30
aliquando,29
efficio,29
consto,29
sedeo,29
scriptum,29
offero,29
iungo,29
spes,29
litus,29
filia,29
carus,29
uetus,29
inuicem,29
minor,29
medius,29
indulgentia,29
quando,28
studeo,28
potestas,28
circa,28
tollo,28
uaco,28
necessarius,28
ualetudo,28
frater,28
antiquus,28
paro,28
igitur,28
delecto,28
ars,28
magistratus,28
nox,28
puer,28
qua,28
miles,28
colligo,27
prope,27
commendo,27
excipio,27
iterum,27
recuso,27
liberalitas,27
uarius,27
maritus,27
consularis,27
hinc,27
occurro,27
obsequium,26
acer,26
desino,26
uerecundia,26
retineo,26
forte,26
postquam,26
cerno,26
diligens,26
disco,26
opto,26
senex,26
nescius,26
facultas,26
modicus,26
facile,26
imago,26
copia,26
desidero,26
excedo,26
nolo,26
cognitio,26
pudor,26
obligo,26
aqua,26
respublica,26
nuper,25
planus,25
felix,25
mando,25
negotium,25
securus,25
contentus,25
decet,25
mecum,25
repeto,25
praemium,25
aufero,25
pono,25
statua,25
utor,25
fons,25
historia,24
porticus,24
interrogo,24
peruenio,24
sollicitudo,24
propono,24
uerum,24
tres,24
plenus,24
conuenio,24
modestia,24
praecipio,24
uitium,24
prius,24
reuoco,24
poena,24
sumo,24
titulus,24
iustus,24
campus,24
praecipuus,24
malo,24
durus,24
candidatus,24
posco,24
accido,24
uentus,24
uester,24
meritum,24
mollis,23
impleo,23
quies,23
libenter,23
duco,23
fruor,23
desum,23
indulgeo,23
muto,23
tribuo,23
superus,23
praecipue,23
secundum,23
grauitas,23
incoho,23
usque,23
audeo,23
salus,23
templum,23
celebro,23
imito,22
paulus,22
familiaris,22
fortis,22
constantia,22
difficilis,22
publice,22
humanitas,22
afficio,22
instituo,22
solacium,22
frango,22
indico,22
omitto,22
suadeo,22
orno,22
miser,22
humanus,22
fiducia,22
laeto,22
nosco,22
uindico,22
infero,22
intra,22
consultum,22
compono,21
decedo,21
hortor,21
mons,21
tecum,21
paene,21
postremo,21
casus,21
species,21
testamentum,21
facies,21
exerceo,21
pretium,21
amitto,21
affero,21
cena,21
uia,21
nimius,21
inuitus,21
os,21
opera,21
mora,21
ops,21
aequus,20
intendo,20
fallo,20
male,20
damnatus,20
rogus,20
dictum,20
egregius,20
auctor,20
etenim,20
contineo,20
careo,20
subeo,20
seueritas,20
moneo,20
finio,20
recedo,20
sane,20
desiderium,20
equidem,20
pereo,20
uersus,20
defungor,20
spatium,20
parcus,20
concupisco,20
cunctus,20
rarus,20
extendo,20
spero,20
olim,20
eo,20
foedus,20
redeo,20
quid,20
fenestra,20
adopto,20
edictum,20
requiro,19
excito,19
obtineo,19
nascor,19
sustineo,19
incipio,19
nepos,19
quantum,19
magister,19
recens,19
iuuo,19
iniungo,19
custodio,19
tandem,19
aduocatus,19
propter,19
frequens,19
occido,19
notus,19
senator,19
hora,19
obseruo,19
tectum,19
caelum,19
expertus,19
caritas,19
pareo,19
socius,19
certamen,19
securitas,19
fugio,18
quotiens,18
secessus,18
quiesco,18
sumptus,18
praedico,18
reprehendo,18
o,18
amarus,18
sapio,18
condicio,18
comparo,18
colo,18
contrarius,18
magnitudo,18
necesse,18
premo,18
misceo,18
turpis,18
rex,18
praebeo,18
proconsul,18
ascendo,18
femina,18
integer,18
rego,18
prosum,18
transfero,18
scriba,18
iaceo,17
intentio,17
perpetuus,17
adhibeo,17
modestus,17
curo,17
cotidie,17
timor,17
occasio,17
inspicio,17
frequenter,17
affirmo,17
nuntio,17
perdo,17
sanguis,17
narro,17
uerto,17
signum,17
orator,17
diligentia,17
impono,17
perfero,17
uestigium,17
abeo,17
constituo,17
disertus,17
soluo,17
reditus,17
ostendo,17
accuso,17
iniuria,17
aestimo,17
nonne,17
benignitas,17
moderatio,17
perinde,16
agnosco,16
dispicio,16
dux,16
praetereo,16
excuso,16
inuideo,16
demum,16
recte,16
proprius,16
grauiter,16
unde,16
ualeo,16
testis,16
specto,16
aduersum,16
uisum,16
tutus,16
transeo,16
moueo,16
incertus,16
ornamentum,16
uultus,16
huc,16
dimitto,16
nondum,16
confido,16
quemadmodum,16
gens,16
terror,16
prouincialis,16
aerarius,16
fungor,16
exercitus,16
praedium,16
dono,16
saluus,16
hiems,16
umquam,16
procedo,16
assumo,16
praeficio,16
reuertor,16
natalis,16
testimonium,16
nauis,16
comitium,16
restituo,16
neglego,15
aduentus,15
exhibeo,15
consuetudo,15
sanus,15
uicis,15
irascor,15
secor,15
nuntius,15
decerno,15
plerumque,15
stilus,15
aduocatio,15
eadem,15
subitus,15
porro,15
curia,15
ambitio,15
otiosus,15
iustitia,15
percipio,15
nescio,15
praetorius,15
auunculus,15
religio,15
caesar,15
exeo,15
taceo,15
sino,15
arma,15
defendo,15
monumentum,15
maiestas,15
designo,15
tueor,15
turba,15
augustus,15
insum,15
includo,15
ueritas,15
serius,15
initium,15
aestas,15
cursus,15
dubius,15
manifestus,15
seuerus,15
regio,15
laetitia,15
quippe,15
assequor,14
error,14
circumeo,14
possideo,14
beatus,14
somnus,14
rusticus,14
fas,14
praetor,14
haereo,14
mutuus,14
certo,14
retracto,14
prosequor,14
eximo,14
polliceor,14
cibus,14
commodus,14
recingo,14
floreo,14
sanctitas,14
maturus,14
suspicio,14
intueor,14
supra,14
adulescens,14
impendium,14
leuis,14
aeque,14
angustus,14
libero,14
libet,14
tribunus,14
felicitas,14
affectus,14
suffragium,14
sinus,14
uiso,14
uarietas,14
aequo,14
discrimen,14
admitto,14
adnoto,14
punio,14
amplius,14
sestertius,14
urbanus,14
illic,14
turbo,14
collega,14
immensus,14
consequor,14
defero,14
impero,14
numen,14
commilito,14
tanquam,14
promitto,13
dumtaxat,13
figura,13
uiridis,13
obeo,13
appello,13
dissimilis,13
decipio,13
secerno,13
aio,13
undique,13
pulchritudo,13
foris,13
medicus,13
limen,13
praeter,13
inanis,13
dulcis,13
morbus,13
scilicet,13
quo,13
praefero,13
tribunatus,13
aptus,13
complector,13
carmen,13
excutio,13
rescribo,13
diuersitas,13
appareo,13
culpa,13
faueo,13
respicio,13
desero,13
nomino,13
minuo,13
saltem,13
gestus,13
proueho,13
ultra,13
assentio,13
facilis,13
praeceptor,13
immineo,13
suspendo,13
hortus,13
propior,13
reduco,13
sidus,13
aemulor,13
uehiculum,13
accusatio,13
seruitus,13
immortalis,13
aeternitas,13
quaestor,13
gratulor,13
adulatio,13
odium,13
sedes,13
erga,13
hostis,13
emitto,12
humilis,12
euenio,12
foueo,12
utilis,12
experimentum,12
erudio,12
rideo,12
sponte,12
indignus,12
etiamsi,12
laudabilis,12
alimentum,12
orbis,12
paries,12
sollicito,12
tribunal,12
occupatio,12
pes,12
senectus,12
abstineo,12
admiratio,12
doleo,12
infirmus,12
supero,12
superbia,12
frugalitas,12
lector,12
forum,12
statuo,12
exemplar,12
uoluntas,12
tempestas,12
probus,12
dissentio,12
habitus,12
patientia,12
arduus,12
studiosus,12
numero,12
spectaculum,12
falsus,12
fingo,12
hereditas,12
exsisto,12
tempero,12
cresco,12
defensio,12
frustra,12
deprehendo,12
amissum,12
uelum,12
decem,12
absum,12
gradus,12
natus,12
equus,12
detineo,12
profiteor,12
ira,12
inuidia,12
optime,12
simplicitas,12
occupo,12
ubique,12
classicus,12
effero,12
status,12
secus,12
bonum,12
ueto,12
uter,12
proficiscor,12
aliter,12
adoptio,12
gigno,12
successor,12
principatus,12
pax,12
prospicio,11
contentio,11
desidia,11
confiteor,11
paratus,11
seruio,11
triclinium,11
sordidus,11
sollicitus,11
eloquentia,11
regulus,11
nitor,11
exsilium,11
conscientia,11
alteruter,11
noceo,11
inertia,11
contemno,11
solitudo,11
corrumpo,11
onero,11
molestus,11
caueo,11
egeo,11
incito,11
taedium,11
fructus,11
cumque,11
plebs,11
frigidus,11
trado,11
etsi,11
mediocriter,11
reuereor,11
persuadeo,11
soror,11
abrumpo,11
hercule,11
identidem,11
destino,11
prudentia,11
industria,11
nusquam,11
decus,11
solutus,11
eques,11
forma,11
uolumen,11
excelsus,11
confirmo,11
transmitto,11
lacrima,11
umbra,11
ingratus,11
abunde,11
incolumis,11
auditorius,11
fateor,11
facilitas,11
subicio,11
perficio,11
contumelia,11
decretum,11
innocens,11
deprecor,11
difficultas,11
neuter,11
perquam,11
ministerium,11
delicatus,11
theatrum,11
moror,11
tergum,11
diaeta,11
buxus,11
lumen,11
euentus,11
insto,11
auus,11
consensus,11
recordor,11
diuido,11
impendo,11
marmor,11
acta,11
extremus,11
accusator,11
donec,11
superbus,11
odi,11
concedo,11
necessitudo,11
iuro,11
amnis,11
congiarius,11
paeniteo,10
tempto,10
calculus,10
nouitas,10
semel,10
flagitium,10
gratulatio,10
expono,10
comes,10
deceo,10
penitus,10
fere,10
praeteritus,10
cogitatio,10
colloco,10
temperamentum,10
attendo,10
cunctatio,10
aliquanto,10
uinculum,10
comitas,10
congruo,10
commode,10
copiosus,10
erro,10
distringo,10
incredibilis,10
fidelis,10
circumfero,10
perseuero,10
auditor,10
imaginor,10
ardenter,10
suauitas,10
licet,10
insignis,10
romanus,10
mens,10
nummus,10
contendo,10
serus,10
assiduus,10
lectus,10
assurgo,10
quicumque,10
tranquillitas,10
principium,10
liqueo,10
erigo,10
quare,10
ulter,10
cesso,10
frons,10
nota,10
aeger,10
adiuuo,10
aeternus,10
supplicium,10
hactenus,10
tracto,10
ignotus,10
delator,10
eripio,10
pratum,10
area,10
hilaris,10
purus,10
aperto,10
xystus,10
lusus,10
offensus,10
spiritus,10
ambulo,10
paternus,10
religiosus,10
exitus,10
insula,10
uisus,10
barbarus,10
remedium,10
ripa,10
remissio,10
sacer,10
destitutus,10
ciuilis,10
prout,10
imputo,10
secum,10
digno,10
tardus,9
repugno,9
effingo,9
intentus,9
pugillaris,9
motus,9
baeticus,9
gloriosus,9
praedicatio,9
carpo,9
paenitentia,9
custodia,9
auaritia,9
impetus,9
traho,9
ludus,9
priuo,9
magnificus,9
sileo,9
impedio,9
decurio,9
obsequor,9
frequento,9
signo,9
satius,9
liberalis,9
artifex,9
capillus,9
ueneratio,9
nouissime,9
membrum,9
quartus,9
admoueo,9
euado,9
firmus,9
poeta,9
ostento,9
fabula,9
formo,9
constans,9
singularis,9
preterea,9
insero,9
exorno,9
immortalitas,9
istic,9
breuiter,9
grandis,9
tantum,9
similitudo,9
amplector,9
ualde,9
largus,9
explico,9
haesito,9
priscus,9
aspicio,9
toga,9
indicium,9
triginta,9
eiusmodi,9
praecedo,9
onerosus,9
bellus,9
cingo,9
adduco,9
onus,9
temere,9
uerendus,9
claritas,9
uendo,9
subtraho,9
missus,9
dirimo,9
conuerto,9
numerosus,9
immodicus,9
accendo,9
adiaceo,9
procul,9
retro,9
nimis,9
resumo,9
reperio,9
ignoro,9
collatio,9
resido,9
patronus,9
bellum,9
uictor,9
oro,9
obliuio,9
ueho,9
exiguus,9
contraho,9
ueneror,9
expedio,9
describo,9
repente,9
ultio,9
concordia,9
antea,9
subsisto,9
aurum,9
ignis,9
bassus,9
descendo,9
peregrinus,9
saxum,9
alo,9
platanus,9
ineo,9
exploro,9
disciplina,9
item,9
christianus,9
intelligo,9
improbus,8
amoenitas,8
contubernalis,8
utinam,8
amoenus,8
gestatio,8
pinguis,8
perfruor,8
mitis,8
committo,8
neo,8
ei,8
centumuiri,8
pronuntio,8
centumuiralis,8
terminus,8
uacuus,8
silua,8
roma,8
municeps,8
commendatio,8
reprimo,8
acclamatio,8
obuius,8
secedo,8
quot,8
sincerus,8
dicto,8
adulescentulus,8
domi,8
impello,8
decorus,8
consumo,8
ludo,8
iniquus,8
mensis,8
intro,8
merito,8
senatorius,8
simplex,8
antequam,8
quilibet,8
lux,8
cautus,8
equester,8
pondus,8
nudus,8
uineus,8
spargo,8
effusus,8
resisto,8
operio,8
aduoco,8
aestus,8
persona,8
tero,8
reseruo,8
excusatio,8
commoueo,8
sumptuosus,8
quamlibet,8
paruulus,8
castrum,8
absens,8
uulnus,8
prouoco,8
interpretor,8
positus,8
fera,8
artus,8
certatim,8
exspectatio,8
quandoque,8
praesum,8
utrimque,8
fauor,8
permisceo,8
septem,8
benignus,8
spatiosus,8
uehementer,8
eximius,8
assisto,8
uexo,8
monstro,8
summoueo,8
succedo,8
familiaritas,8
actor,8
palam,8
intermitto,8
tener,8
lapis,8
diffundo,8
aduersus,8
fluctus,8
leuiter,8
lectito,8
transitus,8
aer,8
continuus,8
contubernium,8
coram,8
agito,8
dispono,8
confundo,8
saluto,8
notabilis,8
exhaurio,8
minister,8
inquisitio,8
attollo,8
scelus,8
egredior,8
procurator,8
instruo,8
uersiculus,8
neptis,8
pontifex,8
prodo,8
sors,8
legitimus,8
quaestio,8
inscribo,8
despicio,8
propius,8
uniuersus,8
imitatio,8
improbo,8
spectator,8
inferus,8
infirmitas,8
adsuesco,8
torqueo,8
damnum,8
ignarus,8
centiens,8
sollemnis,8
publico,7
collegium,7
creber,7
coeo,7
persequor,7
obliuiscor,7
malum,7
prouideo,7
discedo,7
meditor,7
fastigium,7
satisfacio,7
merces,7
disputo,7
exercitatio,7
ingenuus,7
enitor,7
effectus,7
discerno,7
conquiro,7
ineptus,7
perspicio,7
sapientia,7
promo,7
utcumque,7
pignus,7
patrius,7
insido,7
rector,7
nequaquam,7
castitas,7
computo,7
incautus,7
mire,7
dulcedo,7
amaritudo,7
satietas,7
admiror,7
praeceptum,7
praeuaricatio,7
attingo,7
ferrum,7
arbor,7
amplitudo,7
debitum,7
largior,7
diuinus,7
iocus,7
frugi,7
uersor,7
assideo,7
intercedo,7
auxilium,7
stomachus,7
rus,7
reficio,7
forus,7
pridem,7
mortalitas,7
surgo,7
fortiter,7
lis,7
uiuus,7
ductus,7
acceptum,7
elegans,7
sonus,7
sudor,7
acuo,7
liberi,7
effigies,7
lingua,7
laboriosus,7
actus,7
saluber,7
praeualeo,7
praesideo,7
auctus,7
mortalis,7
quattuor,7
passus,7
sis,7
legatio,7
tabellarius,7
uber,7
interior,7
obscurus,7
pateo,7
pudet,7
codicilli,7
deficio,7
decimus,7
ambitus,7
colonia,7
inimicus,7
morior,7
capto,7
imbuo,7
paulisper,7
legens,7
ingredior,7
splendidus,7
demonstro,7
uiginti,7
sex,7
distineo,7
lauo,7
ornatus,7
ualidus,7
extorqueo,7
relego,7
totiens,7
perduco,7
constanter,7
philosophus,7
uix,7
corrigo,7
cohibeo,7
uiaticum,7
medium,7
speciosus,7
oppidum,7
recta,7
simulatio,7
rapio,7
clementia,7
consuesco,7
hendecasyllabus,7
ignosco,7
acerbus,7
despero,7
coheres,7
remaneo,7
comoedia,7
ora,7
situs,7
uere,7
postulatio,7
erogo,7
refert,7
cinis,7
gubernaculum,7
flamma,7
tenebrae,7
ingressus,7
portus,7
quinquagies,7
triumphus,7
principalis,7
bonitas,7
censor,7
usurpo,7
fiscus,7
aemulatio,6
editio,6
blandior,6
delicia,6
suburbanus,6
repono,6
laboro,6
tendo,6
parce,6
renuntio,6
locuples,6
uenor,6
praesentia,6
spondeo,6
cupiditas,6
demissus,6
honestas,6
appeto,6
culpo,6
sector,6
nuptiae,6
multo,6
emineo,6
aduerto,6
tabula,6
compello,6
tormentum,6
capax,6
robustus,6
praefatio,6
claudius,6
admonitus,6
recitatio,6
pauculus,6
maternus,6
municipium,6
praetura,6
ambio,6
comoedus,6
ceno,6
aemulus,6
splendor,6
adductus,6
languesco,6
prauus,6
malignus,6
dilatio,6
obsecro,6
centum,6
editus,6
infra,6
iners,6
uenalis,6
attono,6
delibero,6
promissum,6
exsoluo,6
agrellus,6
tranquillus,6
funus,6
posteritas,6
inuisus,6
sacerdotium,6
exoro,6
excolo,6
schola,6
aequalitas,6
animaduerto,6
torus,6
indoles,6
praemoneo,6
medeor,6
priuatim,6
quanto,6
quousque,6
prouidus,6
repetunda,6
miseratio,6
euoco,6
arguo,6
obuersor,6
subtilis,6
denarius,6
damno,6
festino,6
auidus,6
opinor,6
exilis,6
insolitus,6
adipiscor,6
tutela,6
munio,6
excurro,6
ualua,6
prospecto,6
interiaceo,6
nato,6
condo,6
alternus,6
frigus,6
similiter,6
distinguo,6
deprimo,6
tunica,6
pauper,6
cito,6
placidus,6
cumulo,6
astruo,6
debitor,6
commeatus,6
hospitium,6
commentarius,6
contractus,6
sapienter,6
credibilis,6
nihilum,6
persto,6
biennium,6
implicitus,6
telum,6
offendo,6
diligenter,6
electus,6
commuto,6
iulius,6
gener,6
summitto,6
saeuus,6
orbitas,6
conduco,6
nauigium,6
gremium,6
usquam,6
moderatus,6
cornelius,6
deflecto,6
corripio,6
flos,6
idoneus,6
comparatio,6
fax,6
auditus,6
depositum,6
incestus,6
confugio,6
opusculum,6
obstringo,6
pius,6
probitas,6
propinquus,6
duro,6
approbo,6
periclitor,6
superuacuus,6
pronus,6
aedes,6
tango,6
imperfectus,6
nemus,6
deueho,6
inuito,6
excido,6
alibi,6
salubritas,6
utique,6
nobilis,6
detraho,6
subsequor,6
pello,6
ruina,6
reuerens,6
intercipio,6
integritas,6
assigno,6
uetustas,6
centurio,6
pantomimus,6
fossa,6
nuncupo,6
ordinatio,6
currus,6
expeto,6
mansuetudo,6
cognatio,6
en,6
nobiscum,6
paullum,6
tumultus,6
opacus,5
auoco,5
rogatus,5
crudelitas,5
subiungo,5
nutus,5
considero,5
quatenus,5
patera,5
curro,5
timidus,5
munificentia,5
lubricus,5
pensito,5
gladiator,5
ostentatio,5
reputo,5
sinister,5
discursus,5
militaris,5
concipio,5
fortuitus,5
acquiro,5
cultus,5
insector,5
pompeius,5
denego,5
luctuosus,5
arcesso,5
abstinentia,5
temperantia,5
imbecillus,5
statio,5
retardo,5
reposco,5
amans,5
nix,5
acriter,5
breuitas,5
abundo,5
somnium,5
potens,5
aegre,5
peritus,5
institutum,5
exsequor,5
semen,5
pecco,5
electio,5
hibernus,5
expendo,5
fortitudo,5
anxius,5
mediocris,5
deformis,5
ulcisco,5
opportunitas,5
cado,5
aeuum,5
regius,5
coniunctus,5
immaturus,5
gracilis,5
occurso,5
aperte,5
innoxius,5
uulgo,5
pario,5
fastidium,5
adnitor,5
uilis,5
parco,5
societas,5
discretus,5
separo,5
triumphalis,5
uictoria,5
constitutum,5
catena,5
agmen,5
candidus,5
supplico,5
caducus,5
praesumo,5
infinitus,5
marius,5
immanitas,5
paulatim,5
consido,5
septingenti,5
frequentia,5
inusitatus,5
quinque,5
probatio,5
triduum,5
sodalis,5
efficax,5
basilica,5
exstinguo,5
longinquus,5
eicio,5
totidem,5
horreum,5
languidus,5
ferax,5
calor,5
sisto,5
meridies,5
effundo,5
porrigo,5
licentia,5
pretiosus,5
celebritas,5
debilito,5
quotus,5
impudentia,5
prorogo,5
senesco,5
lectulus,5
octauus,5
argentum,5
condio,5
illustris,5
custos,5
imploro,5
comprobo,5
milito,5
dormio,5
nempe,5
dedo,5
erubesco,5
elaboro,5
obuenio,5
color,5
ualerius,5
testor,5
fascis,5
caligo,5
uarie,5
secreto,5
reclamo,5
castus,5
inquiro,5
luctus,5
late,5
complexus,5
iuxta,5
paciscor,5
displiceo,5
abicio,5
comprehendo,5
ludibrium,5
charta,5
paetus,5
pergo,5
arrogantia,5
faber,5
iniquitas,5
prouidentia,5
suffragator,5
ecquis,5
arbitrium,5
riuus,5
haurio,5
dedicatio,5
lugeo,5
tenere,5
industrius,5
harena,5
scrinium,5
furor,5
fideliter,5
intuor,5
consurgo,5
renouo,5
contemptus,5
reicio,5
eruditio,5
conecto,5
tenax,5
aequalis,5
sublimis,5
scaena,5
ter,5
momentum,5
sensim,5
expello,5
miraculum,5
exheredo,5
margo,5
aliquantus,5
planum,5
excludo,5
densus,5
redundo,5
ratus,5
malignitas,5
conscius,5
domesticus,5
tarditas,5
prohibeo,5
sexus,5
odor,5
elegi,5
ambo,5
continens,5
inualesco,5
impense,5
denuntio,5
usura,5
particeps,5
indignatio,5
nubes,5
memoro,5
depono,5
miro,5
glorior,5
arcanus,5
nouerca,5
tragoedia,5
quoniam,5
manumitto,5
uectigal,5
libido,5
simulacrum,5
sepelio,5
discipulus,5
querela,5
loco,5
promoueo,5
puluis,5
dedignor,5
praetexo,5
uetustus,5
claudo,5
fatum,5
uigilantia,5
immanis,5
delphinus,5
subuenio,5
sterilitas,5
celeritas,5
architectus,5
notitia,5
uictima,5
alacer,5
ara,5
umerus,5
robur,5
necdum,5
osculum,5
incedo,5
curulis,5
supprimo,4
limus,4
popularis,4
assero,4
uigilia,4
mehercule,4
exolesco,4
mortuus,4
ecce,4
responsum,4
laedo,4
apprehendo,4
caecilius,4
mane,4
dissimulo,4
concutio,4
cera,4
ardeo,4
flagito,4
bibliotheca,4
uniuersitas,4
saepis,4
consisto,4
elate,4
tractatus,4
annuus,4
blandus,4
benefacio,4
destruo,4
peculiaris,4
recordatio,4
absumo,4
rumor,4
pictor,4
horror,4
tristitia,4
reformido,4
castigo,4
ango,4
peruagor,4
septimus,4
scius,4
superstes,4
succurro,4
subinde,4
simpliciter,4
creditor,4
auia,4
uigor,4
quaestura,4
puella,4
census,4
as,4
multiplex,4
caluus,4
lepos,4
uirgo,4
socrus,4
quadruplex,4
prospere,4
tueo,4
cursim,4
ictus,4
graecus,4
circumcido,4
opinio,4
inuentio,4
iugulum,4
aculeus,4
amputo,4
perturbo,4
antiquitas,4
abdo,4
gymnasium,4
uoluntarius,4
adnuo,4
clepsydra,4
scholasticus,4
limes,4
dos,4
aliquot,4
suspectus,4
aditus,4
praeparo,4
reluctor,4
rostrum,4
possessio,4
pugno,4
pronuntiatio,4
affinitas,4
existimatio,4
uinum,4
recumbo,4
luxuria,4
uito,4
specimen,4
prospectus,4
iuuentus,4
celeber,4
angor,4
inquietus,4
clauus,4
sanctus,4
exercitatus,4
aequaliter,4
claustrum,4
refringo,4
insideo,4
interficio,4
patesco,4
coetus,4
perpes,4
cornutus,4
sella,4
conspicio,4
noto,4
proconsulatus,4
familiariter,4
indecorus,4
large,4
obsto,4
depello,4
herba,4
tepor,4
circumago,4
festiuus,4
receptaculum,4
oriens,4
angulus,4
digero,4
aestiuus,4
munimentum,4
cella,4
fragor,4
uestio,4
deterior,4
remotus,4
subiaceo,4
iucunditas,4
decresco,4
insisto,4
piger,4
deinceps,4
murmur,4
egero,4
imperitus,4
examen,4
nata,4
labrum,4
digitus,4
detestor,4
mulier,4
induo,4
ordino,4
grauor,4
lyricus,4
hilaritas,4
circumspicio,4
expers,4
ala,4
excerpo,4
asperitas,4
stimulus,4
pendeo,4
aes,4
campania,4
reprehensio,4
africa,4
perscribo,4
ambiguus,4
baebius,4
fuscus,4
iro,4
norbanus,4
praesidium,4
rufus,4
audacia,4
conor,4
mutuor,4
iacio,4
auguro,4
faux,4
simulo,4
perimo,4
concido,4
hebeto,4
praeclarus,4
exsilio,4
biduus,4
amabilis,4
absento,4
mutatio,4
colonus,4
tabella,4
circulus,4
tacita,4
moleste,4
ingeniosus,4
exstruo,4
epigramma,4
argutus,4
abundantia,4
uilitas,4
fructuosus,4
auguratus,4
furtum,4
munusculum,4
reparo,4
laxus,4
ascribo,4
inauditus,4
triumpho,4
irrideo,4
sedulo,4
laxo,4
consentio,4
fido,4
refugio,4
metrum,4
libens,4
amita,4
repraesento,4
infans,4
fundo,4
acquiesco,4
unicus,4
uiennensis,4
aboleo,4
feliciter,4
indignor,4
affinis,4
dextra,4
anima,4
mensura,4
subscribo,4
sterilis,4
laurus,4
collis,4
messis,4
alueus,4
infringo,4
subiectum,4
ramus,4
auis,4
immitto,4
truncus,4
imber,4
consector,4
moderor,4
cupido,4
aggredior,4
intactus,4
rumpo,4
blanditia,4
fraus,4
ultro,4
ceruix,4
adhortor,4
accommodatus,4
propero,4
dexter,4
superstitio,4
absentia,4
emendator,4
raptus,4
minae,4
fuga,4
flecto,4
inueho,4
incendium,4
reluceo,4
agrestis,4
formido,4
uastus,4
tremor,4
mutus,4
patrimonium,4
horreo,4
uibro,4
noscito,4
mentior,4
carptim,4
suspicor,4
haesitatio,4
iussus,4
recludo,4
missa,4
salutaris,4
separatim,4
requies,4
deseruio,4
obicio,4
pulsus,4
dedecus,4
remus,4
mergo,4
pronepos,4
ignorantia,4
consors,4
lapsus,4
uindemia,4
matrimonium,4
sustento,4
lustro,4
indigeo,4
uitricus,4
perpetior,4
aquila,4
gestio,4
consummo,4
distribuo,4
incolumitas,4
arcus,4
diploma,4
consecro,4
eodem,4
ponticus,4
perhibeo,4
occulo,4
reor,4
siquidem,4
conditio,4
caedes,4
annona,4
locupleto,4
instar,4
excogito,4
paulo,3
abhorreo,3
uernus,3
nocturnus,3
eniteo,3
herennius,3
capitalis,3
conticesco,3
laqueus,3
insidiosus,3
exterreo,3
reconcilio,3
cicero,3
palleo,3
progredior,3
prudens,3
reporto,3
regnum,3
deuincio,3
minime,3
emendatio,3
detorqueo,3
immoror,3
restringo,3
exquiro,3
salubris,3
idcirco,3
adorno,3
hodie,3
uirilis,3
strepitus,3
eluceo,3
ornate,3
sublimitas,3
proceritas,3
occursus,3
conficio,3
illitteratus,3
consolo,3
sensus,3
exulcero,3
insanabilis,3
successio,3
ingrauesco,3
digredior,3
compos,3
incresco,3
mitigo,3
inflecto,3
uigeo,3
tametsi,3
contero,3
inopinatus,3
adulescentia,3
exhortatio,3
prouisus,3
allego,3
suffundo,3
deligo,3
binus,3
constructio,3
obsum,3
alloquor,3
capito,3
perterreo,3
catonium,3
pictura,3
permultus,3
recido,3
nonnullus,3
arbustum,3
uelocitas,3
immodice,3
ieiunus,3
pertinax,3
origo,3
uictus,3
febris,3
ardor,3
immotus,3
procurro,3
confusio,3
primum,3
nefas,3
conuicium,3
apto,3
emptio,3
exprobro,3
uicinitas,3
mediocritas,3
arbuscula,3
elabor,3
apte,3
exsequia,3
laudator,3
finitimus,3
creo,3
defleo,3
defigo,3
ubertas,3
tergeo,3
recondo,3
lectio,3
circumscribo,3
ferreus,3
affigo,3
nubo,3
suppleo,3
decurro,3
descriptio,3
historicus,3
poetice,3
conuiuium,3
adimo,3
opimus,3
gradatim,3
mensa,3
communico,3
quorsum,3
sordes,3
ferox,3
fomentum,3
piscor,3
suggero,3
fragilis,3
fraudo,3
concludo,3
uehemens,3
tego,3
opportunus,3
inuidiosus,3
diluo,3
dilato,3
conspectus,3
praesente,3
scindo,3
insigniter,3
quinquennium,3
discessio,3
adnumero,3
quinquaginta,3
specula,3
impar,3
remunero,3
audax,3
irreuerens,3
auspicor,3
produco,3
irrumpo,3
redimo,3
corona,3
ululatus,3
subsido,3
compositus,3
bos,3
atrium,3
laeuus,3
occidens,3
nubilus,3
serenus,3
curuo,3
ministro,3
mundus,3
hospes,3
subduco,3
hypocauston,3
cohaereo,3
calidus,3
piscina,3
inclino,3
uinea,3
morus,3
publicum,3
infundo,3
culmen,3
patens,3
obduco,3
cathedra,3
seruolus,3
persono,3
obstrepo,3
humus,3
umor,3
lignum,3
uicus,3
mollio,3
pecus,3
ioco,3
consequus,3
patruus,3
simultas,3
diduco,3
adiumentum,3
pugnax,3
discordia,3
conuinco,3
aureus,3
aperio,3
legatum,3
tenuis,3
duplex,3
distinctus,3
calceus,3
nonus,3
receptus,3
cano,3
suppeto,3
unice,3
conspicuus,3
extra,3
praeloquor,3
patrocinium,3
praecurro,3
monitus,3
latissime,3
octo,3
periculosus,3
aliquamdiu,3
interdiu,3
gusto,3
destringo,3
hispania,3
celo,3
uena,3
donum,3
potentia,3
transigo,3
fragilitas,3
piso,3
occasus,3
subdo,3
uenustus,3
infamis,3
pudeo,3
intercapedo,3
iugum,3
hispanus,3
spolio,3
cohors,3
fatigo,3
coniecto,3
coactus,3
gratuitus,3
senecio,3
ebrius,3
uenerabilis,3
apparatus,3
enuntio,3
inuado,3
pectus,3
dictus,3
contundo,3
concurro,3
feriatus,3
opportune,3
examino,3
impertio,3
arrius,3
satio,3
siccus,3
admonitum,3
refoueo,3
punctum,3
segnis,3
uicinus,3
inserto,3
deterreo,3
inuiso,3
instrumentum,3
peregrinatio,3
mancipium,3
uincio,3
sal,3
rigidus,3
emancipo,3
infamia,3
breui,3
compleo,3
coniectura,3
impudens,3
temerarius,3
macer,3
fauorabilis,3
dissolutus,3
procerus,3
maestus,3
onustus,3
decido,3
bilis,3
amictus,3
miseror,3
metuo,3
defodio,3
illustro,3
polluo,3
uiduus,3
abortus,3
demitto,3
auersor,3
alias,3
complures,3
peregre,3
educo,3
constringo,3
fecunditas,3
adiutor,3
uelo,3
destituo,3
promptus,3
angustia,3
latinus,3
edisco,3
canto,3
cithara,3
fulcio,3
mobilitas,3
lateo,3
petulantia,3
delego,3
lenis,3
orior,3
deminutio,3
dimetior,3
anulus,3
retorqueo,3
elicio,3
repleo,3
orbus,3
cunctor,3
circumdo,3
turbidus,3
tolerabilis,3
terreo,3
pestilens,3
temperies,3
aura,3
perfringo,3
lassus,3
liquidus,3
inumbro,3
astringo,3
promineo,3
caelus,3
niger,3
interuenio,3
formus,3
uitis,3
effluo,3
innato,3
fessus,3
scriptor,3
quadringenti,3
irritus,3
curiosus,3
pactio,3
attero,3
oratiuncula,3
erus,3
pertinaciter,3
questus,3
illicitus,3
datus,3
cognitus,3
coniungo,3
praefectura,3
fluo,3
familia,3
asper,3
instanter,3
impatiens,3
quamdiu,3
neglegentia,3
celeriter,3
repello,3
insolentia,3
reliquiae,3
desisto,3
temporarius,3
perpetuitas,3
classis,3
pumex,3
trepido,3
nuto,3
innitor,3
obstruo,3
clausum,3
comperio,3
arbitratus,3
amplexus,3
coniunx,3
ruo,3
aduento,3
nauigo,3
interpretatio,3
oporteo,3
nupta,3
remoueo,3
iacto,3
conuictus,3
comitatus,3
militia,3
oblectatio,3
concessus,3
poeticus,3
continuo,3
proscribo,3
significo,3
publicanus,3
consultatio,3
bis,3
salto,3
excello,3
castra,3
illucesco,3
firmitas,3
figo,3
impietas,3
leuitas,3
rudis,3
expio,3
sperno,3
innocentia,3
metior,3
antiquitus,3
castrensis,3
stipendium,3
aequitas,3
diues,3
paueo,3
penas,3
incognitus,3
aedifico,3
opprimo,3
dilectus,3
stagnum,3
uelox,3
aedis,3
dea,3
patrona,3
nauigatio,3
frumentum,3
pasco,3
compesco,3
introitus,3
calpurnius,3
psephisma,3
duodeni,3
priuilegium,3
praeeo,3
triennium,3
contumacia,3
constitutio,3
persuasio,3
enimuero,3
peristylium,3
collabor,3
iniurius,3
christus,3
contego,3
inuoco,3
sancio,3
ascisco,3
inuitatio,3
concentus,3
cognomen,3
delubrum,3
dicio,3
interea,3
erepo,3
capesso,3
uastitas,3
hostilis,3
domo,3
obscuro,3
lictor,3
admirabilis,3
profundo,3
tributus,3
fames,3
exturbo,3
scopulus,3
censura,3
resero,3
strages,3
cubile,3
luxus,3
fastus,3
praeses,3
appellatio,3
intempestiuus,2
exceptio,2
albus,2
exuo,2
bibliopola,2
gemmeus,2
solidus,2
partio,2
deuerto,2
neglegenter,2
domina,2
exsulto,2
numquid,2
crassus,2
tertio,2
inhonestus,2
inuoluo,2
fabius,2
euigilo,2
honorificus,2
stultus,2
notabiliter,2
exsul,2
nequam,2
factiosus,2
infidus,2
aper,2
enoto,2
agitatio,2
uenatio,2
incitamentum,2
laguncula,2
minerua,2
homerus,2
tantopere,2
idus,2
homericus,2
ficus,2
grauo,2
deposco,2
desidiosus,2
dedico,2
generaliter,2
deduco,2
pressus,2
propterea,2
anceps,2
lenocinor,2
dissero,2
obscuritas,2
largitio,2
educatio,2
patienter,2
iactantia,2
recenseo,2
uanesco,2
iactatio,2
assentatio,2
fultura,2
inquieto,2
atilius,2
facetus,2
latitudo,2
canus,2
barba,2
attentus,2
mas,2
socer,2
iactura,2
conflictor,2
correpo,2
quoad,2
latro,2
caluisius,2
spons,2
pigre,2
lente,2
permaneo,2
libere,2
italia,2
dica,2
percurro,2
rubor,2
decor,2
ferculum,2
flexibilis,2
contio,2
terentius,2
polio,2
portendo,2
iunius,2
aduoluo,2
genu,2
ianua,2
patefacio,2
condiscipulus,2
trecenti,2
memor,2
diuturnitas,2
disputatio,2
infigo,2
imprimo,2
animal,2
eludo,2
forsitan,2
prouenio,2
astricte,2
imbecillitas,2
caelestis,2
ridiculus,2
titius,2
singulariter,2
sitis,2
instinctus,2
sacrosanctus,2
inultus,2
insolens,2
siler,2
uendito,2
releuo,2
repto,2
memorabilis,2
octogensimus,2
pauimentum,2
tutor,2
accurro,2
sacerdos,2
fleo,2
contemplatio,2
uanus,2
addisco,2
iuuenta,2
saxeus,2
donatio,2
inaresco,2
efflagito,2
amplifico,2
refragor,2
auello,2
exaequo,2
redigo,2
continentia,2
tuba,2
perdomo,2
commeo,2
leuo,2
piscis,2
affatim,2
accresco,2
petitio,2
retraho,2
actium,2
famosus,2
dissensio,2
misericordia,2
caedo,2
metallum,2
strangulo,2
carcer,2
excio,2
permoueo,2
damnatio,2
interuentus,2
uespera,2
interdico,2
mobilis,2
seges,2
ouis,2
molestia,2
inaequalis,2
impedimentum,2
istinc,2
flamen,2
delectus,2
raro,2
declamo,2
sportula,2
terni,2
subsellium,2
scitum,2
corrogo,2
reticeo,2
euerto,2
canticum,2
uocabulum,2
laudatio,2
indignitas,2
querella,2
grex,2
armentum,2
alluo,2
subiacens,2
adnecto,2
dormitorium,2
uapor,2
cenatio,2
altitudo,2
baptisterium,2
mirificus,2
sphaeristerium,2
turris,2
uireo,2
aspergo,2
umbrosus,2
uestibulum,2
repercussus,2
inhibeo,2
fulgur,2
perexiguus,2
festus,2
puteus,2
quacumque,2
solea,2
lac,2
incolo,2
inhabito,2
addubito,2
incessus,2
consentaneus,2
austerus,2
indoctus,2
pone,2
haruspex,2
extum,2
clamo,2
sceleratus,2
aurelius,2
nequitia,2
regula,2
pila,2
lotus,2
accubo,2
appono,2
nitidus,2
agilis,2
uiuidus,2
subsigno,2
eueho,2
effugio,2
intellegentia,2
pueritia,2
rhetor,2
assensio,2
conscriptus,2
conseruo,2
incunabulum,2
sextus,2
uigilans,2
tarde,2
delegatus,2
interpellatio,2
fremitus,2
multiplico,2
instantia,2
corinthius,2
musculus,2
neruus,2
ruga,2
lacertus,2
uenter,2
inedia,2
relatus,2
incubo,2
lucceius,2
lasso,2
piacularis,2
dominor,2
iactans,2
quadragies,2
praeripio,2
congrego,2
subleuo,2
aduersor,2
gratiosus,2
praeposterus,2
suborno,2
praeuaricator,2
uidelicet,2
flagitiosus,2
obiectum,2
pomponius,2
corruo,2
increpo,2
protego,2
dispenso,2
extollo,2
musso,2
fulmen,2
amburo,2
exitium,2
impune,2
figuro,2
affecto,2
acilius,2
immobilis,2
sublatus,2
focilo,2
obnoxius,2
contexo,2
palma,2
percutio,2
suauis,2
retundo,2
hesternus,2
mirabilis,2
aegroto,2
perfodio,2
extraho,2
impingo,2
scrupulus,2
insuper,2
sedulitas,2
musicus,2
computatio,2
supellex,2
deliberatio,2
fertilis,2
possessor,2
defectio,2
tricies,2
penuria,2
dissonus,2
censorius,2
uulgaris,2
candor,2
reuerenter,2
lucerna,2
furo,2
rosa,2
postpono,2
coopto,2
profectio,2
irreligiosus,2
epulum,2
mancipo,2
insanus,2
canis,2
trucido,2
trans,2
uenustas,2
fidius,2
ebur,2
risus,2
gemitus,2
propemodum,2
nimirum,2
sortitus,2
quaestus,2
rapina,2
delinquo,2
tribus,2
dimidius,2
nouem,2
itero,2
dimissus,2
continuatio,2
contextus,2
acclamo,2
resideo,2
dolenter,2
professor,2
latine,2
maculo,2
tyrannus,2
conuoco,2
neco,2
clamito,2
subterraneus,2
recolligo,2
carnifex,2
celer,2
uirga,2
confessio,2
nuntia,2
pagina,2
salarius,2
strabo,2
pactum,2
festinatio,2
pudicus,2
quantulus,2
infantia,2
confluo,2
petulans,2
lasciuia,2
ineptia,2
nugae,2
omen,2
ominor,2
arroganter,2
praesumptio,2
praetendo,2
iocularis,2
deterius,2
inopia,2
perlego,2
orbo,2
desolo,2
mollitia,2
agon,2
perrogo,2
caecus,2
contorqueo,2
uagor,2
habito,2
conuersio,2
documentum,2
comprecor,2
recognosco,2
sarcina,2
tenuiter,2
lemma,2
exscribo,2
pingo,2
detego,2
hio,2
resorbeo,2
excursus,2
scruto,2
portio,2
praeiudicium,2
diffidentia,2
obex,2
tractabilis,2
tantundem,2
serpo,2
uenus,2
reuoluo,2
expauesco,2
aspernor,2
proauus,2
aratrum,2
perennis,2
nutrio,2
palus,2
deuexus,2
absorbeo,2
frux,2
areo,2
autumnus,2
quocumque,2
acanthus,2
ambulatio,2
protinus,2
hippodromos,2
areola,2
marmoreus,2
fonticulus,2
cornu,2
tepidus,2
perfundo,2
apodyterium,2
afflo,2
uallis,2
subsum,2
hedera,2
copulo,2
exter,2
circumuenio,2
curuamen,2
alternis,2
cauo,2
occulte,2
sedile,2
dudum,2
interquiesco,2
praepono,2
quadrans,2
index,2
sermunculus,2
intercido,2
restrictus,2
floresco,2
spolium,2
xenium,2
dictito,2
maturitas,2
prosocer,2
matronalis,2
puellaris,2
inhaereo,2
amanter,2
modeste,2
nutrix,2
uestis,2
gemma,2
tus,2
unguentum,2
effetus,2
officiosus,2
litteratus,2
inscriptio,2
decenter,2
torrens,2
loquacitas,2
praecerpo,2
flagro,2
supercilium,2
passim,2
bini,2
praecipito,2
corpusculum,2
abominor,2
cursito,2
propitius,2
ludicer,2
uixdum,2
neglectus,2
quondam,2
pugna,2
merus,2
sanitas,2
gubernator,2
lenio,2
oppleo,2
consulto,2
exedo,2
recubo,2
praenuntius,2
sulfur,2
opertum,2
surdus,2
amentia,2
fastidiosus,2
aestimator,2
occulto,2
quasso,2
circumiacens,2
pauor,2
horrendus,2
moratus,2
obtero,2
granditas,2
regero,2
factito,2
emergo,2
diutinus,2
compareo,2
scaurus,2
quadraginta,2
sagacitas,2
patricius,2
dissimulatio,2
aliquid,2
aequum,2
assiduitas,2
luo,2
adulterium,2
iulus,2
periucundus,2
deiectus,2
construo,2
dorsum,2
nonius,2
raritas,2
captus,2
ambeo,2
stipo,2
praefinio,2
temperans,2
peruro,2
ungo,2
placide,2
perseuerantia,2
uigilo,2
obrepo,2
frustror,2
dolus,2
fugax,2
lyra,2
callidus,2
sedulus,2
antecedo,2
meditatio,2
urbanitas,2
auctio,2
addico,2
nongenti,2
disperdo,2
tumidus,2
insequor,2
discepto,2
conualesco,2
probabilis,2
horresco,2
dilabor,2
uectigalis,2
antefero,2
macies,2
conuello,2
rescindo,2
ultor,2
interuallum,2
condisco,2
commissio,2
plaudo,2
pristinus,2
procuratio,2
inuitatus,2
agricola,2
paganus,2
terribilis,2
compes,2
quatio,2
inerro,2
innuo,2
lentus,2
rite,2
uertex,2
tondeo,2
scientia,2
mimicus,2
intumesco,2
ambitiosus,2
acte,2
peccatum,2
quindecim,2
allicio,2
distincte,2
communicor,2
pons,2
inicio,2
inuictus,2
ferus,2
audentia,2
inuocatus,2
pando,2
opperior,2
demens,2
exhortor,2
humilitas,2
turpitudo,2
nisus,2
fluito,2
complus,2
columna,2
praegnas,2
perhorresco,2
impunis,2
uterus,2
reformo,2
fungus,2
necne,2
accenseo,2
fidus,2
indutia,2
numerarius,2
sepono,2
deleo,2
superfundo,2
surruo,2
moles,2
trabs,2
debilitas,2
inexspectatus,2
fecundus,2
illido,2
circumfundo,2
specus,2
rescriptum,2
qualiscumque,2
insignio,2
conditor,2
decerpo,2
residuus,2
euersio,2
reueho,2
praeuenio,2
cohaerentia,2
circensis,2
pannus,2
possido,2
hamus,2
libra,2
sero,2
lucus,2
atrox,2
relatio,2
interritus,2
cruentus,2
mustus,2
scurra,2
cinaedus,2
morio,2
sepulcrum,2
mino,2
praeceps,2
funis,2
gemo,2
comprimo,2
confodio,2
orans,2
inseruio,2
centesimus,2
socialitas,2
arrogans,2
obsideo,2
implico,2
no,2
tuscus,2
admissum,2
persoluo,2
augesco,2
exactor,2
trunco,2
proficio,2
prosperus,2
urna,2
conicio,2
institutio,2
cohorto,2
locatio,2
obuiam,2
nouo,2
mensor,2
beneficiarii,2
erogatio,2
commilitium,2
sacramentum,2
uicarius,2
cloaca,2
neue,2
coerceo,2
testaceus,2
iurandum,2
quantitas,2
uacatio,2
edico,2
accusatrix,2
amplio,2
aedificium,2
legionarius,2
permissus,2
destinatum,2
ceterum,2
instructus,2
contagio,2
antepono,2
obsonium,2
commodo,2
precatio,2
altar,2
liuor,2
cruor,2
hostia,2
consaluto,2
exclamo,2
puluinar,2
exortus,2
concieo,2
era,2
deses,2
imperatorius,2
infectus,2
gelu,2
armo,2
clipeus,2
tento,2
subsidium,2
refectio,2
exaresco,2
insidiae,2
interpres,2
accingo,2
importo,2
refercio,2
instabilis,2
comito,2
donatiuum,2
egressus,2
auerto,2
moestus,2
securis,2
tumeo,2
cunctanter,2
supinus,2
refundo,2
stupeo,2
diuinitas,2
noxius,2
congero,2
delatio,2
coacta,2
praeda,2
litigator,2
extraneus,2
gentilitas,2
distraho,2
immunitas,2
piaculum,2
immunis,2
recurro,2
lacer,2
abigo,2
scriptus,2
abstrusus,2
dominatio,2
secta,2
effemino,2
mactus,2
dignatio,2
arx,2
dimoueo,2
clandestinus,2
oberro,2
saltus,2
exstructum,2
exitialis,2
contueor,2
aereus,2
freno,2
promereo,2
purpura,2
magnanimitas,2
stuprum,2
adigo,2
torpor,2
fretus,2
affirmatio,2
obtestor,2
adaequo,2
destinatio,2
inconcussus,2
tenor,2
hortatus,1
peraeque,1
indormio,1
marcus,1
mendacium,1
euripus,1
subiectus,1
diurnus,1
excursio,1
excudo,1
sortior,1
expergiscor,1
stoicus,1
intemperanter,1
camerinus,1
reminiscor,1
interrogatio,1
suppliciter,1
liuius,1
illuc,1
maligne,1
expallesco,1
rete,1
uenabulum,1
lancea,1
panarium,1
diana,1
renuo,1
gallus,1
boletus,1
calcar,1
particula,1
peruideo,1
adhortatio,1
incesso,1
propatulus,1
uulgus,1
defugio,1
sponsalia,1
erudite,1
fictor,1
subtiliter,1
pendo,1
philosophia,1
expolio,1
limo,1
serio,1
faex,1
amissio,1
fatalis,1
cruciatus,1
retinacula,1
obstinate,1
induresco,1
aprilis,1
recitator,1
dissimulanter,1
furtim,1
palatium,1
rusticitas,1
patauium,1
lactuca,1
cochlea,1
ternus,1
ouum,1
mulsum,1
oliua,1
cucurbita,1
bulbus,1
ostrea,1
uulua,1
echinus,1
dure,1
hilarus,1
polite,1
perueho,1
duriusculus,1
brutus,1
somnio,1
stropha,1
inculco,1
incomprehensibilis,1
murena,1
subscriptio,1
cluentius,1
repurgo,1
extemporalis,1
uerres,1
quisnam,1
praeuideo,1
talus,1
pertempto,1
cultura,1
far,1
siligo,1
hordeum,1
faba,1
legumen,1
fallacia,1
comicus,1
taxeus,1
pungo,1
abscisus,1
tono,1
fulguro,1
infirme,1
thesaurus,1
tolero,1
insuperabilis,1
interfor,1
eiuro,1
stultitia,1
arrideo,1
semita,1
praediolum,1
salubriter,1
superuiuo,1
perfungor,1
tremo,1
citra,1
coxa,1
cumulus,1
quinqueuir,1
uerginius,1
impotens,1
controuersia,1
amicio,1
scriptio,1
crebra,1
syllogismus,1
malitia,1
inermis,1
perpolio,1
accommodo,1
reseco,1
austeritas,1
congruentia,1
discribo,1
conuictor,1
bibo,1
gula,1
acies,1
adaequatus,1
impatienter,1
pergratus,1
nexus,1
prehenso,1
crudelis,1
frustro,1
enotesco,1
concursus,1
cupidus,1
timiditas,1
saeuitia,1
condemno,1
restinguo,1
fustis,1
miserabilis,1
septemuir,1
epulo,1
atrocitas,1
duodecim,1
gracilitas,1
dispositus,1
nocte,1
impulsor,1
stipulor,1
unguentarius,1
como,1
adrado,1
sortitio,1
exseco,1
ignominia,1
turpiter,1
pondero,1
citer,1
conductum,1
manceps,1
inurbanus,1
apo,1
foeditas,1
here,1
nomenclator,1
diuinatio,1
artificium,1
funditus,1
plausus,1
cymbalum,1
tympanum,1
occallesco,1
undecimus,1
harenosus,1
coarto,1
nitesco,1
impulsus,1
obiectus,1
hibernaculum,1
armarium,1
adhaereo,1
conceptus,1
luceo,1
sinuo,1
apotheca,1
ros,1
marinus,1
uiola,1
odoratus,1
aquilo,1
africus,1
fauonius,1
zotheca,1
eleganter,1
abdico,1
andron,1
inanitas,1
suppono,1
obliquus,1
salio,1
ostiensis,1
meritorius,1
commoditas,1
calefacio,1
dissuadeo,1
induro,1
squilla,1
mediterraneus,1
pascuus,1
uillula,1
probe,1
consessus,1
praepedio,1
relanguesco,1
extrinsecus,1
blandimentum,1
contentiosus,1
sacrificium,1
significatio,1
credulus,1
perfidus,1
periurus,1
infelix,1
allocutio,1
crucio,1
tantulus,1
improbitas,1
millies,1
ducenties,1
senus,1
aurius,1
inopinans,1
adolesco,1
horridus,1
recessus,1
latebra,1
sponsor,1
subuerto,1
amoueo,1
indicus,1
iniucundus,1
iaculatio,1
scrupulosus,1
lucubro,1
perperam,1
hac,1
parsimonia,1
manica,1
sexaginta,1
procuro,1
spiro,1
collum,1
papilla,1
tirunculus,1
iuppiter,1
basis,1
silus,1
neapolitanus,1
irreuocabilis,1
uitellus,1
comiter,1
macula,1
abluo,1
emacitas,1
adamo,1
neapolis,1
quintus,1
facinus,1
multitudo,1
uiuacitas,1
futilis,1
instigo,1
exacuo,1
caesennius,1
siluanus,1
uiolens,1
illepidus,1
praeuerto,1
nominatim,1
delitesco,1
cauda,1
facundia,1
amicula,1
io,1
perturbatio,1
offundo,1
dispar,1
extractum,1
immerens,1
altercor,1
refuto,1
obsisto,1
perdecorus,1
euocatus,1
exarmo,1
inquisitor,1
conflagro,1
confidenter,1
saluius,1
diuturnus,1
ualete,1
periculose,1
impendeo,1
liceor,1
sinceritas,1
potus,1
catilius,1
parca,1
antelucanus,1
retego,1
catus,1
uitupero,1
elocutio,1
praeclare,1
magnifice,1
circumsisto,1
uerbero,1
exanimis,1
ferueo,1
concubina,1
recreo,1
diffugio,1
macedonus,1
ominosus,1
tactus,1
subsiciuus,1
tullius,1
delenimentum,1
euello,1
fannius,1
auius,1
caecinus,1
mortifer,1
persaepe,1
prorumpo,1
stringo,1
pugio,1
calceo,1
piscatorius,1
uoluptuosus,1
atriensis,1
topiarius,1
uenatorius,1
dispergo,1
aquosus,1
cultor,1
faenero,1
arca,1
lator,1
descisco,1
competitor,1
irrepo,1
reciperatorius,1
fel,1
honoro,1
musa,1
pulso,1
tetricus,1
ibis,1
lyaeus,1
madeo,1
sarcinula,1
alligo,1
luscinia,1
psittacus,1
merula,1
curso,1
demereo,1
peruerse,1
mendax,1
adiungo,1
mella,1
profluo,1
apis,1
innecto,1
propinquitas,1
grando,1
officina,1
transcribo,1
uocalis,1
peruerto,1
mirifice,1
circulator,1
nominatio,1
augur,1
fundamentum,1
conspiratio,1
absolutio,1
infitior,1
proelium,1
sesquihora,1
successus,1
concussio,1
fronto,1
incongruens,1
squalidus,1
prodromos,1
interdictum,1
fremo,1
albanus,1
uesta,1
ducto,1
stola,1
resilio,1
contactus,1
arripio,1
obsequenter,1
uicissim,1
syllaba,1
obtingo,1
percommodus,1
praetextatus,1
habitatio,1
conspiro,1
merx,1
oblecto,1
molliculus,1
hendecasyllabi,1
ecloga,1
asinius,1
difficile,1
moneris,1
stipatio,1
naturalis,1
deductor,1
consiliator,1
lucretius,1
egestas,1
graece,1
acumen,1
magnificentia,1
partus,1
perseueranter,1
adminiculum,1
gymnicus,1
duumuiratus,1
caecitas,1
misereor,1
improuidus,1
sanguinarius,1
exsulo,1
uolubilis,1
excandesco,1
scurrilis,1
dicax,1
pulpitum,1
effreno,1
sentis,1
dulciter,1
absolute,1
gustus,1
repromitto,1
aberro,1
uescor,1
poto,1
ampulla,1
obluctor,1
singultus,1
oceanus,1
repercutio,1
libramentum,1
exinanio,1
suscito,1
conuentio,1
inique,1
testificatio,1
turdus,1
sollertia,1
permuto,1
mimus,1
disto,1
nundina,1
blande,1
repentinus,1
gaius,1
praesentio,1
insalubris,1
gelidus,1
myrtus,1
olea,1
respuo,1
maius,1
amphitheatrum,1
planities,1
caeduus,1
terrenus,1
fertilitas,1
percoquo,1
glaeba,1
proseco,1
sulcus,1
floridus,1
trifolium,1
liquor,1
seco,1
cliuus,1
atrius,1
puluinus,1
bestia,1
tonsa,1
circus,1
multiformis,1
maceria,1
porrum,1
arbustus,1
prosilio,1
coma,1
exundo,1
circumiectus,1
cotidianus,1
podium,1
tenus,1
crater,1
desilio,1
albesco,1
caldarius,1
magus,1
descensio,1
superpositus,1
scalae,1
scala,1
rigeo,1
dispositio,1
pererro,1
hemicyclium,1
cupressus,1
pratulum,1
pomum,1
flexuosus,1
columella,1
hiatus,1
splendeo,1
zothecula,1
strepo,1
attraho,1
deuius,1
uenatus,1
dego,1
praeceptio,1
aduenticius,1
supersedeo,1
uolito,1
fabella,1
iuba,1
tractus,1
colluuio,1
decemuir,1
curuum,1
uanitas,1
formula,1
splendesco,1
porta,1
consummatio,1
nundinus,1
animaduersio,1
dubie,1
mandatus,1
praeuertor,1
initio,1
archetypus,1
anilis,1
uirginalis,1
paedagogus,1
studiose,1
intellegenter,1
maeror,1
margarita,1
crudus,1
consolatio,1
clementer,1
festinanter,1
luculentus,1
enodis,1
molliter,1
perite,1
curatio,1
uolubilitas,1
inuenustus,1
callide,1
culte,1
presse,1
usitatus,1
inexplicabilis,1
maturesco,1
commoneo,1
aceo,1
inconsulte,1
circumlino,1
petitor,1
increbresco,1
irreuerentia,1
hebes,1
diuino,1
incommodus,1
apparo,1
inoffensus,1
iuuentius,1
stimulo,1
peracerbus,1
iurgo,1
uentito,1
refrigesco,1
prae,1
lepor,1
facetia,1
denuntiatio,1
nidulus,1
conditorium,1
labefacto,1
crimino,1
paucitas,1
praecursio,1
gentilicius,1
deliratio,1
clades,1
pinus,1
maculosus,1
liburnicus,1
quadriremis,1
uadum,1
diremptus,1
appropinquo,1
fulgor,1
trepidatio,1
meatus,1
peruigilo,1
commune,1
emoueo,1
ceruical,1
linteum,1
incidentia,1
linteus,1
inualidus,1
aestuo,1
illaesus,1
indutus,1
lassitudo,1
pigritia,1
cos,1
conuiuor,1
homullus,1
uigilanter,1
stabulum,1
peregrinor,1
concurso,1
emptito,1
profecto,1
formidulosus,1
imprudentia,1
ater,1
igneus,1
dehisco,1
proripio,1
caprea,1
abscondo,1
incuso,1
stratum,1
oblido,1
tenuo,1
fumus,1
nebula,1
effulgeo,1
luridus,1
regredior,1
lymphatus,1
terrificus,1
uaticinatio,1
ludificor,1
uergilius,1
elegantia,1
argute,1
aemulatus,1
subtilitas,1
enumero,1
expedite,1
gratis,1
spondeus,1
fautor,1
lares,1
ulcus,1
putresco,1
sano,1
ligo,1
effuse,1
improbe,1
ambitiose,1
temeritas,1
officio,1
plecto,1
incustoditus,1
togatus,1
administratio,1
inspico,1
ephesius,1
munificus,1
exauctoro,1
commemoratio,1
substituo,1
sempronius,1
calumnia,1
acroama,1
bracchium,1
obiaceo,1
decursus,1
agger,1
elido,1
enascor,1
importuosus,1
coepi,1
attius,1
octogenarius,1
undecim,1
octoginta,1
prorsus,1
suburanus,1
diuisio,1
eloquor,1
memoriter,1
gladiatorius,1
africanus,1
coemo,1
potio,1
poculum,1
leniter,1
transcurro,1
regno,1
reuiso,1
imprudens,1
obtusus,1
acor,1
quattuordecim,1
heroum,1
desuetudo,1
exaro,1
lasciuus,1
sauium,1
uigil,1
miseria,1
concilium,1
interloquor,1
oratorius,1
ueneficium,1
proprietas,1
argumentum,1
interscribo,1
recalesco,1
intexo,1
bellatorius,1
recolo,1
informo,1
demonstratio,1
hereditarius,1
quincunx,1
tenuitas,1
exagito,1
cursor,1
aenigma,1
uicensima,1
uindicta,1
chorus,1
pertracto,1
acerrime,1
diffido,1
pullatus,1
plurimum,1
quingenti,1
triceni,1
matrona,1
tussis,1
minaciter,1
comis,1
affligo,1
imitabilis,1
difficulter,1
adoperio,1
gallina,1
lippus,1
compactus,1
factura,1
sacerdotalis,1
productum,1
theatralis,1
corollarium,1
eruditor,1
athenae,1
seduco,1
armatus,1
languor,1
quantuluscumque,1
spatior,1
praenuntia,1
proicio,1
squalor,1
crus,1
dirus,1
crescentus,1
abscedo,1
desertum,1
monstrum,1
aduesperascit,1
sterno,1
offirmo,1
crebresco,1
incumbo,1
insono,1
folium,1
concerpo,1
effodio,1
putrefacio,1
collecta,1
culter,1
paedagogium,1
cubo,1
detondeo,1
caenum,1
furcifer,1
arbiter,1
abutor,1
conductor,1
precario,1
furiosus,1
dissimilitudo,1
uerecundus,1
augurium,1
praedicator,1
dissipo,1
honeste,1
exaspero,1
inhabilis,1
uindemio,1
negotiator,1
solutio,1
pertica,1
fabulosus,1
resulto,1
rudens,1
coeptum,1
amabo,1
iurgium,1
exacerbo,1
cicatrix,1
mentio,1
beneuolentia,1
obtempero,1
loricatus,1
signarius,1
incisum,1
insculpo,1
obtendo,1
exsero,1
putus,1
nemorosus,1
subter,1
eluctor,1
gurges,1
uitreus,1
stipes,1
contus,1
uario,1
fraxinus,1
perspicuus,1
rigor,1
fatidicus,1
sacellum,1
profanus,1
transmissus,1
solaris,1
reductor,1
uadimonium,1
funebris,1
profectus,1
distinctio,1
exsecutio,1
uerro,1
trepidus,1
elinguis,1
discus,1
tritus,1
inexpertus,1
permirus,1
utrum,1
transgredior,1
diuidus,1
transfuga,1
immitis,1
diluuium,1
tiberis,1
anio,1
proruo,1
decusso,1
obruo,1
speculum,1
immemor,1
perosus,1
praelatus,1
concilio,1
decliuis,1
dens,1
frico,1
lingo,1
leuamentum,1
incuriosus,1
commendatrix,1
perambulo,1
rota,1
obliquitas,1
caeruleus,1
albidus,1
sapor,1
medicatus,1
solido,1
herbidus,1
harundo,1
iuncus,1
extremitas,1
derado,1
carina,1
radix,1
discordo,1
onerarius,1
adhaeresco,1
desumo,1
abripio,1
alte,1
meo,1
pertimesco,1
lenitas,1
implacabilis,1
exorabilis,1
crebro,1
assector,1
aedilitas,1
cassus,1
infructuosus,1
postremus,1
aedilis,1
pupilla,1
clemens,1
praecido,1
iucunde,1
comminuo,1
umbraticus,1
ubicumque,1
pueriliter,1
agitator,1
insatiabiliter,1
desido,1
cothurnus,1
piscarius,1
garrulitas,1
poema,1
inamabilis,1
inamoenus,1
offendiculum,1
inconditus,1
urgeo,1
imperturbatus,1
progressus,1
lacesso,1
inuro,1
prouentus,1
obturbo,1
exosculor,1
querulus,1
conscendo,1
deferuesco,1
prodigium,1
impensa,1
uua,1
succenseo,1
suboles,1
tersus,1
anus,1
placabilis,1
modice,1
passerculus,1
penna,1
cauea,1
nidus,1
efferuesco,1
labo,1
insperatus,1
parabola,1
inglorius,1
strido,1
insigne,1
exsto,1
diiudico,1
enormis,1
insanio,1
gyrus,1
ambigo,1
norma,1
audenter,1
excessus,1
ibidem,1
barathrum,1
fugitiuus,1
euolo,1
necto,1
appositus,1
geminus,1
uiscatus,1
hamatus,1
caninius,1
nauigabilis,1
aestuarium,1
innutritus,1
alludo,1
adnato,1
insilio,1
gestator,1
collusor,1
sicco,1
incalesco,1
octauius,1
auitus,1
affingo,1
detero,1
abduco,1
redormio,1
firmo,1
gesto,1
translaticius,1
kalendae,1
lustrum,1
ceres,1
september,1
suffugium,1
munifice,1
meridianus,1
uer,1
promiscue,1
fundus,1
menstruus,1
obiter,1
putatio,1
quinquagesimus,1
districtus,1
paupertas,1
septemuiratus,1
etesia,1
prudenter,1
febricula,1
auspicatus,1
curator,1
asseruo,1
subex,1
oleum,1
instructio,1
intribuo,1
pignero,1
extraordinarius,1
tiro,1
firmator,1
eos,1
penes,1
frugaliter,1
inutilis,1
necessario,1
purgatio,1
munitio,1
uiolentia,1
hama,1
factio,1
arcuatus,1
quadratus,1
gratifico,1
rima,1
desideo,1
umidus,1
puter,1
substructio,1
pollicitatio,1
utiliter,1
incompositus,1
farcio,1
praecingo,1
cubitum,1
desperatus,1
imputatus,1
administro,1
perpendo,1
positio,1
caelius,1
assidue,1
fortassis,1
aduersarius,1
seruilius,1
conuentus,1
restitutio,1
applico,1
professio,1
uerecunde,1
instauro,1
uiduo,1
adueho,1
transpono,1
intercludo,1
auersus,1
detrimentum,1
porto,1
fodio,1
cataracta,1
sagax,1
libro,1
uniuersalis,1
assertio,1
incursus,1
sublabor,1
relaxo,1
exedra,1
mendosus,1
exstructio,1
laberius,1
parthicus,1
quadriga,1
pontus,1
dispensatio,1
quinquennalis,1
olympus,1
flauius,1
struo,1
flauus,1
intestatus,1
uindicatio,1
lupus,1
miliarium,1
sitio,1
foederatus,1
pertinacia,1
obstinatio,1
latrocinium,1
abnego,1
promiscuus,1
ancilla,1
ministra,1
emptor,1
platea,1
immundus,1
aspectus,1
taeter,1
accius,1
uenditio,1
ecclesia,1
anicius,1
honorarius,1
praestatio,1
uiritim,1
corono,1
dubitatio,1
athleta,1
prouidenter,1
diuinitus,1
conseruator,1
formosus,1
attineo,1
circumsto,1
accuro,1
obsolesco,1
honesto,1
confinius,1
caesaries,1
uolatus,1
nutatio,1
obstino,1
impressus,1
corrector,1
oppono,1
accio,1
externus,1
consortium,1
seruulus,1
genialis,1
laurea,1
decoro,1
aduocata,1
seditio,1
annon,1
uexillum,1
anteeo,1
fugo,1
imperatum,1
obses,1
glacies,1
transporto,1
latibulum,1
percurso,1
campester,1
turma,1
praestantia,1
comminus,1
cassis,1
ferio,1
moderator,1
tentorium,1
ueteranus,1
muralis,1
ciuicus,1
rudimentum,1
admodum,1
ferocia,1
peragro,1
legio,1
statiuus,1
alacritas,1
inuidus,1
indomitus,1
indefessus,1
expeditio,1
perdisco,1
diuerto,1
emeritus,1
commemoro,1
innutrio,1
bellicus,1
decerto,1
interfusus,1
coniectus,1
oppositus,1
propulso,1
moenia,1
torpeo,1
gladius,1
incuria,1
internuntius,1
ingigno,1
inno,1
populatio,1
abactus,1
hospitus,1
quadriiugus,1
albeo,1
prorepo,1
recepto,1
trames,1
adaugeo,1
monitor,1
cliens,1
asto,1
satelles,1
perstringo,1
diuisus,1
erado,1
edoceo,1
procreo,1
accelero,1
procer,1
defectus,1
quocirca,1
catulus,1
insectatio,1
obiecto,1
altrix,1
affluentia,1
commercium,1
exubero,1
hosticus,1
quirito,1
indictio,1
licens,1
aegyptus,1
pinguesco,1
inopinus,1
siccitas,1
mergus,1
palo,1
incandesco,1
nubila,1
uagus,1
expando,1
refugus,1
inundatio,1
prosterno,1
percrebesco,1
allium,1
superbio,1
uentosus,1
natio,1
deporto,1
subueho,1
tellus,1
ubero,1
discors,1
socio,1
genius,1
faenus,1
fallax,1
eneruis,1
fluxus,1
affectio,1
uncus,1
maledicus,1
uiolo,1
exsecrabilis,1
grassator,1
exscindo,1
intestinus,1
desuper,1
poenus,1
raptim,1
uasto,1
procella,1
inhospitalis,1
indago,1
penates,1
exsanguis,1
conuulnero,1
uenum,1
irrogo,1
abrado,1
compenso,1
insolenter,1
impie,1
egregie,1
effusio,1
curuus,1
intuitus,1
renascor,1
castigator,1
contumax,1
duplus,1
quadruplus,1
irrogatio,1
contumaciter,1
rapax,1
auarus,1
seruilis,1
ineuitabilis,1
iracundia,1
illino,1
quantopere,1
rependo,1
consideratus,1
excepto,1
sequax,1
sinistre,1
dirigo,1
infidelis,1
scaenicus,1
doctor,1
admissio,1
lar,1
salutatio,1
remoror,1
belua,1
lambo,1
femineus,1
pallor,1
adloquium,1
prodeo,1
murus,1
excubia,1
inaccessus,1
inexpugnabilis,1
succingo,1
saepio,1
irrito,1
epula,1
solitarius,1
conuiua,1
eructo,1
ganea,1
mysterium,1
obscenus,1
immigro,1
habitator,1
procumbo,1
detergeo,1
interitus,1
niteo,1
frugalis,1
suggestus,1
radio,1
adoro,1
excubo,1
postis,1
sordeo,1
innumerabilis,1
lito,1
saeuio,1
trux,1
excoquo,1
deprauo,1
diffuse,1
funestus,1
manes,1
exsecratio,1
conquiesco,1
ingemesco,1
histrio,1
seria,1
annalis,1
delibo,1
iampridem,1
repudio,1
discrepo,1
moene,1
captiuitas,1
arceo,1
sempiternus,1
demolio,1
contemptor,1
domitor,1
extemplo,1
prolixus,1
cumulate,1
iamdudum,1
praeteruehor,1
resto,1
paludamentum,1
caespes,1
pilus,1
minax,1
expleo,1
quinquies,1
sexies,1
exspiro,1
praegrauis,1
cieo,1
praefloro,1
recurso,1
tropaeum,1
incertum,1
redintegro,1
insinuo,1
paullo,1
insidior,1
susurrus,1
marcidus,1
peruigil,1
insomnis,1
machinor,1
inscius,1
concupio,1
abrogo,1
incesta,1
auspicium,1
sacro,1
nefarius,1
contamino,1
iusiurandum,1
explano,1
peiero,1
inuigilo,1
insurgo,1
creditum,1
naufragium,1
improuisus,1
percello,1
euerro,1
ignauia,1
resoluo,1
fuco,1
subdolus,1
asseueratio,1
fidelitas,1
sospes,1
quaeso,1
exsultatio,1
focus,1
intemperans,1
tempore,1
nobilitas,1
stirps,1
amplexor,1
reputatio,1
impunitas,1
coniuratio,1
eblandior,1
exardeo,1
incendo,1
abstergeo,1
proprie,1
introspicio,1
pie,1
expostulo,1
dinumero,1
hisco,1
sedentarius,1
praecursor,1
proturbo,1
uiator,1
temperatus,1
renuntiatio,1
imminuo,1
recipero,1
obsido,1
aestimatio,1
influo,1
experientia,1
astus,1
irruptio,1
obsidio,1
domito,1
transfreto,1
religo,1
reuincio,1
deformitas,1
superfluus,1
magnopere,1
duritia,1
imperito,1
segnities,1
inclaresco,1
alea,1
laxamentum,1
inconsultus,1
coniunctio,1
exardesco,1
migro,1
utrinque,1
for,1
ingero,1
recursus,1
definite,1
spoliator,1
desperatio,1
percenseo,1
derogo,1
seipse,1
gemino,1
praescribo,1
declaro,1
attribuo,1
diminuo,1
disiungo,1
exaudio,1
praedo,1
compendium,1
