,count
num,1643
et,1412
qui,1257
in,1241
sum,711
ab,698
de,697
is,620
ex,402
hic,370
siue,314
non,290
ad,279
oppidum,251
terra,237
ut,229
cum,218
mare,198
alius,190
omnis,173
natura,172
idem,171
nec,164
primus,160
genus,156
ipse,156
pars,155
appello,152
sol,143
uoco,128
aut,127
ac,127
quam,125
sed,123
nomen,121
dies,119
ille,118
sui,117
autem,115
res,110
magnus,110
per,109
dico,108
multus,107
inter,106
gens,102
amnis,102
edo,99
sidus,98
mons,98
suus,97
quisque,96
totus,93
item,93
sinus,91
aqua,90
facio,88
ratio,86
insula,86
locus,84
flumen,82
quod,80
modus,78
duo,78
deinde,76
urbs,75
liber,75
arbor,75
dictum,75
medius,74
habeo,74
uerus,74
circa,71
nunc,70
quis,69
ubi,69
luna,68
possum,68
inde,68
quidam,67
promunturium,66
auctor,65
caelum,64
reliquus,64
causa,63
ora,63
etiam,62
tantus,61
summa,60
si,60
atque,59
occasus,59
ibi,58
tempus,57
annus,56
quando,56
ante,56
uero,56
nox,55
quidem,55
animal,54
latitudo,54
mundus,53
nullus,53
mox,53
unus,52
motus,52
absum,52
homo,51
medicina,51
scribo,51
italia,51
fio,51
supra,51
modo,50
regio,50
colonia,50
obseruatio,49
litus,49
fons,48
ita,48
latus,47
trado,47
similis,47
contra,46
rex,46
maxime,46
iam,46
spatium,45
noster,45
passus,45
semper,44
populus,44
exortus,44
credo,43
prodo,43
tamen,43
orbis,43
ideo,43
quoniam,43
quondam,43
ignis,42
solus,42
alter,42
enim,42
historia,41
usque,41
opus,41
uterque,41
ager,41
iuxta,41
uideo,40
uentus,40
mensura,40
portus,40
nascor,40
piscis,40
longitudo,40
oceanus,39
unde,39
ambitus,39
fero,38
gigno,38
sine,38
graecus,38
cerno,38
haud,38
septentrio,38
deus,37
paruus,37
intus,37
ceterus,37
circuitus,37
stella,36
nubes,36
contineo,36
romanus,36
praeter,36
herba,36
lacus,36
clarus,35
quoius,35
aer,35
tractus,35
stadium,35
uis,34
incipio,34
iungo,33
roma,33
nisi,33
uel,33
miraculum,32
longus,32
externus,32
rursus,32
finis,32
quia,32
hora,32
mille,32
interuallum,31
umbra,31
existimo,31
immensus,31
sicut,31
ostium,31
magnitudo,30
altus,30
numquam,30
marinus,30
fluuius,30
tertius,30
ne,30
inferus,30
tam,30
ciuitas,30
fulmen,29
situs,29
figura,29
auis,29
parum,29
ultra,29
ortus,28
lapis,28
post,28
seq,28
namque,28
spiritus,28
inuenio,27
color,27
cornelius,27
medicus,27
oriens,27
nobilis,27
tot,27
aduersus,27
at,27
propior,26
lux,26
prouincia,26
tres,26
mirus,26
propter,26
folium,26
altitudo,26
meridies,26
corpus,25
qualis,25
os,25
condio,25
do,25
regius,25
cunctus,25
hinc,25
nos,25
proximus,25
alpis,25
antea,25
circulus,24
reddo,24
tantum,24
caput,24
usus,24
singulus,24
nouus,24
apud,24
orior,24
diuido,24
hispania,24
an,23
alexander,23
taurus,23
sacer,23
mortalis,23
dictus,23
super,23
matutinus,23
uelut,23
contrarius,22
extra,22
mirabilis,22
uniuersus,22
animus,22
antiquus,22
factum,22
ullus,22
par,22
efficio,22
pateo,22
fretus,22
muto,21
cado,21
breuis,21
signum,21
minor,21
uisus,21
uita,21
remedium,21
nihil,21
flos,21
cursus,21
saepe,21
sentio,21
aliqui,21
totidem,21
simul,21
disto,21
defectus,20
exemplum,20
uertex,20
continens,20
intellego,20
aegyptus,20
oculus,20
uinum,20
plurimus,20
addo,20
argumentum,20
traho,20
uespertinus,20
iugum,20
tu,20
corona,19
appareo,19
iulius,19
augustus,19
pontus,19
africa,19
sero,19
summum,19
niger,19
humanus,19
occidens,19
includo,19
sic,19
laeuus,19
teneo,19
quare,18
ferrum,18
minuo,18
catus,18
uetus,18
pictura,18
quantus,18
uenio,18
uitium,18
ordo,18
ago,18
argentum,18
relinquo,18
magis,18
sto,18
ob,18
umor,18
auster,18
augeo,18
amplius,18
statio,18
subeo,18
praeterea,18
cognominatus,18
caelus,17
ardeo,17
sanguis,17
differentia,17
aestus,17
iuba,17
ingenium,17
ostendo,17
aestas,17
uolo,17
materia,17
certus,17
radix,17
sequor,17
harena,17
campus,17
ergo,17
itaque,17
adicio,17
accipio,17
radius,17
longe,17
nam,17
plenus,17
exsisto,17
colligo,17
sino,17
paulus,17
ego,17
alluo,17
pyrenaeus,17
imber,16
recedo,16
pater,16
seruo,16
pes,16
consto,16
quattuor,16
hercules,16
aurum,16
uergo,16
dubius,16
plerus,16
fere,16
iter,16
exorior,16
fama,16
ulter,16
postea,16
uapor,16
ferme,16
nauigo,16
cognomen,16
tergum,16
forma,15
aristoteles,15
tuscus,15
bonus,15
animalis,15
hiems,15
origo,15
homerus,15
decido,15
sedes,15
colo,15
sub,15
effigies,15
aufero,15
quippe,15
globus,15
deprehendo,15
meridianus,15
cogo,15
paucus,15
extremus,15
procul,15
conuentus,15
nix,14
habito,14
terrenus,14
citer,14
mensis,14
generatio,14
claritas,14
piso,14
species,14
nauigabilis,14
aegyptius,14
attingo,14
publicus,14
marmor,14
aliquis,14
quartus,14
discretus,14
nomino,14
dexter,14
tum,14
aquilo,14
dimidius,14
centrum,14
solstitium,14
nauis,14
paeninsula,14
semel,13
incertus,13
diuus,13
gallius,13
agr,13
praecipuus,13
uiuo,13
morbus,13
littera,13
apis,13
instituo,13
intra,13
mos,13
condo,13
prior,13
diuersus,13
mediterraneus,13
numen,13
tamquam,13
accido,13
alibi,13
moueo,13
eo,13
dirus,13
adeo,13
praedico,13
uerum,13
manifestus,13
aequinoctium,13
secundus,13
superus,13
numerus,13
arbitro,13
flatus,13
creber,13
uastus,13
uocito,13
peto,13
angustia,13
finio,12
caelestis,12
flamma,12
accedo,12
nepos,12
graecia,12
censorius,12
chius,12
insignis,12
aduersum,12
uarius,12
fera,12
capio,12
septentrionalis,12
leo,12
redeo,12
exeo,12
ouum,12
atheniensis,12
faux,12
cresco,12
pompeius,12
cura,12
albus,12
olympias,12
misceo,12
dulcis,12
haustus,12
celeber,12
plumbum,12
umquam,12
talis,12
signifer,12
quisquis,12
aeuum,12
fateor,12
imperium,12
fundo,12
sex,12
quaero,12
interdiu,12
interior,12
uicinus,12
miror,12
ictus,12
flagro,12
puto,12
uestigium,12
stagnum,12
calidus,12
utrimque,12
baeticus,12
lumen,11
tempestas,11
bis,11
intercido,11
atlanticus,11
caesar,11
pario,11
memoria,11
uir,11
honor,11
celsus,11
serpens,11
cancer,11
cornu,11
uua,11
lycius,11
frux,11
sextius,11
facile,11
gratia,11
uicis,11
praesto,11
ius,11
experimentum,11
gemma,11
sublimis,11
septem,11
amplus,11
occulto,11
princeps,11
gloria,11
infra,11
deficio,11
desino,11
iterum,11
nitor,11
bruma,11
siccus,11
prius,11
incola,11
memoro,11
alueus,11
ignobilis,11
historicus,10
grando,10
portio,10
macedonia,10
britannia,10
siculus,10
aethiopius,10
licinius,10
partus,10
gero,10
mors,10
elephantus,10
placeo,10
coepio,10
uirgo,10
aliquando,10
malus,10
lingua,10
tenuis,10
fructus,10
graece,10
frigidus,10
oleum,10
bellum,10
apollo,10
iuppiter,10
gallicus,10
magus,10
uenus,10
peruenio,10
celebro,10
nauigatio,10
templum,10
profecto,10
nemo,10
uia,10
meatus,10
attollo,10
ingens,10
nocturnus,10
brumalis,10
imperator,10
uolumen,10
capax,10
puteus,10
descendo,10
etiamnum,10
prodeo,10
emitto,10
recipio,10
procella,10
undique,10
modicus,10
defero,10
infundo,10
conterminus,10
fluo,10
accolo,10
carthago,10
tantundem,10
phrygius,10
qua,9
turbo,9
fulgur,9
lac,9
portendo,9
hiatus,9
polybius,9
pretium,9
manus,9
fabius,9
uisum,9
draco,9
uestis,9
aquatilis,9
quo,9
seco,9
macer,9
consul,9
uenenum,9
intereo,9
lignum,9
frons,9
aetas,9
geminus,9
nota,9
pariter,9
sucus,9
floreo,9
semen,9
centum,9
statua,9
sal,9
nobilitas,9
pingo,9
metallum,9
positus,9
pro,9
aeternus,9
excedo,9
plerumque,9
grauis,9
prope,9
refero,9
iste,9
significo,9
igneus,9
nosco,9
ambio,9
flexus,9
iacio,9
conuenio,9
specto,9
emergo,9
triquetrus,9
profundus,9
complector,9
rarus,9
ceu,9
hibernus,9
quin,9
dux,9
cubitum,9
aequinoctialis,9
pono,9
nouem,9
fides,9
rhodus,9
murus,9
dignus,9
cognomino,9
excurro,9
influo,9
appono,9
pomponius,8
uerrius,8
antiochia,8
genero,8
uarietas,8
decem,8
effero,8
sabinus,8
claudius,8
sensus,8
reperio,8
rhodium,8
intro,8
mollis,8
luxuria,8
nihilum,8
uox,8
fabulosus,8
probo,8
alienus,8
exitus,8
facies,8
spina,8
indicus,8
gallus,8
tardus,8
palus,8
meus,8
aureus,8
eadem,8
pondus,8
bassus,8
datum,8
auctus,8
columna,8
inueho,8
exter,8
mens,8
immo,8
terminus,8
internus,8
subinde,8
uiginti,8
assiduus,8
candidus,8
dubie,8
quoque,8
similiter,8
liquor,8
quamuis,8
ardor,8
impleo,8
uinco,8
repente,8
excelsus,8
plaga,8
solstitialis,8
angustus,8
igitur,8
desertum,8
multitudo,8
secum,8
scio,8
emico,8
nauigium,8
accendo,8
regnum,8
erumpo,8
specus,8
secor,8
africus,8
obtineo,8
quinque,8
castellum,8
excipio,8
marius,8
uersus,8
aethiopus,8
ciuis,8
aequor,8
uerro,8
pons,8
introrsus,8
assigno,7
stata,7
lana,7
quomodo,7
circumdo,7
obseruo,7
permuto,7
haurio,7
thessalia,7
porta,7
filius,7
illustris,7
dens,7
ars,7
felix,7
flaccus,7
acta,7
pugna,7
dono,7
lex,7
lemnius,7
spiro,7
digestio,7
careo,7
mas,7
lateo,7
sido,7
ubique,7
planum,7
effectus,7
frutex,7
occido,7
gallinaceus,7
peregrinus,7
audio,7
subtilitas,7
mel,7
conficio,7
membrum,7
aspicio,7
uena,7
celeriter,7
uergilius,7
odor,7
ruber,7
patior,7
lenaeus,7
olea,7
sponte,7
debeo,7
initium,7
fertilitas,7
hortus,7
petronius,7
damium,7
arabicus,7
bellus,7
egero,7
domus,7
laudo,7
intersum,7
infinitus,7
furor,7
praesertim,7
sonitus,7
equidem,7
innumerus,7
praecipue,7
tendo,7
tenebrae,7
tempero,7
dum,7
ara,7
iuuo,7
aliter,7
quisquam,7
oraculum,7
occupo,7
ignoro,7
alias,7
raptus,7
porricio,7
exuro,7
comperio,7
septimus,7
donec,7
deduco,7
medium,7
percutio,7
margo,7
transeo,7
interuenio,7
procedo,7
uiso,7
bosporus,7
duro,7
impello,7
fluctus,7
desum,7
hodie,7
scientia,7
caurus,7
torrens,7
abrumpo,7
exsto,7
arma,7
impono,7
solitudo,7
accola,7
nilus,7
incrementum,7
olim,7
traicio,7
saltus,7
distermino,7
collis,7
inclutus,7
elementum,6
cometes,6
prodigium,6
pluo,6
arcus,6
pruina,6
salsus,6
creta,6
auersus,6
conceptus,6
similitudo,6
femina,6
iudico,6
ponticus,6
terrestris,6
canis,6
fenestella,6
physicus,6
pergamenum,6
agricultura,6
epitome,6
belua,6
hirundo,6
saepis,6
purpura,6
coeo,6
digitus,6
adhuc,6
diuersitas,6
sitis,6
studium,6
cibus,6
auris,6
ceruix,6
centenus,6
uictus,6
palma,6
punicus,6
scorpio,6
uitis,6
atticus,6
siluestris,6
satis,6
quotiens,6
aro,6
papauer,6
autumnus,6
uolucris,6
argenteus,6
aries,6
mergus,6
uulnus,6
saxum,6
duco,6
equester,6
signo,6
opera,6
bitumen,6
senex,6
miles,6
pagus,6
innumerabilis,6
occurro,6
planus,6
absoluo,6
moles,6
congruo,6
dubito,6
omnino,6
scelus,6
sententia,6
sors,6
diues,6
nimius,6
pertineo,6
mentio,6
aperio,6
octauus,6
gelidus,6
rigor,6
remotus,6
conspicuus,6
humilis,6
coitus,6
principium,6
siquidem,6
obduco,6
palam,6
supero,6
proxime,6
polus,6
praeterquam,6
subiectum,6
uibro,6
perpetuus,6
remeo,6
fertilis,6
fecundus,6
transitus,6
ferueo,6
tectum,6
diligens,6
fragor,6
gaudeo,6
fauonius,6
late,6
immunis,6
patens,6
turris,6
planities,6
intumesco,6
circumfundo,6
repleo,6
illinc,6
recessus,6
uadum,6
profluo,6
nemus,6
aliquot,6
aegaeus,6
quamquam,6
latio,6
amoenus,6
castrum,6
stipendiarius,6
commercium,6
deleo,6
pigeo,6
isthmus,6
celticus,6
inscribo,6
cur,5
inaequalitas,5
repentinus,5
canicula,5
nebula,5
ros,5
imago,5
enascor,5
gracilis,5
domitius,5
triumphus,5
ephorus,5
achaei,5
persicus,5
numerosus,5
eximius,5
periculum,5
scythicus,5
fabula,5
crocodilus,5
mus,5
equus,5
scipio,5
mamilius,5
poeta,5
transfero,5
luceo,5
claudo,5
uenenatus,5
rumpo,5
aemilius,5
phoenix,5
odoratus,5
fames,5
somnus,5
formica,5
cauus,5
uber,5
alimentum,5
religio,5
neco,5
marsyas,5
probatio,5
acetum,5
malum,5
liquidus,5
ramus,5
appellatio,5
cinis,5
utor,5
rigo,5
riguus,5
lunaris,5
tonitrus,5
prosum,5
sapor,5
silus,5
apium,5
campanus,5
cera,5
quicumque,5
interpretatio,5
simus,5
auctoritas,5
corinthius,5
inuentor,5
creticus,5
ferus,5
placidus,5
digero,5
senatus,5
opinio,5
pecunia,5
metallicus,5
inmodicus,5
spargo,5
artifex,5
simulacrum,5
institutum,5
aedificium,5
crinis,5
libet,5
dego,5
coniectura,5
consumo,5
egredior,5
aptus,5
quacumque,5
circumago,5
indico,5
saeculum,5
leuis,5
ruo,5
pendeo,5
immobilis,5
illustro,5
nubila,5
quapropter,5
uado,5
meritum,5
poena,5
pello,5
reuoco,5
uulgo,5
differo,5
multo,5
tracto,5
rigeo,5
conuerto,5
ocior,5
aequus,5
deiectus,5
scius,5
soluo,5
inaequalis,5
iustus,5
necesse,5
amplector,5
cacumen,5
exercitus,5
crepitus,5
admodum,5
citra,5
occulo,5
meo,5
alioqui,5
flexuosus,5
protinus,5
expello,5
deprimo,5
reciproco,5
subter,5
retro,5
degredior,5
diuiduus,5
obliquus,5
nubilus,5
consulatus,5
fax,5
austrinus,5
ciuilis,5
natus,5
incendium,5
memorabilis,5
inanis,5
pluuius,5
nego,5
umidus,5
serenus,5
tutus,5
aestiuus,5
sopio,5
exigo,5
sorbeo,5
sustineo,5
aduro,5
narro,5
alo,5
extraho,5
cuniculus,5
tandem,5
assurgo,5
cognitus,5
silua,5
transgredior,5
ritus,5
sicuti,5
eodem,5
poenus,5
auidus,5
asper,5
sermo,5
bruttius,5
foederatus,5
complures,5
barbarus,5
liburnus,5
oratio,5
tiberis,5
dirimo,5
nusquam,5
fossa,5
scopulus,5
frater,5
praefluo,5
porrigo,5
tumulus,5
iudaeus,5
agnosco,4
noto,4
diurnus,4
tremo,4
caelius,4
achaia,4
capito,4
uterus,4
auditus,4
iudicatus,4
felicitas,4
raritas,4
familia,4
iubeo,4
anima,4
consensus,4
cicero,4
discordia,4
proprius,4
bestia,4
lupus,4
aquaticus,4
uitulus,4
ursus,4
concipio,4
bos,4
pecus,4
capra,4
uiuarium,4
columella,4
sura,4
indicium,4
societas,4
testudo,4
exsilio,4
augurium,4
natio,4
ostrea,4
dactylus,4
accipiter,4
coruus,4
martius,4
abeo,4
potus,4
nata,4
pictor,4
cous,4
araneus,4
sonus,4
binus,4
iocur,4
haruspex,4
quaterni,4
neruus,4
crassus,4
contingo,4
indus,4
pomum,4
ephesius,4
citreus,4
frugifer,4
pix,4
pineus,4
insero,4
cortex,4
lotos,4
harundo,4
sagittarius,4
uetustus,4
troianus,4
argi,4
minime,4
euentus,4
scrobis,4
propago,4
frumentum,4
cassius,4
astrum,4
dictator,4
perficio,4
bulbus,4
serus,4
malua,4
meridie,4
pabulum,4
caulis,4
heliotropium,4
notitia,4
exerceo,4
artemisia,4
carbunculus,4
custodio,4
amor,4
triduum,4
mergo,4
subito,4
militaris,4
aes,4
electrum,4
minium,4
ops,4
publice,4
antiquitus,4
uro,4
fistula,4
propono,4
certamen,4
cantus,4
uerto,4
paries,4
pauimentum,4
thrax,4
complexus,4
scruto,4
doceo,4
celeritas,4
labor,4
continuus,4
confundo,4
interpretor,4
uocabulum,4
uitalis,4
mutuus,4
cardo,4
uniuersitas,4
potestas,4
praeclarus,4
mortalitas,4
suimet,4
canus,4
alternus,4
coniectatio,4
cogito,4
uagus,4
erudio,4
praefero,4
potentia,4
affigo,4
exstinguo,4
fulgor,4
tricesimus,4
saturnus,4
quintus,4
nuncupo,4
perago,4
quadraginta,4
peculiaris,4
aperto,4
torqueo,4
annalis,4
repercussus,4
absumo,4
pasco,4
scilicet,4
meta,4
recingo,4
abscedo,4
pridie,4
confiteor,4
breuiter,4
affero,4
superne,4
ducenti,4
aeque,4
proficio,4
capricornus,4
libra,4
scando,4
uiolentia,4
euenio,4
incido,4
blandus,4
fugio,4
aequo,4
uere,4
abdico,4
cesso,4
iucundus,4
fallax,4
paene,4
promitto,4
fumidus,4
saeuus,4
uerbum,4
septemtrio,4
inprobus,4
qualiter,4
uigilia,4
hactenus,4
sicco,4
auctumnalis,4
afflo,4
conchylium,4
exhalo,4
caligo,4
potius,4
denso,4
tranquillus,4
scindo,4
ignotus,4
etiamsi,4
auaritia,4
subtilis,4
uulturnus,4
compono,4
ligusticus,4
flo,4
etesia,4
frequens,4
incoho,4
saluber,4
noxius,4
comprimo,4
iaceo,4
campania,4
exhaurio,4
attribuo,4
proficiscor,4
lucus,4
tango,4
parens,4
cremo,4
monumentum,4
caro,4
operio,4
titulus,4
pestifer,4
delicia,4
admitto,4
uiscus,4
fodio,4
arceo,4
solidus,4
incolo,4
adsum,4
resideo,4
supersum,4
indium,4
peruius,4
computo,4
infestus,4
hannibal,4
tunc,4
temperies,4
pareo,4
praecedo,4
deuoro,4
quatio,4
neapolis,4
pulsus,4
boeotius,4
excludo,4
laxitas,4
dicio,4
aestuarium,4
largus,4
athenae,4
extinguo,4
procurro,4
effundo,4
epistula,4
flecto,4
transuersus,4
municipium,4
perses,4
error,4
contribuo,4
praetendo,4
affundo,4
magnificus,4
liberi,4
latinus,4
uarus,4
adnecto,4
pelasgi,4
conditor,4
laus,4
arx,4
mercurius,4
condicio,4
olympus,4
praeiaceo,4
interiaceo,4
quingenti,4
aio,4
refercio,4
tetrarchia,4
cilicium,4
eligo,4
tuus,4
iudex,4
geometricus,3
lampas,3
trabs,3
clipeus,3
ostentus,3
coquo,3
proprietas,3
zona,3
horologium,3
fluctuor,3
disciplina,3
philosophus,3
trans,3
ateius,3
magnesium,3
grammaticus,3
syrtis,3
mathematicus,3
aethiopicus,3
fortunatus,3
suboles,3
infans,3
scalpo,3
caelo,3
subitus,3
sepultura,3
phylarchus,3
fetus,3
camelus,3
lynx,3
stellio,3
cochlea,3
simia,3
indigenus,3
pilus,3
quot,3
gladius,3
calculus,3
squama,3
penna,3
polypus,3
echinus,3
concha,3
tingo,3
scolopendra,3
urtica,3
spongia,3
sordes,3
uenter,3
uoluo,3
piscina,3
aelius,3
sudus,3
aquilus,3
legio,3
rogus,3
uultur,3
interimo,3
inauspicatus,3
cornix,3
loquor,3
ciconia,3
discedo,3
merula,3
perdix,3
uolatus,3
pastus,3
gallina,3
positio,3
bombyx,3
cantharis,3
mobilis,3
renascor,3
naris,3
uolucer,3
rana,3
arteria,3
stomachus,3
pulmo,3
bini,3
decresco,3
aluus,3
pectus,3
ile,3
membrana,3
adeps,3
mamma,3
testis,3
sedeo,3
scrofa,3
tus,3
murra,3
mastiche,3
calamus,3
macedonus,3
ficus,3
assidue,3
papyrus,3
cultura,3
generosus,3
gener,3
faex,3
cotoneum,3
nux,3
myrtus,3
glans,3
carbo,3
coccum,3
communis,3
senesco,3
cupressus,3
salix,3
infesto,3
paro,3
uilla,3
milium,3
rapum,3
satio,3
solum,3
oporteo,3
faenum,3
messis,3
philippus,3
meto,3
uelum,3
quotus,3
marcius,3
satiuus,3
lapathum,3
eos,3
lychnus,3
uireo,3
musca,3
spons,3
inficio,3
acanthus,3
paederos,3
miliarium,3
spuma,3
recens,3
sapa,3
dolor,3
chelidonia,3
potens,3
xanthus,3
acte,3
aethiops,3
absinthium,3
mulier,3
seruio,3
caecilius,3
admiratio,3
ouidius,3
obliuio,3
taedium,3
lapideus,3
medico,3
aestimatio,3
scoria,3
tympanum,3
priuatim,3
sisto,3
inhibeo,3
clupeum,3
dignitas,3
induco,3
difficilis,3
puluis,3
libertus,3
pharos,3
diana,3
fugitiuus,3
septies,3
calx,3
uertigo,3
sucinum,3
indago,3
audeo,3
occasio,3
incubo,3
quasi,3
nescio,3
formus,3
concentus,3
adiuuo,3
discribo,3
suspendo,3
tellus,3
nisus,3
consisto,3
erro,3
aestimo,3
pestis,3
adopto,3
matrimonium,3
ater,3
editus,3
morior,3
fingo,3
fessus,3
multiplex,3
excogito,3
denique,3
fallo,3
caecus,3
obnoxius,3
sufficio,3
imperfectus,3
defungor,3
declaro,3
obscurus,3
nobiscum,3
concretum,3
demonstro,3
obliquitas,3
praeceps,3
conuoluo,3
duodeni,3
uicinitas,3
ambo,3
salutaris,3
trecenti,3
quini,3
refulgeo,3
uesper,3
circiter,3
familiaris,3
multiformis,3
curuo,3
caedes,3
ignarus,3
uiceni,3
septeni,3
consequor,3
fulgeo,3
conspicio,3
mucro,3
detego,3
adimo,3
uastitas,3
amplitudo,3
classis,3
necessarius,3
detraho,3
interdum,3
appropinquo,3
quadratum,3
praetereo,3
exsurgo,3
naturalis,3
d,3
uagor,3
articulus,3
parcus,3
statuo,3
penso,3
quindecim,3
insum,3
angulus,3
fortassis,3
iaculor,3
diuinus,3
tempto,3
turbidus,3
uicies,3
coniecto,3
sextus,3
comprehendo,3
curro,3
perpendiculum,3
citus,3
pudor,3
resto,3
dolium,3
concauus,3
imito,3
contueor,3
tibia,3
ludus,3
gaudium,3
undecimus,3
immortalis,3
posterus,3
obeo,3
prosperus,3
aduentus,3
torreo,3
resilio,3
liceo,3
iactus,3
annuus,3
accessus,3
arcturus,3
fluctuo,3
intentus,3
exquiro,3
demergo,3
lucto,3
findo,3
attero,3
fatidicus,3
aridus,3
exspiro,3
confringo,3
umerus,3
uallis,3
rupes,3
aura,3
occursus,3
huc,3
discors,3
arduus,3
praemium,3
dispergo,3
fortuna,3
octo,3
argestes,3
uer,3
mollio,3
nonnullus,3
sterno,3
saeuitia,3
niualis,3
animo,3
lenis,3
profero,3
cutis,3
incursus,3
ruina,3
prosterno,3
accenseo,3
furo,3
corium,3
exhalatio,3
casus,3
mitis,3
fulguro,3
priuo,3
omitto,3
sulla,3
uanitas,3
exanimo,3
diruo,3
lucanus,3
crebro,3
ueho,3
uernus,3
resoluo,3
gremium,3
mater,3
noxa,3
facilis,3
merito,3
ingratus,3
opulentia,3
excelsitas,3
turba,3
eminens,3
paulatim,3
cohaereo,3
propius,3
lino,3
pando,3
cognosco,3
exploro,3
aduerto,3
scriptum,3
premo,3
incedo,3
fastigium,3
pila,3
decimus,3
piraticus,3
specula,3
prouenio,3
proceritas,3
urgeo,3
clades,3
grassor,3
maritimus,3
resido,3
innoxius,3
socialis,3
inundatio,3
maeander,3
pridem,3
fluito,3
triginta,3
mortifer,3
opacus,3
neon,3
inundo,3
aliunde,3
centesimus,3
spatiosus,3
nonus,3
delubrum,3
ripa,3
feruor,3
arcadia,3
poto,3
innato,3
defendo,3
babylo,3
chimaera,3
riuus,3
densus,3
laconicus,3
patro,3
inhabitabilis,3
patria,3
nudus,3
irrumpo,3
uictor,3
decurro,3
cultus,3
praeficio,3
braca,3
germanus,3
proelium,3
profusus,3
obiter,3
beatus,3
amoenitas,3
perfundo,3
retineo,3
siren,3
forus,3
praetorius,3
aditus,3
picens,3
sepelio,3
regno,3
stirps,3
falsus,3
rhenium,3
inscriptio,3
ualidus,3
proprie,3
frequento,3
achaius,3
refugio,3
defluo,3
neo,3
pierius,3
conuallis,3
dextra,3
macedonicus,3
derigo,3
circumeo,3
lapsus,3
lego,3
palmetum,3
iurisdictio,3
smyrna,3
eloquentia,3
iudicium,3
profiteor,3
libellus,3
canonicus,2
catholicus,2
musicus,2
discursus,2
fulgetrum,2
prodigiosus,2
auxilium,2
spiraculum,2
maltho,2
naphtha,2
sulpicius,2
tarquitius,2
sergius,2
fabricius,2
cyclas,2
liuius,2
sexus,2
grauidus,2
excido,2
metior,2
praeproperus,2
uelocitas,2
uirtus,2
innocentia,2
praeceptum,2
diuinatio,2
excellens,2
aerarius,2
colus,2
chordus,2
uestalis,2
domo,2
sollertia,2
urus,2
africanus,2
tigris,2
interficio,2
prognosticon,2
sublatus,2
hyaena,2
onager,2
fibra,2
lutra,2
ceruus,2
alpinus,2
rabies,2
asinus,2
iumentum,2
sus,2
lepor,2
noceo,2
dormio,2
thunnus,2
mustela,2
mullus,2
uocalis,2
rhombus,2
passer,2
murena,2
locusta,2
pinoteres,2
clauus,2
praetexo,2
amethystos,2
torpedo,2
anthias,2
amicitia,2
maecenas,2
flauus,2
mitto,2
aucupor,2
bubo,2
noctua,2
picus,2
unguis,2
pauo,2
farcio,2
grus,2
occultatio,2
palumbes,2
perennis,2
auius,2
merops,2
columba,2
incessus,2
seditio,2
disco,2
lagopus,2
ueto,2
urina,2
tactus,2
affectus,2
insectus,2
fucus,2
erice,2
uespa,2
cicada,2
scarabaeus,2
culex,2
capillus,2
eruo,2
labrum,2
collum,2
cor,2
extum,2
fel,2
risus,2
splen,2
uolua,2
sudor,2
principatus,2
tergus,2
notabilis,2
caseus,2
coagulum,2
genu,2
crus,2
genitalis,2
cauda,2
pasta,2
platanus,2
condimentum,2
persido,2
amomum,2
cinnamum,2
casia,2
galbaneus,2
malobathron,2
omphacium,2
unguentum,2
damascenus,2
cedrus,2
alexandrinus,2
cyprius,2
siliqua,2
subnascor,2
charta,2
paliurus,2
balaustium,2
tragus,2
ferula,2
uinea,2
inuentio,2
mulsum,2
nuper,2
mustus,2
resina,2
uas,2
cella,2
quamdiu,2
struthius,2
nouissime,2
pirum,2
acinus,2
laurus,2
glandifer,2
agaricum,2
piceus,2
taeda,2
taxus,2
fraxinus,2
acer,2
ulmus,2
campester,2
infelix,2
perdo,2
faba,2
rubus,2
rima,2
glutino,2
sata,2
fimum,2
tarde,2
insitio,2
stercoratio,2
uilitas,2
annona,2
triticum,2
hordeum,2
siligo,2
panicum,2
napus,2
lupinus,2
auena,2
iuger,2
calpurnius,2
linum,2
tuber,2
radicula,2
lacrima,2
cannabis,2
cucumis,2
erraticus,2
raphanus,2
porro,2
brassica,2
libycus,2
montanus,2
origanum,2
compositio,2
castor,2
honoro,2
luteus,2
amaracus,2
hyacinthus,2
ruscum,2
chamaeleon,2
lappa,2
ter,2
asphodelus,2
iuncus,2
uestinus,2
pigmentum,2
tribulis,2
albanus,2
oxymyrsine,2
pruna,2
italicus,2
gramen,2
paeonius,2
achilleus,2
sumo,2
ebulum,2
molybdaenum,2
erysithales,2
acopos,2
nymphaea,2
paeonia,2
muscus,2
phalera,2
medeor,2
sancio,2
puer,2
hircus,2
haedus,2
taurinus,2
ouis,2
uipera,2
limax,2
uermis,2
anas,2
cimex,2
magice,2
sorex,2
oro,2
tollo,2
canorus,2
amarus,2
sano,2
ualetudo,2
antipathia,2
fluuiatilis,2
murex,2
sepia,2
silurus,2
anulus,2
decuria,2
nummus,2
apparatus,2
inauro,2
uiuus,2
alabaster,2
religiosus,2
lectus,2
iunius,2
ornamentum,2
robigo,2
argentarius,2
cerussa,2
morsus,2
uerendus,2
podagra,2
ulcus,2
muliebris,2
antiquitas,2
uictoria,2
penicillum,2
compesco,2
camara,2
exprimo,2
samius,2
pensilis,2
magnes,2
sarcophagus,2
structura,2
uitrum,2
macula,2
pestilens,2
crystallum,2
mentior,2
adamas,2
polio,2
comparatio,2
quaestio,2
artificium,2
inrequietus,2
roto,2
incredibilis,2
preterea,2
duodecim,2
suspendium,2
pendo,2
uolubilis,2
necto,2
rector,2
decet,2
discutio,2
reor,2
metus,2
cupio,2
fanum,2
aedes,2
aliqua,2
obscenus,2
pudeo,2
iuro,2
claudus,2
impudentia,2
odium,2
furtum,2
uix,2
famulor,2
gesto,2
monstrum,2
damno,2
inuoco,2
arguo,2
acceptum,2
otium,2
praescio,2
affligo,2
inuoluo,2
miser,2
superbus,2
ambitio,2
maleficium,2
irritus,2
facetus,2
adnumero,2
fatum,2
abundantia,2
accensi,2
intexo,2
regredior,2
conuersio,2
rapio,2
celer,2
intercalarius,2
aemulus,2
prorogo,2
alteruter,2
stimulo,2
treceni,2
maculosus,2
laboro,2
admoueo,2
biduus,2
mutuor,2
nondum,2
masculus,2
contemplatio,2
ostento,2
obiectus,2
hebeto,2
ingruo,2
praealtus,2
confinius,2
purus,2
menstruus,2
intercedo,2
limes,2
large,2
dubitatio,2
tacita,2
opacitas,2
uulgus,2
tribunus,2
libero,2
inuestigo,2
particeps,2
solutus,2
ueneficium,2
dissonus,2
ignosco,2
argumentatio,2
obsto,2
quanam,2
rego,2
assequor,2
mars,2
distantia,2
momentum,2
munus,2
dissimilis,2
accelero,2
lineus,2
propinquitas,2
uicesimus,2
conexum,2
squaleo,2
laxus,2
octoni,2
approbo,2
deminuo,2
habitus,2
triangulus,2
superuenio,2
quantum,2
extremitas,2
quadriduum,2
quindecies,2
euidens,2
promus,2
secerno,2
aquarius,2
pallor,2
orbita,2
candeo,2
confercio,2
leniter,2
plenilunium,2
abscondo,2
competo,2
consurgo,2
exspuo,2
duplus,2
tonus,2
persequor,2
dimetior,2
paruulus,2
crinitus,2
sanguineus,2
barba,2
depugno,2
equinus,2
uillus,2
hasta,2
adnoto,2
lacteus,2
pio,2
eruditio,2
obitus,2
conspectus,2
saluto,2
fortuitus,2
cognatio,2
adductus,2
germanicus,2
terribilis,2
trinus,2
cn,2
scintilla,2
postquam,2
temere,2
trux,2
coorior,2
solitarius,2
carina,2
fugo,2
halitus,2
rapina,2
interim,2
glacio,2
tepor,2
rus,2
areo,2
cotidianus,2
obumbro,2
respondeo,2
incresco,2
trio,2
urino,2
concutio,2
telum,2
impingo,2
repulsus,2
tono,2
elido,2
tropaeum,2
resulto,2
confestim,2
illic,2
infidus,2
hospitium,2
pirata,2
hostis,2
commentarius,2
festus,2
prouentus,2
hospitalis,2
reputo,2
scrupulosus,2
libum,2
boreas,2
notus,2
meses,2
eurus,2
deflecto,2
coerceo,2
idus,2
lustrum,2
maius,2
ingredior,2
perflo,2
autumno,2
fetura,2
experior,2
importo,2
esurio,2
concurro,2
impar,2
ualeo,2
frigus,2
generalis,2
sin,2
artus,2
frango,2
aduenio,2
effusus,2
correpo,2
amburo,2
aquilonius,2
impetus,2
stridor,2
quodammodo,2
liquo,2
icio,2
natalis,2
hebes,2
praecino,2
sinister,2
concedo,2
fas,2
hospes,2
iuno,2
ilico,2
uidelicet,2
tribuo,2
consido,2
relatus,2
diripio,2
concurrentia,2
casurus,2
repello,2
acies,2
certe,2
exilis,2
gelu,2
gelo,2
glacies,2
admixtus,2
roscidus,2
syracusae,2
extendo,2
breuitas,2
irascor,2
benignus,2
creditum,2
faenus,2
culpa,2
misereo,2
tabes,2
sitio,2
penetro,2
dea,2
amplexus,2
incumbo,2
protendo,2
probabilis,2
rotunditas,2
quinquaginta,2
lanugo,2
poculum,2
tumeo,2
circumfluo,2
quisnam,2
permeo,2
uinculum,2
praecingo,2
prospicio,2
decedo,2
utrobique,2
comminus,2
damnum,2
allatro,2
interfusus,2
metor,2
aequalis,2
pronus,2
anfractus,2
longinquus,2
serius,2
praenuntius,2
uasum,2
umbilicus,2
quadrageni,2
dinumero,2
sacerdos,2
perhibeo,2
subtraho,2
tremor,2
libertas,2
uarie,2
nonnumquam,2
durus,2
stagno,2
simplex,2
montuosus,2
propinquus,2
postis,2
praebeo,2
utpote,2
etruscus,2
fumus,2
permultus,2
infero,2
halo,2
uiolentus,2
zephyrius,2
cotidie,2
naufragium,2
temulentus,2
diffundo,2
caecubus,2
rotundus,2
resisto,2
respuo,2
affluo,2
resorbeo,2
refluus,2
anhelo,2
reciprocus,2
uulgaris,2
exundo,2
intego,2
efficax,2
augesco,2
dumtaxat,2
frondeo,2
dulcesco,2
salubris,2
scatebra,2
sensim,2
equa,2
mutatio,2
brundisium,2
accendium,2
deporto,2
deorsum,2
sacrifico,2
aeolius,2
legatio,2
scateo,2
contego,2
lacinia,2
distinctus,2
festino,2
eous,2
pelagus,2
compendium,2
utique,2
pudet,2
coarguo,2
diligentia,2
sepulchrum,2
missa,2
uenia,2
primordium,2
perfodio,2
pulcher,2
excauo,2
distinguo,2
inflecto,2
indiges,2
fastidium,2
proicio,2
tecum,2
dehinc,2
luno,2
alumnus,2
congrego,2
contraho,2
salubritas,2
apricus,2
ubertas,2
legens,2
deciens,2
ni,2
capillatus,2
perduco,2
italus,2
uates,2
colonus,2
perseus,2
uoluptas,2
nefas,2
numero,2
uicus,2
soleo,2
cos,2
reliquiae,2
capitolium,2
siler,2
samnis,2
interfluo,2
nutrix,2
euomo,2
portuosus,2
subigo,2
prouerbium,2
iugis,2
uallo,2
triumpho,2
praegrandis,2
praeualens,2
thesaurus,2
sagus,2
transpadanus,2
graius,2
anticus,2
inuitus,2
summoueo,2
titius,2
nobilito,2
determino,2
uadosus,2
miro,2
abscisus,2
prosilio,2
angulosus,2
anceps,2
plaustrum,2
transueho,2
prohibeo,2
nefastus,2
neptunus,2
euripus,2
caueo,2
nemorosus,2
conuexus,2
perula,2
axius,2
priusquam,2
pygmaeus,2
desero,2
cingo,2
syrus,2
uineus,2
introitus,2
copia,2
derecto,2
degener,2
achilles,2
tauricus,2
separo,2
nomas,2
semenstris,2
constituo,2
depono,2
cyaneus,2
mortuus,2
batauus,2
aurifer,2
salax,2
ebur,2
inhabito,2
eximo,2
narratum,2
instar,2
horror,2
cymbalum,2
loco,2
spectabilis,2
agricola,2
balbus,2
satyrus,2
expers,2
comes,2
unitas,2
praefectura,2
mareotis,2
substituo,2
postremo,2
opinor,2
reuertor,2
securitas,2
arabs,2
sterilis,2
gaza,2
orsus,2
libanus,2
paradisus,2
distraho,2
phoenicius,2
glaucus,2
certo,2
limus,2
amazon,2
troas,2
rhoeteus,2
praefatio,2
castrensis,2
tribunicius,2
quanto,2
curo,2
rusticus,2
difficultas,2
officium,2
uos,2
desidero,2
echo,1
euoco,1
ferio,1
carnis,1
innecto,1
clima,1
eclipsis,1
re,1
interrumpo,1
adiunctus,1
aceruo,1
tullius,1
caecinus,1
pythagoricus,1
curio,1
philologus,1
caeles,1
samos,1
antiochenus,1
parallelus,1
arruntius,1
monstruosus,1
patientia,1
uigor,1
clementia,1
fortitudo,1
matrona,1
pudicus,1
pietas,1
astrologia,1
geometria,1
architectura,1
continuatio,1
proscribo,1
reuiuo,1
tonsor,1
gnaeus,1
gellius,1
ualerius,1
stratum,1
docilitas,1
alces,1
panthera,1
camelopardalis,1
rhinoceros,1
sphinx,1
cercopithecus,1
basiliscus,1
uersipellis,1
ichneumon,1
eu,1
tarandrus,1
hystrix,1
sciurus,1
lacertus,1
quadriga,1
mula,1
semifer,1
aduena,1
dionysia,1
orcus,1
piscor,1
phoca,1
pelamys,1
membratim,1
scomber,1
mugilis,1
acipenser,1
asellus,1
scarus,1
sargus,1
mirabile,1
cenito,1
captura,1
nato,1
anguilla,1
echeneis,1
cornutus,1
lolligo,1
crusta,1
intectus,1
pecten,1
margarita,1
unio,1
conchyliatus,1
pinus,1
testum,1
ineo,1
inimicitia,1
alfius,1
sanqualis,1
buteo,1
miluus,1
uncus,1
castro,1
anser,1
iecur,1
anserinus,1
olor,1
coturnix,1
turdus,1
sturnus,1
pluma,1
amitto,1
turtur,1
trimestris,1
upupa,1
ibis,1
oscen,1
chlorium,1
halcyon,1
nidus,1
riparius,1
acanthyllis,1
apus,1
caprimulgus,1
platea,1
anthus,1
psittacus,1
pica,1
onocrotalus,1
phoenicopterus,1
bibio,1
auiarius,1
patina,1
cynosura,1
optime,1
nutrio,1
salamandra,1
geno,1
neuter,1
gustatus,1
talpa,1
odoror,1
dissideo,1
somnio,1
manilius,1
lucretius,1
propola,1
laetus,1
omen,1
examen,1
reparo,1
crabro,1
bombycinus,1
texo,1
asilus,1
papilio,1
tinea,1
apex,1
crista,1
cerebrum,1
foramen,1
supercilium,1
noctu,1
pupilla,1
coniueo,1
palpebra,1
gena,1
bucca,1
mentum,1
maxilla,1
palatum,1
gula,1
guttur,1
coeptum,1
praecordium,1
uomo,1
lacto,1
hillae,1
colon,1
insatiabilis,1
omentum,1
ren,1
costa,1
uesica,1
sumen,1
pinguesco,1
medulla,1
cartilago,1
uestitus,1
subtus,1
hirtus,1
sugo,1
poples,1
uarix,1
gressus,1
ungula,1
pumilio,1
semiuir,1
agnascor,1
pereo,1
gusto,1
concoquo,1
gustus,1
oppius,1
stoicus,1
uiridarium,1
tondeo,1
hebenus,1
pala,1
piper,1
zingiber,1
bactrius,1
bdellium,1
linteum,1
costum,1
nardum,1
turifer,1
bratus,1
cinnamomus,1
gabalium,1
balsamum,1
xylobalsamum,1
styrax,1
spondylion,1
elate,1
myxa,1
terebinthus,1
glutinum,1
uitupero,1
granum,1
capparis,1
regia,1
cytisus,1
odos,1
transmarinus,1
apotheca,1
secundo,1
hydromeli,1
uinarius,1
ebrietas,1
bonitas,1
oliua,1
amurca,1
prunum,1
castaneus,1
carnosus,1
mora,1
baca,1
lentiscus,1
dossennus,1
frondeus,1
fagus,1
scandula,1
pinaster,1
abies,1
larix,1
cedrium,1
spissus,1
zopissa,1
tilia,1
molluscus,1
staphylodendron,1
buxus,1
uersor,1
iuniperus,1
triennium,1
bifer,1
praecox,1
serotinus,1
resurgo,1
hedera,1
smilax,1
scriptorius,1
piscatorius,1
uinitorius,1
alnus,1
alligo,1
utilis,1
scirpus,1
candela,1
canna,1
sambucus,1
caedo,1
caries,1
perpetuitas,1
teredo,1
fabrilis,1
lamina,1
sectilis,1
uetustas,1
suburbanus,1
troia,1
uiscum,1
fetiales,1
laeto,1
degenero,1
planta,1
surculus,1
seminarius,1
seminarium,1
inoculatio,1
talea,1
ablaqueo,1
accumulo,1
salictum,1
harundinetum,1
pertica,1
caeduus,1
arbustum,1
putatio,1
medicamentum,1
epidius,1
spiceus,1
far,1
polenta,1
amylum,1
olyra,1
zea,1
fermentum,1
panis,1
pistor,1
legumen,1
cicer,1
pisum,1
pabularius,1
eruum,1
secale,1
farrago,1
uomer,1
occo,1
runco,1
sarrio,1
aruus,1
uindemia,1
attius,1
theatrum,1
spartum,1
laserpicium,1
rubia,1
caesennius,1
anguinus,1
pepo,1
hibiscum,1
siser,1
inula,1
caepa,1
lactuca,1
beta,1
intubum,1
ambubaia,1
cyma,1
uomitorium,1
asparagus,1
apiastrum,1
eruca,1
nasturcium,1
siluester,1
nepeta,1
cuminum,1
sopor,1
opium,1
potio,1
coriandrum,1
althaea,1
sinapi,1
carduus,1
corollarium,1
lemniscus,1
seueritas,1
pactilis,1
sutilis,1
sericus,1
regina,1
rosa,1
lilium,1
infectus,1
uiola,1
caltha,1
baccar,1
crocus,1
ira,1
saliunca,1
mane,1
aemulatio,1
amarantus,1
corono,1
melilotos,1
trifolium,1
thymum,1
abrotonum,1
adonis,1
anemone,1
coronarius,1
gladiolus,1
cerintha,1
insanus,1
aluarium,1
fragum,1
pratensis,1
colocasium,1
muralis,1
morio,1
aculeatus,1
tribulus,1
polyacanthus,1
onopyxos,1
cactus,1
particulatim,1
adiantum,1
thesis,1
cyperos,1
nardus,1
antonius,1
sagmen,1
uerbena,1
clarigatio,1
gramineus,1
centurio,1
eryngion,1
polytrichus,1
boletus,1
fungus,1
mulgeo,1
farina,1
murinus,1
lente,1
lolium,1
bestiola,1
culta,1
pampinus,1
sarmentum,1
nucleus,1
uinaceum,1
labrusca,1
ampelos,1
salicastrum,1
bryonia,1
apronius,1
falernus,1
oenanthinus,1
amygdalinus,1
cyprinus,1
austerus,1
caprificus,1
mespilum,1
sorbum,1
amygdala,1
castanea,1
ilex,1
pilula,1
uirga,1
struthio,1
acanthius,1
aquifolius,1
farfarus,1
centunculus,1
recidiuus,1
achaemenis,1
hippophobas,1
cribrum,1
fimetum,1
impius,1
latine,1
mirabiliter,1
asclepion,1
mercurialis,1
scopa,1
elleborus,1
ueratrum,1
cynoglossos,1
aristolochia,1
chamaezelon,1
quinquefolius,1
daucum,1
damasonion,1
euplia,1
cacalia,1
xiphion,1
feles,1
cicuta,1
trunco,1
illecebra,1
senecio,1
ranunculus,1
lauer,1
platyphyllus,1
callithrix,1
hippurus,1
aconitum,1
aloe,1
alcea,1
alsus,1
ambrosius,1
anonymus,1
aster,1
petraeus,1
alga,1
catanance,1
calyx,1
cucullus,1
dryopteris,1
femur,1
collyrium,1
arista,1
natrix,1
polygonos,1
sanguinarius,1
peplum,1
phalangitae,1
comis,1
butyrum,1
aper,1
equuleus,1
rabirius,1
artemon,1
sextilius,1
clinicus,1
empiricus,1
oesypum,1
sitistus,1
mulus,1
immolo,1
aspis,1
gryllus,1
ossifragus,1
cuculus,1
ulula,1
uespertilio,1
insania,1
tarditas,1
inebrio,1
ploratus,1
calens,1
salsugo,1
garum,1
muria,1
allec,1
comoedus,1
mutus,1
sympathia,1
constitutio,1
curalium,1
galeo,1
castoreum,1
auratus,1
rubeta,1
porcus,1
sanguisuga,1
bacchus,1
delphinus,1
conchis,1
mitulus,1
peloris,1
erythinus,1
colubra,1
perca,1
squatina,1
balaena,1
commendatio,1
donum,1
antequam,1
census,1
cupiditas,1
scaena,1
aurifex,1
stibium,1
cinnabaris,1
hydrargyrum,1
aurarius,1
speculum,1
stips,1
frugalitas,1
lanx,1
caeruleus,1
coruinus,1
caluus,1
triclinium,1
aeratus,1
togatus,1
tunica,1
rostrum,1
statuarius,1
colossus,1
pyropus,1
cadmium,1
aerugo,1
soter,1
chalcanthum,1
atramentum,1
sutorius,1
smegma,1
triens,1
seruilius,1
ferrarius,1
temperatura,1
lepra,1
tussis,1
uomitio,1
suspirium,1
hydropicus,1
callum,1
scabies,1
cicatrix,1
rufus,1
anathema,1
facticius,1
rubrica,1
sandyx,1
anularis,1
udus,1
gladiator,1
cauterio,1
cestrum,1
talentum,1
latericius,1
sulfur,1
alumen,1
lauo,1
praepotens,1
orator,1
obeliscus,1
pyramis,1
labyrinthus,1
admirabilis,1
resono,1
porus,1
palmatus,1
molaris,1
pumex,1
mortarium,1
medicinalis,1
silex,1
cisterna,1
tectorius,1
gypsum,1
uitreus,1
focus,1
struma,1
reicio,1
phreneticus,1
lethargicus,1
comitialis,1
melancholicus,1
contundo,1
galba,1
cincius,1
tyrannus,1
pyrrhus,1
smaragdus,1
beryllus,1
opalus,1
sardonyx,1
onyx,1
u,1
topazos,1
iaspis,1
blepharon,1
chrysolithos,1
iris,1
ceueo,1
circus,1
eumeces,1
galaxias,1
gallaicus,1
lesbius,1
paneros,1
sarcio,1
thelyrrhizos,1
ueientanus,1
steatitis,1
dryitis,1
pyritis,1
crocio,1
iacchus,1
olympicus,1
circumflecto,1
cogitatio,1
desiderium,1
tolero,1
egeo,1
compages,1
inenarrabilis,1
tinnitus,1
suauitas,1
taceo,1
imprimo,1
leuitas,1
lubricus,1
elegantia,1
librarium,1
nexus,1
euolo,1
constringo,1
recurro,1
libro,1
innitor,1
principalis,1
regimen,1
ministro,1
tristitia,1
sereno,1
faenero,1
intuor,1
exaudio,1
imbecillitas,1
socordia,1
fragilis,1
laboriosus,1
infirmitas,1
memor,1
indigeo,1
placo,1
trepidus,1
fetidus,1
grandaeuus,1
iuuenis,1
aliger,1
puerilis,1
deliramentum,1
adulterium,1
iurgium,1
procer,1
subuenio,1
bene,1
mereo,1
ascribo,1
irrideo,1
tristis,1
ministerium,1
polluo,1
uter,1
conduco,1
respectus,1
quieto,1
irrogo,1
deligo,1
fulmino,1
peiero,1
accuso,1
conuicium,1
que,1
inconstans,1
indignus,1
fautrix,1
expendo,1
pagina,1
prorsus,1
decretum,1
rudis,1
ecce,1
monitus,1
sternumentum,1
offensio,1
calceus,1
praepostere,1
benignitas,1
solacium,1
moto,1
conscisco,1
aeternitas,1
praeteritus,1
copulo,1
denus,1
diuerto,1
attributus,1
pauper,1
magnopere,1
foris,1
quinquagesimus,1
sphaera,1
ignauus,1
torpeo,1
uerber,1
interiectus,1
sexaginta,1
praeuenio,1
lucifer,1
maturo,1
conspergo,1
abstineo,1
nequaquam,1
splendeo,1
ambiguus,1
sinuo,1
praeniteo,1
pernox,1
contiguus,1
gratus,1
erga,1
moratus,1
pernosco,1
magistra,1
totiens,1
uolito,1
demum,1
regero,1
suppeto,1
index,1
interuentus,1
interpositus,1
inuerto,1
obscuro,1
aether,1
scripulum,1
subduco,1
contemplo,1
exsupero,1
paruitas,1
partio,1
reficio,1
sollicitudo,1
produco,1
compositus,1
sescenti,1
consilium,1
deliquium,1
pauor,1
uereor,1
educo,1
mactus,1
interpres,1
repertor,1
necessitas,1
capitulatim,1
strictim,1
sagacitas,1
quinto,1
dodrans,1
deminutio,1
undeni,1
contactus,1
nonagenarius,1
commoror,1
bimestris,1
adipiscor,1
retrogradior,1
delitesco,1
despero,1
etenim,1
oblique,1
circinus,1
indubitatus,1
tardo,1
coarto,1
torus,1
intelligo,1
subiaceo,1
pererro,1
aequaliter,1
ecliptica,1
perinde,1
sublimitas,1
leuo,1
progredior,1
conuerso,1
curuatura,1
ocius,1
insequor,1
gradior,1
duplico,1
quadruplico,1
aegre,1
inobseruabilis,1
sexangulus,1
compareo,1
uterlibet,1
rubor,1
uentosus,1
commissura,1
obscuritas,1
radior,1
radio,1
inflexus,1
recta,1
assectatio,1
doctrina,1
contagium,1
undeuiginti,1
sagax,1
triplico,1
musica,1
phthongus,1
quinquies,1
millies,1
inextricabilis,1
collectio,1
repudio,1
demens,1
demo,1
centralis,1
solaris,1
duodecimus,1
improbitas,1
inuito,1
successus,1
largior,1
diuino,1
duoetuicesimus,1
computatio,1
numerabilis,1
multiplicatio,1
horreo,1
coma,1
iaculus,1
carmen,1
perscribo,1
fastigatus,1
xiphias,1
pallidus,1
hippeus,1
licet,1
haereo,1
iubar,1
dira,1
spira,1
intorqueo,1
toruus,1
terrificus,1
leuiter,1
collegium,1
forum,1
consecro,1
expungo,1
organum,1
discerno,1
hereditas,1
cretio,1
spectaculum,1
plane,1
bolus,1
timor,1
acumen,1
praenuntia,1
uersicolor,1
iuuenta,1
capesso,1
scintillo,1
illuceo,1
comitatus,1
inhaereo,1
uallum,1
antenna,1
insisto,1
nuntia,1
minax,1
pollux,1
praesagium,1
circumfulgeo,1
maiestas,1
abdo,1
animaduerto,1
propemodum,1
tendentia,1
infringo,1
commeo,1
tormentum,1
obtexo,1
pluit,1
exstimulo,1
procellosus,1
aceo,1
oryx,1
adoro,1
sternuo,1
commoueo,1
puleium,1
intueor,1
interlunium,1
turpis,1
inscitia,1
patrocinor,1
septuaginta,1
peritus,1
sucula,1
densitas,1
perspicuus,1
quilibet,1
infitiae,1
strido,1
perrumpo,1
corusco,1
cohibeo,1
strangulo,1
rixor,1
conflictus,1
brutus,1
uanus,1
anhelitus,1
pergo,1
apogeus,1
sentus,1
profanus,1
attrecto,1
madefactus,1
disparilis,1
flagello,1
terreo,1
pax,1
addisco,1
inquisitio,1
perdisco,1
lucrum,1
nimis,1
concido,1
apeliotes,1
zephyrus,1
aparctias,1
intericio,1
consuetudo,1
perfero,1
februarius,1
anticipo,1
antecedo,1
prodromos,1
constans,1
gemino,1
nouember,1
consuesco,1
alcyon,1
hiemo,1
concludo,1
abigo,1
aestuosus,1
tepidus,1
surgo,1
decerno,1
uehemens,1
diuturnus,1
exspecto,1
quadriennium,1
effringo,1
uerso,1
aggrauo,1
rapidus,1
antemna,1
contortus,1
illido,1
protero,1
exardeo,1
conglobo,1
disicio,1
spissatus,1
infirmus,1
corrumpo,1
nimbosus,1
uerno,1
dissipo,1
infusco,1
mirificus,1
intactus,1
operimentum,1
sacculus,1
exanimatio,1
incommodus,1
herennius,1
undecim,1
exsecrabilis,1
consector,1
opulentus,1
concremo,1
indipiscor,1
patrimonium,1
deductio,1
precatio,1
impetro,1
euocatus,1
factito,1
rite,1
hostilius,1
stator,1
elicius,1
impero,1
audax,1
beneficium,1
abrogo,1
perimo,1
priuatus,1
uelox,1
modulor,1
reditus,1
sedecim,1
specio,1
enuntio,1
scaurus,1
respiro,1
uigilans,1
fulminatus,1
ico,1
pauidus,1
tabernaculum,1
pellis,1
aquila,1
armiger,1
feronia,1
acilius,1
praemoneo,1
supernus,1
tuba,1
amerinus,1
intellectus,1
radium,1
inmitto,1
refringo,1
crescentus,1
frequenter,1
dimitto,1
conglacio,1
coacto,1
prout,1
indo,1
maternus,1
precor,1
rigesco,1
tumesco,1
praecipito,1
indulgeo,1
ancilla,1
coacta,1
aueo,1
parturio,1
lentus,1
lacer,1
laqueus,1
praeposterus,1
cruciatus,1
inlibatus,1
queror,1
contumelia,1
erodo,1
crucio,1
tolerabilis,1
niteo,1
sacrilegus,1
insepultus,1
tego,1
crimen,1
uolubilitas,1
calcar,1
indocilis,1
repugno,1
permetior,1
proportio,1
dependo,1
gutta,1
mollitia,1
denarius,1
recepto,1
cumulus,1
delabor,1
religo,1
postremus,1
discurro,1
sipho,1
circumfluus,1
auspicium,1
circumuecto,1
uerisimilis,1
missus,1
egressus,1
perueho,1
collega,1
suebus,1
posco,1
possessio,1
malignus,1
albico,1
aspectus,1
praeruptus,1
punctum,1
tumultuor,1
instauro,1
furto,1
caespes,1
affodio,1
latissime,1
confirmo,1
confinis,1
manifesto,1
emineo,1
stringo,1
paulisper,1
fonteius,1
kalendae,1
oppositus,1
terror,1
praesidium,1
excito,1
decliuis,1
remetior,1
obuius,1
praeteruerto,1
comito,1
quingeni,1
illumino,1
uenatus,1
duodeuicesimus,1
moror,1
ascius,1
lucidus,1
affirmo,1
discipulus,1
lacedaemon,1
contexo,1
glacialis,1
mobilitas,1
sapio,1
depello,1
diuinitas,1
insto,1
corruo,1
puppis,1
insuper,1
praesentio,1
arbitrium,1
moene,1
murmur,1
mugitus,1
clamor,1
qualitas,1
cauerna,1
raucus,1
recuruus,1
remaneo,1
luce,1
intremo,1
praenuntio,1
eluuies,1
cauo,1
fornix,1
reniteo,1
crispo,1
arieto,1
renitor,1
undo,1
inclinatio,1
uolutatio,1
biennium,1
crepo,1
assulto,1
uiator,1
concursus,1
funestus,1
expono,1
pratum,1
praedium,1
marcellus,1
procuro,1
nuntio,1
ambracia,1
piraeeus,1
melos,1
prouoluo,1
auello,1
plato,1
tantalis,1
sileo,1
saltem,1
bustum,1
populo,1
fraus,1
contero,1
discolor,1
candor,1
letalis,1
ampsanctus,1
quispiam,1
ingressus,1
iugerum,1
contus,1
salus,1
saliaris,1
symphonia,1
tarquiniensis,1
quadro,1
area,1
sacrificium,1
putresco,1
clauis,1
euello,1
pestilentia,1
satus,1
depango,1
complus,1
utcumque,1
mitesco,1
digredior,1
statim,1
declino,1
nudo,1
animosus,1
laxe,1
octogeni,1
dispar,1
as,1
consentio,1
purgo,1
purgamentum,1
stabulo,1
obseruatus,1
frustra,1
saturo,1
inanio,1
incoquo,1
femineus,1
torpor,1
contractus,1
refundo,1
laxo,1
eueho,1
olympia,1
uirgultum,1
innascor,1
musculus,1
exubero,1
expando,1
tepesco,1
amaritudo,1
interquiesco,1
faliscus,1
incorruptus,1
acidulus,1
ianuarius,1
obsorbeo,1
lares,1
lacuna,1
permirus,1
massa,1
dilato,1
onus,1
quiuis,1
grandis,1
comminuo,1
cadauer,1
labium,1
salina,1
tranquillo,1
mitigo,1
quinquageni,1
eructo,1
adhaereo,1
oppugno,1
restinguo,1
transilio,1
saeuio,1
exustio,1
denuntio,1
flammo,1
baculum,1
sulcus,1
babylon,1
intermitto,1
ardesco,1
incendo,1
conflagro,1
petra,1
inualidus,1
uolcanus,1
diu,1
pueritia,1
ultio,1
exhortor,1
exhibeo,1
duplex,1
germanium,1
senectus,1
funus,1
geometres,1
pronuntio,1
reprehensio,1
tractatus,1
culpo,1
uiduus,1
taenia,1
carinus,1
territo,1
limen,1
indigena,1
altrix,1
expauesco,1
mellarius,1
lusus,1
uescus,1
patricius,1
uenerius,1
firmus,1
urbanus,1
aurelius,1
calleo,1
corrigo,1
exordium,1
concino,1
carteius,1
porticus,1
destinatio,1
soror,1
aliquantus,1
redigo,1
testor,1
sepono,1
rubricatus,1
baetulus,1
insigne,1
iulianus,1
oppidanus,1
cuneo,1
iactatus,1
bracatus,1
dignatio,1
allobrox,1
citharista,1
iulus,1
classicus,1
secundani,1
galbus,1
segnis,1
transcursus,1
colloquium,1
humanitas,1
munificus,1
uellus,1
opimus,1
commemoro,1
nimirum,1
quaeso,1
memini,1
edisserto,1
assimulo,1
amazonicus,1
parma,1
quadringenti,1
aternius,1
enumero,1
praefor,1
discriptio,1
tricies,1
dis,1
fuluus,1
sacrificus,1
lucas,1
umbro,1
sutrinus,1
albulus,1
primo,1
nouenus,1
confragosus,1
ratis,1
uaticanus,1
anio,1
quamlibet,1
mercator,1
monitor,1
ardea,1
antius,1
magistratus,1
adnexus,1
amyclae,1
spelunca,1
ceres,1
alica,1
acherusius,1
cumae,1
parthenope,1
arcanus,1
caerimonia,1
aboleo,1
luo,1
silentium,1
obligo,1
obsigno,1
romulus,1
moenia,1
comparo,1
munio,1
praecelsus,1
saturnius,1
ianiculum,1
legatus,1
captus,1
tarquinius,1
lucius,1
consentius,1
acheron,1
hispanus,1
funda,1
insidiosus,1
aeneus,1
arto,1
ficarius,1
era,1
possido,1
dehisco,1
charybdis,1
uerticosus,1
mamertinus,1
crater,1
gemellus,1
cyclops,1
succedo,1
occubo,1
conecto,1
discrimen,1
intercurro,1
pedester,1
continuo,1
praesum,1
impedio,1
adulescens,1
socer,1
meretricius,1
ludicer,1
auspicatus,1
fortis,1
uotum,1
palmensis,1
cuprum,1
acerra,1
caelestinus,1
uindico,1
linquo,1
largitor,1
exonero,1
diduco,1
uola,1
flauius,1
atrius,1
fossio,1
abundatio,1
fundus,1
industrius,1
fructuosus,1
poeninus,1
sibyllinus,1
domitor,1
parra,1
exsul,1
concordia,1
effluo,1
percussus,1
interiacio,1
decipio,1
argus,1
promoueo,1
uenetus,1
prouidentia,1
proles,1
uenalis,1
finitimus,1
praeustus,1
subicio,1
hostilis,1
regulus,1
tumultus,1
armo,1
cedo,1
interdictum,1
consultum,1
generatim,1
effor,1
ueteranus,1
populator,1
no,1
amans,1
acroceraunia,1
confluens,1
intercurso,1
documentum,1
designo,1
catulus,1
fabulositas,1
effulgeo,1
paululum,1
succingo,1
congeries,1
postfero,1
uoro,1
exedo,1
inceptum,1
applico,1
sexageni,1
prospecto,1
transmitto,1
dispono,1
cyllenius,1
pisaeus,1
acritas,1
duodeuiginti,1
mycenae,1
scyllaeus,1
redimio,1
quercus,1
quinquennalis,1
lancino,1
pulso,1
attice,1
piraeus,1
indigus,1
praeconium,1
superfluo,1
musa,1
lamia,1
obiectum,1
aula,1
topiarius,1
ossum,1
theatralis,1
uirido,1
uiridis,1
supernato,1
porto,1
poenalis,1
recuso,1
protego,1
menda,1
abscido,1
subiacens,1
potior,1
dominor,1
uictrix,1
uendo,1
subdo,1
genitor,1
abdera,1
stabulum,1
aenus,1
incuruo,1
procumbo,1
asticus,1
inuisus,1
same,1
herminius,1
oenus,1
caecius,1
cres,1
hesperis,1
cratis,1
corycus,1
stadii,1
delicatus,1
mercatus,1
amissum,1
aceruatim,1
ueneror,1
consterno,1
transcendo,1
exspatior,1
nouies,1
allium,1
euoluo,1
secundum,1
seruus,1
priscus,1
cognominis,1
exercitatio,1
achilleos,1
confluo,1
discludo,1
dorsum,1
symbolum,1
anthropophagus,1
casu,1
damnatus,1
pone,1
hyperboreus,1
annosus,1
imperitus,1
uiritim,1
gregatim,1
aegritudo,1
satietas,1
epulor,1
delibutus,1
senium,1
luxus,1
salio,1
attacus,1
decerpo,1
primitia,1
uenerabilis,1
uiolo,1
exolesco,1
adueho,1
eicio,1
hirrio,1
fabarius,1
militia,1
explicabilis,1
permitto,1
britannus,1
comata,1
remus,1
cubus,1
olisiponensis,1
discrimino,1
erratus,1
cuneus,1
saepes,1
aborigo,1
armentum,1
abduco,1
consummatio,1
expedio,1
incompertus,1
britannicus,1
ineffabilis,1
custodia,1
aliquanto,1
oleaster,1
portentosus,1
mendacium,1
paulo,1
praeualidus,1
grex,1
mico,1
lasciuia,1
strepo,1
accepta,1
hippopotamus,1
bello,1
ulcisco,1
perfungor,1
eques,1
ignorantia,1
transgressus,1
incognitus,1
enodis,1
grauitas,1
decuma,1
promiscuus,1
imperito,1
attenuo,1
recido,1
immineo,1
cohors,1
iussus,1
numida,1
mapalia,1
circumfero,1
sittianus,1
distinctio,1
ensis,1
ablatiuus,1
formo,1
construo,1
dicto,1
currus,1
quiris,1
patruus,1
gyrus,1
inexplicabilis,1
latro,1
alte,1
emorior,1
subsido,1
nigritus,1
superpono,1
bipertitus,1
magius,1
imprecatio,1
exitialis,1
passim,1
loripes,1
serpo,1
conplus,1
diuisus,1
incito,1
inritamentum,1
propero,1
occurso,1
spatior,1
phiala,1
abundo,1
modice,1
abundanter,1
accresco,1
detineo,1
madeo,1
hilaritas,1
pharsalicus,1
nex,1
aduersor,1
ueneo,1
plicatilis,1
coptus,1
merx,1
exaedifico,1
insideo,1
chlamys,1
gyro,1
decursus,1
odorifer,1
naualis,1
bellicus,1
galilaeus,1
herodius,1
quatenus,1
ambitiosus,1
ebibo,1
socius,1
conuenae,1
paenitentia,1
epotus,1
leptus,1
obtendo,1
coniunctus,1
trieris,1
superdico,1
perfringo,1
saxosus,1
expugno,1
dimicatio,1
zeugma,1
diuitia,1
chaldaeus,1
tarsus,1
asiaticus,1
mopsopius,1
apo,1
phaselus,1
arbiter,1
opprimo,1
industria,1
oppono,1
collido,1
claustrum,1
euado,1
cognatus,1
bracchium,1
utroque,1
pedalis,1
daedalus,1
axon,1
caper,1
orbus,1
cero,1
recursus,1
pactolus,1
maeonius,1
fraudo,1
sinuosus,1
peruagor,1
inlabor,1
carex,1
pugno,1
troius,1
maeonia,1
explico,1
phryx,1
apprehendo,1
care,1
negotium,1
gubernator,1
obicio,1
crypton,1
curia,1
scopus,1
ceramicus,1
probrosus,1
adiaceo,1
nympha,1
subuerto,1
sandalium,1
priapus,1
hyle,1
emporium,1
phrygia,1
superiacio,1
superpositus,1
insido,1
uoueo,1
ceterum,1
nouicius,1
licens,1
consenesco,1
nugae,1
aliquid,1
emollio,1
syllaba,1
duriusculus,1
petulantia,1
questus,1
procax,1
triumphalis,1
sexies,1
contubernium,1
ueneratio,1
audacia,1
imputo,1
perfrico,1
fascis,1
facundia,1
amo,1
poeticus,1
o,1
fecunditas,1
intrepidus,1
lacesso,1
nominatim,1
opifex,1
otiosus,1
condico,1
reiectio,1
alea,1
aduocatus,1
manes,1
nolo,1
stilus,1
nasus,1
patrocinium,1
nuncupatio,1
sortior,1
inuitatus,1
offero,1
inemptus,1
comitium,1
candidatus,1
attestor,1
inimicus,1
prouocatio,1
praeditus,1
religiose,1
mola,1
lito,1
temeritas,1
dedico,1
perquam,1
mediocris,1
excessus,1
sordidus,1
tero,1
peregrinor,1
expeto,1
nouitas,1
obsolesco,1
fastidio,1
abunde,1
utilitas,1
repeto,1
desideo,1
inquies,1
oportet,1
studiosus,1
subsiciuus,1
uester,1
impendo,1
contentus,1
fiducia,1
ualde,1
pretiosus,1
ordior,1
heres,1
mando,1
proinde,1
faueo,1
decerto,1
ingenuus,1
scitum,1
confero,1
transcribo,1
simplicitas,1
consolatio,1
filia,1
inquam,1
edisco,1
malo,1
usura,1
fauus,1
spero,1
uadimonium,1
assero,1
nugor,1
paeniteo,1
festiuus,1
insector,1
regressus,1
emendo,1
intercipio,1
uerecundia,1
absolute,1
inuidia,1
dialecticus,1
grammatica,1
abortus,1
nescius,1
queo,1
commentor,1
obtrectatio,1
potis,1
praeterfluo,1
inlepide,1
larua,1
repercutio,1
impudens,1
securus,1
eleganter,1
litigator,1
litigo,1
lis,1
exsequor,1
occupatio,1
parco,1
subiungo,1
perlego,1
