,count
et,747
sum,503
in,404
qui,354
is,245
ab,182
ad,181
ut,145
hic,128
mare,107
litus,101
alius,96
ex,87
non,85
sui,84
nomen,78
sed,78
atque,76
ille,76
magnus,75
urbs,75
quam,74
terra,72
inter,71
ubi,69
sinus,69
latus,65
ac,64
dico,63
promunturium,60
ipse,59
etiam,57
cum,57
amnis,57
deinde,56
alter,56
pars,55
mons,53
primus,49
pelagus,48
quod,46
tum,46
oppidum,46
per,46
magis,43
quia,43
usque,43
aut,42
uoco,41
nec,40
gens,39
multus,39
nunc,39
angustus,39
ita,39
suus,38
flumen,38
iam,38
ora,37
idem,37
habeo,37
inde,36
habito,35
omnis,35
paruus,35
insula,35
ingens,34
fero,34
uerus,32
tamen,32
longe,32
adeo,32
ultra,32
duo,31
ob,31
maxime,31
iterum,30
appello,30
clarus,29
unus,29
spatium,29
ceterus,29
os,29
ibi,29
nisi,29
unde,28
quidem,27
regio,27
medius,27
grandis,27
totus,26
accipio,26
meridies,26
paene,26
propior,25
super,25
teneo,25
ostium,25
locus,24
altus,24
septentrio,24
ago,24
tantus,24
ideo,24
attingo,24
uastus,23
quidam,23
occidens,22
oceanus,22
alueus,22
contra,22
fons,22
de,21
longus,21
rursus,21
ulter,21
fretus,21
ripa,21
populus,21
interior,21
flexus,21
hinc,21
olim,21
at,20
post,20
modo,20
sine,20
pro,20
colonia,20
alo,20
oriens,19
finis,19
facio,19
res,19
portus,19
aliquando,19
frons,18
specto,18
aliquot,18
fluuius,18
corpus,18
memoro,17
admodum,17
fio,17
mos,17
qua,16
iaceo,16
late,16
exeo,16
efficio,16
edo,16
lacus,16
similis,16
num,16
ops,15
autem,15
sol,15
sequor,15
donec,15
fabula,15
quasi,15
nihil,15
subinde,15
asper,15
immanis,15
si,14
tres,14
noster,14
tractus,14
genus,14
quondam,14
ne,14
quisque,13
extra,13
reliquus,13
mille,13
patens,13
diuersus,13
cognomen,13
diu,13
homo,13
proximus,13
dictum,13
animal,13
cursus,13
caput,13
specus,13
condio,13
trado,13
solus,13
capio,13
campus,13
abeo,13
templum,13
singulus,12
aduersum,12
perpetuus,12
adiaceo,12
pertineo,12
iugum,12
finio,12
sedes,12
dextra,12
sacer,12
nullus,12
illustris,12
uir,12
fides,12
appono,12
nox,12
tunc,12
pecus,12
dies,12
apud,12
eo,12
aqua,12
silua,12
ignis,12
uelut,12
occasus,11
cingo,11
incolo,11
desertum,11
fertilis,11
colo,11
fama,11
ignobilis,11
procul,11
certus,11
saeuus,11
nauigabilis,11
iuxta,11
siue,11
laetus,11
uideo,11
fere,10
satis,10
ingenium,10
possum,10
undique,10
aperio,10
uenio,10
tango,10
inmitto,10
incultus,10
incipio,10
uterque,10
impetus,10
inflecto,10
bonus,10
dis,10
opulentus,10
nam,10
soleo,10
bellum,10
mox,10
adhuc,10
huc,10
ante,10
causa,10
recingo,10
angulus,10
quis,10
opus,9
enim,9
orior,9
ortus,9
tempus,9
refero,9
passus,9
diffundo,9
artus,9
parum,9
pateo,9
quantus,9
excipio,9
descendo,9
sicut,9
extendo,9
occupo,9
passim,9
orbis,9
ingredior,9
contingo,9
aduersus,9
emitto,9
rex,9
mirus,9
insignis,9
puto,9
cultor,9
pabulum,9
do,9
tantum,9
ostendo,9
incingo,9
nobilis,9
fera,9
tenuis,9
ordo,8
forma,8
ambitus,8
nos,8
prope,8
acceptum,8
dispergo,8
inclutus,8
defluo,8
procedo,8
tam,8
obuius,8
abduco,8
paulatim,8
eximius,8
frequens,8
credo,8
collis,8
regnum,8
domus,8
effluo,8
fluctus,8
celebro,8
surgo,8
nusquam,8
occido,8
ager,8
femina,8
penitus,8
nauigo,8
suimet,8
sedeo,8
fluo,8
uicinus,8
excurro,8
aurum,8
situs,7
amplector,7
uel,7
decurro,7
aestus,7
par,7
annus,7
sic,7
ambio,7
recipio,7
palus,7
effundo,7
uergo,7
obliquus,7
possideo,7
supra,7
circa,7
procurro,7
dirimo,7
exsurgo,7
alluo,7
magnitudo,7
sino,7
castellum,7
piscis,7
aliqui,7
traho,7
maneo,7
uescor,7
parens,7
nudus,7
arma,7
praeter,7
imber,7
statim,7
dictus,7
septem,7
hiems,7
sustineo,7
rarus,7
admitto,7
summum,7
minor,7
adnecto,7
continens,7
aliquamdiu,7
trans,7
uis,7
inuius,7
conuerto,7
disto,7
modus,6
intra,6
incola,6
diuido,6
infesto,6
frigus,6
quattuor,6
cornu,6
margo,6
inhabitabilis,6
continuus,6
terminus,6
promineo,6
recessus,6
obduco,6
expono,6
uix,6
uagus,6
coepio,6
aliter,6
accola,6
ceterum,6
numerus,6
regius,6
marinus,6
uestigium,6
atrox,6
alternus,6
infestus,6
gigno,6
decido,6
ara,6
utrimque,6
oraculum,6
rupes,6
manus,6
humus,6
paucus,6
dum,6
qualis,6
serpens,6
uolo,6
amplexus,6
penetro,6
circuitus,6
abundo,6
uertex,6
carmen,6
classis,6
ignotus,6
demissus,6
inferus,6
sinister,6
positus,6
tendo,6
auis,6
modicus,6
semper,6
obiaceo,6
unda,6
an,6
initium,6
retro,6
subeo,5
summa,5
quisquis,5
nomino,5
quinque,5
aliquanto,5
uocabulum,5
uerro,5
ambo,5
deuenio,5
gremium,5
ferme,5
uarius,5
excedo,5
totidem,5
eueho,5
praecipue,5
semel,5
breuis,5
incuruus,5
harena,5
caelum,5
signum,5
medium,5
monumentum,5
motus,5
clades,5
seruo,5
uelo,5
secor,5
deficio,5
simul,5
plurimus,5
ignarus,5
fugio,5
expers,5
facilis,5
sidus,5
genero,5
reddo,5
lucus,5
uentus,5
namque,5
remeo,5
quantum,5
littera,5
egeo,5
dissimilis,5
aio,5
utique,5
princeps,5
peto,5
affirmo,5
uetus,5
peruius,5
commercium,5
singularis,5
duro,5
amoenus,5
diuus,5
pugna,5
claudo,5
existimo,5
alienus,5
secundum,5
fanum,5
facies,5
colligo,5
caesum,5
nota,5
fecundus,5
includo,5
radix,5
egredior,5
natus,5
alicubi,5
uiuo,5
quoius,5
refert,5
bellus,5
saltus,5
accessus,5
recedo,5
frux,5
benignus,4
aspicio,4
facile,4
scio,4
caelus,4
indo,4
differo,4
demergo,4
distinguo,4
plaga,4
intro,4
coeo,4
modice,4
exiguus,4
coniungo,4
expando,4
solidus,4
complector,4
sero,4
hucusque,4
fastigo,4
sterilis,4
prouincia,4
libet,4
lego,4
illic,4
redeo,4
utor,4
quisquam,4
obscurus,4
commemoro,4
saxum,4
proicio,4
excidium,4
celeber,4
centum,4
uirgo,4
amplus,4
cedo,4
frigidus,4
lingua,4
pellis,4
epula,4
liber,4
uiso,4
ceruix,4
coitus,4
incertus,4
nascor,4
tumulus,4
iacio,4
patior,4
humanus,4
nauigium,4
praeceps,4
scateo,4
anima,4
manifestus,4
nix,4
plenus,4
principium,4
praecipito,4
pes,4
saepe,4
interimo,4
numen,4
festus,4
regno,4
exigo,4
seco,4
odor,4
editus,4
ostento,4
ars,4
assiduus,4
filius,4
dexter,4
delubrum,4
conditor,4
statio,4
certamen,4
posterus,4
findo,4
auctor,4
citer,4
turris,4
exerceo,4
dimico,4
hostis,4
nemus,4
spatiosus,4
dulcis,4
funus,4
uictima,4
equus,4
ferax,4
mors,4
recta,4
memorabilis,4
consecro,4
etiamnum,4
irrumpo,4
sub,4
intersum,4
stagnum,4
alioqui,4
aer,4
flagro,4
concipio,4
pomponius,3
impedio,3
minime,3
materia,3
dignus,3
opera,3
addo,3
natura,3
mundus,3
nuncupo,3
decem,3
angustia,3
latitudo,3
aliquatenus,3
confinis,3
aequor,3
pergo,3
porrigo,3
effusus,3
resto,3
oppositus,3
dirigo,3
limes,3
permitto,3
usquam,3
tectum,3
potius,3
potis,3
tergus,3
habilis,3
obiectus,3
admissum,3
summoueo,3
quoque,3
citra,3
narro,3
proprie,3
condo,3
fatum,3
prior,3
arbitro,3
statuo,3
integer,3
saeuio,3
ferueo,3
lux,3
cultus,3
deus,3
quies,3
caro,3
manes,3
consulo,3
nubo,3
decus,3
telum,3
absum,3
dorsum,3
mire,3
placidus,3
scindo,3
spiritus,3
minuo,3
abscedo,3
emergo,3
nauis,3
intus,3
mortuus,3
negotium,3
extinguo,3
sepelio,3
diuinitus,3
conceptus,3
aetas,3
bis,3
religio,3
belua,3
illustro,3
maritimus,3
stadium,3
testis,3
pulcher,3
illinc,3
peruenio,3
audeo,3
progredior,3
aliquis,3
dux,3
continuo,3
uersus,3
physicus,3
exitus,3
confinius,3
limen,3
spargo,3
amor,3
quamuis,3
mollis,3
circumdo,3
adicio,3
castrum,3
notus,3
uinculum,3
ferus,3
assideo,3
sex,3
ineo,3
itaque,3
uisum,3
custodio,3
delabor,3
uiscus,3
poculum,3
aduentus,3
caedes,3
interficio,3
praecipuus,3
uestis,3
muto,3
species,3
habitus,3
opinio,3
beatus,3
transeo,3
animus,3
semen,3
ingero,3
interfluo,3
profugus,3
dimidius,3
ueho,3
incido,3
soluo,3
secundus,3
uerum,3
nouem,3
exortus,3
citus,3
imago,3
gubernator,3
nouus,3
abscissa,3
prospicio,3
inuicem,3
feritas,3
frumentum,3
animalis,3
ubique,3
impleo,3
studium,3
refercio,3
solitudo,3
bibo,3
facundia,2
capax,2
perplexus,2
pretium,2
expedio,2
repeto,2
sublimis,2
pariter,2
incognitus,2
ergo,2
quartus,2
introitus,2
committo,2
uniuersus,2
tribus,2
incuruo,2
curuus,2
aditus,2
quoad,2
arceo,2
indus,2
marius,2
contrarius,2
perhibeo,2
termino,2
obtendo,2
molliter,2
adductus,2
plerus,2
maleficus,2
uaco,2
audio,2
commodus,2
influo,2
stringo,2
laeuus,2
iungo,2
excludo,2
inundo,2
pigeo,2
similitudo,2
culta,2
uocito,2
communis,2
taceo,2
murex,2
inuenio,2
pertinax,2
praesens,2
trecenti,2
uadum,2
ludicer,2
frater,2
mitto,2
conuenio,2
concurro,2
facinus,2
perfero,2
auster,2
inmodicus,2
rigeo,2
calidus,2
uallis,2
ritus,2
patrius,2
ueneror,2
uictus,2
sagus,2
bestia,2
lignum,2
baca,2
cibus,2
promoueo,2
quamquam,2
mortalis,2
incubo,2
responsum,2
sollemnis,2
stuprum,2
aduenio,2
concumbo,2
pectus,2
effigies,2
immitto,2
refugio,2
missus,2
simplex,2
egressus,2
demum,2
euoluo,2
exundo,2
efficax,2
infundo,2
diluuium,2
perficio,2
solutus,2
largus,2
subter,2
caecus,2
solstitium,2
accresco,2
nato,2
pello,2
lapis,2
exstruo,2
iuger,2
altitudo,2
erigo,2
uiginti,2
perpetuo,2
descensus,2
ambages,2
anceps,2
error,2
cremo,2
fas,2
colloco,2
subigo,2
pensum,2
palam,2
obscenus,2
morbus,2
forte,2
lugeo,2
niger,2
praedico,2
triginta,2
uerto,2
armatus,2
tus,2
planum,2
emporium,2
introrsus,2
potens,2
certe,2
excello,2
pecunia,2
infero,2
titulus,2
quin,2
pax,2
proelium,2
uicus,2
antequam,2
circumsedeo,2
creber,2
fusus,2
possido,2
dissilio,2
adnexus,2
uireo,2
pendo,2
quingenti,2
umbra,2
agrestis,2
riuus,2
cymbalum,2
perspicuus,2
duco,2
alte,2
extollo,2
tantummodo,2
abscondo,2
uere,2
pressus,2
suffundo,2
umquam,2
perspicio,2
cubile,2
confestim,2
exanimo,2
naualis,2
uictoria,2
prospecto,2
finitimus,2
taurus,2
attollo,2
pylae,2
merces,2
cur,2
sinuo,2
patria,2
ciuis,2
uictor,2
tergum,2
factum,2
uinco,2
antistes,2
praeteruehor,2
retraho,2
contineo,2
iacto,2
mico,2
flamma,2
appareo,2
decresco,2
nouissime,2
sepulcrum,2
quisnam,2
acies,2
immineo,2
mirabilis,2
absorbeo,2
haud,2
canalis,2
distermino,2
faux,2
fastigium,2
arcus,2
aquilo,2
profundus,2
lusus,2
risus,2
ligneus,2
mereo,2
afficio,2
inconditus,2
erumpo,2
deduco,2
aureus,2
exporrigo,2
constituo,2
tempestas,2
uox,2
profluo,2
deflecto,2
sagitta,2
ferrum,2
intercipio,2
conficio,2
rigor,2
uenor,2
iustus,2
cado,2
assidue,2
egero,2
amo,2
oculus,2
arx,2
aliunde,2
ensis,2
ingressus,2
liquidus,2
iter,2
tandem,2
separo,2
aperto,2
exorior,2
quot,2
coetus,2
epulor,2
expolio,2
gero,2
pietas,2
abluo,2
nequeo,2
argentum,2
uestio,2
aduena,2
caedo,2
stata,2
bello,2
paciscor,2
mentio,2
bini,2
apparo,2
cutis,2
ater,2
simulacrum,2
ferio,2
infecundus,2
arbor,2
tolero,2
fructus,2
maturo,2
euado,2
praeditus,2
emorior,2
affecto,2
rogus,2
defero,2
paro,2
decerno,2
uter,2
dehinc,2
hactenus,2
pons,2
ossum,2
canis,2
humilis,2
impello,2
cinis,2
relinquo,2
agger,2
adhaereo,2
perfodio,2
alumnus,2
incisum,2
trames,2
folium,2
uetustas,2
admoueo,2
respicio,2
superus,2
exilis,2
praetereo,2
gradus,2
antesto,2
hibernus,2
intumesco,2
salsus,2
harundo,2
prudens,2
eruo,2
ictus,2
plumbum,2
linum,2
obiectum,2
extrudo,2
aduerto,2
consurgo,2
liceo,2
prodeo,2
praebeo,2
limus,2
septies,2
frustror,2
nutrio,2
noxius,2
deprimo,2
propius,2
praeterquam,2
barbarus,2
antiquus,2
noceo,2
mitis,2
pernicies,2
puluis,2
placeo,2
paululum,2
gemma,2
contraho,2
tantundem,2
aegre,2
sapientia,2
abdo,2
uita,2
exaestuo,2
aliquantus,2
operio,2
cerno,2
obsto,2
insero,2
labor,2
libido,2
arcesso,2
prolato,2
carnis,2
recens,2
corium,2
sexaginta,2
eloquium,2
indomitus,2
uirginitas,2
intolerabilis,2
quippe,2
introeo,2
pernix,2
sono,2
occurro,2
tigris,2
circumfundo,2
sata,2
exploro,2
proprius,2
diduco,2
auena,2
equinus,2
auris,2
patulus,2
desero,2
elephantus,2
morsus,2
lana,2
incesso,2
exspecto,2
color,2
hirsutus,2
innascor,2
sponte,2
exuro,2
tingo,2
aggredior,1
consto,1
persequor,1
cognosco,1
orans,1
contemplatio,1
absoluo,1
strictim,1
circumluo,1
paulus,1
igitur,1
cunctus,1
hemisphaerium,1
zona,1
habitabilis,1
ardor,1
intercedo,1
porricio,1
amplius,1
abigo,1
laxo,1
accepto,1
arto,1
premo,1
incedo,1
transuersus,1
redigo,1
retracto,1
inaequalis,1
adiungo,1
africa,1
sitis,1
natio,1
multiplex,1
semifer,1
formus,1
peragro,1
inceptum,1
exordium,1
significo,1
peruetus,1
exsto,1
parma,1
elephantinus,1
exseco,1
gesto,1
praealtus,1
antea,1
moles,1
fundo,1
sortior,1
segnitia,1
continenter,1
industria,1
dispendium,1
spina,1
ostrea,1
fragmentum,1
attero,1
differentia,1
infigo,1
ancora,1
eiusmodi,1
usurpo,1
imperium,1
aemulus,1
syrtis,1
affluo,1
refluo,1
natalis,1
uber,1
aruum,1
dehisco,1
condicio,1
gestus,1
postquam,1
legatus,1
dimitto,1
pactum,1
popularis,1
memoria,1
uiuus,1
obruo,1
tepesco,1
sumo,1
tepor,1
perferueo,1
deuexus,1
moratus,1
sto,1
domicilium,1
mapalia,1
munditia,1
careo,1
primoris,1
uas,1
cortex,1
potus,1
lac,1
sucus,1
plurimum,1
ferinus,1
grex,1
opimus,1
parco,1
ducto,1
tugurium,1
familia,1
lex,1
consulto,1
coniunx,1
agnatus,1
exsecror,1
pestifer,1
dominus,1
strido,1
loquor,1
armentum,1
pasco,1
pronus,1
officio,1
uxor,1
confundo,1
agnosco,1
deiero,1
precor,1
somnium,1
munus,1
pudicitia,1
uito,1
congressus,1
colloquium,1
uultus,1
satyrus,1
nilus,1
bene,1
triplex,1
diuisus,1
pererro,1
aestiuus,1
irrigo,1
hippopotamus,1
crocodilus,1
beluus,1
glaeba,1
uitalis,1
effingo,1
sedo,1
umeo,1
nondum,1
formo,1
terrenus,1
cresco,1
porro,1
queo,1
flo,1
acte,1
nubes,1
applico,1
amitto,1
debeo,1
nimius,1
quocumque,1
pyramis,1
onustus,1
labyrinthus,1
duodecim,1
paries,1
marmor,1
tego,1
innumerabilis,1
uia,1
illuc,1
anfractus,1
reuoco,1
porticus,1
explicabilis,1
multo,1
fimum,1
oblino,1
plango,1
fodio,1
arte,1
medico,1
penetralis,1
peruerse,1
lutum,1
farina,1
calx,1
forum,1
curo,1
onus,1
umerus,1
mulier,1
scilicet,1
necesse,1
aedes,1
imprudentia,1
capitalis,1
apis,1
bos,1
macula,1
cauda,1
caelestis,1
uetustus,1
tredecim,1
annalis,1
mando,1
quater,1
porta,1
aula,1
denus,1
conterminus,1
merx,1
uigilia,1
constitutum,1
siccus,1
munio,1
aerarius,1
retineo,1
sollers,1
munia,1
confligo,1
impugno,1
distantia,1
permuto,1
misceo,1
discrimen,1
spectator,1
praeterfluo,1
pirata,1
assigno,1
poeta,1
salum,1
describo,1
hiatus,1
cliuus,1
arduus,1
demitto,1
nemorosus,1
mirificus,1
mens,1
aspectus,1
consterno,1
contemplo,1
satio,1
opacus,1
resono,1
fluito,1
terreo,1
sonitus,1
fragor,1
cuniculus,1
horribilis,1
augustus,1
uenerabilis,1
pugno,1
ualidus,1
lycius,1
cognominatus,1
ciuitas,1
origo,1
indigenus,1
amans,1
ualetudo,1
infamis,1
miraculum,1
incoho,1
astrologus,1
musicus,1
merito,1
utcumque,1
adamo,1
communiter,1
fugitiuus,1
adnuo,1
potior,1
filia,1
reuertor,1
aspergo,1
duplex,1
captus,1
redimo,1
seditio,1
iudicium,1
speculor,1
appropinquo,1
ardeo,1
incendium,1
effulgeo,1
cogo,1
rotundo,1
globus,1
fugo,1
fulgeo,1
imprudens,1
anguis,1
hio,1
superuolo,1
perniciter,1
opportunus,1
laeua,1
nebulosus,1
harenosus,1
mollio,1
aliquantum,1
extractum,1
chalybs,1
persigno,1
propatulus,1
promisce,1
suffragium,1
deligo,1
custodia,1
culpa,1
praue,1
impero,1
inedia,1
ductus,1
obuerto,1
mercator,1
cycnus,1
militia,1
pedis,1
depugno,1
equester,1
laqueus,1
nubilis,1
deiectus,1
ruo,1
brumalis,1
incito,1
alimentum,1
nemo,1
uiolo,1
confugio,1
asylum,1
solum,1
gryps,1
plaustrum,1
eos,1
portuosus,1
nympha,1
sacro,1
subsequor,1
distineo,1
mucro,1
achilles,1
exercito,1
turbidus,1
poto,1
sapor,1
quadraginta,1
mater,1
amarus,1
desino,1
familiaris,1
lanio,1
immisceo,1
consumo,1
faber,1
uincio,1
officium,1
pingo,1
praesto,1
pestis,1
uicis,1
suffodio,1
bracatus,1
furor,1
ignoro,1
cruor,1
uulnus,1
ebibo,1
opprobrium,1
foedus,1
incruentus,1
saucio,1
eximo,1
sanguis,1
permisceo,1
degusto,1
pignus,1
perpoto,1
ioco,1
honor,1
inimicus,1
status,1
lupus,1
mars,1
cinctorium,1
dedico,1
plerumque,1
malignus,1
pomifer,1
uitis,1
mitigo,1
indecens,1
ferocia,1
immitis,1
pater,1
initio,1
obeo,1
etsi,1
puerperium,1
defleo,1
cantus,1
segnis,1
uotum,1
nupta,1
iudico,1
contendo,1
maereo,1
acerbus,1
planctus,1
effero,1
consolo,1
dictito,1
domina,1
procus,1
publice,1
loco,1
ueneo,1
probus,1
formosus,1
quaero,1
uinum,1
usus,1
ebrietas,1
hilaritas,1
nidor,1
intercido,1
naufragium,1
insigne,1
pernobilis,1
exercitus,1
transgressus,1
signo,1
figura,1
fortuna,1
aegaeus,1
circumago,1
legens,1
copia,1
metior,1
quo,1
caneo,1
obiecto,1
remaneo,1
soror,1
transnauigo,1
palleo,1
domitor,1
illumino,1
gigas,1
calco,1
proxime,1
utroque,1
fibra,1
platanus,1
indico,1
gymnicus,1
sanctitas,1
arcadia,1
fax,1
tropaeum,1
pernotus,1
atticus,1
hospitium,1
infamia,1
ludus,1
contueor,1
lacero,1
uesper,1
societas,1
cyllene,1
damnum,1
omen,1
intimus,1
monstro,1
pastor,1
macer,1
augesco,1
prosilio,1
discutio,1
haustus,1
cubitum,1
praegredior,1
circumeo,1
tertius,1
miles,1
alpis,1
primo,1
gallius,1
auxilium,1
africus,1
oriundus,1
pacatum,1
lapideus,1
liberi,1
inuocatus,1
adiuuo,1
pluit,1
aufero,1
degredior,1
insurgo,1
gracilis,1
suspendo,1
manifesto,1
attraho,1
ignorantia,1
mendacium,1
lubido,1
foramen,1
extraho,1
pyrenaeus,1
sicubi,1
penuria,1
effetus,1
spartum,1
obicio,1
mediterraneus,1
eminens,1
insinuo,1
complexus,1
aerumna,1
concauus,1
transueho,1
admoneo,1
promitto,1
oratio,1
large,1
re,1
sicco,1
pollen,1
contundo,1
far,1
penna,1
iaculor,1
fortunatus,1
importunus,1
pono,1
morior,1
pharos,1
consector,1
augeo,1
mas,1
milium,1
rapidus,1
letum,1
famigeratus,1
fuga,1
insculpo,1
perfluo,1
intuor,1
arbitratus,1
consocio,1
uero,1
complures,1
quadratum,1
pestilens,1
eodem,1
inueho,1
memini,1
succurro,1
tutus,1
appeto,1
pauor,1
infinitum,1
concieo,1
nudo,1
terrestris,1
deprehendo,1
destituo,1
cognitus,1
anhelitus,1
regero,1
reciproco,1
resido,1
luna,1
meatus,1
uario,1
aduento,1
comperio,1
scopulus,1
impono,1
geminus,1
resisto,1
recepto,1
emineo,1
reduco,1
obliuio,1
accolo,1
angusto,1
afflecto,1
impatiens,1
saluber,1
superbus,1
superstitiosus,1
gratus,1
aboleo,1
tempero,1
nihilominus,1
deuoueo,1
altar,1
delibo,1
magister,1
profiteor,1
doceo,1
clam,1
uiceni,1
praecipio,1
uidelicet,1
aeternus,1
defodio,1
aptus,1
ratio,1
exactio,1
creditum,1
libenter,1
uadosus,1
adaugeo,1
atrociter,1
pendeo,1
incresco,1
prius,1
lapsus,1
germanium,1
adsuetudo,1
pubes,1
pueritia,1
no,1
patientia,1
enixe,1
ius,1
latrocinium,1
pudeo,1
hospes,1
supplex,1
crudus,1
renouo,1
transgredior,1
contentus,1
curuo,1
supercilium,1
inflexus,1
discretus,1
inuito,1
secum,1
bellatrix,1
aduro,1
mamma,1
exsero,1
uirilis,1
equito,1
puellaris,1
adultus,1
stipendium,1
percutio,1
flagitium,1
poena,1
cardo,1
cotidie,1
uernus,1
aequinoctium,1
auctumnalis,1
mensis,1
apricus,1
ullus,1
otium,1
nosco,1
iurgium,1
opero,1
primitia,1
uitium,1
temero,1
satietas,1
taedium,1
hilaris,1
redimio,1
procella,1
insideo,1
sileo,1
intueor,1
frango,1
murmur,1
deuoluo,1
subiectum,1
casurus,1
declino,1
arcuatus,1
tranquillus,1
elabor,1
incursus,1
dirus,1
praegressus,1
eques,1
consequus,1
aliquotiens,1
catulus,1
aueho,1
rabies,1
astus,1
omitto,1
raptor,1
ambiguus,1
tellus,1
auctoritas,1
consul,1
praesum,1
donum,1
requiro,1
abripio,1
emetior,1
gelu,1
perstringo,1
sanctus,1
recidiuus,1
seges,1
nouo,1
interdum,1
messis,1
senus,1
sancio,1
concito,1
sano,1
insanabilis,1
nonnisi,1
dedo,1
proficiscor,1
britannia,1
progenero,1
tamdiu,1
ecce,1
triumphus,1
declaro,1
porto,1
abstraho,1
cuneo,1
triquetrus,1
praegrandis,1
margarita,1
decor,1
uitrum,1
infectus,1
frequenter,1
cupido,1
equitatus,1
pedes,1
biga,1
currus,1
falcatus,1
axis,1
aequalis,1
oblongus,1
iniquus,1
luxuriosus,1
herba,1
prohibeo,1
pasta,1
gnarus,1
fecunditas,1
recursus,1
ouum,1
paluster,1
aestas,1
lucidus,1
splendor,1
fulgor,1
nefas,1
sacrilegium,1
aeque,1
immanitas,1
distinctus,1
iustitia,1
absens,1
perago,1
indium,1
uelifico,1
neuter,1
formica,1
pinguis,1
mel,1
internodium,1
ternus,1
procerus,1
uescus,1
priusquam,1
aegritudo,1
macies,1
hostia,1
epularis,1
pius,1
senectus,1
anxius,1
gloria,1
quodammodo,1
timidus,1
affatim,1
exaequo,1
argenteus,1
parcus,1
circum,1
emano,1
ruber,1
procellosus,1
aequabiliter,1
persicus,1
aequus,1
portio,1
arabicus,1
moror,1
saeta,1
permeo,1
piger,1
rumpo,1
celer,1
fremo,1
ni,1
auerto,1
perduro,1
despectus,1
cinnamum,1
exaspero,1
hebenus,1
grus,1
uenenum,1
concerno,1
examen,1
uolantes,1
agmen,1
uolucer,1
unicus,1
partus,1
aeuum,1
exaggero,1
strues,1
membrum,1
tabes,1
concresco,1
renascor,1
adolesco,1
pristinus,1
murra,1
exporto,1
bustum,1
aethiops,1
uenerator,1
pareo,1
pretiosus,1
censeo,1
exorno,1
sons,1
fabrico,1
perfundo,1
unctum,1
perniteo,1
infirmus,1
pessum,1
sphinx,1
cornutus,1
pegasus,1
eurus,1
praecido,1
dubium,1
exhaurio,1
commeatus,1
auus,1
profugio,1
perueho,1
mutus,1
nutus,1
sonus,1
labrum,1
cohaereo,1
naris,1
fistula,1
granum,1
uisus,1
efferus,1
reluctor,1
detraho,1
silentium,1
crepo,1
tympanum,1
tibia,1
credibilis,1
corrumpo,1
quonam,1
actus,1
catoblepas,1
praegrauis,1
mortifer,1
cera,1
conspicio,1
nubila,1
geno,1
sollicitus,1
excolo,1
gusto,1
adfectus,1
remedium,1
lentus,1
crus,1
serpo,1
inops,1
terebinthus,1
ebur,1
nigritus,1
purpura,1
exter,1
diues,1
procreo,1
profundo,1
prorsus,1
resupinus,1
effodio,1
repleo,1
euenio,1
frequento,1
