,count
et,674
sum,609
ego,426
tu,421
in,338
qui,329
non,304
hic,292
meus,237
nec,226
tuus,194
ille,192
si,169
amor,140
cum,123
puella,119
possum,118
quis,110
noster,107
num,102
suus,93
nunc,91
ad,91
ab,89
do,85
manus,83
aut,82
ut,79
sed,79
at,77
magnus,77
iam,76
ipse,76
unus,75
deus,74
nullus,73
per,73
nox,67
uenio,66
dico,63
fero,59
arma,58
primus,57
multus,57
uideo,57
eo,56
de,56
aqua,56
facio,54
omnis,54
habeo,51
semper,51
uerbum,50
durus,49
sic,48
carmen,47
saepe,47
tamen,46
uia,46
uolo,46
nos,46
domus,46
totus,45
modo,45
equus,45
dies,45
caput,44
os,42
quaero,42
cynthia,42
atque,42
solus,42
tam,42
tantus,41
ex,41
terra,41
ante,40
uir,40
iste,39
nam,38
longus,38
liceo,38
quam,38
quod,37
lectus,37
quicumque,37
duco,36
edo,36
sine,35
uel,35
ullus,34
formosus,34
fatum,34
pes,33
fides,33
uita,33
ubi,33
miser,32
domina,32
malus,32
amans,32
iuppiter,32
mollis,31
tempus,31
alter,31
nomen,31
sub,31
sui,31
seu,31
fleo,31
inter,31
unda,30
quisque,30
qua,30
felix,30
medius,30
sacer,29
litus,29
ne,29
pereo,29
siue,29
collum,29
coma,29
tum,28
bonus,28
forma,28
o,28
uinco,28
numquam,28
amicus,27
dolor,27
dum,27
pono,27
paruus,27
mors,27
etiam,26
grauis,26
cado,26
labor,25
cura,25
muto,25
iaceo,25
liber,25
lacrima,25
nihil,25
mater,25
doceo,24
cogo,24
iter,24
moueo,24
quamuis,24
soluo,24
lego,24
signum,24
uiuo,23
annus,23
credo,23
pectus,23
ignis,23
torus,23
iuuo,23
qualis,23
iubeo,23
turpis,23
flumen,23
ossum,23
urbs,23
frango,23
turba,23
capio,22
magis,22
extremus,22
talis,22
mora,22
crimen,22
uelum,22
nouus,22
aurum,22
uester,22
ratis,22
funus,22
sto,22
umbra,22
lumen,21
uos,21
patrius,21
post,21
alius,21
an,21
ius,21
locus,21
fama,21
factum,21
lex,21
bos,21
patior,20
munus,20
cano,20
traho,20
somnus,20
queror,20
fallo,20
animus,20
cur,20
mare,20
soleo,20
certus,20
regnum,20
nego,20
peto,20
causa,20
ars,19
focus,19
quantus,19
nudus,19
leuis,19
sequor,19
hostis,19
limen,19
uotum,19
tristis,19
teneo,19
opus,19
saxum,19
dux,19
ocellus,18
uenus,18
refero,18
uestis,18
uterque,18
forte,18
corpus,18
ora,18
uerus,18
tango,18
sanguis,18
uerto,18
candidus,18
oculus,18
tot,18
femina,17
amo,17
sat,17
utinam,17
carus,17
quoniam,17
laedo,17
sedeo,17
mos,17
bracchium,17
iugum,17
dea,17
nota,16
facilis,16
curro,16
serus,16
puer,16
gaudeo,16
cauus,16
sentio,16
lentus,16
uentus,16
testis,16
chorus,16
aliquis,16
ualeo,15
saeuus,15
auris,15
uacuus,15
cedo,15
timor,15
inuitus,15
aetas,15
quisquam,15
roma,15
ago,15
tollo,15
timeo,15
poena,15
superbus,15
plenus,15
antrum,14
sidus,14
ira,14
amarus,14
capillus,14
dulcis,14
fax,14
osculum,14
sinus,14
quotiens,14
is,14
mecum,14
bibo,14
fugio,14
totiens,14
miror,14
harena,14
gloria,14
erus,14
facies,14
uersus,14
unde,14
auis,14
uro,14
idem,14
uix,14
redeo,14
iacto,14
orbis,14
uulnus,13
luna,13
ferrum,13
loquor,13
nosco,13
aspicio,13
bene,13
uilis,13
lyra,13
positus,13
cornu,13
foris,13
ulter,13
insanus,13
uox,13
ara,13
maneo,13
uetus,13
cerno,13
ingenium,13
modus,13
quoque,13
taceo,13
pro,13
fingo,13
doleo,13
triumphus,13
siccus,13
miles,13
noceo,13
canus,13
mitto,13
tero,13
pater,13
ueho,13
premo,12
tardus,12
memini,12
tutus,12
heu,12
figura,12
surgo,12
pingo,12
soror,12
quondam,12
placeo,12
phoebus,12
laus,12
pars,12
mons,12
tego,12
prosum,12
castrum,12
romanus,12
igitur,12
audio,12
aequor,12
uinculum,12
praebeo,12
alternus,12
quisquis,12
caelum,12
misceo,12
rogus,12
dignus,12
uis,12
frater,12
nocturnus,12
pondus,12
certe,12
bustum,12
lacus,12
duo,12
purus,12
pudet,12
impono,11
perdo,11
sino,11
color,11
rota,11
gratus,11
parum,11
assiduus,11
rarus,11
aio,11
iro,11
hora,11
ah,11
fortuna,11
liquor,11
ita,11
laudo,11
nolo,11
surdus,11
iuuenis,11
tener,11
aura,11
quin,11
ops,11
paro,11
claudo,11
herba,11
incipio,11
olim,11
coniunx,11
palma,11
fons,11
ter,11
spargo,11
posco,11
proelium,11
uates,11
fluo,11
omen,11
foedus,11
pius,11
honor,11
canis,11
flamma,11
aer,11
torqueo,11
castus,10
prius,10
tunc,10
moror,10
natura,10
maritus,10
porto,10
neue,10
gaudium,10
pariter,10
querela,10
iacio,10
reddo,10
natus,10
carpo,10
hinc,10
cupio,10
arcus,10
compono,10
uoco,10
corrumpo,10
nauta,10
rumpo,10
rudis,10
moenia,10
infernus,10
pudor,10
morior,10
custos,10
uaco,10
sono,10
uinum,10
altus,10
ianua,10
lingua,10
scribo,10
uiuus,10
condo,10
uerso,10
poculum,10
campus,10
niger,10
sonus,10
mundus,10
fastus,9
furor,9
rursus,9
membrum,9
humus,9
sol,9
adsum,9
satis,9
sis,9
fessus,9
figo,9
clausum,9
disco,9
committo,9
fortis,9
nescio,9
gallus,9
umquam,9
subeo,9
poeta,9
mereo,9
remus,9
portus,9
aptus,9
blandus,9
perfidus,9
quia,9
desero,9
uincio,9
semel,9
uertex,9
arbor,9
rapio,9
humanus,9
saluus,9
caecus,9
antiquus,9
tellus,9
seruo,9
canto,9
urna,9
latus,9
donum,9
mox,9
ueto,9
nisi,9
tergum,9
cinis,9
lux,9
caesar,9
hospes,9
aureus,9
arx,9
uictor,9
porta,9
improbus,8
erro,8
fera,8
pio,8
reuoco,8
orno,8
tenuis,8
crinis,8
scio,8
uisum,8
adeo,8
sumo,8
experior,8
ignotus,8
frons,8
namque,8
exigo,8
fletus,8
lapis,8
raptus,8
uagus,8
mille,8
culpa,8
rogo,8
prex,8
merito,8
tingo,8
amator,8
sepulcrum,8
iniquus,8
quiuis,8
nobilis,8
finis,8
imito,8
deinde,8
rex,8
tremo,8
quoius,8
currus,8
pendeo,8
traicio,8
carina,8
uadum,8
nata,8
narro,8
fuga,8
ludo,8
umerus,8
eburneus,8
bellus,8
res,8
capto,8
pax,8
taurus,8
merus,8
luceo,8
puto,8
pulcher,8
exemplum,8
nupta,8
immeritus,8
somnium,8
ferio,8
lauo,8
uultus,8
corona,8
tres,8
super,8
spolium,8
uerro,8
senex,8
murus,8
enim,8
deduco,7
sitis,7
lympha,7
cupidus,7
externus,7
tabula,7
uereor,7
desertum,7
molliter,7
ardor,7
lacertus,7
ingratus,7
uanus,7
lassus,7
tacita,7
impune,7
differo,7
contemno,7
cesso,7
inuenio,7
relinquo,7
contemptus,7
imago,7
quare,7
cognosco,7
seruio,7
frustra,7
humilis,7
caueo,7
murmur,7
nauis,7
funis,7
crudelis,7
accipio,7
iuro,7
falsus,7
auarus,7
supplex,7
quaeso,7
spiritus,7
quando,7
nescius,7
exiguus,7
laeto,7
urgeo,7
tectum,7
praemium,7
periculum,7
historia,7
excido,7
pulso,7
uitium,7
rosa,7
nemus,7
clamo,7
comes,7
genus,7
unguis,7
demissus,7
circa,7
digitus,7
catena,7
testor,7
auus,7
pastor,7
albus,7
nato,7
geminus,7
scriptum,7
decem,7
fallax,7
beatus,7
templum,7
statuo,7
condio,7
uxor,7
fundo,7
bis,7
fraus,7
precor,7
gero,7
nemo,7
colo,7
uastus,7
sanctus,7
fidus,7
iuno,7
iuuencus,7
mando,7
astrum,7
corono,7
huc,7
tarpeius,7
deficio,6
saucius,6
rupes,6
ergo,6
mens,6
palleo,6
sero,6
procedo,6
iucundus,6
accumbo,6
quies,6
uestigium,6
tempto,6
haereo,6
iniuria,6
purpureus,6
confero,6
libet,6
memor,6
par,6
infelix,6
tecum,6
puppis,6
debitum,6
socius,6
affero,6
pontus,6
mina,6
aeternus,6
demens,6
hibernus,6
inimicus,6
placidus,6
flecto,6
columba,6
libellus,6
quippe,6
uigilo,6
pateo,6
blanditia,6
iustus,6
semita,6
resto,6
uicis,6
anima,6
mirus,6
cubile,6
eous,6
uiso,6
hospitium,6
audax,6
nimium,6
mentior,6
nequitia,6
requiesco,6
frigidus,6
raucus,6
increpo,6
pario,6
timidus,6
supero,6
officium,6
nihilum,6
secundus,6
captiuus,6
auratus,6
rostrum,6
furtum,6
tunica,6
folium,6
dubius,6
anus,6
aperto,6
pecco,6
tuba,6
specto,6
tumulus,6
caedes,6
cruentus,6
caeruleus,6
telum,6
pauper,6
addo,6
interea,6
hodie,6
columna,6
linquo,6
conuiuium,6
mensa,6
barbarus,6
theatrum,6
sors,6
onus,6
uicinus,6
haud,6
calamus,6
lucus,6
classis,6
immundus,6
notus,6
pila,6
puter,6
metus,6
uesta,6
secta,6
uirgo,6
inanis,6
aestus,6
remitto,6
monumentum,6
pensum,6
poto,6
domo,5
gens,5
adsuesco,5
medicina,5
hedera,5
uolucris,5
gemma,5
probo,5
chorea,5
nitor,5
conor,5
metuo,5
tandem,5
ala,5
seruitium,5
artus,5
contendo,5
circum,5
similis,5
excludo,5
cito,5
rumor,5
imperium,5
agito,5
uesanus,5
nauita,5
aufero,5
musa,5
fretus,5
contingo,5
conscius,5
iterum,5
recens,5
herculeus,5
subdo,5
ignosco,5
parens,5
quantum,5
amplexus,5
quidam,5
gradus,5
inicio,5
diu,5
opto,5
labrum,5
hercules,5
silua,5
uarius,5
excipio,5
thalamus,5
occido,5
admitto,5
rixa,5
infamis,5
saeculum,5
argutus,5
sollicitus,5
procella,5
nonne,5
circumdo,5
trames,5
ueneror,5
praeda,5
spatior,5
nympha,5
error,5
alcides,5
amictus,5
memoro,5
superus,5
uirgineus,5
pello,5
diuus,5
aequus,5
sapio,5
ac,5
aratrum,5
subito,5
spero,5
potens,5
dormio,5
intactus,5
tabella,5
transeo,5
tibia,5
castra,5
postquam,5
dolus,5
sagitta,5
habito,5
uenenum,5
fabula,5
niueus,5
uenor,5
lucerna,5
iungo,5
paucus,5
diues,5
casa,5
damnatus,5
uirtus,5
fulmen,5
ruga,5
gena,5
ager,5
tenebrae,5
pagina,5
stultus,5
recipio,5
pudicus,5
propello,5
discus,5
dextra,5
onero,5
penas,5
lar,5
fugo,5
uua,5
desino,5
ruo,5
uictrix,5
sedes,5
coeo,5
hasta,5
paternus,5
pretium,5
datum,5
romulus,5
forum,5
donec,4
aduersus,4
hirsutus,4
magicus,4
manes,4
moneo,4
cous,4
decus,4
mercor,4
candor,4
pudicitia,4
luxuria,4
ebrius,4
nondum,4
leuiter,4
audeo,4
corolla,4
pomum,4
diuersus,4
fenestra,4
compositus,4
patefacio,4
inferus,4
iudex,4
ingenuus,4
damnum,4
cursus,4
propero,4
maestus,4
abeo,4
salum,4
diuitia,4
noto,4
securis,4
oblino,4
armatus,4
militia,4
tendo,4
aro,4
longe,4
praefero,4
fulcio,4
periurus,4
angustus,4
apollo,4
planta,4
ecce,4
emptum,4
copia,4
decipio,4
acer,4
fateor,4
laetitia,4
sano,4
fruor,4
propior,4
simulo,4
minuo,4
contra,4
nutrio,4
inuidia,4
diduco,4
flagro,4
partus,4
placo,4
hesternus,4
uario,4
parce,4
suppono,4
desum,4
parco,4
excubia,4
postis,4
concedo,4
occulo,4
matutinus,4
gurges,4
puluis,4
numero,4
debeo,4
quot,4
exsequia,4
senecta,4
species,4
rapina,4
praeteritus,4
scopulus,4
ultra,4
insto,4
insidiae,4
supra,4
pendo,4
lilium,4
pratum,4
propono,4
flos,4
lucto,4
tumultus,4
aenus,4
exstinguo,4
cuspis,4
iuuenta,4
piscis,4
certo,4
plectrum,4
bellum,4
quidem,4
coquo,4
fio,4
discedo,4
nubes,4
ater,4
subtraho,4
ouum,4
scindo,4
pollex,4
auctor,4
lupa,4
citus,4
funestus,4
corruo,4
propter,4
coniugium,4
texo,4
forsitan,4
incertus,4
femineus,4
dirus,4
semen,4
scilicet,4
penna,4
satius,4
ordo,4
humo,4
ceruix,4
ploro,4
nudo,4
cunctus,4
includo,4
libido,4
curuus,4
recta,4
rus,4
uitis,4
compitum,4
caedo,4
ministro,4
seruus,4
forus,4
talus,4
ruina,4
fuscus,4
umor,4
prora,4
missa,4
homo,4
stygius,4
harundo,4
marinus,4
perennis,4
lasciuus,4
mulier,4
mitra,4
uecto,4
hio,4
umbrosus,4
stabulum,4
alumnus,4
merum,4
nepos,4
dexter,4
aeuum,4
tropaeum,4
merces,4
titulus,4
necto,4
ministra,4
uitta,4
hiatus,4
maternus,4
letum,4
terreo,4
pallidus,4
uindico,4
utilis,4
induo,4
inde,4
serpens,4
regina,4
acies,4
tutela,4
patria,4
odoratus,4
tundo,4
festus,4
dos,4
aestiuus,4
signo,4
scando,4
obliquus,4
toga,4
uertumnus,4
augustus,4
odi,3
conuerto,3
sanus,3
libertas,3
remaneo,3
exerceo,3
perfundo,3
proprius,3
artifex,3
sponte,3
natiuus,3
lapillus,3
filia,3
phrygius,3
studium,3
amplus,3
dono,3
languidus,3
bacchus,3
sensus,3
admoueo,3
iurgium,3
intentus,3
argus,3
furtiuus,3
uoluto,3
suspirium,3
motus,3
obstipesco,3
credulus,3
sedulus,3
stamen,3
sopor,3
inuidus,3
compesco,3
irascor,3
ferox,3
tremulus,3
orior,3
succurro,3
priscus,3
conscendo,3
uado,3
infidus,3
longinquus,3
numerus,3
ponticus,3
fraternus,3
homerus,3
iniustus,3
assidue,3
concutio,3
septem,3
reticeo,3
pruina,3
iners,3
eleuo,3
alienus,3
desisto,3
concha,3
summa,3
riualis,3
subduco,3
impero,3
mansuetus,3
necdum,3
licet,3
attingo,3
leuo,3
rubeo,3
potus,3
lusus,3
aperio,3
pugno,3
effectus,3
ecquis,3
miro,3
communis,3
custodia,3
uenia,3
obruo,3
diuido,3
aspergo,3
fas,3
casus,3
abripio,3
augeo,3
augur,3
tepidus,3
addictus,3
heroine,3
uterus,3
incido,3
lesbius,3
celer,3
spondeo,3
heros,3
ostrinus,3
anxius,3
tabesco,3
effero,3
celebro,3
umidus,3
obscenus,3
gelu,3
percutio,3
respondeo,3
presso,3
obstrepo,3
reposco,3
asper,3
pinus,3
resono,3
perfero,3
continuus,3
sicco,3
defendo,3
ausonia,3
perpetior,3
consto,3
sector,3
proles,3
suspendo,3
ramus,3
incumbo,3
fulgeo,3
incedo,3
nascor,3
euerto,3
fidelis,3
conuenio,3
potis,3
nouerca,3
gramen,3
spes,3
inuidiosus,3
sisto,3
senectus,3
mensis,3
toruus,3
seuerus,3
lac,3
ostendo,3
uelut,3
aruus,3
cognitus,3
lucrum,3
oportet,3
dens,3
moratus,3
egeo,3
descendo,3
insulto,3
absum,3
uncus,3
gemo,3
fanum,3
occupo,3
eris,3
prodeo,3
ferreus,3
uisus,3
usque,3
inhonestus,3
sterno,3
triumpho,3
exspecto,3
dominus,3
flauus,3
ob,3
lustro,3
eques,3
tueor,3
tus,3
pharetra,3
honestus,3
acta,3
fulcrum,3
sepelio,3
palus,3
effusus,3
delicia,3
papilla,3
cubo,3
bellicus,3
fructus,3
spiro,3
uellus,3
pecus,3
sedo,3
sonitus,3
sidonius,3
infectus,3
admiror,3
triuius,3
indus,3
ludus,3
idcirco,3
nimis,3
deuius,3
agricola,3
falx,3
haedus,3
agrestis,3
diana,3
struo,3
auerto,3
muscosus,3
aeratus,3
iudicium,3
uagor,3
temere,3
sermo,3
pando,3
langueo,3
achilles,3
sin,3
quisnam,3
captus,3
garrulus,3
infamo,3
perago,3
naufragus,3
tumidus,3
diligo,3
potius,3
meta,3
neptunus,3
discutio,3
sopio,3
mortalis,3
remex,3
uexo,3
io,3
monstrum,3
deuoueo,3
tribuo,3
aduro,3
troia,3
diruo,3
dimitto,3
meritum,3
odor,3
denique,3
corymbus,3
nuper,3
mars,3
pasco,3
stuprum,3
fluctus,3
sollemnis,3
detraho,3
tiberis,3
nequeo,3
polluo,3
ratio,3
tono,3
iactus,3
custodio,3
obitus,3
abiegnus,3
qualiscumque,3
cresco,3
trabs,3
operosus,3
pugna,3
sinister,3
fictilis,3
sortior,3
austerus,3
findo,3
linteus,3
clades,3
fatalis,3
supersum,3
inuisus,3
tempero,3
speculum,3
querulus,3
pluma,3
cingo,3
curuo,3
adicio,3
ligo,3
grex,3
sileo,3
ratus,3
inflecto,3
parca,3
natalis,3
crepo,3
publicum,3
annuus,3
ferus,3
pacatum,3
opprobrium,3
ciuis,3
cognomen,3
galea,3
peruro,3
puniceus,3
aula,3
pietas,3
scelus,3
praetexo,3
turris,3
obduco,3
morsus,3
sobrius,3
libo,3
tubicen,3
exoro,3
pignus,3
ultor,3
procul,3
uenter,3
celo,3
faenum,3
curtus,3
nutrix,3
proauus,3
nempe,3
exuuia,3
amnis,3
lis,3
nubo,3
pallium,3
iuba,3
decet,3
mollio,3
cerberus,3
faueo,3
solutus,3
sancio,3
cacus,3
feretrum,3
sella,3
sextus,2
constans,2
deicio,2
ei,2
saeuitia,2
uelox,2
cogito,2
lapsus,2
auxilium,2
uendo,2
cultus,2
niteo,2
fossa,2
euenio,2
aueho,2
fucus,2
libens,2
gratia,2
minerua,2
herbosus,2
concido,2
deperdo,2
duplex,2
correpo,2
subiectum,2
pronus,2
insolitus,2
praecurro,2
radius,2
interdum,2
bassus,2
patera,2
nedum,2
accepta,2
ubique,2
adoro,2
molestus,2
alligo,2
horror,2
informis,2
pallor,2
mutuus,2
complector,2
remoror,2
denego,2
minor,2
conuicium,2
oppositus,2
anteeo,2
libenter,2
pactolus,2
acceptum,2
immemor,2
contero,2
agmen,2
situs,2
faenus,2
gelidus,2
uergilius,2
infestus,2
proueho,2
depono,2
liuor,2
peritus,2
lenis,2
sepono,2
accedo,2
medulla,2
silex,2
quercus,2
secedo,2
irrito,2
paruulus,2
discidium,2
desidia,2
consuesco,2
praesens,2
calor,2
transfero,2
uulgaris,2
caelestis,2
succedo,2
tribus,2
abicio,2
ruber,2
releuo,2
sericum,2
despicio,2
leuitas,2
perfidia,2
incomptus,2
creditum,2
indignus,2
trado,2
moto,2
zephyrus,2
cardo,2
iocus,2
triuium,2
innitor,2
ales,2
aequoreus,2
possideo,2
profero,2
queo,2
principium,2
deiectus,2
incultus,2
minae,2
defluo,2
imprudens,2
proximus,2
hyle,2
naualis,2
frondeo,2
inuictus,2
supinus,2
summoueo,2
decerpo,2
tardo,2
ni,2
etruscus,2
erepo,2
herous,2
classicus,2
praecordia,2
ouis,2
praedor,2
demo,2
dolium,2
grauor,2
breuis,2
marmor,2
mutus,2
fauilla,2
meditor,2
opertum,2
etsi,2
aper,2
nix,2
iuuentus,2
uetustas,2
saltem,2
nequiquam,2
unguentum,2
aeger,2
deleo,2
compleo,2
populus,2
propinquus,2
cuna,2
dementia,2
uelo,2
araneus,2
sublatus,2
deuinco,2
respicio,2
comito,2
pridem,2
inimicitia,2
dictum,2
tyrannus,2
ensis,2
ferueo,2
saeuio,2
procus,2
diurnus,2
amplector,2
uerbero,2
maereo,2
uiduus,2
impius,2
suscipio,2
retineo,2
flamen,2
tremefacio,2
acuo,2
educo,2
turma,2
audacia,2
cithara,2
sterilis,2
cor,2
nusquam,2
spiculum,2
uallis,2
gremium,2
pompa,2
plebeius,2
uero,2
onyx,2
testa,2
laurus,2
nestor,2
agger,2
amissum,2
incolumis,2
linum,2
rego,2
immortalis,2
oppono,2
condicio,2
heri,2
aliqui,2
mortuus,2
lectulus,2
concumbo,2
uestio,2
mamma,2
deludo,2
secum,2
oppugno,2
areo,2
calathus,2
stratum,2
messis,2
consumo,2
curo,2
ardesco,2
actium,2
smaragdus,2
rideo,2
neglego,2
desilio,2
orion,2
auster,2
promissum,2
expleo,2
sisyphius,2
decimus,2
odium,2
candesco,2
foueo,2
britannus,2
filius,2
transilio,2
sacellum,2
leo,2
comminus,2
intego,2
fatigo,2
sex,2
lacrimo,2
astringo,2
nodus,2
septimus,2
nimius,2
exitium,2
phryx,2
creo,2
caelus,2
alo,2
indoctus,2
uulgus,2
porticus,2
saeptum,2
cauda,2
frigus,2
hesperius,2
draco,2
sibylla,2
eheu,2
auitus,2
caluus,2
annosus,2
parma,2
gorgo,2
sustineo,2
persoluo,2
mendax,2
pactum,2
increpito,2
delphinus,2
summum,2
incendo,2
comprimo,2
boreas,2
obscurus,2
exitus,2
stella,2
commodus,2
misereor,2
torridus,2
pallas,2
nilus,2
perseus,2
rhombus,2
opero,2
persephone,2
uobiscum,2
propius,2
uotiuus,2
inquam,2
loco,2
mane,2
admissum,2
laxus,2
reus,2
reuerentia,2
quattuor,2
ualua,2
libycus,2
ap,2
taeda,2
pompeius,2
attalicus,2
creber,2
crepito,2
triton,2
monstro,2
rete,2
iactura,2
reduco,2
caducus,2
saturnus,2
latinus,2
tepeo,2
matrona,2
ineo,2
reperio,2
pampineus,2
falernus,2
spumo,2
cognatus,2
concors,2
secor,2
quadriga,2
uenum,2
succumbo,2
trux,2
laboro,2
conuiua,2
actius,2
subter,2
impressus,2
uber,2
legens,2
anser,2
confiteor,2
ingredior,2
orgia,2
pumex,2
immitto,2
numen,2
roro,2
aequo,2
rigo,2
defessus,2
fortunatus,2
neruus,2
regia,2
nixus,2
gyrus,2
rado,2
tympanum,2
nouem,2
contentus,2
armiger,2
crassus,2
consulo,2
axis,2
fugax,2
plausus,2
plaudo,2
cautus,2
dispono,2
consul,2
uernus,2
surruo,2
tormentum,2
furia,2
ieiunium,2
furo,2
anguis,2
iugerum,2
tumefacio,2
refert,2
lana,2
portendo,2
laneus,2
integer,2
pabulum,2
quater,2
esca,2
lignum,2
alcyon,2
centum,2
mentum,2
ancora,2
detero,2
exuro,2
furibundus,2
rabidus,2
maenas,2
icio,2
haruspex,2
morsum,2
socer,2
intra,2
genu,2
animosus,2
acanthus,2
concurro,2
castrensis,2
ligneus,2
mino,2
palatium,2
prosequor,2
astutus,2
fautor,2
lorum,2
murreus,2
perses,2
famulus,2
latrans,2
uerendus,2
abscindo,2
lacerna,2
munio,2
uer,2
auidus,2
pretiosus,2
exhaurio,2
manifestus,2
ardeo,2
canistrum,2
rubus,2
tondeo,2
pellis,2
aries,2
benignus,2
sacrarium,2
uenalis,2
lauriger,2
irritus,2
clauus,2
protego,2
erubesco,2
concito,2
uello,2
immitis,2
ieiunus,2
regalis,2
cruento,2
pulsus,2
accenseo,2
arboreus,2
diluo,2
arcesso,2
collis,2
dica,2
iuxta,2
cymbalum,2
stagnum,2
ostrum,2
protraho,2
frenum,2
liquidus,2
phaselus,2
arceo,2
hortus,2
ebur,2
spatium,2
raptor,2
desiderium,2
hospitus,2
usus,2
insignis,2
demum,2
quilibet,2
euentus,2
senatus,2
pellitus,2
bucina,2
quiris,2
oleo,2
parilis,2
nouo,2
asellus,2
lupercus,2
praetorius,2
resurgo,2
superbio,2
auersus,2
pigeo,2
itero,2
troius,2
harenosus,2
prodo,2
tuscus,2
liueo,2
stipes,2
auius,2
quartus,2
imbellis,2
attero,2
induco,2
aquosus,2
tignum,2
ascendo,2
probrus,2
pudeo,2
cras,2
limes,2
rependo,2
palla,2
prope,2
coepio,2
decerno,2
lena,2
eruo,2
fetus,2
ripa,2
sperno,2
damnosus,2
recurro,2
utor,2
moles,2
uindex,2
mobilis,2
assisto,2
remigo,2
ductus,2
fertilis,2
luridus,2
lethaeus,2
diripio,2
arcanus,2
sibilo,2
cybebe,2
anio,2
aruum,2
corripio,2
taberna,2
labes,2
spectaculum,2
barba,2
secerno,2
fur,2
claua,2
claudius,2
cornelius,2
censura,2
contactus,1
cupido,1
consilium,1
amens,1
percussus,1
ingemo,1
benefacio,1
pellax,1
en,1
agedum,1
fortiter,1
fertus,1
adnuo,1
pareo,1
uito,1
monitum,1
aduerto,1
murra,1
peregrinus,1
summitto,1
arbutus,1
indocilis,1
praefulgeo,1
succendo,1
pollux,1
discordia,1
obnoxius,1
conquiro,1
cnosius,1
cos,1
hac,1
formo,1
auspicium,1
cubitum,1
expello,1
perduco,1
impello,1
decor,1
quid,1
toxicum,1
thessalia,1
contrarius,1
singultus,1
nobilitas,1
solacium,1
aegaeus,1
arguto,1
duro,1
athenae,1
patruus,1
idoneus,1
cadmeus,1
aliquid,1
neglectus,1
subicio,1
quolibet,1
duplico,1
bruma,1
defigo,1
subsido,1
rogito,1
consido,1
malo,1
doto,1
indo,1
obsequium,1
canities,1
irrisor,1
perpetuo,1
tigris,1
erratum,1
uoluptas,1
concredo,1
coniungo,1
subiectus,1
adduco,1
amoueo,1
confido,1
susurrus,1
perspicio,1
baiae,1
uenetus,1
dissideo,1
despectus,1
pallesco,1
languesco,1
quotcumque,1
linter,1
intendo,1
aduersum,1
infringo,1
transcendo,1
textilis,1
alcinous,1
digressus,1
consisto,1
periurium,1
obliuiscor,1
retro,1
inuerto,1
attollo,1
patricius,1
inauro,1
potor,1
defleo,1
penitus,1
resero,1
uocula,1
rima,1
auricula,1
chalybs,1
miseror,1
petulantia,1
peruigilo,1
alloquor,1
poenus,1
tenere,1
caros,1
taciturnus,1
repeto,1
tristitia,1
infero,1
fagus,1
cortex,1
careo,1
occurro,1
infra,1
dispar,1
giganteus,1
ubicumque,1
egredior,1
aquilonius,1
roscidus,1
irriguus,1
papauer,1
pueriliter,1
haurio,1
dryades,1
destituo,1
monitus,1
consors,1
euado,1
uolumen,1
euerro,1
declino,1
bini,1
ciuilis,1
attraho,1
debilis,1
contexo,1
intono,1
arator,1
enumero,1
culpo,1
priuignus,1
morbus,1
crus,1
restituo,1
repleo,1
quandocumque,1
essedum,1
caelo,1
pristinus,1
fuluus,1
anguifer,1
minium,1
bombyx,1
salto,1
sternuo,1
nobiscum,1
obeo,1
detrecto,1
trepido,1
dehinc,1
domitius,1
surripio,1
delictum,1
repulsus,1
crepitus,1
suscito,1
expendo,1
deciens,1
ictus,1
medicus,1
incautus,1
tranquillus,1
uellico,1
amata,1
solum,1
uerum,1
repugno,1
praecludo,1
conecto,1
rusticus,1
circumeo,1
scriba,1
aedes,1
simul,1
suspicor,1
eadem,1
depingo,1
paries,1
seduco,1
edictum,1
udus,1
etenim,1
acerbus,1
iugulum,1
temerarius,1
ecquando,1
interitus,1
exagito,1
calco,1
permisceo,1
effugio,1
stillo,1
cruor,1
porricio,1
passus,1
fors,1
eiecto,1
denus,1
exanimis,1
foedo,1
risus,1
salus,1
facile,1
sententia,1
promo,1
furtim,1
postmodo,1
caneo,1
inops,1
uiator,1
uentosus,1
permaneo,1
hamatus,1
utroque,1
puerilis,1
euolo,1
uapulo,1
armo,1
gracilis,1
stupefacio,1
mirator,1
illustris,1
confundo,1
odorifer,1
lanx,1
lacero,1
labellum,1
notesco,1
aspernor,1
longaeuus,1
illic,1
collegium,1
uictoria,1
sido,1
onustus,1
uestibulum,1
appositus,1
pertendo,1
inclino,1
prohibeo,1
satio,1
masculus,1
aridus,1
decurro,1
passim,1
crastinus,1
offero,1
stolidus,1
nauigo,1
fascis,1
pondero,1
merx,1
stramineus,1
septeni,1
seiungo,1
uulgo,1
lumbus,1
fremitus,1
chrysolithos,1
rapidus,1
percurro,1
aetherius,1
pleias,1
punio,1
difficile,1
rimosus,1
aurora,1
decedo,1
ulna,1
adiunctus,1
maturus,1
praesto,1
memnon,1
luctus,1
deminuo,1
ineptus,1
demos,1
corruptor,1
probus,1
peccatum,1
plurimus,1
ibi,1
protinus,1
sura,1
sus,1
lepor,1
abluo,1
lucifer,1
abduco,1
dubito,1
grauitas,1
ambo,1
mitis,1
orbita,1
tragicus,1
perpetuus,1
dodona,1
dispereo,1
eicio,1
here,1
gestus,1
incino,1
indicus,1
lanio,1
culter,1
cantor,1
exsilio,1
tenuo,1
culta,1
percontor,1
arctos,1
eripio,1
minister,1
retinacula,1
reicio,1
soccus,1
properus,1
sudor,1
traduco,1
parcus,1
pauo,1
flabellum,1
dispendium,1
hydra,1
taeter,1
ebibo,1
proteruus,1
plango,1
unicus,1
depositum,1
secubo,1
grandaeuus,1
obduresco,1
obsisto,1
robigo,1
mucro,1
ultro,1
assumo,1
deposco,1
flatus,1
cohibeo,1
persaepe,1
crucio,1
insomnia,1
ros,1
tergus,1
castor,1
extollo,1
glaucus,1
subsidium,1
recito,1
constantia,1
eurus,1
latex,1
tridens,1
diuinus,1
profundo,1
alterno,1
charybdis,1
phoenix,1
serenus,1
obiectus,1
mauors,1
utrimque,1
praeterea,1
flabra,1
concessus,1
afficio,1
aestuo,1
peraeque,1
prae,1
mugio,1
uacca,1
imploro,1
ursa,1
sepultura,1
maeonius,1
utcumque,1
concino,1
clementia,1
apud,1
achaia,1
formus,1
diua,1
obuius,1
facula,1
arripio,1
medium,1
intereo,1
inepte,1
afflo,1
arabs,1
quiesco,1
narratum,1
speculator,1
putus,1
appareo,1
adulterium,1
sauium,1
prosilio,1
solea,1
dorsum,1
talaris,1
mercurius,1
excubo,1
exorabilis,1
accuso,1
maeander,1
obicio,1
exsto,1
digero,1
equidem,1
marmoreus,1
armentum,1
uiuidus,1
clarus,1
fastigium,1
deporto,1
accensi,1
sordeo,1
aulaeum,1
nubilus,1
deprehendo,1
autem,1
decretum,1
hamadryas,1
examen,1
deligo,1
graius,1
arbutum,1
pasta,1
aegyptus,1
meracus,1
nectar,1
ico,1
colonus,1
saepis,1
lyaeus,1
praependeo,1
largus,1
madeo,1
calix,1
paene,1
expertus,1
flagitium,1
deprecor,1
aemulor,1
lynceus,1
insanio,1
sapientia,1
inflo,1
resoluo,1
tornus,1
ibis,1
ualidus,1
laqueus,1
consulto,1
regno,1
aeneus,1
troianus,1
ilias,1
pinetum,1
missus,1
tityrus,1
auena,1
seges,1
uireo,1
testudo,1
articulus,1
canorus,1
olor,1
perficio,1
sacerdos,1
quo,1
sublimis,1
scriptor,1
habena,1
annalis,1
defero,1
molle,1
memorator,1
posteritas,1
auguro,1
indico,1
concieo,1
camera,1
pomarius,1
pyramis,1
sumptus,1
imber,1
recubo,1
hisco,1
sitio,1
speculor,1
scamnum,1
praescribo,1
affigo,1
uiridis,1
spelunca,1
punicus,1
thyrsus,1
apto,1
reor,1
cycnus,1
praeconius,1
flo,1
refringo,1
excanto,1
dis,1
gemmifer,1
prouincia,1
uirga,1
f,1
bracatus,1
resisto,1
oppidum,1
pinguis,1
stulte,1
disto,1
intercipio,1
perdisco,1
exorior,1
coacta,1
menstruus,1
pluuius,1
cacumen,1
atratus,1
plaustrum,1
spissus,1
exeo,1
faux,1
nuntius,1
origo,1
era,1
scrinium,1
neo,1
domi,1
stamineus,1
turgeo,1
sanies,1
rubeta,1
exsuctus,1
striga,1
reporto,1
consimilis,1
concordia,1
exsisto,1
pecunia,1
immaturus,1
stridor,1
thyius,1
terebinthus,1
effultus,1
radicitus,1
moribundus,1
penes,1
degrauo,1
lanugo,1
affligo,1
fuscina,1
regio,1
eueho,1
for,1
uertigo,1
paetus,1
uolucer,1
asto,1
alueus,1
genitor,1
deceo,1
grauo,1
consenesco,1
insidior,1
substerno,1
triumphalis,1
paulatim,1
maledictum,1
inuado,1
minitor,1
rescindo,1
proicio,1
cymbium,1
nimirum,1
uoluo,1
stipo,1
aequalis,1
supercilium,1
pungo,1
aeque,1
offensus,1
grandis,1
pressus,1
effingo,1
argumentum,1
satus,1
praeceptum,1
pugnax,1
insinuo,1
colligo,1
uelifer,1
carinus,1
uere,1
siluestris,1
ordior,1
caesum,1
firmus,1
celsus,1
ouo,1
tela,1
claustrum,1
coepi,1
faustus,1
hodiernus,1
supprimo,1
absumo,1
editus,1
nitidus,1
polleo,1
crocinus,1
naris,1
ungo,1
adimo,1
perstrepo,1
interpres,1
triens,1
instituo,1
ignauus,1
praesagio,1
adamantinus,1
cassida,1
solidus,1
stringo,1
rapto,1
femur,1
noxia,1
incestus,1
meretrix,1
sistrum,1
contus,1
statua,1
admorsus,1
coluber,1
praesideo,1
hannibal,1
pedes,1
curtius,1
lacuna,1
pons,1
coruus,1
spolio,1
cataphractus,1
magistra,1
securus,1
duritia,1
lotos,1
tenax,1
hiems,1
persido,1
formica,1
metallum,1
pistor,1
expugno,1
census,1
coloro,1
mortifer,1
fusus,1
certamen,1
decusso,1
uiola,1
uimineus,1
lucidus,1
uersicolor,1
siluicolus,1
hinnuleus,1
laetus,1
corniger,1
satura,1
lepus,1
sacrilegus,1
intonsus,1
delabor,1
proloquor,1
uerax,1
serpo,1
palaestra,1
gymnasium,1
aduncus,1
trochus,1
puluerulentus,1
pancratium,1
caestus,1
missilis,1
roto,1
reuinco,1
bellicum,1
praemitto,1
tute,1
repello,1
ingens,1
imbuo,1
tertius,1
inuoco,1
manica,1
permoueo,1
fluentum,1
pone,1
abigo,1
raresco,1
epistula,1
culmen,1
patulus,1
ambulo,1
demonstro,1
salebra,1
rabies,1
quouis,1
emo,1
frequens,1
cumulus,1
uallo,1
aduoluo,1
lynx,1
feruidus,1
pango,1
mustus,1
inquino,1
triplex,1
laxo,1
mano,1
oliuom,1
capripes,1
turriger,1
crater,1
antistes,1
fumidus,1
concrepo,1
marcellus,1
demitto,1
uicesimus,1
gemmeus,1
eximo,1
arista,1
reprehendo,1
stimulus,1
succenseo,1
uenumdo,1
despondeo,1
recludo,1
innuptus,1
arbiter,1
splendidus,1
refulgeo,1
spatiosus,1
contraho,1
constringo,1
sidereus,1
contineo,1
proficiscor,1
alimentum,1
exsomnis,1
amicio,1
secundo,1
uale,1
undisonus,1
suffero,1
properatus,1
stadium,1
emendo,1
docte,1
persequor,1
culte,1
sal,1
interuallum,1
profundus,1
isthmus,1
fabrico,1
adigo,1
miraculum,1
noxa,1
abundo,1
saluber,1
squamosus,1
cerastes,1
daps,1
absento,1
cerua,1
paelex,1
dedecoro,1
crux,1
curto,1
eloquium,1
disertus,1
efficio,1
buxus,1
sordidus,1
cera,1
promereo,1
fiducia,1
roseus,1
eluo,1
saga,1
coactus,1
torreo,1
resipisco,1
loquax,1
quinque,1
fideliter,1
stirps,1
profugus,1
aduena,1
curius,1
sinuosus,1
pulpitum,1
crocus,1
pendulus,1
lustrum,1
macer,1
sagino,1
porcus,1
extum,1
lito,1
uerber,1
saetosus,1
fabius,1
radio,1
sudis,1
luceres,1
suburbanus,1
bouillus,1
altrix,1
trepidus,1
decius,1
brutus,1
iulus,1
auernalis,1
ile,1
martius,1
riuus,1
ennius,1
aestimo,1
fauus,1
inceptum,1
sudo,1
filum,1
colus,1
suboles,1
conus,1
rapax,1
capricornus,1
troicus,1
produco,1
arrius,1
pilum,1
firmo,1
prolabor,1
aquila,1
lucina,1
impetrabilis,1
explico,1
fibra,1
cornix,1
zona,1
atrides,1
graecia,1
auello,1
hactenus,1
deueho,1
penates,1
nebulosus,1
intepeo,1
consurgo,1
excolo,1
pertica,1
bulla,1
dicto,1
elegi,1
ceterus,1
eludo,1
ansa,1
arbitrium,1
gutta,1
persuadeo,1
inermis,1
octipes,1
cancer,1
paeniteo,1
praecipio,1
racemus,1
lactens,1
spiceus,1
frux,1
tumet,1
cerasus,1
auctumnalis,1
pruna,1
insitor,1
pomosus,1
pirus,1
index,1
opportunus,1
decorus,1
corbis,1
messor,1
iacchus,1
plumosus,1
aucupium,1
auriga,1
suppeto,1
institor,1
baculum,1
cucumis,1
cucurbita,1
iuncus,1
brassica,1
uicus,1
contundo,1
sator,1
togatus,1
uadimonium,1
creta,1
acernus,1
dolo,1
caelator,1
docilis,1
litura,1
littera,1
tractus,1
ortus,1
sericus,1
britannia,1
decolor,1
noxius,1
uallus,1
fames,1
lorica,1
macies,1
uesper,1
osculor,1
edisco,1
italia,1
peiero,1
sarcina,1
pappo,1
africus,1
glacies,1
uentilo,1
purpura,1
crystallus,1
kalendae,1
uerbena,1
finitimus,1
noctua,1
hornus,1
denuntio,1
agnus,1
succingo,1
caleo,1
popa,1
plumbeus,1
funda,1
incorruptus,1
conserua,1
capena,1
subscribo,1
hederosus,1
fistula,1
uallum,1
praecingo,1
suggestum,1
curetis,1
subigo,1
curia,1
primo,1
nubila,1
fumus,1
resideo,1
conspicor,1
repono,1
colloco,1
inguen,1
factura,1
spinosus,1
roridus,1
lubricus,1
cantamen,1
inhumanus,1
hymenaeus,1
oceanus,1
permitto,1
iliacus,1
moene,1
paganus,1
ferculum,1
cumque,1
flammo,1
aceruus,1
intermitto,1
pacta,1
ascensus,1
uocalis,1
inuigilo,1
adipiscor,1
uigil,1
spina,1
magnes,1
nidus,1
collinus,1
lupus,1
caeco,1
strix,1
hippomanes,1
equa,1
ceu,1
saxosus,1
textura,1
prouoluo,1
mendacium,1
dilato,1
promitto,1
ingero,1
aprilis,1
idus,1
cathedra,1
paueo,1
delecto,1
sequax,1
prior,1
comicus,1
moecha,1
canticum,1
ianitor,1
somnio,1
displiceo,1
cretatus,1
saluo,1
uerno,1
rosarius,1
torquatus,1
guttur,1
cutis,1
rugosus,1
tussis,1
concresco,1
sputum,1
teges,1
exspiro,1
horreo,1
algeo,1
pergula,1
expergiscor,1
clatra,1
amphora,1
caprificus,1
scaber,1
costum,1
laureus,1
pineus,1
teucrus,1
turpiter,1
luno,1
sinuo,1
testudineus,1
egero,1
doricus,1
seruator,1
milito,1
publicus,1
palatinus,1
princeps,1
subsum,1
excutio,1
iulius,1
cantus,1
male,1
exuo,1
prelum,1
elido,1
cilissa,1
paludosus,1
finio,1
euinco,1
adedo,1
fragilis,1
uigilax,1
subura,1
commissum,1
fallacia,1
obiectum,1
tegula,1
incalesco,1
nardus,1
hyacinthus,1
cadus,1
lamina,1
nomas,1
uersutus,1
igneus,1
inspicio,1
cyclas,1
quasillum,1
conflo,1
insector,1
reuolubilis,1
tergeminus,1
uipera,1
mulceo,1
numerosus,1
rotundus,1
mitratus,1
desidero,1
porrigo,1
contortus,1
ramosus,1
pomifer,1
incubo,1
uector,1
libero,1
reuertor,1
recenseo,1
complexus,1
descensus,1
penetro,1
anguinus,1
detondeo,1
mannus,1
temo,1
carpentum,1
armillatus,1
sagina,1
erado,1
constituo,1
lenio,1
concubitus,1
cyathus,1
uitrum,1
supellex,1
graecus,1
saliua,1
tibicen,1
crotalistria,1
nanus,1
breuiter,1
concerno,1
trunco,1
buxum,1
suppleo,1
recido,1
subsilio,1
resupino,1
fulmino,1
conicio,1
territus,1
turbo,1
peruerto,1
saucio,1
praecipue,1
lasso,1
plaga,1
pluteus,1
lateo,1
genius,1
formula,1
lectica,1
ueneo,1
binus,1
suffio,1
tergeo,1
sulfur,1
singulus,1
tempestas,1
uelabrum,1
stagno,1
urbanus,1
uelifico,1
furto,1
incola,1
partio,1
implacidus,1
maenalius,1
mugitus,1
bouarius,1
pascuus,1
palatum,1
retego,1
congero,1
saeta,1
seruilis,1
fascia,1
almus,1
abscedo,1
interdictum,1
opacus,1
angulus,1
inultus,1
purgo,1
insum,1
trinus,1
exuuium,1
ductor,1
quirinus,1
libro,1
uictima,1
uoueo,1
suesco,1
como,1
pyropus,1
baltea,1
ternus,1
cora,1
insequor,1
meto,1
colloquium,1
uinea,1
planum,1
deseco,1
recingo,1
uirgatus,1
iaculor,1
braca,1
torquis,1
decido,1
gula,1
adamas,1
orans,1
portitor,1
obsero,1
paullum,1
implico,1
assideo,1
afer,1
exaequo,1
africa,1
stimulo,1
assessus,1
turritus,1
exhibeo,1
carbasus,1
defensa,1
gemitus,1
emereo,1
lepidus,1
leuamen,1
curulis,1
tempore,1
specimen,1
serius,1
emeritus,1
commendo,1
inuro,1
fungor,1
