,count
sum,2149
non,1608
qui,1592
et,1417
in,957
hic,899
ego,852
ut,706
ille,659
possum,651
quod,648
si,631
quis,543
tu,527
pater,448
meus,438
filius,406
omnis,387
uideo,383
facio,382
ad,381
de,376
cum,363
nec,349
quam,319
iudex,300
miser,291
sed,290
suus,290
uolo,287
occido,277
habeo,257
sui,255
iam,249
tamen,242
credo,237
dico,237
ipse,236
mater,230
homo,223
ne,221
ab,217
puto,211
tuus,210
iuuenis,201
tantus,199
ex,190
nos,187
debeo,184
per,180
mors,180
alius,175
totus,173
noster,172
nihil,171
magnus,160
manus,159
res,159
nunc,159
affectus,159
animus,158
nisi,157
oculus,156
causa,154
iste,148
quantus,145
corpus,145
dolor,145
tam,144
etiam,144
quisquis,144
multus,139
primus,135
scio,135
solus,130
unus,129
pereo,127
liber,126
perdo,125
nullus,122
uenio,121
facinus,120
inuenio,119
inter,116
uos,114
sic,114
do,114
is,113
ago,110
pro,110
ratio,108
dum,106
fides,105
relinquo,104
an,104
inquam,104
fero,103
enim,103
quisque,103
liceo,103
uenenum,103
uita,102
malus,99
aut,99
infelix,98
scelus,98
aliquis,98
praesto,98
torqueo,98
pars,97
quidem,97
amicus,97
domus,96
parricidium,96
uiuo,96
nox,95
mos,95
tamquam,95
parens,95
lex,95
nemo,92
ita,91
senex,90
uel,90
fortuna,90
ante,90
humanus,90
ciuitas,89
pauper,89
caecus,88
amo,88
queror,88
pietas,87
ac,87
magis,86
accipio,86
interrogo,86
calamitas,85
bonus,84
patior,84
adhuc,83
orbitas,83
quaero,83
mulier,83
redimo,83
genus,82
publicus,82
dies,81
grauis,81
sine,81
duo,80
timeo,79
nego,79
maritus,78
parum,78
num,77
deprehendo,76
morior,76
diues,76
populus,75
tempus,73
natura,73
secerno,72
quia,72
ergo,70
alter,70
opus,70
edo,69
idem,69
odi,69
parricida,68
uester,68
reddo,68
fames,68
audio,67
mens,66
sentio,65
unde,65
necessitas,65
uis,65
uxor,64
tormentum,64
contra,63
anima,63
o,63
membrum,63
aeger,63
igitur,62
inuidia,62
cur,62
poena,62
nam,61
uterque,61
probo,60
uero,60
nouerca,59
superus,59
uerbum,59
odium,58
ideo,58
lacrima,58
inimicus,58
crimen,57
potius,57
ubi,57
pirata,57
innocens,56
locus,56
pectus,56
miror,56
tristis,55
reuertor,55
pariter,55
nouus,54
crudelis,54
peto,53
redeo,53
sufficio,53
quidam,53
languor,53
innocentia,52
propter,52
consumo,52
fateor,52
caecitas,51
teneo,51
uulnus,50
necesse,50
fatum,50
uinco,50
post,50
satis,49
felix,49
nolo,49
exspecto,49
taceo,49
nescio,49
conscientia,48
spero,48
apud,48
rogo,48
uerus,48
fingo,47
deinde,47
tunc,47
nomen,47
circa,47
ignis,47
refero,47
patientia,47
condicio,47
meretrix,47
frumentum,47
ferrum,46
semper,46
contingo,46
quoius,46
gemitus,46
labor,46
cadauer,46
remedium,46
ius,46
ullus,46
frater,46
loquor,45
uelut,45
at,45
quaestio,45
caritas,45
cibus,45
pudor,44
alienus,44
statim,44
longus,44
intellego,44
facile,44
par,44
paro,44
bibo,44
numquam,43
fio,43
quisquam,43
defendo,43
amplexus,43
uox,43
aliqui,43
obicio,42
irascor,42
sanguis,42
bene,42
uultus,42
desino,42
spiritus,42
aestimo,41
ars,41
adeo,41
iubeo,41
umquam,41
exitus,41
cogitatio,40
mortalis,40
misereor,40
accuso,39
gratia,39
solacium,39
soleo,39
incertus,39
respondeo,39
uoco,39
aetas,39
sano,39
eligo,38
pretium,38
accedo,38
metus,38
fortis,38
claudo,38
reus,37
supersum,37
uiscus,37
similis,37
succurro,37
carcer,37
os,37
mereo,36
coepio,36
fallo,36
aufero,36
decipio,36
cotidie,36
sermo,36
terra,36
mare,36
amor,35
noceo,35
affero,35
tempto,35
laudo,35
gladius,34
malo,34
factum,34
unicus,34
exigo,34
mentior,34
rursus,34
modo,34
medicus,34
beneficium,33
difficilis,33
incredibilis,33
silentium,33
ulter,33
uinculum,33
ultio,33
intersum,33
deus,33
iudico,33
uir,33
adicio,33
supplicium,33
uendo,33
umbra,33
cubiculum,32
confiteor,32
facilis,32
duco,32
casus,32
explico,32
nefas,32
eo,32
leuis,32
uter,32
quoque,32
rumor,32
certe,31
mitto,31
quicumque,31
fugio,31
damnum,31
consto,30
quemadmodum,30
spes,30
infirmitas,30
quotiens,30
quid,30
traho,30
impatiens,30
sto,30
ignosco,30
persuasio,30
impono,30
sane,30
ardor,30
permitto,30
super,30
prex,30
nimius,29
admitto,29
alligo,29
deficio,29
atque,29
perfero,29
absoluo,29
inuitus,29
cunctus,29
interim,29
osculum,29
exemplum,29
saltem,29
dimitto,29
querela,29
contentio,29
sacer,28
posco,28
reuerentia,28
compono,28
lux,28
contentus,28
capto,28
placeo,28
proclamo,28
sidus,28
sepelio,28
fas,28
potio,28
iaceo,27
argumentum,27
uix,27
sequor,27
singulus,27
diu,27
breuis,27
itaque,27
facies,27
fruor,27
quin,27
gaudium,27
saeuus,27
fortasse,27
legatus,27
incestus,27
siue,26
certus,26
percussor,26
sinus,26
audeo,26
quamuis,26
iterum,26
hinc,26
quomodo,26
pasco,26
prosum,26
immo,26
efficio,26
uicinus,26
praedico,26
uindico,26
fleo,26
apis,26
uoluptas,25
tot,25
uirtus,25
promitto,25
inde,25
quando,25
pono,25
paruus,25
seruo,25
aduersus,25
coram,25
malum,25
quies,25
propinquus,25
auctoritas,25
fama,25
utique,24
securus,24
quasi,24
debilitas,24
adiuuo,24
moueo,24
consilium,24
incipio,24
comparatio,24
sedes,24
periculum,24
fortassis,24
saeculum,24
retineo,24
communis,24
uicarius,24
transfero,23
medius,23
reliquus,23
peruenio,23
officium,23
meritum,23
prospicio,23
cedo,23
tenebrae,23
potestas,23
cura,23
rogus,23
probatio,23
contendo,23
ira,23
uitalis,23
duro,23
exeo,23
uentus,23
desiderium,23
sanitas,23
paene,22
parco,22
ictus,22
iuxta,22
uotum,22
laboro,22
porrigo,22
committo,22
annus,22
defensio,22
prior,22
pertineo,22
recedo,22
differo,22
dignus,22
indulgeo,22
tempestas,22
fera,22
agnosco,21
sub,21
usus,21
dubito,21
qua,21
euado,21
scilicet,21
nondum,21
plurimus,21
senectus,21
quanto,21
conuenio,21
modus,21
pondus,21
dubius,21
ceterus,21
libertas,21
desperatio,21
supra,21
narro,21
langueo,21
catena,21
flos,21
nefandus,21
desum,20
suspicio,20
usque,20
dissimulo,20
occasio,20
aspicio,20
uitium,20
error,20
semel,20
etiamsi,20
dominus,20
fortiter,20
licet,20
sollicitudo,20
rapio,20
conscius,20
impleo,20
nascor,20
testor,20
impatientia,20
lacero,20
morbus,20
sensus,20
talis,20
amarus,20
planctus,20
litus,20
tyrannus,20
paries,19
uestigium,19
utor,19
diuersus,19
seruulus,19
lectulus,19
iungo,19
quamquam,19
ministerium,19
furor,19
intra,19
transeo,19
paternus,19
muto,19
paulisper,19
qualis,19
postquam,19
defero,19
detineo,19
iustus,19
ultra,19
animal,19
duplus,19
amator,19
sepono,18
inuicem,18
cruor,18
satio,18
finis,18
stupeo,18
ordo,18
mora,18
abeo,18
aliquando,18
manifestus,18
aio,18
saepe,18
premo,18
desidero,18
abdico,18
remitto,18
flamma,18
impetro,18
mathematicus,18
nescius,18
plenus,18
capio,18
felicitas,18
pudet,18
inferus,18
exclamo,18
fluctus,18
ops,18
male,18
heres,17
aduersum,17
adulescens,17
perago,17
incido,17
audacia,17
priuignus,17
lumen,17
latus,17
perpetuus,17
opto,17
ecce,17
proximus,17
uestis,17
telum,17
iudicium,17
cito,17
quaeso,17
salus,17
excuso,17
somnus,17
diuersitas,17
rigor,17
experimentum,17
numen,17
imago,17
sustineo,17
excipio,17
malignus,17
libet,17
feritas,17
immanitas,17
indignus,17
inauditus,17
funus,17
alo,17
tandem,17
desero,17
commeatus,17
spatium,16
dux,16
sicut,16
minor,16
despero,16
cogo,16
confundo,16
respicio,16
aliter,16
excludo,16
iniuria,16
adsum,16
incendium,16
repeto,16
confessio,16
cupiditas,16
saluus,16
sexus,16
stringo,16
pallor,16
abicio,16
bellum,16
amplius,16
laxo,16
confero,16
nouitas,16
redemptio,16
crudelitas,16
clementia,16
defungor,16
iniquus,16
recipio,16
offero,16
sepulcrum,16
nauis,16
fabula,16
classis,16
sollicitus,15
scribo,15
imputo,15
pecunia,15
inanis,15
autem,15
suspendo,15
propior,15
subinde,15
expello,15
ueto,15
haereo,15
ingenium,15
effero,15
soluo,15
prius,15
nuntio,15
seu,15
carus,15
paupertas,15
adamo,15
emo,15
profundus,15
artus,15
uerber,15
miseratio,15
laetus,15
bellus,15
damnatus,15
frustra,15
cursus,15
alimentum,15
amicitia,15
uanus,15
nauigo,15
auris,15
ambitus,14
amitto,14
imito,14
tum,14
erro,14
oportet,14
pignus,14
custodio,14
dormio,14
actus,14
frango,14
discedo,14
seruus,14
ignotus,14
blandus,14
coniunx,14
longe,14
complexus,14
propero,14
ignoro,14
honor,14
ardeo,14
uicis,14
mendacium,14
uisus,14
grauitas,14
diduco,14
adhibeo,14
uniuersus,14
detraho,14
suspirium,14
dea,14
patria,14
nosco,14
conuerto,14
hostis,14
arma,14
festino,14
cruciatus,14
honestus,14
praeceps,14
numquid,14
materia,14
nexus,14
inopia,14
captiuitas,14
solutus,14
serius,14
alioqui,14
ingratus,14
flagellum,14
maxime,14
ueneficium,14
puella,14
cruento,13
indico,13
solum,13
testamentum,13
excogito,13
auctor,13
limen,13
excito,13
accido,13
uia,13
impetus,13
colligo,13
familia,13
intro,13
praeter,13
iter,13
effundo,13
comparo,13
tueor,13
latro,13
patrocinium,13
momentum,13
gaudeo,13
assigno,13
sanus,13
fiducia,13
ueritas,13
discurro,13
matrimonium,13
continuo,13
liberi,13
diligo,13
plerumque,13
en,13
profero,13
tracto,13
procedo,13
rumpo,13
conspectus,13
profecto,13
recuso,13
ibi,13
cado,13
moror,13
laetitia,13
libenter,13
uanitas,13
putus,13
captiuus,13
profectus,13
immortalis,13
mitis,13
mutuus,13
cinis,13
nudus,13
breuiter,13
mando,13
manes,13
altus,13
tumulus,13
speciosus,13
uro,13
medicina,13
curatio,13
medicamentum,13
ostendo,12
sceleratus,12
femina,12
potis,12
inuisus,12
eripio,12
inuado,12
corrumpo,12
ferio,12
nota,12
cogito,12
blandior,12
luxuria,12
quiesco,12
subito,12
erubesco,12
occurro,12
assiduus,12
sumo,12
praeteritus,12
indignor,12
monstrum,12
erumpo,12
attono,12
conatus,12
nudo,12
credibilis,12
paulatim,12
citra,12
indignatio,12
abdicatio,12
decet,12
responsum,12
feralis,12
priuatus,12
consentio,12
sol,12
egero,12
luxuriosus,12
impotens,12
aequus,12
secundus,12
haustus,12
misericordia,12
inicio,12
culpa,12
forte,12
abduco,12
tractatio,12
egeo,12
inuideo,12
gladiator,12
carmen,12
laedo,12
pecus,12
contumelia,11
notus,11
namque,11
antequam,11
paratus,11
subtraho,11
protinus,11
trepidatio,11
maeror,11
difficultas,11
miserabilis,11
opinor,11
strepitus,11
testis,11
anhelitus,11
forsitan,11
mehercule,11
rarus,11
ubique,11
simulo,11
frequenter,11
obsto,11
coeo,11
repente,11
discrimen,11
abrumpo,11
fauor,11
assideo,11
exiguus,11
subitus,11
durus,11
agito,11
mortalitas,11
reuoco,11
terribilis,11
agedum,11
insepultus,11
merito,11
prorsus,11
passus,11
turba,11
fatigo,11
quandoque,11
praesentia,11
memini,11
memoria,11
spargo,11
uagus,11
terror,11
ortus,11
subeo,11
ciuis,11
tristitia,11
captus,11
uilis,11
proicio,11
paeniteo,11
naufragium,11
paucus,11
tantundem,11
uictus,11
lugeo,11
lucrum,11
clamo,11
admoneo,11
equuleus,11
simplicitas,11
noxius,11
iacto,10
renuntio,10
religio,10
accendo,10
trado,10
castigo,10
seuerus,10
timor,10
pendeo,10
trepidus,10
utrum,10
denique,10
iro,10
carnifex,10
infamo,10
applico,10
dispono,10
uaco,10
occupo,10
delicatus,10
grandis,10
luctus,10
doleo,10
donec,10
summa,10
excusatio,10
uilitas,10
quoniam,10
oppono,10
quantulus,10
excutio,10
secreto,10
affirmo,10
praefero,10
electio,10
repugno,10
impello,10
genu,10
adolesco,10
natus,10
constantia,10
integritas,10
caelum,10
acies,10
templum,10
sepultura,10
uarius,10
forma,10
exsulto,10
excedo,10
impero,10
peregrinatio,10
comitatus,10
horreo,10
conficio,10
commendo,10
colloquium,10
mendicus,10
proprius,10
seueritas,10
diuido,10
infamia,10
prohibeo,10
actio,10
effusus,10
lentus,10
macies,10
saeuitia,10
aqua,10
necessarius,10
exoro,10
appareo,10
excido,10
scindo,10
tantum,10
geminus,10
habitus,10
magus,10
forum,10
uelum,10
posterus,9
planus,9
caedes,9
indicium,9
palam,9
positus,9
extra,9
offensus,9
neuter,9
complector,9
destitutus,9
offendo,9
inmodicus,9
postea,9
quo,9
amplector,9
ceruix,9
exprimo,9
mensura,9
admoueo,9
solitudo,9
callidus,9
sollicito,9
paenitentia,9
intueor,9
festinatio,9
tardus,9
residuus,9
prodo,9
postulo,9
robur,9
nefarius,9
praecipito,9
satietas,9
diuitia,9
consulo,9
uterus,9
haurio,9
auxilium,9
effugio,9
praemium,9
pugna,9
contemno,9
deduco,9
misceo,9
cupio,9
discutio,9
rixor,9
aspectus,9
nempe,9
cotidianus,9
placidus,9
quousque,9
horreum,9
aestus,9
praesens,9
squalor,9
restituo,9
compositus,9
iustitia,9
descendo,9
uidelicet,9
caput,9
conualesco,9
scopulus,9
exequia,9
frons,9
desertum,9
lis,9
legatio,9
uerum,9
exaspero,9
occursus,9
uindicta,9
accusator,9
perspicio,9
plerus,9
proficio,9
datum,9
prorumpo,9
portus,9
mel,9
lupanar,9
induco,8
quare,8
aduoco,8
conor,8
penates,8
uacuus,8
specto,8
cognosco,8
impius,8
infinitus,8
concipio,8
superstes,8
habito,8
praeparo,8
circumeo,8
nouissime,8
libro,8
dextra,8
recens,8
lateo,8
persona,8
exspectatio,8
pius,8
paulus,8
expugno,8
horridus,8
praebeo,8
otium,8
exquiro,8
summum,8
impudens,8
similitudo,8
praesidium,8
aperio,8
undique,8
consolo,8
tacita,8
fragor,8
natalis,8
mundus,8
motus,8
expono,8
suspicor,8
reditus,8
continuus,8
paruulus,8
proclamatio,8
effringo,8
resoluo,8
repono,8
exsilio,8
impudentia,8
reatus,8
confugio,8
gloria,8
dirus,8
auidus,8
quantum,8
euentus,8
interpretatio,8
rudis,8
caligo,8
grassor,8
asper,8
mortuus,8
contemptus,8
diuus,8
praeualeo,8
pecco,8
rigidus,8
exhaurio,8
parce,8
sordes,8
nuntius,8
fletus,8
miseria,8
latrocinium,8
lego,8
quamdiu,8
consisto,8
exanimis,8
quatenus,8
concedo,8
mollis,8
simultas,8
ultro,8
superuacuus,8
colo,8
amans,8
extinguo,8
pronus,8
malignitas,8
temeritas,7
intellectus,7
praesertim,7
percutio,7
trepido,7
disco,7
frequens,7
medium,7
sopor,7
cruentus,7
tego,7
renouo,7
exploro,7
reseruo,7
exheredo,7
congero,7
simplex,7
ueneror,7
concupisco,7
uigor,7
circumdo,7
dissimulatio,7
admiratio,7
frigidus,7
contraho,7
lassitudo,7
cesso,7
praemitto,7
uelamentum,7
rego,7
penas,7
flagro,7
deceo,7
partus,7
denuntio,7
prosperus,7
prope,7
maternus,7
pareo,7
obsequium,7
commentum,7
erigo,7
libido,7
consortium,7
hora,7
turpis,7
fortuitus,7
prouidentia,7
metuo,7
gigno,7
fax,7
alloquor,7
praecipue,7
uito,7
superbus,7
persoluo,7
uincio,7
languesco,7
cerno,7
laus,7
artifex,7
testimonium,7
utinam,7
iuuentus,7
portio,7
foueo,7
marius,7
possideo,7
osculor,7
maledico,7
hilaris,7
suscipio,7
experior,7
mendico,7
uiuus,7
clades,7
euerto,7
contrarius,7
tutus,7
spectaculum,7
ferreus,7
amissum,7
questus,7
opinio,7
ualetudo,7
impendo,7
absum,7
barbarus,7
redemptor,7
abigo,7
consensus,7
custos,7
improuisus,7
damno,7
auoco,7
concutio,7
pugno,7
condo,7
fructus,7
includo,7
compesco,7
fastidium,7
infundo,7
ager,7
tero,7
conuicior,7
infamis,7
expauesco,6
diligentia,6
deflecto,6
torus,6
securitas,6
perduco,6
accusatio,6
umerus,6
protego,6
secum,6
delibero,6
metior,6
inconsultus,6
polliceor,6
secundum,6
tamdiu,6
destituo,6
foris,6
dirigo,6
expedio,6
admirabilis,6
diligenter,6
inops,6
obiter,6
glorior,6
trux,6
uerto,6
singularis,6
separo,6
afficio,6
contumax,6
extremus,6
exsecratio,6
suspectus,6
pateo,6
uisum,6
ordino,6
mergo,6
contumacia,6
blanditia,6
facilitas,6
gressus,6
infirmus,6
fulgor,6
attendo,6
seruitus,6
hucusque,6
tantummodo,6
resto,6
ora,6
mucro,6
turbo,6
prosilio,6
colluctatio,6
raptus,6
pes,6
prodigiosus,6
comperio,6
iuuenta,6
iactatio,6
obuius,6
cunctatio,6
iuuo,6
aeuum,6
pulcher,6
terrenus,6
impingo,6
penitus,6
moles,6
notabilis,6
falsus,6
conuictus,6
gero,6
reprehendo,6
proficiscor,6
praedo,6
recordatio,6
piraticus,6
praelatus,6
mecum,6
facultas,6
assero,6
horror,6
humus,6
concordia,6
indulgentia,6
uoluntas,6
census,6
rixa,6
gratus,6
probitas,6
aequo,6
societas,6
tabes,6
cubile,6
intus,6
sedeo,6
lasso,6
singultus,6
exuo,6
emitto,6
dimissus,6
uerecundia,6
litigo,6
incursus,6
humanitas,6
defleo,6
infans,6
epistola,6
onustus,6
dens,6
lacer,6
harena,6
puluis,6
gens,6
praeda,6
effectus,6
respectus,6
etsi,6
opera,6
extorqueo,6
tortor,6
uber,6
unusquisque,6
caelestis,6
lanista,6
penso,6
serus,6
ludus,6
impotentia,6
computo,6
arbitrium,6
urbs,6
hodie,6
uictor,6
secor,6
porro,6
urna,6
propius,6
porta,6
exspiro,6
esurio,6
tabesco,6
silua,6
festinus,6
totiens,6
aura,6
hortus,6
sucus,6
interuenio,6
assisto,6
formosus,6
allego,5
auide,5
inprobus,5
ingens,5
postremo,5
muliebris,5
praesente,5
gradus,5
satisfacio,5
signum,5
nimium,5
gratulor,5
ingredior,5
incumbo,5
armatus,5
obiectum,5
uiolo,5
substituo,5
admiror,5
tarde,5
dica,5
summoueo,5
illic,5
diligens,5
tectum,5
hereditas,5
dimidius,5
hodiernus,5
delatio,5
uiolentia,5
coniugium,5
insidiae,5
remunero,5
insto,5
pertracto,5
persuadeo,5
inquiro,5
ignorantia,5
uxorius,5
constringo,5
discursus,5
aggredior,5
custodia,5
minister,5
prodeo,5
rex,5
hercule,5
punio,5
ualeo,5
ecquando,5
ingero,5
neglego,5
cresco,5
onus,5
contradico,5
sors,5
fecunditas,5
instinctus,5
denuntiatio,5
apto,5
uenum,5
ruo,5
exclamatio,5
circumsto,5
miseror,5
comprimo,5
refert,5
titulus,5
potentia,5
demum,5
temere,5
humilis,5
numero,5
nitor,5
deformis,5
rideo,5
uario,5
dictus,5
scientia,5
calor,5
mox,5
deposco,5
transigo,5
modestus,5
conspicuus,5
nonne,5
dissimilis,5
strages,5
elido,5
naturalis,5
sterno,5
decerno,5
miseret,5
imprimo,5
collabor,5
ruina,5
continuatio,5
impietas,5
suadeo,5
asperitas,5
addico,5
quilibet,5
decedo,5
electus,5
impensa,5
uenia,5
uocabulum,5
squalidus,5
diuinus,5
impedio,5
comminiscor,5
alteruter,5
reuereor,5
fastidio,5
exagito,5
respiro,5
acerbus,5
littera,5
orbis,5
siccus,5
auis,5
perseuero,5
obstipesco,5
insido,5
plango,5
eruo,5
angustus,5
operio,5
statio,5
reduco,5
nihilominus,5
eiusmodi,5
quodammodo,5
hibernus,5
immanis,5
epula,5
emendo,5
tenax,5
infestus,5
inuidiosus,5
sententia,5
stips,5
nusquam,5
iniurius,5
coacta,5
tremo,5
scius,5
angustia,5
libertus,5
parcus,5
improbus,5
castrum,5
contineo,5
destino,5
apparatus,5
clausum,5
tendo,5
aperto,5
scruto,5
irrumpo,5
uereor,5
dignitas,5
pertinax,5
obex,5
despicio,5
pallidus,5
palleo,5
fugo,5
possessio,5
annona,5
publice,5
pascuus,5
comedo,5
taedium,5
formula,5
uilla,5
cera,5
iamiam,5
amentia,5
promissum,4
terreo,4
arcanus,4
nuptiae,4
ingressus,4
leuiter,4
praeterea,4
insania,4
exsecror,4
egredior,4
immineo,4
percussus,4
incolumis,4
feliciter,4
exerceo,4
palmatus,4
pone,4
integer,4
exter,4
uulgaris,4
deuoueo,4
huc,4
angulus,4
nubes,4
ludibrium,4
spolium,4
olim,4
eadem,4
curro,4
aequalitas,4
globus,4
tactus,4
concurro,4
prosequor,4
decido,4
excaeco,4
addo,4
hortor,4
ueneficus,4
tabula,4
iugulum,4
nocturnus,4
euito,4
destinatum,4
tumultuor,4
inquietus,4
creber,4
simulatio,4
prosterno,4
contactus,4
minax,4
inquieto,4
inspicio,4
numerus,4
antiquus,4
certamen,4
resisto,4
gratulatio,4
exercitus,4
murmur,4
periclitor,4
hactenus,4
optio,4
auiditas,4
immodicus,4
exhortatio,4
foedus,4
quantopere,4
compello,4
obitus,4
breuitas,4
receptus,4
quantuslibet,4
initium,4
dissentio,4
primordium,4
proprietas,4
signo,4
firmo,4
qualitas,4
conceptus,4
consurgo,4
ultrix,4
monstro,4
euenio,4
calumnior,4
recido,4
lacertus,4
mediocritas,4
rabies,4
sino,4
peregre,4
mendicitas,4
utcumque,4
robustus,4
impar,4
collegium,4
arrogans,4
religiosus,4
partio,4
pueritia,4
imprecor,4
collido,4
rigeo,4
pristinus,4
tenuis,4
astringo,4
cutis,4
prosperitas,4
remoueo,4
magnitudo,4
solidus,4
maledictum,4
conuicium,4
lassus,4
regnum,4
comploratio,4
uetus,4
patrius,4
fragilitas,4
infelicitas,4
pretiosus,4
precor,4
pendo,4
fraudo,4
aduersarius,4
tollo,4
dinosco,4
species,4
niger,4
opprimo,4
praecordia,4
genero,4
scriptum,4
simul,4
calumnia,4
gustus,4
uiso,4
praetereo,4
coma,4
induo,4
doceo,4
interpretor,4
lingua,4
dedo,4
glaeba,4
hercules,4
contumeliosus,4
adrogans,4
exsero,4
liqueo,4
exonero,4
creditum,4
matrona,4
comploro,4
ecquis,4
mensis,4
notitia,4
collum,4
spiro,4
ululatus,4
elementum,4
compago,4
tecum,4
meatus,4
pestis,4
nimis,4
purus,4
exaestuo,4
bustum,4
morsus,4
perfundo,4
fabulosus,4
orbus,4
potens,4
conqueror,4
lamina,4
quondam,4
meditatio,4
peruigil,4
fundo,4
funestus,4
hostia,4
lar,4
praecipuus,4
flagitium,4
permisceo,4
locuples,4
inhumanus,4
carpo,4
uictoria,4
euoco,4
aurum,4
procul,4
exuro,4
lapis,4
secedo,4
infero,4
condio,4
simpliciter,4
propitius,4
laqueus,4
contio,4
fluo,4
publicum,4
abstineo,4
ros,4
peruro,4
campus,4
pratum,4
fuga,4
saturitas,4
ramus,4
reputo,4
commissum,4
licentia,4
reparo,4
ancora,4
uelocitas,4
minime,4
uirgo,4
frux,4
iniustus,4
remotus,4
fetus,4
examen,4
liuor,4
absolutio,4
persequor,4
incommodus,4
ter,4
modestia,4
instituo,3
acta,3
digero,3
callide,3
neglegenter,3
tumultus,3
multo,3
fere,3
uigilo,3
propono,3
timidus,3
socius,3
puteo,3
perficio,3
prudens,3
ominosus,3
sono,3
flecto,3
impudenter,3
appono,3
dono,3
fidelis,3
conuersatio,3
amoenus,3
absento,3
exanimo,3
lugubris,3
erga,3
abdo,3
adductus,3
festinanter,3
patrimonium,3
deprecor,3
distraho,3
utilitas,3
confodio,3
succedo,3
instrumentum,3
aliunde,3
urgeo,3
uociferatio,3
compleo,3
anxius,3
expleo,3
largus,3
neglegentia,3
commoueo,3
prudentia,3
abscondo,3
surripio,3
protraho,3
tumultuosus,3
maritalis,3
antistes,3
expeto,3
densus,3
incurro,3
dilatio,3
aequanimitas,3
aequitas,3
consolatio,3
promptus,3
faueo,3
hostilis,3
sero,3
lucror,3
uniuersitas,3
consenesco,3
fragilis,3
humilitas,3
decresco,3
pudeo,3
requiesco,3
loquax,3
capax,3
decurro,3
casu,3
igneus,3
calidus,3
superpositus,3
series,3
emetior,3
passim,3
animo,3
origo,3
crinis,3
ambages,3
procliuis,3
imperium,3
palpito,3
pax,3
otiosus,3
monstruosus,3
sublatus,3
extraho,3
egestas,3
ambo,3
redigo,3
contentiosus,3
despectus,3
dissimilitudo,3
firmitas,3
arto,3
taxatio,3
inexplicabilis,3
stipes,3
obsidio,3
transcurro,3
quantuluscumque,3
aggero,3
infantia,3
adulatio,3
extraneus,3
immitis,3
concretum,3
iactus,3
aeque,3
egregius,3
domi,3
tolero,3
frugalitas,3
crux,3
circumiectus,3
sedulus,3
exsanguis,3
uersor,3
funebris,3
insum,3
plaga,3
reliquiae,3
conticesco,3
produco,3
infernus,3
ossum,3
libero,3
insulto,3
eicio,3
impune,3
fulmen,3
comes,3
acceptum,3
tempero,3
corona,3
figura,3
uetustas,3
obruo,3
fons,3
quacumque,3
expers,3
maturus,3
aeternus,3
situs,3
strangulo,3
incubo,3
detrecto,3
celeber,3
misericors,3
praecido,3
restinguo,3
equidem,3
accessus,3
migro,3
imber,3
supero,3
consequor,3
remaneo,3
inique,3
adiutorium,3
nex,3
medeor,3
orior,3
inuoluo,3
figo,3
ingigno,3
uenalis,3
mancipium,3
merces,3
inundo,3
ministro,3
caro,3
diuortium,3
exemplar,3
supplex,3
priuilegium,3
uernilis,3
era,3
arroganter,3
indiscretus,3
dulcis,3
fraternitas,3
pronuntiatio,3
spondeo,3
admissum,3
delicia,3
cultus,3
pulso,3
uelox,3
delinquo,3
fomentum,3
incognitus,3
retorqueo,3
meditor,3
inenarrabilis,3
formo,3
semen,3
insperatus,3
excolo,3
diffundo,3
exundo,3
adloquium,3
rabidus,3
uulgus,3
impedimentum,3
adsuetus,3
careo,3
aditus,3
emendatio,3
ambitiosus,3
inexpiabilis,3
pridem,3
attineo,3
antecedo,3
documentum,3
parca,3
lustro,3
aestimatio,3
ignarus,3
intentus,3
missio,3
consido,3
conuiuium,3
affluo,3
infaustus,3
atrocitas,3
coniungo,3
coetus,3
excandesco,3
celebro,3
satisfactio,3
uulgo,3
cella,3
conditor,3
princeps,3
fauilla,3
magicus,3
caducus,3
moneo,3
imperiosus,3
claustrum,3
lanio,3
liuidus,3
consuesco,3
repromitto,3
proditio,3
proditor,3
calumniator,3
color,3
repleo,3
circumspicio,3
maestus,3
praestituo,3
uenter,3
cremo,3
euersor,3
latebra,3
herba,3
ieiunus,3
frondeo,3
pestifer,3
procumbo,3
peregrinus,3
insolitus,3
decerpo,3
belua,3
cauus,3
faux,3
pastus,3
arbor,3
penetro,3
subduco,3
incendo,3
terminus,3
flatus,3
constituo,3
occulo,3
industria,3
negotiator,3
eludo,3
interpello,3
sancio,3
hortulus,3
flosculus,3
agrellus,3
uitis,3
rusticus,3
grex,3
saltus,3
aluus,3
lino,3
texo,3
penna,3
letum,3
uolucer,3
fauus,3
militia,3
resido,3
magistratus,3
uenefica,3
medicamen,3
coalesco,3
reposco,3
concubitus,3
castigatio,3
adulterium,3
obligo,3
pertinacia,3
amens,3
egressus,3
ancilla,3
tortus,3
incesta,3
adflictus,2
scitum,2
semoueo,2
rector,2
saepis,2
spatiosus,2
perdite,2
cooperio,2
suggero,2
obnoxius,2
circumago,2
nocte,2
cardo,2
nimirum,2
donum,2
subuerto,2
disputo,2
homicidium,2
cogitate,2
indubitatus,2
digitus,2
aresco,2
securis,2
distantia,2
capulus,2
respergo,2
extorris,2
gena,2
praetento,2
pulsus,2
perpetuitas,2
ignominia,2
flebilis,2
interior,2
opportunus,2
stultus,2
flammeus,2
compareo,2
ineo,2
tempore,2
ardesco,2
deterior,2
subsequor,2
nouercalis,2
digredior,2
coleus,2
credulus,2
sitis,2
uallo,2
domina,2
ambulo,2
praecedo,2
periculose,2
dissoluo,2
sicine,2
calliditas,2
tenor,2
seruilis,2
fremitus,2
clamor,2
uigilans,2
paulo,2
expeditio,2
culmen,2
innitor,2
accommodo,2
auersor,2
cumulus,2
praescius,2
oraculum,2
extrinsecus,2
deploro,2
incautus,2
polluo,2
nutrio,2
attingo,2
adduco,2
benignitas,2
imploro,2
tribuo,2
sileo,2
aduerto,2
reporto,2
conspicio,2
accresco,2
prorogo,2
sponte,2
maturo,2
confirmo,2
successus,2
dementia,2
puter,2
foedo,2
canities,2
alacer,2
mino,2
intrepidus,2
iussus,2
aptus,2
maneo,2
depono,2
umor,2
demergo,2
considero,2
immensus,2
obseruatio,2
collecta,2
defectio,2
hiems,2
significo,2
usitatus,2
sicuti,2
perstringo,2
lenitas,2
languidus,2
principalis,2
illucesco,2
innumerabilis,2
furialis,2
pelagus,2
nemus,2
emineo,2
insisto,2
defluo,2
caueo,2
senilis,2
mars,2
deprimo,2
accidens,2
inaequalitas,2
laeto,2
rus,2
arrogo,2
attollo,2
prouidus,2
sumptus,2
impendium,2
ueneratio,2
pulchritudo,2
onero,2
interdum,2
nomino,2
amplio,2
praepondero,2
intercido,2
laudabilis,2
exaggero,2
differentia,2
saeuio,2
compar,2
immitto,2
grauo,2
appeto,2
rupes,2
specus,2
uastitas,2
illido,2
squaleo,2
tenuo,2
nisus,2
definio,2
pompa,2
diuello,2
calamitosus,2
demitto,2
emorior,2
rigesco,2
optime,2
contemplatio,2
uiuax,2
negotium,2
appulsus,2
reperio,2
funditus,2
mortifer,2
index,2
subuenio,2
praescribo,2
legitimus,2
propensus,2
detero,2
perennis,2
lamentatio,2
profectio,2
inauspicatus,2
inrequietus,2
immobilis,2
retro,2
sustento,2
arceo,2
depositum,2
mirabilis,2
mas,2
oblino,2
libitina,2
effluo,2
permissus,2
repello,2
rota,2
effodio,2
caedo,2
priuatim,2
decus,2
trans,2
uiduus,2
uates,2
ripa,2
principium,2
uiator,2
praecipio,2
ambiguitas,2
recitatio,2
pergo,2
cauillatio,2
miles,2
tener,2
debitor,2
conquiro,2
impunis,2
spectator,2
usura,2
ubicumque,2
concessus,2
reprimo,2
nata,2
ambitiose,2
crucio,2
iucundus,2
sarcio,2
odor,2
auditus,2
genialis,2
conuentus,2
beatus,2
obeo,2
militaris,2
inertia,2
tergum,2
sonus,2
qualiscumque,2
sedulitas,2
gemo,2
colludo,2
mutatio,2
deseruio,2
exhibeo,2
munus,2
magnificus,2
caneo,2
astrum,2
sublimis,2
satius,2
sordidus,2
irritus,2
recepto,2
fertus,2
interficio,2
inusitatus,2
seruilius,2
percurro,2
iniquitas,2
consuetudo,2
inlicitus,2
mirus,2
insanio,2
dissideo,2
recessus,2
intelligo,2
conuinco,2
saeue,2
procurro,2
parumper,2
adigo,2
insanabilis,2
adultus,2
transitus,2
subsisto,2
clangor,2
sacrosanctus,2
consul,2
affirmatio,2
nutrix,2
incessus,2
ignobilis,2
decursus,2
roto,2
axis,2
peregrinor,2
portendo,2
utilis,2
salutaris,2
humor,2
uena,2
abstinentia,2
ieiunium,2
consentaneus,2
commuto,2
resero,2
reficio,2
curo,2
respuo,2
laceratio,2
ueneo,2
paciscor,2
displiceo,2
orbo,2
auarus,2
oborior,2
celo,2
uerecundus,2
infitior,2
porricio,2
aestimator,2
firmus,2
procella,2
albeo,2
naufragus,2
subsidium,2
sagina,2
noxa,2
fauorabilis,2
interiacio,2
uictima,2
fremo,2
figuro,2
inopinatus,2
offulgeo,2
intercipio,2
immunis,2
euinco,2
emptum,2
bellicus,2
proelium,2
concito,2
panis,2
datus,2
splendidus,2
faenus,2
auitus,2
obiurgo,2
omitto,2
insanus,2
seditio,2
progredior,2
sapio,2
inimicitia,2
innoxius,2
accessio,2
distinguo,2
numerosus,2
bonitas,2
immemor,2
moderatio,2
erepo,2
scipio,2
occasus,2
affinitas,2
immeritus,2
uagor,2
animaduerto,2
oratio,2
bini,2
expositio,2
praedicatio,2
sacrilegus,2
magister,2
liberalitas,2
quaestus,2
affecto,2
somnium,2
euoluo,2
praecordium,2
sicco,2
noto,2
efferus,2
uanesco,2
uiridis,2
torridus,2
territo,2
tertius,2
praefigo,2
curuo,2
clarus,2
abstraho,2
sanguinans,2
patera,2
corripio,2
quotienscumque,2
lucus,2
profanus,2
simulacrum,2
aer,2
intono,2
reuello,2
serpens,2
saxum,2
funereus,2
nobiscum,2
pernicitas,2
euocatus,2
praeceptum,2
percipio,2
creo,2
consummo,2
uallum,2
legio,2
utrimque,2
totidem,2
circumscribo,2
imperator,2
restringo,2
cingo,2
obuiam,2
arcesso,2
exsilium,2
aestuo,2
tumesco,2
temero,2
sagino,2
satur,2
calculus,2
proprie,2
opulentus,2
supprimo,2
labes,2
agricola,2
abominor,2
sata,2
radix,2
seges,2
areo,2
maturitas,2
sicubi,2
aridus,2
moratus,2
diripio,2
bos,2
ploro,2
admetior,2
uello,2
pabulum,2
cortex,2
subigo,2
detestatio,2
tabum,2
pestilentia,2
expio,2
existimo,2
arguo,2
intendo,2
aruum,2
truncus,2
focus,2
sarcina,2
laxus,2
labrum,2
fortunatus,2
desolo,2
floreo,2
murus,2
nobilis,2
duplico,2
remetior,2
ueho,2
fundus,2
editus,2
uescor,2
repo,2
pando,2
transuolo,2
serenus,2
copia,2
auerto,2
intolerabilis,2
deueho,2
coactus,2
coarguo,2
anceps,2
sacramentum,2
consero,2
stipulor,2
usquam,2
inhospitalis,2
uexo,2
raptor,2
potus,2
ambiguus,2
grauidus,2
mutus,2
furia,2
uolucris,2
lacesso,2
perniciosus,2
expertus,2
late,2
casa,2
molestus,2
uicinia,2
perdomo,2
defectus,2
laboriosus,2
modicus,2
agmen,2
mella,2
uimen,2
aestiuus,2
rima,2
fessus,2
animalis,2
matutinus,2
folium,2
alueus,2
incoho,2
maleficus,2
necto,2
fraus,2
armentum,2
reuolo,2
commercium,2
lasciuio,2
insumo,2
faex,2
obtineo,2
poculum,2
uere,2
inuigilo,2
illigo,2
insidior,2
substantia,2
scortum,2
primum,2
petulantia,2
temperamentum,2
castitas,2
opprobrium,2
subscriptio,2
eneco,2
accusatorius,2
acer,2
amputo,2
detestor,2
prostituo,2
sapientia,2
priscus,2
iuppiter,2
infinitum,2
misereo,2
conquestio,2
interrogatio,2
tres,2
pronuntio,2
proturbo,2
aduocatus,2
suspicax,2
neue,2
stuprum,2
furtiuus,2
coniugalis,2
matronalis,2
existimatio,2
aduenio,2
incestum,2
refugio,2
como,2
obseruo,2
pernego,2
interuallum,2
demens,2
taciturnitas,2
accingo,2
defigo,1
palma,1
alleuo,1
inconsiderate,1
coacto,1
ames,1
excubo,1
recingo,1
assimulo,1
inscribo,1
flagitiose,1
uiolentus,1
dissensio,1
frigesco,1
meretricula,1
feria,1
familiaris,1
uelo,1
calens,1
profiteor,1
odiosus,1
prae,1
tremor,1
incallidus,1
madeo,1
repto,1
illinc,1
profluo,1
eodem,1
palmaris,1
plico,1
perpendo,1
inspico,1
initio,1
inhaereo,1
auspicium,1
matrimonialis,1
genius,1
catius,1
coloro,1
abunde,1
ludo,1
praeclarus,1
nitidus,1
elaboro,1
scriptus,1
accommodatus,1
illudo,1
denudo,1
puluinus,1
depereo,1
saeptum,1
uixdum,1
praeparatio,1
properus,1
adiungo,1
amburo,1
struo,1
factura,1
socia,1
interpono,1
tango,1
flagranter,1
placide,1
elogium,1
nequaquam,1
tractatus,1
longinquus,1
palpitatio,1
imitatio,1
promus,1
sensim,1
citer,1
commeo,1
confusio,1
edisco,1
iamdudum,1
uado,1
candentia,1
perlustro,1
circumspectus,1
digno,1
senatus,1
uoluntarius,1
praesagium,1
praesagus,1
fatalis,1
congeries,1
consultor,1
perterreo,1
territus,1
absumo,1
pugnator,1
circumfero,1
uictrix,1
aduocatio,1
sollemnis,1
praestes,1
fido,1
commodo,1
confugium,1
tranquillitas,1
contradictio,1
pignero,1
destinatio,1
uerendus,1
inconsulte,1
leuitas,1
incolumitas,1
uiuacitas,1
honeste,1
properatus,1
publica,1
opero,1
bonum,1
praematurus,1
cupido,1
districtus,1
praemorior,1
quoad,1
accidentia,1
diuturnitas,1
dego,1
cicatrix,1
festinato,1
uigeo,1
casurus,1
solido,1
uertex,1
loco,1
superne,1
inanitas,1
subnixus,1
infigo,1
cohaerentia,1
colluceo,1
caelus,1
fabricator,1
desuper,1
inmitto,1
consocio,1
ardenter,1
iubar,1
consultatio,1
stella,1
uergo,1
hebesco,1
senecta,1
uetustus,1
renascor,1
enuntio,1
crinitus,1
praecurro,1
consummatio,1
stratum,1
classicus,1
excio,1
nuper,1
iacio,1
iaculor,1
lorica,1
constitutio,1
exstruo,1
st,1
letalis,1
frugi,1
incedo,1
mollio,1
indiuiduus,1
confercio,1
sacrum,1
depello,1
commune,1
rapidus,1
dependo,1
euerro,1
sanctitas,1
uenerabilis,1
promereo,1
successio,1
sin,1
prouoluo,1
intabesco,1
illuuies,1
nauigatio,1
conscendo,1
obtendo,1
prodigus,1
educatio,1
prauus,1
crudesco,1
coaceruatio,1
decumbo,1
anhelo,1
supercresco,1
blandimentum,1
dehinc,1
attactus,1
circumfundo,1
euerbero,1
prospectus,1
instringo,1
assurgo,1
paululum,1
deicio,1
obticesco,1
stridor,1
obstrepo,1
iniungo,1
hebeto,1
sudor,1
sustentatio,1
conecto,1
dispenso,1
intolerandus,1
supergredior,1
iactatus,1
debilito,1
ablego,1
sortitus,1
deuincio,1
ingeniosus,1
dispendium,1
putresco,1
quamlibet,1
surdus,1
amabilis,1
puer,1
uolito,1
circumuenio,1
describo,1
carina,1
tremulus,1
effleo,1
maestitia,1
apparo,1
spumo,1
relatus,1
peruerto,1
praeses,1
nauicula,1
obsecro,1
pie,1
catenatus,1
permuto,1
uector,1
puppis,1
curuus,1
fretus,1
turritus,1
myoparo,1
recito,1
peroro,1
antea,1
derisus,1
dissignator,1
attero,1
tumidus,1
pernocto,1
ostium,1
femur,1
uas,1
limus,1
protero,1
uehiculum,1
ungula,1
succido,1
profano,1
tumulo,1
triumpho,1
foeditas,1
concresco,1
liquefacio,1
desido,1
exprobro,1
subterfugio,1
captio,1
dubitatio,1
obstringo,1
iniuste,1
siquidem,1
adiutor,1
diuisus,1
auxilior,1
absentia,1
lator,1
nosmet,1
praestantia,1
tribunus,1
candidatus,1
acquiro,1
quinque,1
alterno,1
tamenetsi,1
lectus,1
tenebra,1
obscuritas,1
quispiam,1
forensis,1
affigo,1
romanus,1
ingenuus,1
hirsutus,1
ferus,1
udus,1
sentina,1
trabs,1
reuincio,1
caesum,1
impexus,1
aequum,1
inefficax,1
adsido,1
uiduo,1
cor,1
silex,1
ceterum,1
sisto,1
redux,1
honoro,1
mille,1
facundia,1
libens,1
pinnatus,1
excusate,1
absens,1
exstinguo,1
neglectus,1
febris,1
uoluto,1
intumesco,1
tractus,1
adulescentia,1
edax,1
interimo,1
approbo,1
indubius,1
talio,1
renuo,1
tantopere,1
deludo,1
imbecillus,1
incomitatus,1
aegroto,1
consultum,1
incresco,1
huncine,1
promissio,1
communico,1
decem,1
orbita,1
inconcussus,1
assentio,1
anhelus,1
diutinus,1
disputatio,1
sollers,1
conclamatus,1
prout,1
indifferentia,1
agnitio,1
gemini,1
obscurus,1
uoluo,1
oriens,1
occidens,1
milito,1
procreo,1
cautus,1
emano,1
inspectio,1
aegrotus,1
fluito,1
superfluens,1
laxitas,1
reseco,1
horribilis,1
discindo,1
confinius,1
patienter,1
inhio,1
stillo,1
aduoluo,1
exaudio,1
surgo,1
conditorium,1
perpetior,1
sanctus,1
calco,1
nonnumquam,1
liberaliter,1
tametsi,1
aes,1
profusus,1
publico,1
rependo,1
penes,1
nanciscor,1
aemulatio,1
puerilis,1
circuitus,1
obses,1
clam,1
declaro,1
tiro,1
ostento,1
acuo,1
uirga,1
tuba,1
liberalis,1
ignominiosus,1
confector,1
pauor,1
cognitio,1
circumfluo,1
historia,1
depugno,1
obtestatio,1
insigne,1
rogatus,1
galea,1
summitto,1
etiamnum,1
ueteranus,1
astus,1
auctoramentum,1
tranquillus,1
reprehensio,1
uiaticum,1
curiosus,1
scaena,1
dilato,1
tempestiuus,1
iocus,1
aduocata,1
sodalis,1
coerceo,1
redempto,1
leno,1
parasitus,1
cibarius,1
incensus,1
saluto,1
duplex,1
aestas,1
exceptio,1
adorior,1
circum,1
enumero,1
congressus,1
edoceo,1
beneuolentia,1
ductus,1
discordia,1
hereditarius,1
ualidus,1
insero,1
certo,1
indoles,1
reor,1
illustris,1
exsequor,1
quippe,1
cognatio,1
adoro,1
irrationabilis,1
uarietas,1
pallesco,1
inlacrimo,1
concupio,1
ciuicus,1
spolio,1
argentum,1
extendo,1
instabilis,1
auratus,1
laquear,1
radior,1
marmor,1
columna,1
crusta,1
fabius,1
minucius,1
seruator,1
concursus,1
aemulus,1
generosus,1
insolentia,1
uocatus,1
terentius,1
punicus,1
insignis,1
pilleum,1
triumphus,1
ergastulum,1
incendiarius,1
homicida,1
interpres,1
transfundo,1
poeta,1
exhortor,1
graecia,1
alternus,1
miraculum,1
cellula,1
criminosus,1
agrestis,1
exsoluo,1
incanto,1
conflictatio,1
principatus,1
inspergo,1
fuco,1
obsero,1
rescindo,1
ascribo,1
truculentus,1
debitum,1
gelidus,1
piger,1
tepefacio,1
extractum,1
lambo,1
plangor,1
pridie,1
audax,1
colloquor,1
praecludo,1
sopio,1
insomnis,1
claresco,1
sanguino,1
canto,1
inuictus,1
mutabilis,1
spissus,1
palus,1
torrens,1
permeo,1
uolatilis,1
portentosus,1
forus,1
ornatus,1
paelex,1
ulcisco,1
aspere,1
seco,1
imbecillis,1
femineus,1
imbellis,1
risus,1
adumbro,1
quisnam,1
acerbitas,1
garrulus,1
delabor,1
liquidus,1
sacro,1
irrogo,1
fluuius,1
transfuga,1
praesumo,1
sapienter,1
frustror,1
animaequus,1
umidus,1
intereo,1
transmigro,1
inferia,1
formidulosus,1
adulo,1
prudenter,1
arte,1
profundum,1
inexorabilis,1
refigo,1
crudeliter,1
exsecrabilis,1
terni,1
deterius,1
abusus,1
uobiscum,1
refundo,1
detestabilis,1
re,1
contionor,1
conuello,1
condemno,1
leuo,1
exposco,1
praecipitium,1
maius,1
triumphalis,1
currus,1
parate,1
differtus,1
gregatim,1
discerpo,1
grassator,1
cognatus,1
redundo,1
descisco,1
mentio,1
interluceo,1
subsellium,1
tabidus,1
uadimonium,1
negotiatio,1
nundinor,1
emptor,1
proscribo,1
prodigium,1
plane,1
perfidia,1
messis,1
lues,1
sulcus,1
moribundus,1
sitio,1
tergeo,1
arista,1
culmus,1
exaresco,1
germen,1
arbustum,1
quercus,1
fragum,1
diuinitus,1
bis,1
percrebesco,1
finitimus,1
aduro,1
curia,1
inclamo,1
acclamo,1
praeiudicium,1
retinacula,1
emptio,1
secus,1
aro,1
etiamnunc,1
exedo,1
praemortuus,1
sterto,1
arbiter,1
exopto,1
uberius,1
frutex,1
morbidus,1
pestilens,1
interitus,1
destruo,1
sector,1
mordeo,1
alienatio,1
derigesco,1
furtim,1
citus,1
hebeo,1
septimus,1
abripio,1
medulla,1
mensa,1
deuoro,1
domesticus,1
affinis,1
coniunctus,1
quotus,1
uomitus,1
aliquid,1
segnitia,1
scrupulosus,1
aedes,1
dispergo,1
signarius,1
comprehendo,1
diluo,1
impunitus,1
arbitro,1
desuetudo,1
omnino,1
appello,1
transfugio,1
aggrauo,1
spina,1
cultor,1
inuerto,1
aratrum,1
niteo,1
rimor,1
inaequalis,1
obsideo,1
adnumero,1
aerarius,1
magistra,1
superuenio,1
uulnero,1
titubo,1
fumo,1
direptio,1
septem,1
remus,1
iuro,1
caeruleus,1
spuma,1
mico,1
rudens,1
sibilo,1
perseuerus,1
dimidium,1
delico,1
abundantia,1
rictus,1
refulgeo,1
incanesco,1
mobilis,1
guberno,1
quot,1
flo,1
praetermitto,1
inuisitatus,1
transcribo,1
inaestimabilis,1
uectura,1
dinumero,1
lenocinor,1
quantulum,1
ineptus,1
uesanus,1
mercator,1
oportunus,1
merx,1
hasta,1
triplus,1
quadruplus,1
seruio,1
euidens,1
minitor,1
rapum,1
furo,1
dilectus,1
uasto,1
confligo,1
gratuitus,1
cogitatum,1
afflo,1
negotior,1
hospitor,1
uorax,1
praeteruehor,1
confingo,1
quater,1
sat,1
armamenta,1
funis,1
obliquo,1
deuito,1
minae,1
cruditas,1
nouendialis,1
heri,1
profligatus,1
constitutum,1
lanx,1
captiosus,1
populator,1
mature,1
conterminus,1
requiro,1
destringo,1
ara,1
altaria,1
lucto,1
inguen,1
latratus,1
euiscero,1
mansuesco,1
laniatus,1
rabiosus,1
socio,1
sanies,1
restrictus,1
morsum,1
deuoluo,1
decimus,1
pario,1
dehisco,1
condus,1
contamino,1
fugax,1
epulor,1
strido,1
turris,1
iecur,1
inhumatus,1
trunco,1
insurgo,1
taeda,1
anguis,1
tolerabilis,1
oro,1
tueo,1
ferax,1
thymus,1
tugurium,1
concors,1
limes,1
respecto,1
colonus,1
unitas,1
nonnihil,1
inualidus,1
semita,1
uinetum,1
opportunitas,1
apricus,1
fusus,1
riuus,1
radio,1
uireo,1
praeterfluo,1
grauesco,1
uernus,1
hio,1
fimum,1
sedo,1
recludo,1
insidiosus,1
scaber,1
perturbo,1
nutricula,1
fumosus,1
arbuscula,1
exsul,1
fulgeo,1
tepor,1
castra,1
pello,1
ignauus,1
permetior,1
apiscor,1
suffugium,1
tenuitas,1
bruma,1
glacialis,1
penetrabilis,1
auius,1
studium,1
aurora,1
radius,1
ebibo,1
consterno,1
amplexor,1
finio,1
aluearium,1
nihilum,1
priuo,1
ineuitabilis,1
supplementum,1
uernaculus,1
petra,1
uenatio,1
infrenatus,1
equus,1
insideo,1
iugum,1
lana,1
dis,1
uacca,1
cohibeo,1
remeo,1
donarium,1
incolo,1
tinnio,1
coorior,1
inflammo,1
tumor,1
admirandus,1
suppleo,1
furtum,1
proinde,1
annuus,1
trucido,1
flumen,1
mons,1
deuius,1
uastus,1
considerate,1
etenim,1
proxime,1
beluus,1
rebello,1
dominium,1
subiectum,1
plebs,1
seruitium,1
forsan,1
depopulo,1
uiuidus,1
necdum,1
tunica,1
patulus,1
findo,1
dissero,1
momentosus,1
rapina,1
ala,1
fraglans,1
thymum,1
collis,1
coniectura,1
inspiro,1
fumus,1
primitia,1
uer,1
candidus,1
munusculum,1
commendatio,1
idcirco,1
superbia,1
stabulum,1
mugio,1
aruus,1
sulco,1
uilicus,1
for,1
cognitus,1
peculium,1
medella,1
maiestas,1
stultitia,1
labium,1
iniussus,1
sollertia,1
inquisitio,1
immisceo,1
consequus,1
progenero,1
domitrix,1
uenus,1
castus,1
stipo,1
roboro,1
multitudo,1
accepta,1
disciplina,1
desudo,1
memor,1
delibo,1
partitio,1
miro,1
praeuideo,1
nubilus,1
lapillus,1
oppeto,1
crus,1
decor,1
fundamentum,1
exordium,1
aequaliter,1
mutuo,1
foramen,1
intersaepio,1
doctrina,1
uinum,1
ceres,1
olea,1
minerua,1
inutilis,1
taeter,1
praeuaricatio,1
explicatus,1
obtestor,1
indignitas,1
constans,1
precatio,1
commutatio,1
lenocinium,1
abiungo,1
contagio,1
concussio,1
propinquitas,1
censorius,1
pensito,1
ebrietas,1
corruptor,1
innocenter,1
contubernium,1
dominor,1
comis,1
assidue,1
riualis,1
maledicus,1
sacrilegium,1
feruor,1
depasco,1
scriptio,1
armo,1
merus,1
ni,1
amatorius,1
lapsus,1
fastus,1
sis,1
dimetior,1
gramen,1
adfatus,1
aeternitas,1
opertum,1
adhaereo,1
inquies,1
petulans,1
coitus,1
resilio,1
resipisco,1
sentis,1
fur,1
exosculor,1
ultor,1
ostentatio,1
cohaereo,1
arx,1
nauigium,1
concerno,1
spondeus,1
dictum,1
ligo,1
satelles,1
appendo,1
pagus,1
contumaciter,1
adseruio,1
recurro,1
iurgium,1
reconcilio,1
querulus,1
poto,1
interuentus,1
tarditas,1
denego,1
notabiliter,1
lenio,1
inexploratus,1
nuto,1
percello,1
fecundus,1
possido,1
munio,1
mitigo,1
euersio,1
regressus,1
prauitas,1
inclino,1
corrigo,1
coalo,1
festus,1
assiduitas,1
reuerso,1
hilaritas,1
anxietas,1
apprehendo,1
imparatus,1
introitus,1
praepono,1
absconsus,1
recondo,1
concido,1
perfodio,1
ambio,1
haesitatio,1
saeta,1
saucius,1
desilio,1
planum,1
conuoco,1
libo,1
oppositus,1
suffundo,1
inexspectatus,1
status,1
imperatum,1
puellaris,1
pudicitia,1
crescentus,1
detego,1
frequentia,1
tutela,1
improbitas,1
nurus,1
nepos,1
auidius,1
loquacitas,1
fallax,1
internuntius,1
familiaritas,1
substringo,1
adulter,1
excursus,1
deformitas,1
augeo,1
surrepo,1
obliuio,1
obtingo,1
insatiabiliter,1
pudicus,1
suspiro,1
dissimulanter,1
sagax,1
scrutator,1
petulanter,1
ministra,1
obscenus,1
desaeuio,1
repudio,1
publicatio,1
circumpono,1
auersus,1
inhibeo,1
praeposterus,1
traduco,1
dicis,1
fraternus,1
socer,1
gener,1
iamiamque,1
moderor,1
complexo,1
quapropter,1
ignoratio,1
corporalis,1
insolenter,1
ingemo,1
succlamo,1
denotatio,1
inuoco,1
deiectus,1
lucrifacio,1
exanimus,1
antiquitas,1
reclamo,1
increpo,1
deses,1
administro,1
preterea,1
exardeo,1
infligo,1
questio,1
recogito,1
uerumtamen,1
fidiculae,1
tenere,1
tyrannis,1
obstinatio,1
succingo,1
furiose,1
hiatus,1
pertraho,1
adnitor,1
interrumpo,1
