,count
sum,7139
qui,5307
et,5262
in,3880
num,3050
non,2749
hic,2450
ut,2427
is,2290
dico,1925
sed,1556
ille,1422
si,1298
cum,1255
aut,1130
nec,1099
etiam,1090
quod,1077
ad,1073
ab,1011
possum,989
nam,963
res,940
omnis,935
ipse,931
ex,924
de,901
alius,891
enim,875
quam,837
quis,811
quidam,788
facio,788
multus,785
quisque,709
sui,681
idem,674
uideo,654
causa,647
tamen,638
uel,622
an,615
habeo,583
edo,582
pars,555
ac,552
atque,540
uerbum,535
quidem,492
ego,478
genus,463
autem,457
modus,457
locus,450
quia,425
oratio,415
suus,414
ne,413
nos,409
ratio,402
bonus,397
primus,394
ita,385
orator,379
uolo,332
nihil,329
magnus,320
pro,318
aliquis,316
ars,314
nisi,314
iudex,311
per,307
magis,300
unus,296
quaestio,295
nomen,286
uerus,285
parum,285
puto,278
ago,274
uis,272
animus,271
tempus,265
tantus,265
tum,263
similis,263
quaero,261
iam,258
alter,256
apud,255
quoque,254
do,251
opus,248
natura,246
sic,246
totus,246
fio,244
iudicium,244
uelut,240
factum,240
uoco,239
modo,234
uero,230
homo,226
aliqui,226
credo,226
inter,225
interim,225
liber,223
debeo,222
uirtus,220
maxime,220
utor,209
uox,208
plurimus,203
loquor,203
uterque,198
duco,197
contra,196
ideo,195
sententia,195
soleo,193
lex,191
noster,190
persona,190
scribo,189
sermo,188
uitium,187
qualis,186
semper,185
duo,184
satis,183
tam,181
ceterus,180
sine,180
solus,179
nullus,177
inuenio,176
proprius,175
sequor,173
peto,171
scio,170
dictum,170
uir,164
malus,164
materia,162
argumentum,162
diuersus,161
gratia,161
actio,160
doceo,159
accipio,158
figura,158
breuis,157
at,156
igitur,155
cicero,155
species,154
ius,153
pater,152
eloquentia,151
trado,150
sicut,150
usus,149
saepe,148
tu,145
longus,145
consto,144
studium,143
mos,143
affectus,143
ante,141
scriptum,140
intellego,139
fere,138
status,138
ingenium,137
occido,136
littera,135
ostendo,135
aliquando,135
bene,134
manus,134
adicio,134
necesse,132
efficio,132
ualeo,131
ergo,131
pono,131
ubi,130
cura,129
singulus,129
fingo,128
reus,128
fero,127
corpus,127
audio,125
prior,124
disco,123
ordo,123
utique,123
liceo,121
exemplum,121
propono,119
nego,118
accido,118
quasi,117
communis,117
nunc,116
plerus,115
tracto,115
contrarius,114
circa,114
probatio,114
quamquam,113
certus,113
conuenio,112
quantus,111
labor,110
certe,109
paruus,109
finis,109
probo,109
uenio,107
adhuc,107
numerus,107
deinde,106
siue,106
necessarius,106
plerumque,106
praecipue,106
frequenter,106
respondeo,106
pertineo,105
frequens,105
moueo,104
meus,102
nemo,102
nonnumquam,102
narratio,102
auctor,101
contineo,101
memoria,101
filius,101
unde,101
refero,101
aetas,100
honestus,100
dum,100
initium,99
utilis,99
potius,98
aduersarius,98
quisquis,97
mens,97
publicus,96
facile,96
laus,96
consilium,95
fides,95
positus,95
quare,95
muto,94
recte,94
itaque,94
praecipio,93
sensus,93
ulter,92
medius,91
supra,91
dubius,91
summa,90
puer,90
controuersia,89
opinio,88
alienus,87
officium,87
quoius,87
grauis,87
inquam,86
tamquam,85
post,85
falsus,85
placeo,85
uetus,84
propter,84
praeceptum,84
talis,84
laudo,84
tres,84
iudico,82
uoluntas,82
crimen,82
praesto,81
appello,81
oportet,81
significo,81
defendo,81
prius,80
manifestus,80
qualitas,80
tertius,80
utilitas,80
reperio,79
solum,78
aliter,77
syllaba,77
uerum,77
gestus,77
pes,77
narro,77
compono,76
uita,76
sentio,76
fortis,76
desidero,76
denique,76
casus,76
latus,75
diuido,75
cado,75
testis,75
subicio,75
incipio,74
clarus,74
nimius,74
adeo,74
desum,74
exercitatio,74
deprehendo,74
oculus,74
accusator,74
alioqui,73
paucus,73
coniectura,73
finitio,73
adhibeo,72
recipio,72
lis,72
optime,71
lego,70
prosum,70
cur,70
iste,70
paene,70
compositio,70
nouus,69
exigo,69
existimo,69
simplex,69
namque,68
inde,68
paulus,67
contingo,67
appareo,67
auctoritas,67
quisquam,66
patior,66
consequor,66
praeceptor,66
longe,66
secor,66
par,66
motus,66
schola,65
reddo,64
poeta,64
difficilis,63
accedo,63
confiteor,63
defensio,63
dubito,62
scientia,62
ullus,61
rhetoricus,61
sonus,61
usque,61
uersus,61
compositus,60
summum,60
numquam,60
secundus,59
minor,59
detraho,59
quotiens,59
plenus,58
copia,58
interrogo,58
expositio,58
facultas,57
uersor,57
augeo,57
careo,57
forte,57
signum,57
specto,56
domus,56
quin,56
finio,56
potens,56
uoluptas,56
suadeo,55
repeto,55
perficio,55
dignus,55
iustus,55
consuetudo,55
intellectus,55
affero,55
sufficio,55
duplex,55
transeo,55
caput,55
iuuenis,54
quando,54
secundum,54
statim,54
expono,54
patronus,54
tuus,53
relinquo,53
uia,53
fateor,53
dies,53
recingo,53
superus,53
malo,53
protinus,53
cogitatio,53
iungo,52
adiuuo,52
corrumpo,52
iucundus,52
metus,52
concito,52
deus,52
diuisio,52
persuadeo,52
forum,52
populus,52
cognosco,52
facilis,51
reprehendo,51
condicio,51
mors,51
propositio,51
obicio,51
inuidia,51
annus,50
comparo,50
habitus,50
instituo,50
male,50
uiuo,50
laboro,50
spes,50
spiritus,50
imago,50
auris,50
rarus,50
uter,50
inuentio,49
confero,49
concedo,49
acer,49
uarius,49
differo,49
uito,49
sumo,49
teneo,49
credibilis,49
permitto,48
demum,48
necessitas,48
peruenio,47
formo,47
incido,47
uultus,47
os,47
parens,47
noceo,47
praesens,47
transfero,47
omitto,47
superuacuus,47
contentus,47
leuis,47
coepio,46
umquam,46
perdo,46
asper,46
pronuntio,46
aduersus,46
decet,46
praeparo,46
uitiosus,45
durus,45
turpis,45
omnino,45
seruo,45
cogo,45
aptus,45
forma,45
diligens,44
qua,44
uinco,44
uix,44
eo,44
natus,44
imito,44
intueor,44
complector,44
hinc,44
quicumque,44
porro,44
ignoro,43
elocutio,43
praecipuus,43
fortasse,43
demonstro,43
color,43
grammaticus,43
extra,43
lectio,43
imitatio,43
nescius,43
carmen,43
spatium,43
item,43
bellum,43
arma,43
litigator,43
prope,42
infinitus,42
proximus,42
proprie,42
eloquor,42
pronuntiatio,42
terra,42
supersum,42
rursus,42
intentio,42
propior,42
confirmo,42
ueritas,42
iudicialis,42
posterus,41
contendo,41
colligo,41
rusticus,41
nitor,41
rogo,41
quoniam,41
impetus,41
praeter,41
miror,41
dux,41
dignitas,41
suscipio,40
praecedo,40
uulgo,40
emendo,40
mater,40
intendo,40
seruus,40
nota,40
aio,40
obseruatio,40
ridiculus,40
postulo,39
philosophus,39
ultra,39
exprimo,39
excito,39
ornatus,39
senatus,39
actor,39
similitudo,39
uarietas,39
adsum,39
actus,39
arbitro,38
audeo,38
dissentio,38
cogito,38
pecunia,38
taceo,38
uniuersus,38
firmus,38
sto,38
fallo,38
nescio,38
mereo,38
tullius,38
uxor,38
palam,38
pereo,38
humilis,38
graecus,38
amicus,37
planus,37
timeo,37
pulcher,37
absum,37
scriptor,37
similiter,37
tropus,37
accuso,37
aduocatus,37
delibero,37
tot,36
naturalis,36
membrum,36
risus,36
misceo,36
o,36
appellatio,36
indico,36
claudo,36
periculum,36
obscurus,36
ira,36
fortuna,36
clausula,36
premo,35
sane,35
occupo,35
dispositio,35
capio,35
eligo,35
disciplina,35
posco,35
acuo,35
uos,35
excido,35
traho,35
constituo,35
reliquus,35
redeo,35
generalis,35
romanus,35
lumen,34
urbs,34
explico,34
sapio,34
disertus,34
subiungo,34
nolo,34
tueor,34
obsto,34
fugio,34
quid,34
pugno,34
dissimilis,34
soluo,33
ciuilis,33
potis,33
differentia,33
frango,33
uerto,33
mora,33
mirus,33
profero,33
remitto,33
senex,33
praeteritus,33
consisto,33
culpa,33
gero,33
nascor,33
poena,33
diligentia,32
equidem,32
simul,32
inferus,32
continuus,32
opto,32
imperitus,32
opera,32
intuor,32
partitio,32
dolor,32
concipio,32
citra,32
antiquus,32
discrimen,32
praeterea,32
remotus,32
princeps,32
digitus,32
desino,32
heres,32
laedo,32
oratorius,31
datum,31
quamuis,31
procul,31
lateo,31
inutilis,31
honor,31
rhetor,31
principium,31
cedo,31
gaudeo,31
nomino,31
coniunctus,31
occurro,31
intra,31
occasio,31
historia,31
certamen,31
descendo,31
complexus,31
expedio,31
exordium,31
intersum,31
epilogus,31
stilus,30
oro,30
tendo,30
altus,30
decor,30
fluo,30
tutus,30
seuerus,30
mollis,30
consumo,30
quot,30
tollo,30
recta,30
sublimis,30
comparatio,30
deceo,30
miles,30
ciuitas,30
lenis,30
assumo,30
minuo,30
urbanus,30
iudicatio,30
libertas,30
doctrina,29
sub,29
praesertim,29
sol,29
egeo,29
edisco,29
difficultas,29
priuatus,29
pudor,29
inanis,29
sacer,29
tantum,29
auditor,29
repugno,29
quilibet,29
deformis,29
exerceo,29
orno,29
obtineo,29
musicus,29
oporteo,29
facilitas,29
stultus,29
uenenum,29
inimicus,29
amor,28
noto,28
accommodatus,28
aequus,28
proprietas,28
quo,28
testor,28
deficio,28
rudis,28
semel,28
saepis,28
tenuis,28
affecto,28
nonnullus,28
miser,28
magister,28
addo,28
nonne,28
tristis,28
odium,28
discipulus,28
nox,28
separo,28
ferrum,28
schema,28
conuerto,28
summitto,28
testimonium,28
accommodo,28
momentum,28
suspicio,28
adulter,28
concilio,28
pugna,28
abdico,28
negotium,27
iustitia,27
persequor,27
facies,27
declamo,27
inuicem,27
uocalis,27
declino,27
gradus,27
tractatus,27
libenter,27
hostis,27
contio,27
artifex,27
scelus,27
infirmus,26
promitto,26
percipio,26
error,26
praemium,26
mox,26
paro,26
iuuo,26
dissimulo,26
gloria,26
mutatio,26
extremus,26
iubeo,26
miseratio,26
respicio,26
pectus,26
instrumentum,26
contentio,26
lacrima,26
nondum,25
affirmo,25
fiducia,25
quattuor,25
conor,25
postea,25
cognitio,25
disto,25
mitto,25
ambitus,25
frons,25
dulcis,25
gens,25
tabula,25
syllogismus,25
multiplex,25
breuitas,25
insequor,25
erudio,24
institutum,24
humanus,24
quinque,24
haereo,24
uaco,24
incertus,24
diu,24
uereor,24
minime,24
idoneus,24
uetustas,24
recedo,24
tyrannus,24
memini,24
pateo,24
consentio,24
legitimus,24
adulescens,24
sedeo,24
urbanitas,24
fama,24
furtum,24
ciuis,24
uulgaris,23
excipio,23
uere,23
ibi,23
contextus,23
nosco,23
erro,23
custodio,23
aperto,23
commoueo,23
excutio,23
speciosus,23
inuitus,23
integer,23
aufero,23
seruio,23
orior,23
distinguo,23
indoctus,23
pondus,23
medicus,23
confessio,23
accusatio,23
queror,23
cupiditas,23
sacrilegium,23
damnatus,23
umerus,23
uentus,22
seu,22
studiosus,22
quapropter,22
cursus,22
persuasio,22
cito,22
robur,22
excludo,22
offero,22
utrimque,22
moneo,22
coeo,22
exeo,22
cresco,22
cotidie,22
maneo,22
mille,22
ambiguitas,22
flecto,22
iocus,22
exsequor,22
licentia,22
uehemens,22
cibus,22
iter,22
exspecto,22
cohaereo,22
damno,22
sanguis,22
dispono,22
legalis,22
uerecundia,21
etiamsi,21
deinceps,21
alo,21
breuiter,21
peritus,21
tener,21
caueo,21
flexus,21
ubique,21
continuo,21
consulo,21
iacto,21
partio,21
pendeo,21
afficio,21
sanus,21
positio,21
femina,21
euenio,21
soloecismus,21
effero,21
comprehendo,21
significatio,21
uarie,21
assigno,21
animal,21
iucunditas,21
laetus,21
diligenter,21
uario,21
adulterium,21
cotidianus,20
profecto,20
contemptus,20
concido,20
cultus,20
duro,20
infans,20
amplius,20
potestas,20
formus,20
saltem,20
ductus,20
turbo,20
tardus,20
moror,20
delecto,20
neglegentia,20
praefero,20
rideo,20
simulo,20
discerno,20
templum,20
diduco,20
pecco,20
insero,20
responsum,20
delectatio,20
subiectum,20
probabilis,20
fructus,20
plato,20
gladius,20
testamentum,20
uerres,20
sinister,20
poeticus,19
lingua,19
spero,19
neglego,19
perduco,19
rego,19
ualetudo,19
modicus,19
epistula,19
robustus,19
perpetuus,19
neuter,19
profectus,19
secerno,19
gratus,19
solutus,19
fatigo,19
subeo,19
ingredior,19
deduco,19
adiectio,19
aqua,19
creber,19
mulier,19
nitidus,19
forensis,19
committo,19
experimentum,19
reficio,19
auerto,19
silentium,19
abundo,19
apto,19
auxilium,19
sollicitus,19
toga,19
rationalis,19
praetor,19
frater,19
colloco,19
priuo,18
uindico,18
consummo,18
prohibeo,18
infirmitas,18
instruo,18
neruus,18
promptus,18
equus,18
amo,18
tempto,18
prorsus,18
admiratio,18
punio,18
taedium,18
licet,18
subtilis,18
totidem,18
erumpo,18
aggredior,18
religio,18
congero,18
diuinus,18
uestis,18
mundus,18
frustra,18
conatus,18
statua,18
aduersum,18
bonum,18
fas,18
acta,18
decurro,18
impono,17
onus,17
ingressus,17
consequus,17
fundo,17
interpretor,17
nudus,17
peregrinus,17
pariter,17
insto,17
studeo,17
turba,17
antequam,17
perfero,17
offendo,17
depono,17
improbus,17
caedes,17
succedo,17
insum,17
innocens,17
uisum,17
meritum,17
commendo,17
historicus,17
mentior,17
appono,17
comoedia,17
sollicitudo,17
defero,17
curo,17
intentus,17
magistratus,17
amplificatio,17
indulgeo,17
irascor,17
contraho,17
demonstratiuus,17
constitutum,17
disputatio,17
oppono,17
peroratio,17
refello,17
uergilius,17
elaboro,16
retineo,16
sapientia,16
doctor,16
rex,16
remedium,16
antecedo,16
coniunctio,16
prudens,16
attingo,16
declamatio,16
mutus,16
prauus,16
iniuria,16
usitatus,16
cantus,16
tragoedia,16
litus,16
coniungo,16
foedus,16
frigidus,16
quartus,16
legens,16
canto,16
saluus,16
aestimo,16
grandis,16
mensura,16
conclusio,16
deliberatiuus,16
praedico,16
repono,16
infelix,16
ambigo,16
impero,16
transitus,16
nauis,16
interuallum,16
alibi,16
bellus,16
inuisus,16
opinor,15
dissero,15
uenia,15
effingo,15
corrigo,15
odi,15
articulus,15
immo,15
repetitio,15
prouideo,15
otiosus,15
lux,15
incommodus,15
sustineo,15
tribuo,15
incoho,15
acies,15
aurum,15
signo,15
admoneo,15
uidelicet,15
excuso,15
detractio,15
exercitus,15
iambus,15
dimitto,15
effugio,15
requiro,15
magnitudo,15
ignosco,15
indignus,15
uulnus,15
prouidentia,15
saxum,15
uinum,15
dono,15
mentio,15
oportunus,15
mire,15
popularis,15
auersus,15
alligo,15
cluentius,15
portus,15
brutus,15
amphibolia,15
refert,15
proinde,15
maritus,15
clamor,15
interrogatio,15
fictio,15
caesar,15
ora,14
ostentatio,14
philosophia,14
elementum,14
subtilitas,14
origo,14
admodum,14
super,14
confundo,14
dubitatio,14
lentus,14
solitudo,14
calor,14
undique,14
onero,14
attollo,14
ingens,14
erigo,14
caedo,14
familia,14
ignarus,14
praepositio,14
mare,14
praepono,14
enuntio,14
produco,14
quantitas,14
ueto,14
supero,14
consul,14
mortalis,14
dissolutus,14
uanus,14
lineus,14
munus,14
celeritas,14
emineo,14
uituperatio,14
sat,14
lucidus,14
nouissime,14
reuoco,14
concessus,14
sulpicius,14
admirabilis,14
medicina,14
latro,14
decedo,14
fauor,14
sublatus,14
fauorabilis,14
ueneficium,14
paenitentia,14
tractatio,14
capto,14
ingratus,14
subito,14
propinquus,14
sinus,14
contemno,13
mutuus,13
quantum,13
fortitudo,13
affectatio,13
astringo,13
eruditio,13
puerilis,13
notus,13
egredior,13
temere,13
incredibilis,13
dexter,13
dictus,13
eximo,13
eminens,13
utinam,13
praebeo,13
conuiuium,13
leuiter,13
arbor,13
ambitiosus,13
tacita,13
iaceo,13
spargo,13
recens,13
declinatio,13
eadem,13
singularis,13
uehementer,13
distinctio,13
disputo,13
discedo,13
magus,13
fortiter,13
recido,13
caelum,13
obseruo,13
suspendo,13
cano,13
audax,13
fons,13
conlocatio,13
enthymema,13
circumeo,13
scaenicus,13
faux,13
subitus,13
permisceo,13
reuertor,13
pauper,13
luxuria,13
uber,13
coniecturalis,13
mando,13
uictoria,13
latinus,13
experior,13
ferio,13
declamator,13
attineo,13
abrumpo,13
absoluo,13
meretrix,13
patria,13
firmitas,13
extrinsecus,13
immortalis,13
continentia,13
incrementum,13
impello,13
decipio,13
eleuo,13
diluo,13
securus,13
elegans,13
pollex,13
innumerabilis,12
impendo,12
insisto,12
uicis,12
recuso,12
editus,12
ubicumque,12
imperator,12
particula,12
quamlibet,12
retro,12
firmo,12
uocabulum,12
senectus,12
paulatim,12
modestus,12
nihilum,12
assentio,12
docilis,12
probus,12
subsum,12
mediocris,12
consonans,12
redundo,12
curro,12
uincio,12
consensus,12
forsitan,12
felix,12
mollio,12
aperte,12
amator,12
termino,12
repudio,12
maiestas,12
umbra,12
nouitas,12
infra,12
aureus,12
uirilis,12
paulo,12
grauitas,12
fabula,12
succurro,12
occulo,12
indecorus,12
inmodicus,12
bracchium,12
sordidus,12
copiosus,12
derigo,12
pario,12
procedo,12
tumidus,12
ualidus,12
argumentatio,12
pretium,12
impleo,12
beneficium,12
interdum,12
aspectus,12
creditum,12
iniustus,12
ignis,12
aequitas,12
depulsio,12
petitor,12
libido,12
raptus,12
uulgus,12
timidus,12
mitis,12
claudus,12
insidiae,12
commendatio,12
simulatio,12
illic,12
contractus,12
optio,12
iurandum,12
restituo,12
periclitor,12
conuicium,11
aperio,11
uestigium,11
desero,11
euado,11
praetereo,11
facundia,11
bibo,11
nutrix,11
destino,11
indignor,11
acquiro,11
reformido,11
improbo,11
cera,11
theatrum,11
merito,11
refuto,11
obiurgo,11
uictus,11
angustus,11
fatigatio,11
penitus,11
fleo,11
cupidus,11
receptus,11
inscribo,11
metrum,11
ieiunus,11
mutuor,11
s,11
permuto,11
tectum,11
barbarus,11
iactatio,11
reprehensio,11
pluralis,11
ceterum,11
concludo,11
cauillatio,11
euito,11
impedio,11
reduco,11
diues,11
bis,11
fur,11
comicus,11
ornamentum,11
commentarius,11
polliceor,11
forus,11
turpiter,11
planum,11
fortuitus,11
laeuus,11
leuo,11
metior,11
uitupero,11
securitas,11
acerbus,11
doleo,11
armatus,11
altercatio,11
ambiguus,11
deflecto,11
saeculum,11
cerno,11
cunctus,11
glorior,11
flumen,11
deformitas,11
miserabilis,11
socrates,11
cautus,11
homerus,11
tueo,11
superstitio,11
legatio,11
comparatiuus,11
petitio,11
legatus,11
exprobro,11
moderatio,11
infero,11
aduerto,11
atrox,11
eludo,11
figuro,11
tandem,11
surripio,11
parricidium,11
uenustus,11
dementia,11
auditus,11
afer,11
atticus,11
allegoria,11
emitto,10
praesumo,10
tarditas,10
filia,10
dicto,10
familiaris,10
tunc,10
interpretatio,10
prosequor,10
genero,10
exsisto,10
hercule,10
libertus,10
amicitia,10
cena,10
emendatio,10
commodus,10
notabilis,10
audacia,10
effundo,10
geminatio,10
fungor,10
seco,10
silua,10
nauigo,10
generaliter,10
sono,10
crudelis,10
parcus,10
nobilis,10
diuersitas,10
centum,10
fusus,10
perspicuitas,10
inuado,10
ineptus,10
prout,10
interpono,10
dica,10
excedo,10
purus,10
exorno,10
secta,10
hortor,10
misericordia,10
praeceps,10
destruo,10
exclamo,10
grauiter,10
uilis,10
somnus,10
idcirco,10
secum,10
uiuus,10
qualiscumque,10
extemporalis,10
malum,10
monumentum,10
dominor,10
candidus,10
incumbo,10
numerosus,10
prae,10
aristoteles,10
cornelius,10
uictor,10
claritas,10
patientia,10
socius,10
confirmatio,10
proelium,10
induco,10
decem,10
administro,10
interficio,10
conscius,10
soror,10
exspectatio,10
decorus,10
uerecundus,10
ignotus,10
subtraho,10
obscuritas,10
ligarius,10
insidior,10
congruo,10
inopinatus,10
telum,10
exhaurio,10
iuro,10
acumen,10
emo,10
luxuriosus,10
proditio,10
satisfacio,10
huc,10
salsus,10
horatius,10
hilaris,10
scilicet,10
insurgo,10
incisum,10
paean,10
choreus,10
trochaeus,10
otium,9
deprecatio,9
passim,9
substantia,9
auis,9
gigno,9
caelestis,9
deterior,9
adsuesco,9
induo,9
assiduus,9
proficio,9
imprudens,9
lusus,9
profiteor,9
pudet,9
praescribo,9
uelocitas,9
prospicio,9
domi,9
pronus,9
liberalis,9
domesticus,9
delicia,9
conscientia,9
industrius,9
umor,9
ludo,9
ortus,9
declaro,9
iacio,9
effectus,9
irrideo,9
aduerbium,9
hasta,9
percutio,9
ludus,9
dilucidus,9
regula,9
commoneo,9
ob,9
comperio,9
uterlibet,9
abeo,9
asperitas,9
intro,9
aeque,9
faueo,9
pax,9
frugalitas,9
urgeo,9
intermitto,9
mendacium,9
libellus,9
agito,9
priusquam,9
enumero,9
geometres,9
despero,9
terreo,9
scaena,9
iniquus,9
geometria,9
dialecticus,9
exitus,9
labrum,9
supinus,9
dextra,9
perseuero,9
fastidium,9
tumor,9
superbus,9
amplus,9
quocumque,9
arcessitus,9
disceptatio,9
arguo,9
argumentor,9
scius,9
displiceo,9
nuper,9
relatio,9
aspere,9
pietas,9
coetus,9
exercitatus,9
thema,9
naturaliter,9
contumeliosus,9
deprecor,9
eques,9
iterum,9
pictura,9
nempe,9
nefas,9
euentus,9
coerceo,9
ops,9
mitigo,9
gubernator,9
tempestas,9
proficiscor,9
periculosus,9
conflictio,9
consultum,9
remoueo,9
mecum,9
nothus,9
continens,9
dedo,9
timor,9
indignatio,9
prex,9
praeparatio,9
hereditas,9
inhibeo,9
abominor,9
ironia,9
inuidiosus,9
resisto,9
resoluo,9
eruo,9
patrimonium,9
ignorantia,9
signator,9
subsellium,9
fluctus,9
uulnero,9
subinde,9
augustus,9
mucro,9
digero,9
torqueo,9
admiror,9
anulus,9
temeritas,9
abunde,9
institutio,8
lector,8
uelum,8
impetro,8
quies,8
professio,8
festino,8
destitutus,8
etsi,8
excogito,8
sexus,8
paedagogus,8
preterea,8
sino,8
aequalis,8
promo,8
affigo,8
conecto,8
serius,8
indoles,8
tenebrae,8
impedimentum,8
perspicio,8
animalis,8
furor,8
ingeniosus,8
semen,8
continuatio,8
postremo,8
pronomen,8
dumtaxat,8
barbarismus,8
libet,8
perplexus,8
fulmen,8
fatum,8
pingo,8
amarus,8
sex,8
hactenus,8
incurro,8
genetiuus,8
amitto,8
etymologia,8
postquam,8
tribunal,8
odiosus,8
uelox,8
geminus,8
abstinentia,8
uenus,8
inutiliter,8
depositum,8
reseruo,8
celer,8
effemino,8
orbis,8
exquiro,8
posteritas,8
tibia,8
leniter,8
libero,8
tyrannis,8
comoedus,8
inclino,8
alleuo,8
nonnihil,8
tragicus,8
ultro,8
effusus,8
exsulto,8
tumultus,8
turpitudo,8
utcumque,8
aridus,8
descriptio,8
petulans,8
lator,8
lasciuus,8
pulchritudo,8
horridus,8
excolo,8
sedes,8
commodo,8
simulacrum,8
destinatum,8
collido,8
mons,8
gallus,8
conspectus,8
conditor,8
seruitus,8
obuius,8
exiguus,8
mobilis,8
bonitas,8
alexander,8
argentum,8
agnosco,8
specialis,8
insidiator,8
liqueo,8
usquam,8
iuridicialis,8
sacrilegus,8
ratiocinatiuus,8
defensor,8
intestatus,8
beneuolentia,8
expugno,8
aduoco,8
refutatio,8
aliquatenus,8
inspicio,8
repetunda,8
attentus,8
contumelia,8
adiunctus,8
anceps,8
reuerentia,8
digressio,8
caelius,8
magnificus,8
obscuro,8
indicium,8
nuptiae,8
passus,8
cupio,8
illustro,8
excusatio,8
nata,8
suspicor,8
tyrannicida,8
domitius,8
uicinus,8
tumulus,8
itero,8
dactylus,8
amictus,8
familiariter,7
demitto,7
temerarius,7
copulo,7
praeda,7
tristitia,7
detego,7
ager,7
constantia,7
insignis,7
dubie,7
elegantia,7
parco,7
adulescentia,7
gremium,7
celeriter,7
indubitatus,7
caecus,7
canticum,7
pudeo,7
uisus,7
notitia,7
classis,7
decretum,7
exhortatio,7
celsus,7
organum,7
proueho,7
animaduerto,7
summoueo,7
sidus,7
aspiratio,7
gemino,7
cognatio,7
participium,7
caelus,7
ostento,7
scruto,7
campus,7
pigeo,7
acriter,7
pondo,7
circum,7
suauitas,7
calumnia,7
patrius,7
analogia,7
obliquus,7
conuinco,7
quomodo,7
inhaereo,7
molestus,7
aliunde,7
antiquitas,7
colo,7
tribus,7
sublimitas,7
infigo,7
extollo,7
mulceo,7
moderatus,7
crassus,7
quatenus,7
ineruditus,7
ceruix,7
saltatio,7
stomachus,7
locuples,7
contemplatio,7
despicio,7
depello,7
thesis,7
seueritas,7
inflo,7
lasciuio,7
ubertas,7
rumpo,7
leno,7
militaris,7
dissuadeo,7
tribunus,7
prudentia,7
maledictum,7
laudabilis,7
incendium,7
apte,7
persuasibilis,7
adulatio,7
exceptio,7
educo,7
pictor,7
perquam,7
tormentum,7
imperfectus,7
commissum,7
ratiocinatio,7
iniurius,7
neco,7
abdicatio,7
salus,7
aequo,7
regnum,7
plurimum,7
alloquor,7
egressio,7
adduco,7
utiliter,7
prouincia,7
distinctus,7
iteratio,7
liberalitas,7
blandus,7
deicio,7
procurator,7
aspicio,7
incesso,7
infamia,7
retrorsum,7
naris,7
scipio,7
addictus,7
hyperbole,7
exsilium,7
dissimulatio,7
confinis,7
metuo,7
calculus,7
respiratio,7
mediocriter,7
nimis,7
anapaestus,7
creticus,7
perpendo,6
electio,6
spons,6
pignus,6
administratio,6
scindo,6
professor,6
fera,6
hebes,6
paternus,6
stultitia,6
arduus,6
insido,6
septem,6
sero,6
paruulus,6
donec,6
inculco,6
ingenuus,6
assisto,6
poema,6
ambitio,6
palma,6
fax,6
tempero,6
alternus,6
renouo,6
demissus,6
uerber,6
abicio,6
redigo,6
copiose,6
adnoto,6
interiectio,6
lectus,6
approbo,6
necne,6
intercido,6
dominus,6
dictio,6
series,6
corripio,6
natio,6
ambulo,6
praeco,6
insector,6
eualesco,6
productum,6
incompositus,6
copulatio,6
proxime,6
panis,6
feruo,6
iactantia,6
ebur,6
uirgo,6
aer,6
inhumanus,6
deriuo,6
sulla,6
admonitio,6
artificialis,6
obruo,6
celebro,6
lyra,6
morior,6
structura,6
concitatio,6
lenio,6
raro,6
insula,6
deterreo,6
auaritia,6
constringo,6
hora,6
uerendus,6
genu,6
patrocinium,6
spectaculum,6
paupertas,6
possessio,6
calumnior,6
abduco,6
examino,6
quanto,6
humanitas,6
dilato,6
limo,6
cicatrix,6
illumino,6
parasitus,6
uinculum,6
paratus,6
uerbosus,6
arcesso,6
carus,6
appeto,6
nouerca,6
elabor,6
iaculor,6
satius,6
late,6
dissensio,6
antonius,6
stoicus,6
perniciosus,6
illustris,6
euerto,6
fabrico,6
assequor,6
aeger,6
inartificialis,6
perspicuus,6
offensus,6
cruditas,6
delicatus,6
poculum,6
propterea,6
aemulus,6
describo,6
auoco,6
finitiuus,6
confido,6
propius,6
subiaceo,6
utercumque,6
diuitia,6
praescriptio,6
ignominiosus,6
repello,6
laudatio,6
extinguo,6
amplifico,6
numero,6
auarus,6
murus,6
conciliatio,6
interuenio,6
perturbatio,6
impar,6
contradictio,6
aequaliter,6
magnificentia,6
centumuiri,6
firmamentum,6
admitto,6
applico,6
regio,6
refugio,6
cruentus,6
inimicitia,6
crux,6
commoror,6
pompeius,6
obiectum,6
acte,6
scholasticus,6
praecido,6
callidus,6
simplicitas,6
rapio,6
prodo,6
pressus,6
tractus,6
uigilo,6
litigo,6
opprimo,6
enumeratio,6
extendo,6
egregie,6
confugio,6
felicitas,6
dialogus,6
humilitas,6
medium,6
piscis,6
orbus,6
crudelitas,6
ouidius,6
olim,6
argentarius,6
exheres,6
possideo,6
impius,6
inuocatio,6
atrocitas,6
supplico,6
uester,6
industria,6
sal,6
uendo,6
innocentia,6
definio,6
potio,6
index,6
amatorius,6
raptor,6
niteo,6
lacertus,6
contortus,6
dens,6
fulgor,6
athleta,6
iunctura,6
liuius,6
cauus,6
reicio,6
hilaritas,6
beatus,6
praecipito,5
precor,5
accendo,5
fundamentum,5
infantia,5
tametsi,5
reposco,5
subsisto,5
operio,5
haud,5
sapor,5
progredior,5
fastidio,5
inuideo,5
educatio,5
compendium,5
radix,5
frequentia,5
conseruo,5
fidelis,5
adiungo,5
liberi,5
purpura,5
licens,5
obscenus,5
aemulatio,5
compleo,5
incessus,5
sudor,5
frux,5
messis,5
imperium,5
obiurgatio,5
aemulor,5
consuesco,5
fuga,5
custos,5
enarratio,5
interior,5
octo,5
nouem,5
mas,5
ablatiuus,5
habito,5
dilectus,5
promissum,5
immutatio,5
transmutatio,5
uestibulum,5
circumduco,5
dupliciter,5
nutus,5
arx,5
indecens,5
recepto,5
nummus,5
lupus,5
quoad,5
femur,5
inquiro,5
rector,5
luceo,5
uerbero,5
sacerdos,5
interpres,5
tolerabilis,5
nequeo,5
sanctitas,5
assurgo,5
lexis,5
detineo,5
fabulosus,5
curiosus,5
commode,5
uniuersalis,5
cithara,5
mel,5
luna,5
accepta,5
antiquitus,5
concordia,5
quondam,5
turbidus,5
impudicus,5
quadratum,5
bellicus,5
excursio,5
supercilium,5
uertex,5
clare,5
inscitia,5
inclinatio,5
histrio,5
palaestra,5
pareo,5
aliquanto,5
desiderium,5
irrumpo,5
bini,5
iracundus,5
excurro,5
placo,5
iuuentus,5
mediocritas,5
merces,5
morbus,5
deuerto,5
inornatus,5
siccus,5
surgo,5
adrogans,5
duplico,5
simpliciter,5
culpo,5
coarguo,5
quaeso,5
sponte,5
gymnasium,5
pestilentia,5
sponsio,5
interdictum,5
furiosus,5
permoueo,5
murmur,5
uicinia,5
maledico,5
plebs,5
torrens,5
ordior,5
tunica,5
uiso,5
utrum,5
excerpo,5
ara,5
fraus,5
litigans,5
achilles,5
fabrica,5
hannibal,5
deligo,5
incendo,5
sin,5
impugno,5
impudentia,5
pernicies,5
gemitus,5
negotialis,5
deliberatio,5
liuor,5
praefatio,5
tutela,5
abusio,5
contionalis,5
lorum,5
amentia,5
considero,5
substituo,5
etenim,5
formula,5
honoro,5
nobilitas,5
oraculum,5
infamis,5
beneuolus,5
amoenus,5
iugum,5
honeste,5
conuicior,5
homicidium,5
affirmatio,5
numen,5
coniunx,5
decerpo,5
nimirum,5
amolior,5
arbitrium,5
arrogantia,5
blandior,5
modestia,5
destituo,5
nusquam,5
transgressio,5
transcurro,5
facundus,5
canus,5
praeiudicium,5
ictus,5
petulantia,5
circumcido,5
euidens,5
cubiculum,5
placidus,5
supplicium,5
serus,5
uenustas,5
transuersus,5
ualde,5
ascendo,5
multo,5
caudex,5
probitas,5
incuso,5
uerso,5
recito,5
laxo,5
iracundia,5
antea,5
tutor,5
loquacitas,5
immanis,5
dimetior,5
flamma,5
expleo,5
aura,5
candidatus,5
praestantia,5
cassius,5
mehercule,5
eueho,5
regno,5
moralis,5
lacesso,5
bassus,5
ioco,5
fabricius,5
condio,5
aenigma,5
iactans,5
albus,5
emphasis,5
miseror,5
redimo,5
mortuus,5
apprehendo,5
assimulo,5
capillus,5
abhorreo,5
leuitas,5
aequor,5
uomo,5
africanus,5
seges,5
conformatio,5
exclamatio,5
interrumpo,5
nosmet,5
ardeo,5
praesidium,5
stupeo,5
conexum,5
dimensio,5
stabilis,5
uacuus,5
densus,5
modice,5
rigidus,5
nonus,4
uiginti,4
iniuste,4
fastigium,4
caritas,4
intercipio,4
diuidus,4
assero,4
generosus,4
sucus,4
duodecim,4
ingigno,4
quippe,4
monstrum,4
eluceo,4
peruideo,4
morum,4
tenax,4
lana,4
pertinaciter,4
grauo,4
adiutorium,4
perdisco,4
festinatio,4
paeniteo,4
queo,4
confragosus,4
uoluo,4
paries,4
flagitium,4
adultus,4
quantuscumque,4
concurro,4
congressus,4
desidia,4
distribuo,4
ignominia,4
custodia,4
uotum,4
amplector,4
uitis,4
sensim,4
instinctus,4
fideliter,4
tardo,4
remissio,4
anima,4
abutor,4
obnoxius,4
adipiscor,4
recessus,4
totiens,4
tenuitas,4
apex,4
aspiro,4
uetustus,4
tactus,4
femininus,4
sextus,4
pando,4
prandeo,4
emendate,4
necto,4
uicinitas,4
pinguis,4
deiectus,4
furia,4
pecus,4
uolucris,4
explanatio,4
cortex,4
deerro,4
cognatus,4
intus,4
masculinus,4
acus,4
denomino,4
funis,4
inauditus,4
paciscor,4
ni,4
aper,4
nominatiuus,4
limes,4
collis,4
porricio,4
remaneo,4
lucus,4
abscido,4
collum,4
uello,4
coma,4
commuto,4
iuxta,4
ascribo,4
significanter,4
ornate,4
oeconomia,4
respiro,4
decus,4
sector,4
medeor,4
agrestis,4
erubesco,4
cornu,4
tolero,4
circumfero,4
dulciter,4
nauigatio,4
longitudo,4
computo,4
ebrietas,4
hiatus,4
palaestricus,4
dissideo,4
citharoedus,4
reparo,4
requiesco,4
agricola,4
olea,4
discursus,4
nisus,4
expers,4
ignobilis,4
aduocatio,4
debitum,4
detrecto,4
infitior,4
maturus,4
caelo,4
sanitas,4
expertus,4
gaudium,4
tempore,4
rogatio,4
superfluo,4
flosculus,4
fetus,4
uolumen,4
rus,4
uestio,4
corono,4
excello,4
primo,4
declamatorius,4
panegyricus,4
auditorius,4
meditor,4
gladiator,4
ruo,4
polio,4
maledicus,4
frigus,4
clamo,4
gratulor,4
consolo,4
uelo,4
piraticus,4
re,4
recordatio,4
coactus,4
insuper,4
euoluo,4
ciuilitas,4
inueho,4
inhonestus,4
credibiliter,4
eripio,4
seditio,4
athenae,4
terrenus,4
catilina,4
ineo,4
saluber,4
complus,4
clauus,4
inspectio,4
secus,4
fames,4
missa,4
consono,4
comprimo,4
leo,4
ei,4
faber,4
rado,4
condo,4
accurate,4
hodie,4
quintus,4
tenere,4
allium,4
renuntio,4
distributio,4
congregatio,4
controuersus,4
constitutio,4
inno,4
adductus,4
faex,4
infitialis,4
ludicer,4
exulo,4
confusio,4
somnium,4
infitiatio,4
praesum,4
donum,4
exploro,4
ratus,4
adoptio,4
alieno,4
funebris,4
competitor,4
imbellis,4
consulto,4
defleo,4
conscriptus,4
penetro,4
iniucundus,4
armo,4
uanitas,4
malitia,4
nefarius,4
timide,4
consenesco,4
nouo,4
transigo,4
censor,4
contexo,4
sordes,4
occulto,4
pupillus,4
degusto,4
defungor,4
surrepo,4
exsero,4
sumptus,4
circumfundo,4
languidus,4
attendo,4
facinus,4
discutio,4
introduco,4
defensa,4
calceus,4
euidentia,4
moratus,4
praemunio,4
dormio,4
sors,4
roma,4
ter,4
aufidius,4
nauarchus,4
lenocinium,4
gener,4
infamo,4
cogitatum,4
murena,4
hortensius,4
frustum,4
rumor,4
magnopere,4
cruciatus,4
diffidentia,4
adulescentulus,4
denuntio,4
extorqueo,4
conspiratio,4
circumspicio,4
quadruplex,4
expello,4
lupanar,4
imbecillus,4
carnifex,4
libertinus,4
matrimonium,4
erepo,4
iurgium,4
consequentia,4
edictum,4
restitutio,4
pulso,4
uiscus,4
inicio,4
sollicito,4
solacium,4
deformo,4
admoueo,4
prouoco,4
absolutio,4
asinius,4
repraesento,4
consulatus,4
hercules,4
rusticitas,4
derisus,4
exaggero,4
compello,4
uisio,4
proelior,4
documentum,4
aspergo,4
iulius,4
obstrepo,4
laelius,4
nuntio,4
metaphora,4
putus,4
numquid,4
diuus,4
curius,4
missus,4
obliuiscor,4
rixor,4
purgo,4
demens,4
proditor,4
concursus,4
quiuis,4
pactum,4
commeatus,4
clementia,4
sestertius,4
desertor,4
commissura,4
unguis,4
infelicitas,4
egregius,4
peruerto,4
acclamatio,4
pusillus,4
muliercula,4
improuisus,4
senator,4
destringo,4
erus,4
immuto,4
digno,4
conficio,4
hio,4
infestus,4
communicatio,4
effluo,4
militia,4
exoro,4
dea,4
decenter,4
circumscribo,4
lucilius,4
uibro,4
piger,4
resulto,4
secessus,4
compesco,4
suffragor,4
inaequalitas,4
crebro,4
dedeceo,4
impendium,3
inquisitio,3
editio,3
refrigero,3
obsequium,3
eximius,3
quemadmodum,3
quaestus,3
arrogo,3
praetendo,3
recurro,3
sicuti,3
sterilis,3
pertinax,3
prodigiosus,3
primum,3
subsequor,3
quantuluscumque,3
lucrum,3
prorogo,3
amaritudo,3
euoco,3
lac,3
monstro,3
permutatio,3
obsum,3
tabella,3
sulcus,3
uelociter,3
nixus,3
suppedito,3
diffido,3
imprimo,3
prauitas,3
comitatus,3
indulgentia,3
concupisco,3
conuentus,3
interuentus,3
unusquisque,3
enarro,3
peculiariter,3
foueo,3
languesco,3
situs,3
caligo,3
religiosus,3
subdo,3
condiscipulus,3
ramus,3
cacumen,3
respuo,3
segnis,3
quisnam,3
debilito,3
impotens,3
seruilis,3
censorius,3
comes,3
here,3
k,3
securis,3
lauo,3
celeber,3
asseueratio,3
moneris,3
que,3
septimus,3
datiuus,3
tero,3
ferus,3
tantundem,3
foeditas,3
praelego,3
absurdus,3
singulariter,3
correpo,3
profugus,3
inscriptio,3
tenor,3
accentus,3
scopulus,3
circus,3
herous,3
eodem,3
conticesco,3
raeda,3
exorior,3
externus,3
subabsurdus,3
coalesco,3
struo,3
miro,3
pedum,3
anus,3
spondeo,3
lepus,3
casu,3
frugi,3
calidus,3
friuolus,3
guttur,3
puppis,3
praedurus,3
progenies,3
abstineo,3
meridies,3
abnuo,3
merus,3
conuiuo,3
euanesco,3
praenomen,3
nimium,3
amoueo,3
enimuero,3
gracilitas,3
breuio,3
triangulus,3
flos,3
uates,3
heros,3
concentus,3
mimus,3
prouerbium,3
sepono,3
contionor,3
pudicus,3
insania,3
quini,3
amplitudo,3
constitutus,3
inordinatus,3
prodigium,3
exilitas,3
praecludo,3
claresco,3
percurro,3
deseruio,3
secedo,3
modulor,3
saltator,3
praetexo,3
segnitia,3
regina,3
contero,3
inualesco,3
subsido,3
percontor,3
malignus,3
auditio,3
excepto,3
satio,3
detero,3
maturitas,3
austerus,3
retracto,3
neglegenter,3
ala,3
peroro,3
euagor,3
distincte,3
inspiro,3
distorqueo,3
como,3
floridus,3
lasciuia,3
solidus,3
eniteo,3
prudenter,3
thesaurus,3
intuitus,3
dispicio,3
pugil,3
obsequor,3
phonascus,3
meditatio,3
saeuus,3
pabulum,3
tenuo,3
luctus,3
tiro,3
limen,3
regero,3
inscius,3
contumeliose,3
limus,3
circulus,3
tumultuor,3
immutabilis,3
promoueo,3
loco,3
tergum,3
amissum,3
pons,3
oratrix,3
fraudo,3
essentia,3
titulus,3
expeto,3
opifex,3
ennius,3
nudo,3
coquus,3
fucus,3
aspernor,3
uagus,3
multitudo,3
pasco,3
cubile,3
tego,3
hiems,3
alimentum,3
fabius,3
imperatorius,3
consummatio,3
fruor,3
lapis,3
marmor,3
aes,3
traditio,3
aduersor,3
unicus,3
addico,3
eloquium,3
confligo,3
uestitus,3
questio,3
triginta,3
omen,3
accidens,3
succido,3
iussus,3
tensa,3
creditor,3
communiter,3
specialiter,3
curio,3
infitiae,3
profluo,3
obsideo,3
euersio,3
sicco,3
conscribo,3
ratis,3
consultatio,3
aedifico,3
superstitiosus,3
dictatura,3
ultio,3
rogatus,3
diuinatio,3
pendo,3
principalis,3
admirandus,3
digredior,3
plausus,3
inuoco,3
propitius,3
dissoluo,3
separatim,3
triplex,3
quicum,3
perago,3
propinquitas,3
dilucide,3
imminuo,3
insinuatio,3
postulatio,3
extraho,3
capitalis,3
oppidum,3
fretus,3
pastor,3
curatio,3
actium,3
circumsto,3
ueho,3
ancora,3
egressus,3
libidinosus,3
stupro,3
stuprator,3
lapsus,3
exaspero,3
periculose,3
indomitus,3
ser,3
uirga,3
nubo,3
praeclarus,3
incubo,3
terror,3
ebrius,3
fundus,3
refrigesco,3
excursus,3
digressus,3
interpellatio,3
interfector,3
credulitas,3
peiero,3
dimicatio,3
insectatio,3
uoluntarius,3
laqueus,3
percontatio,3
protraho,3
suspectus,3
potenter,3
gustus,3
gramen,3
satus,3
spiro,3
mino,3
adolesco,3
rubeo,3
cornix,3
denso,3
auius,3
contradico,3
incestus,3
dominatio,3
quaterni,3
uigilans,3
paenula,3
platanus,3
captus,3
caecinus,3
imputo,3
inductio,3
laetitia,3
anxius,3
coloro,3
nocturnus,3
talentum,3
caneo,3
funus,3
superstes,3
obex,3
decimus,3
exsanguis,3
haurio,3
cupido,3
relego,3
cumulus,3
ulcisco,3
damnatio,3
caluus,3
portio,3
citus,3
frigesco,3
rigor,3
supplex,3
libere,3
toruus,3
summe,3
uena,3
aestus,3
perluceo,3
expauesco,3
reuoluo,3
satietas,3
obiectus,3
honorificus,3
dicax,3
insulsus,3
facetus,3
dicacitas,3
repercutio,3
satisfactio,3
collega,3
includo,3
suffragium,3
salio,3
satago,3
nequam,3
redarguo,3
cingo,3
rogus,3
pridie,3
eleganter,3
lepos,3
prospectus,3
propulso,3
improbitas,3
praesideo,3
uigeo,3
exsul,3
sicarius,3
praeuaricatio,3
restitutor,3
milito,3
assideo,3
subtiliter,3
sublatio,3
oceanus,3
uigilia,3
epotus,3
uenalis,3
exsto,3
comprehensio,3
latine,3
exheredo,3
tecum,3
adsuetus,3
quadruplus,3
subuerto,3
ouis,3
tabernaculum,3
catus,3
palleo,3
societas,3
praesentia,3
subduco,3
sata,3
strangulo,3
pontifex,3
fragor,3
sanctus,3
decido,3
pertracto,3
sudo,3
tumeo,3
mus,3
siquidem,3
parricida,3
corona,3
horror,3
trepidus,3
praeclare,3
ater,3
ascisco,3
inexspectatus,3
bestia,3
redditio,3
carcer,3
altitudo,3
phantasia,3
incresco,3
congeries,3
uomitus,3
gladiatorius,3
coquo,3
immineo,3
pinus,3
moles,3
crispus,3
lacero,3
inflammo,3
procella,3
inmitto,3
acceptum,3
nix,3
deuoro,3
thalamus,3
insanus,3
immensus,3
perturbo,3
textus,3
uorax,3
subiectio,3
traiectio,3
correctio,3
praemunitio,3
digestio,3
reticentia,3
exsecratio,3
alias,3
conuersio,3
permissio,3
circumscriptio,3
adoro,3
lucius,3
imaginor,3
ibidem,3
cunctatio,3
deuerticulum,3
secreto,3
sententiola,3
consultor,3
parce,3
pugnax,3
satur,3
carpo,3
nemus,3
instanter,3
propago,3
patefacio,3
pestis,3
infringo,3
binus,3
laxus,3
postridie,3
perhorresco,3
dactylicus,3
percussio,3
archipirata,3
senarius,3
dochmius,3
musa,3
temperatus,3
dichoreus,3
chorea,3
gracilis,3
lenitas,3
amnis,3
bibliotheca,3
imitabilis,3
aequalitas,3
tersus,3
acerbitas,3
introspicio,3
suppleo,3
arbiter,3
salutaris,3
eicio,3
pueritia,3
distringo,3
obliuio,3
spatior,3
durabilis,3
tremulus,3
flebilis,3
renuo,3
matrona,3
resilio,3
protendo,3
propugnator,3
ripa,3
maturesco,2
biennium,2
tantopere,2
efflagito,2
reluctor,2
demereo,2
exordior,2
flagro,2
amans,2
temperantia,2
statuo,2
insolens,2
desperatio,2
admisceo,2
obtingo,2
amplio,2
querela,2
agitatio,2
emorior,2
candor,2
eluo,2
imperiosus,2
alumnus,2
superstitiose,2
officio,2
edoceo,2
inoffensus,2
intermissio,2
catenatus,2
publico,2
indiscretus,2
conuersatio,2
coccum,2
palatum,2
largior,2
celebritas,2
pauesco,2
opacus,2
tumesco,2
necessitudo,2
initio,2
tricesimus,2
successus,2
uasculum,2
influo,2
orans,2
praecurro,2
interritus,2
arista,2
decresco,2
mordeo,2
inliberalis,2
mancipium,2
castigatio,2
exactor,2
uapulo,2
occasus,2
corruo,2
aceo,2
opimus,2
conicio,2
penna,2
neutralis,2
interea,2
omnipotens,2
potus,2
locutio,2
lubricus,2
forsan,2
complexio,2
impolituas,2
barbare,2
crimino,2
pecto,2
scopa,2
peruicax,2
epigramma,2
piscosus,2
aboleo,2
inenarrabilis,2
inuersio,2
dualis,2
deuenio,2
stolidus,2
recondo,2
maleficus,2
luo,2
caper,2
dure,2
hinnio,2
proportio,2
deminutio,2
ferueo,2
pango,2
exolesco,2
emico,2
abrogo,2
saluto,2
calefacio,2
sulfur,2
uindex,2
cuspis,2
definitio,2
multipliciter,2
ludibrium,2
humus,2
pergo,2
caelebs,2
genitalis,2
sterto,2
prosapia,2
consecro,2
bos,2
palus,2
haruspex,2
columna,2
aedes,2
discretus,2
inseruio,2
ceruus,2
inuerto,2
uocito,2
nuptialis,2
anxietas,2
praetextatus,2
lyricus,2
comma,2
defluo,2
rudimentum,2
primordium,2
taurus,2
cesso,2
suggero,2
ueneratio,2
legio,2
remex,2
solor,2
suppono,2
epula,2
tibicina,2
tibicen,2
trepido,2
linearis,2
terminus,2
inaequalis,2
ducenti,2
quadraginta,2
dimidius,2
latitudo,2
extremitas,2
area,2
denus,2
circumductus,2
territus,2
tremo,2
resono,2
foramen,2
detorqueo,2
distendo,2
consurgo,2
oleum,2
agilis,2
uinetum,2
hortus,2
nouicius,2
tantummodo,2
accingo,2
negotiator,2
dulcedo,2
litteratura,2
alueus,2
medulla,2
erga,2
comitas,2
castigo,2
dissimulator,2
theatralis,2
succingo,2
modeste,2
aliquamdiu,2
molestia,2
statura,2
parumper,2
macies,2
exsculpo,2
planta,2
mustus,2
circulatorius,2
inuerecundus,2
innascor,2
annalis,2
rostrum,2
lupa,2
aleator,2
dedux,2
supellex,2
rite,2
creo,2
pius,2
adiutor,2
permulceo,2
admirator,2
duresco,2
delenio,2
praedulcis,2
squalor,2
inquino,2
nidus,2
presso,2
adiuto,2
luctator,2
frenum,2
calcar,2
pugnus,2
lucto,2
inuictus,2
presse,2
socio,2
quadrupes,2
uiridis,2
uociferatio,2
desperatus,2
elido,2
rixa,2
prosterno,2
prouenio,2
penso,2
anhelitus,2
pullatus,2
derecto,2
sancio,2
rigeo,2
labefacto,2
stratum,2
disiungo,2
manes,2
adulator,2
corruptor,2
peripateticus,2
sagina,2
iuuenilis,2
albucius,2
scelestus,2
pyrrhus,2
agrarius,2
supplicatio,2
perterreo,2
reor,2
quantulus,2
clipeus,2
febris,2
casa,2
salto,2
epicurus,2
perceptio,2
offundo,2
abripio,2
seiungo,2
naualis,2
consentiens,2
aestimatio,2
actiuus,2
fecundus,2
cicer,2
perfecte,2
tolerantia,2
quacumque,2
statuarius,2
gemma,2
unctio,2
absinthium,2
munio,2
floreo,2
subnecto,2
obscure,2
insumo,2
rimor,2
talus,2
demonstratio,2
honestas,2
ducto,2
competo,2
congredior,2
quattuordecim,2
aestas,2
coniectus,2
coniector,2
collectiuus,2
accidentia,2
interdico,2
proximitas,2
imperatum,2
pensum,2
ueneror,2
commemoro,2
immortalitas,2
augurium,2
potentia,2
publice,2
inuentor,2
fascis,2
assentor,2
prodigus,2
maritimus,2
fertilis,2
interimo,2
minitor,2
denuntiatio,2
ingruo,2
circumuenio,2
luxus,2
suasor,2
aequum,2
aegre,2
deponens,2
commisceo,2
opportunus,2
tumultuosus,2
excessus,2
sortior,2
hereditarius,2
delator,2
intento,2
agamemnon,2
captiuus,2
lusius,2
ambitiose,2
delego,2
allego,2
propensus,2
simultas,2
attentio,2
inuetero,2
optabilis,2
aditus,2
uer,2
odio,2
accuro,2
circumlitus,2
dormito,2
transcendo,2
moleste,2
gelidus,2
stipulatio,2
admissum,2
exanimis,2
subtexo,2
huiusmodi,2
insimulo,2
proserpina,2
iniquitas,2
impudicitia,2
concutio,2
praetermitto,2
commonitio,2
paulisper,2
profectio,2
strepitus,2
locatum,2
magnifice,2
miserabiliter,2
inuidiose,2
graece,2
praeterquam,2
absentia,2
mendax,2
memor,2
stuprum,2
effreno,2
colloquium,2
considius,2
implico,2
tingo,2
socrus,2
sopor,2
exanimo,2
inclamo,2
centurio,2
stringo,2
plausibilis,2
exspatior,2
opportune,2
commemoratio,2
degredior,2
recusatio,2
multiplico,2
scrupulosus,2
eruptio,2
trans,2
condemno,2
interpello,2
rescindo,2
centumuiralis,2
dissimilitudo,2
dispergo,2
tortus,2
refragor,2
testa,2
subministro,2
titubo,2
conflo,2
paucitas,2
constans,2
testatio,2
augur,2
cor,2
muliebris,2
pluuius,2
rubor,2
commentum,2
explano,2
latrocinium,2
distantia,2
lentulus,2
incedo,2
incultus,2
profanus,2
ile,2
inexpugnabilis,2
profugio,2
naufragium,2
spiculum,2
remotio,2
oppius,2
uulgatus,2
pullus,2
rhodium,2
conduco,2
puluerulentus,2
puluis,2
iugo,2
inexplicabilis,2
instructus,2
usura,2
orbitas,2
adflictus,2
numerarius,2
igniculus,2
crucio,2
mensis,2
consularis,2
resideo,2
coepi,2
contumax,2
spolio,2
indignitas,2
resto,2
offensio,2
percussus,2
praemoneo,2
depingo,2
siparium,2
effigies,2
obsecratio,2
innitor,2
puella,2
cognomen,2
efficax,2
ecce,2
impunis,2
truculentus,2
pecuniarius,2
plaudo,2
miseret,2
fletus,2
praeualeo,2
amabilis,2
comis,2
iucunde,2
penetralis,2
pallor,2
exspiro,2
argi,2
naufragus,2
deprauo,2
enarrabilis,2
scurra,2
habilis,2
admixtus,2
condimentum,2
senus,2
respectus,2
obscenitas,2
taberna,2
artificium,2
siculus,2
seruilius,2
identidem,2
neo,2
congiarius,2
sura,2
uerro,2
niger,2
macer,2
ferreus,2
porrigo,2
as,2
sudarium,2
tergeo,2
pila,2
spado,2
interpellator,2
pluo,2
praelongus,2
belle,2
cras,2
piscator,2
catulus,2
heus,2
commilito,2
lorica,2
comedo,2
marcianus,2
lartius,2
auctio,2
iocosus,2
absonus,2
altercor,2
clam,2
alterco,2
retundo,2
imbecillitas,2
arripio,2
clamosus,2
irrogo,2
alte,2
atheniensis,2
erratum,2
exstruo,2
deuincio,2
artus,2
fluito,2
citer,2
uidua,2
nobiscum,2
figo,2
separatio,2
diiudico,2
possessor,2
pulchre,2
infirmo,2
peregrinitas,2
noxius,2
quinquaginta,2
extrarius,2
aegroto,2
sano,2
immisceo,2
impunitas,2
integritas,2
diurnus,2
enuntiatio,2
homicida,2
formido,2
peregrinatio,2
talio,2
misereor,2
maleficium,2
duplus,2
adimo,2
escendo,2
collatio,2
iniectio,2
delabor,2
aratrum,2
uomer,2
cinis,2
scriptura,2
socer,2
diligo,2
productio,2
correptio,2
pulsus,2
attero,2
inuoluo,2
herba,2
iactus,2
dirus,2
cunctator,2
equinus,2
horreo,2
peruado,2
intellegentia,2
fulgeo,2
insolitus,2
formosus,2
institor,2
macula,2
discordo,2
caesum,2
adueho,2
canis,2
unice,2
aerumna,2
for,2
illido,2
sullaturio,2
reatus,2
cacemphaton,2
uerruca,2
abundantia,2
captatio,2
arrigo,2
soleatus,2
pallium,2
talaris,2
uacillo,2
hesternus,2
lutulentus,2
nuntius,2
ceu,2
nebula,2
apollo,2
mirabilis,2
amputo,2
quadriga,2
habena,2
comitium,2
supprimo,2
abscisus,2
superpositus,2
agmen,2
germanus,2
troianus,2
trunco,2
peristroma,2
cella,2
aceruus,2
pharsalicus,2
ardor,2
ianitor,2
perpes,2
sepelio,2
propello,2
densitas,2
aruus,2
iuppiter,2
porta,2
ceres,2
unda,2
arceo,2
coitus,2
carthago,2
abusiuus,2
umidus,2
uerumtamen,2
incomptus,2
lucretius,2
bucolicus,2
cliuus,2
commutatio,2
iugulum,2
triclinium,2
cous,2
inlusio,2
serpo,2
coagmento,2
traicio,2
nequaquam,2
esculentus,2
intactus,2
fidius,2
dissipo,2
immanitas,2
funda,2
irrepo,2
frequento,2
commoratio,2
extenuatio,2
reditus,2
seiunctio,2
impulsio,2
effrenatus,2
promissio,2
purgatio,2
laesio,2
optatio,2
gradatio,2
concinnus,2
dinumeratio,2
responsio,2
disiunctio,2
sursum,2
indifferenter,2
praesumptio,2
perfrico,2
satura,2
senilis,2
sodalis,2
apparens,2
asseuero,2
eos,2
anfractus,2
bucina,2
exsuscito,2
adulo,2
rutilius,2
uisellius,2
latebra,2
talpa,2
damma,2
luxurio,2
fluctuo,2
mensa,2
pauidus,2
intonsus,2
neue,2
interpositio,2
raritas,2
ap,2
castrum,2
aeuum,2
congrego,2
pontus,2
inuestigo,2
obeo,2
sceptrum,2
capesso,2
edico,2
paronomasia,2
cornificius,2
desertum,2
penes,2
dedico,2
caecilius,2
rubus,2
fragosus,2
uenalicius,2
mercator,2
proicio,2
stridor,2
librarius,2
inscientia,2
fortunatus,2
metricus,2
indifferens,2
balneator,2
armamenta,2
africa,2
hexameter,2
ternus,2
comprobo,2
agilitas,2
membratim,2
caesim,2
disceptator,2
spatiosus,2
procinctus,2
uolubilitas,2
crudus,2
perlego,2
resumo,2
decerno,2
praestringo,2
quotus,2
detrimentum,2
consolatio,2
epicus,2
damnum,2
imitator,2
comptus,2
germanicus,2
terentius,2
gurges,2
rapum,2
properatus,2
exilis,2
exuo,2
remisse,2
flatus,2
incredulus,2
florus,2
resupinus,2
offenso,2
amoenitas,2
exaudio,2
lucubratio,2
deleo,2
pigritia,2
delitesco,2
assuefacio,2
basilica,2
circumspecto,2
exhortor,2
supplosio,2
minax,2
triumphalis,2
coniuratio,2
barba,2
credulus,2
atrium,2
meo,2
pulpitum,2
haesitatio,2
nedum,2
nex,2
fuscus,2
flexibilis,2
dinosco,2
ambulatio,2
quatio,2
lapillus,2
compos,2
turgesco,2
tinnio,2
suauis,2
scando,2
auersor,2
adnuo,2
gena,2
deorsum,2
oblique,2
supino,2
uenter,2
exhibeo,2
argutiae,2
cohorto,2
prolato,2
conspicio,2
crus,2
confidentia,2
praeditus,2
haustus,2
tragoedus,2
tirocinium,2
flo,2
cardo,2
concupio,2
districtus,1
uale,1
iniungo,1
incunabulum,1
biduus,1
inertia,1
regredior,1
informo,1
adiumentum,1
uolatus,1
saeuitia,1
sollertia,1
indocilis,1
dedisco,1
triumuir,1
intumesco,1
saeuio,1
perdoceo,1
perbibo,1
triennium,1
acerbe,1
cuna,1
uagitus,1
agnitio,1
irrito,1
eburneus,1
insculpo,1
margo,1
neglectus,1
propero,1
accelero,1
nihildum,1
absolute,1
accresco,1
sopio,1
socordia,1
repo,1
conchylium,1
lectica,1
osculum,1
concubinus,1
strepo,1
fungus,1
incomparabilis,1
luce,1
solitarius,1
umbraticus,1
segrego,1
superfundo,1
instillo,1
transformo,1
difficulter,1
praecox,1
immitto,1
spica,1
herbula,1
flauesco,1
extundo,1
retendo,1
alacritas,1
quaestiuncula,1
induresco,1
plaga,1
probrum,1
nefandus,1
uirgula,1
cauillor,1
superstruo,1
obliquo,1
scamnum,1
scabillum,1
bipennis,1
calco,1
exculco,1
lotus,1
pulto,1
fundanius,1
balaena,1
duellum,1
auctus,1
nihilominus,1
eheu,1
fasciatim,1
promiscuus,1
secrete,1
litterarius,1
triuialis,1
fraudator,1
nutrio,1
examen,1
prouiso,1
commentariolum,1
rota,1
adsectator,1
mastruca,1
insolenter,1
minaciter,1
pergula,1
scala,1
hordeum,1
mulsum,1
noxa,1
h,1
iotacismus,1
labdacismus,1
erudite,1
aegyptus,1
consido,1
superlatio,1
possessiuus,1
deminuo,1
delinquo,1
inconueniens,1
imprudentia,1
inhonoratus,1
tuscus,1
petorritum,1
mappa,1
cincinnatus,1
quousque,1
capsa,1
subterfugio,1
maleuolus,1
noctiuagus,1
aufugio,1
ignauus,1
balo,1
stirps,1
aerius,1
palumbes,1
silex,1
magistra,1
funiculus,1
spondeus,1
pagus,1
cadus,1
peruersitas,1
audaciter,1
audacter,1
frugalis,1
insolentia,1
litteratus,1
aueo,1
adiaceo,1
angor,1
iecur,1
affinitas,1
inuenustus,1
notatio,1
ueriloquium,1
fructuosus,1
tegula,1
calo,1
leuipes,1
uulpes,1
stella,1
stilla,1
caeles,1
gregatim,1
merula,1
murmuro,1
adsertor,1
oblittero,1
exanclo,1
lodix,1
balneum,1
perpoto,1
tondeo,1
ineptia,1
immunis,1
abstemius,1
temetum,1
rostratus,1
duilius,1
puluinar,1
argenteus,1
cassus,1
heri,1
uortex,1
enoto,1
comminuo,1
plasmo,1
heroum,1
licenter,1
hendecasyllabus,1
aliquid,1
uirilitas,1
metaplasmus,1
schematismos,1
memoro,1
miseria,1
scida,1
anilis,1
deridiculus,1
fabella,1
nutricula,1
condisco,1
uitulus,1
strictim,1
regalis,1
accensi,1
tuba,1
conspiro,1
psaltes,1
bellicosus,1
melos,1
canor,1
elate,1
fistula,1
ministro,1
optimas,1
perosus,1
psalterium,1
sacrifico,1
computatio,1
capax,1
iuger,1
centenus,1
octogeni,1
quadrus,1
quadratus,1
uallis,1
obscuratio,1
defectio,1
diuinitus,1
obsidio,1
explicatio,1
sectio,1
eatenus,1
femineus,1
seniliter,1
inficio,1
pinguitudo,1
rho,1
inanitas,1
rictus,1
heroicus,1
dedecus,1
furtim,1
recreo,1
aruum,1
arbustus,1
pratum,1
aluear,1
obduresco,1
affligo,1
subsiciuus,1
arcanus,1
merx,1
stips,1
tessera,1
criticus,1
opusculum,1
excusate,1
inspico,1
ferox,1
austeritas,1
fugo,1
seuere,1
exsurgo,1
exultatio,1
conclamo,1
dedoceo,1
tinnulus,1
cacozelia,1
lassus,1
sinuosus,1
inopia,1
decoquo,1
excidium,1
lamina,1
fecunditas,1
lacus,1
falx,1
discurro,1
garrulitas,1
coruus,1
euerbero,1
serpens,1
patrocinor,1
rusticanus,1
uolucer,1
sagitta,1
emblema,1
trinus,1
nundinus,1
promulgo,1
intercessio,1
auspicium,1
praeeo,1
inuro,1
incorruptus,1
sapienter,1
adamo,1
detergeo,1
uiuax,1
adminiculum,1
circumuolo,1
elimo,1
sagaciter,1
cursor,1
imbecillis,1
pancratiastes,1
calx,1
nexus,1
alacer,1
distineo,1
adeps,1
classicus,1
effringo,1
perdite,1
cos,1
perpolio,1
furo,1
incutio,1
uiolentia,1
tepidus,1
pridem,1
cuneus,1
scitum,1
immolatio,1
maeror,1
surruo,1
technicus,1
orbita,1
ianua,1
galbus,1
inuentrix,1
mensio,1
peritia,1
mango,1
polus,1
inconsideratus,1
nequitia,1
inexpiabilis,1
flaminius,1
procumbo,1
dirimo,1
repertor,1
fabricator,1
trano,1
tono,1
artificiosus,1
texo,1
lutum,1
uasum,1
diffiteor,1
phoenix,1
sarmentum,1
armentum,1
intemperantia,1
redux,1
guberno,1
astrologia,1
effectiuus,1
fertilitas,1
cultor,1
molaris,1
granum,1
frustratio,1
legumen,1
modius,1
turbulentus,1
minae,1
quandoquidem,1
aedificium,1
scalpo,1
lignum,1
uitrum,1
uas,1
cumulo,1
inlitteratus,1
ostiensis,1
architectus,1
caelator,1
penicillum,1
allicio,1
taeter,1
flauus,1
liquor,1
denarius,1
octauus,1
nonagesimus,1
postmeridianus,1
studiose,1
specimen,1
insalubris,1
propemodum,1
permaneo,1
dehortor,1
mirabiliter,1
comissator,1
insciens,1
directio,1
quispiam,1
superbia,1
rhetorica,1
praetorius,1
cognitor,1
maereo,1
debitor,1
scriptus,1
pio,1
oppositus,1
laudator,1
praeses,1
bellator,1
benefacio,1
opprobrium,1
deriuatio,1
munitio,1
emolumentum,1
orsus,1
uectigal,1
stipendium,1
trucido,1
defectus,1
deditio,1
possibilis,1
mansuetus,1
conflictatio,1
punicus,1
triplico,1
duodecimus,1
infandus,1
exuro,1
derisor,1
quirito,1
sis,1
immolo,1
paelex,1
arruntius,1
indemnatus,1
topica,1
alludo,1
ambages,1
perpetuo,1
nepos,1
precatio,1
emereo,1
cognomino,1
imparatus,1
aliqua,1
praetento,1
diffidenter,1
paradoxus,1
subuenio,1
cumque,1
callide,1
obsolesco,1
calens,1
impingo,1
excerno,1
commutabilis,1
praestigia,1
loquax,1
uaticinor,1
pubertas,1
certo,1
conspicor,1
uenabulum,1
dispensatio,1
regius,1
roscius,1
cn,1
palla,1
zelotypus,1
cynicus,1
nanciscor,1
conscendo,1
transuolo,1
decuria,1
fulcinius,1
interfatio,1
confestim,1
inermis,1
delibo,1
uestimentum,1
festinato,1
repugnantia,1
conductum,1
quodammodo,1
peccatum,1
coniuro,1
stimulo,1
parsimonia,1
suspiciosus,1
amens,1
arroganter,1
priuignus,1
flagellum,1
lethargus,1
bulbus,1
inobseruantia,1
ingemo,1
circumiectus,1
designo,1
auspex,1
funestus,1
temulentus,1
profligatus,1
praecordium,1
contubernalis,1
sponda,1
aduentus,1
noscito,1
amplexus,1
semisomnus,1
concubina,1
calliditas,1
existimatio,1
pugnacitas,1
cuneo,1
distraho,1
uanesco,1
fomentum,1
actutum,1
oratiuncula,1
praemeditor,1
praecerpo,1
obligo,1
uocatus,1
plene,1
iudiciarius,1
procliuis,1
extractum,1
deporto,1
malignitas,1
deuoueo,1
iniuratus,1
uigilantia,1
inconstans,1
reconcilio,1
praecaueo,1
aggrauo,1
pedetemptim,1
elicio,1
uilitas,1
scisco,1
suborno,1
intemperanter,1
mathematicus,1
desideo,1
insolubilis,1
hostia,1
respergo,1
uagor,1
coturnix,1
popularitas,1
prognostica,1
commentatio,1
conceptus,1
abusus,1
argumentosus,1
crastinus,1
impossibilis,1
rhodus,1
luxuries,1
saxosus,1
helops,1
scarus,1
cliens,1
commotio,1
temporarius,1
pauor,1
sibyllinus,1
hyle,1
adeptio,1
conseruatio,1
euitatio,1
liberatio,1
montanus,1
mediterraneus,1
maius,1
interdiu,1
adhaereo,1
sumptuosus,1
irretio,1
pecuniosus,1
caleo,1
bipes,1
marinus,1
uerna,1
electus,1
philosophor,1
perfidia,1
abiegnus,1
trabs,1
coniugo,1
compascuus,1
compasco,1
euentum,1
uilicus,1
generatim,1
circumstantia,1
commilitium,1
amphictyones,1
quamdiu,1
ostiatim,1
sedulus,1
mortalitas,1
infaustus,1
uiuacitas,1
undeuicesimus,1
insanabilis,1
puellaris,1
antefero,1
supergredior,1
obseruatus,1
auunculus,1
auitus,1
imperito,1
dinumero,1
capito,1
sollemnis,1
conqueror,1
certatim,1
scaurus,1
fallax,1
inaresco,1
ploro,1
squalidus,1
perfundo,1
madeo,1
imperitia,1
intempestiue,1
praemonitus,1
obmutesco,1
reporto,1
cadauer,1
infundo,1
uellico,1
tepeo,1
corpulentus,1
baiulo,1
diripio,1
rabirius,1
transfiguro,1
perite,1
rapidus,1
temporalis,1
impotentia,1
exprobratio,1
intolerabilis,1
inuidus,1
troia,1
moene,1
intolerandus,1
luctuosus,1
lugeo,1
madesco,1
peregrinor,1
adloquium,1
percussor,1
insideo,1
radius,1
patens,1
pallantis,1
facete,1
acute,1
minium,1
insipiens,1
festus,1
mica,1
sitis,1
curulis,1
flagrum,1
inurbanus,1
conuictus,1
permissus,1
iuste,1
scurrilis,1
scutum,1
caepasius,1
festiuus,1
depromo,1
piscatorius,1
nauigium,1
delphinus,1
transueho,1
facetia,1
complures,1
iaculatio,1
plancus,1
albanus,1
tiburs,1
praedium,1
apologus,1
coram,1
bouillus,1
uilla,1
fonteius,1
ueneo,1
exiguitas,1
acidus,1
manlius,1
expilo,1
asinus,1
pandus,1
fibula,1
parabola,1
elephantus,1
triumphus,1
eboreus,1
ligneus,1
theca,1
mirmillo,1
retiarius,1
praeficio,1
cenaculum,1
puteo,1
pantomimus,1
fornix,1
assidue,1
intereo,1
didius,1
sinistra,1
stulte,1
orchestra,1
pilum,1
alea,1
assensio,1
mordax,1
iunius,1
publilius,1
enascor,1
torquis,1
ciuicus,1
uictoriatus,1
restis,1
philippus,1
colaphus,1
ficus,1
surculus,1
iuba,1
hippocentaurus,1
adedo,1
galea,1
primipilaris,1
ordino,1
nomenclator,1
dispensator,1
passer,1
absento,1
uersutus,1
lapso,1
sphinx,1
candelabrum,1
fuluius,1
infinitas,1
conuenientia,1
coacta,1
consentaneus,1
inconditus,1
immaturus,1
patienter,1
peculiaris,1
decretorius,1
fatuus,1
monitor,1
percieo,1
incito,1
incursio,1
odor,1
prospere,1
infinitum,1
discretio,1
adnecto,1
educator,1
faenus,1
faenerator,1
adopto,1
fors,1
subiectus,1
tendentia,1
incolumis,1
inspoliatus,1
reiectio,1
adorno,1
iudicatus,1
impietas,1
sedulo,1
ratiocinor,1
semis,1
atomus,1
casurus,1
intemperies,1
halitus,1
adigo,1
gratifico,1
globosus,1
uniuersitas,1
iuuenalis,1
pernego,1
antidotum,1
iactatus,1
emptum,1
prodeo,1
praepondero,1
absque,1
puteus,1
infitiator,1
codicilli,1
satelles,1
coniecto,1
mortifer,1
tyrannicidium,1
clarigatio,1
penus,1
argutus,1
deuinco,1
reciperator,1
demoueo,1
ceno,1
transmarinus,1
inuito,1
tumultuarius,1
assumptiuus,1
excaeco,1
uxorius,1
diuortium,1
curator,1
tribunatus,1
fugitiuus,1
stigma,1
intercludo,1
posthac,1
innocenter,1
misericors,1
elogium,1
delictum,1
procuratio,1
mandatus,1
repudium,1
quinquennalis,1
quadrageni,1
uiceni,1
prosto,1
partus,1
quandoque,1
coleus,1
insuo,1
armamentum,1
a,1
accusatiuus,1
coopto,1
collegium,1
nupta,1
adumbro,1
meatus,1
praesente,1
diffundo,1
castellum,1
enitor,1
enutrio,1
uagina,1
senesco,1
fuco,1
muliebriter,1
uersicolor,1
obumbro,1
sordeo,1
amissus,1
pondero,1
refreno,1
roboro,1
hospes,1
oleo,1
nequiquam,1
spartum,1
muria,1
iaculus,1
sudis,1
priuatim,1
lapidaris,1
glaeba,1
solea,1
turdus,1
nenia,1
auguralis,1
sobrius,1
atabulus,1
stlattarius,1
emuto,1
morsus,1
exquisite,1
indistinctus,1
ementior,1
culte,1
lilium,1
uiola,1
anemone,1
tonsa,1
myrtus,1
ulmus,1
praeopto,1
frugifer,1
quincunx,1
stillicidium,1
porca,1
porcus,1
cista,1
rodo,1
sarracum,1
corusco,1
pusio,1
cubito,1
configo,1
pone,1
oppido,1
autumo,1
proles,1
nuncupo,1
audenter,1
mirifice,1
corinthius,1
elimino,1
expectoro,1
beatitudo,1
fimbriatus,1
ens,1
perduro,1
albeo,1
natiuus,1
abundanter,1
expolio,1
patro,1
praefor,1
intercapedo,1
obscene,1
saxeus,1
uterus,1
perula,1
operositas,1
compressio,1
dispositus,1
doricus,1
repraesentatio,1
extemplo,1
purpureus,1
blanditia,1
potatio,1
oscitans,1
immundus,1
languidulus,1
spina,1
cooperio,1
ploratus,1
direptio,1
praedo,1
conata,1
sicubi,1
affingo,1
xanthus,1
fluentum,1
maternus,1
abalieno,1
archium,1
nauigabilis,1
conquestio,1
retinacula,1
auriga,1
currus,1
auloedus,1
ritus,1
perinde,1
uicina,1
graius,1
antrum,1
uirus,1
euidenter,1
munditia,1
deprimo,1
proteruus,1
petulanter,1
effuse,1
meretricius,1
ereptor,1
expugnator,1
pudicitia,1
abortus,1
uasto,1
labefactatio,1
uastatio,1
inusitatus,1
luno,1
decennium,1
indutus,1
troas,1
sterno,1
conchyliatus,1
multiplicatio,1
sextius,1
reliquiae,1
opulentus,1
catholicus,1
depugno,1
ligo,1
sensiculus,1
loricatus,1
gallius,1
rebello,1
claudius,1
duodeuiginti,1
sterilitas,1
uexo,1
purpuratus,1
babylon,1
umbo,1
conspergo,1
intertextus,1
scintilla,1
fumus,1
delectus,1
insuauis,1
sitio,1
incensus,1
oblimo,1
iners,1
agitator,1
contorqueo,1
allatro,1
inanimus,1
sonitus,1
sentina,1
perseco,1
uomicus,1
castratus,1
stercus,1
longinquus,1
hibernus,1
alpis,1
no,1
apis,1
daedalus,1
abies,1
ellipsis,1
arcas,1
iuuencus,1
appropinquo,1
neptunus,1
aquilo,1
mars,1
canna,1
sexaginta,1
pallidus,1
auratus,1
auratura,1
euersor,1
mugitus,1
sibilus,1
proscripturio,1
laureatus,1
postis,1
feliciter,1
septentrio,1
parento,1
acetabulum,1
pyxis,1
centaurus,1
sus,1
substructio,1
egestas,1
lixa,1
pieris,1
peragro,1
fagus,1
perforo,1
euripus,1
ruina,1
corinthus,1
ulna,1
subsortitio,1
extum,1
cupressus,1
piraeus,1
reuersio,1
hyperboreus,1
trio,1
ocior,1
charybdis,1
absorbeo,1
hymnus,1
iocularis,1
cursito,1
lectito,1
anguste,1
obseruabilis,1
astus,1
promereo,1
permultus,1
percursio,1
concino,1
finitimus,1
periucundus,1
anteoccupatio,1
comminatio,1
concursio,1
adiunctio,1
progressio,1
reuocatio,1
dissipatio,1
insigne,1
continenter,1
gradatim,1
demo,1
extenuo,1
addubito,1
dispertio,1
reticeo,1
aliquantus,1
exsecror,1
coercitio,1
sciscitor,1
heu,1
tellus,1
inofficiosus,1
fustis,1
insidia,1
suggestio,1
praedictio,1
prohibitio,1
communicor,1
censeo,1
sustentatio,1
criminosus,1
hisco,1
admirabiliter,1
sermocinatio,1
aliquot,1
allocutio,1
auersio,1
praetura,1
oborior,1
rapina,1
sescenti,1
eleuatio,1
concessio,1
consensio,1
interruptio,1
quorsum,1
narratum,1
cudo,1
aurifex,1
clades,1
dego,1
pactio,1
capital,1
nurus,1
uitio,1
rea,1
chirographum,1
suffugium,1
impurus,1
pertendo,1
quinquagenarius,1
incolumitas,1
praeuaricor,1
sacrificium,1
abolitio,1
collectio,1
mina,1
ueneficus,1
aggrego,1
anticus,1
eiusmodi,1
conquiro,1
scitus,1
processus,1
confidenter,1
efferus,1
crudesco,1
malefacio,1
innuptus,1
auena,1
saucius,1
calesco,1
uergo,1
dorsum,1
piso,1
interclusio,1
acutius,1
obtrunco,1
potior,1
rapto,1
langueo,1
acor,1
mature,1
uitreus,1
onustus,1
retractatio,1
interceptio,1
decurio,1
affinis,1
uua,1
arboreus,1
manifesto,1
aceruo,1
corniger,1
belua,1
exsaturo,1
dissolutio,1
lar,1
pharetra,1
aceruatio,1
perhibeo,1
tabellarius,1
exaro,1
hircus,1
sacellum,1
diadema,1
astutus,1
traductio,1
reprimo,1
pistor,1
arator,1
dissonus,1
infectus,1
pubes,1
calamitosus,1
plecto,1
conseruator,1
excoquo,1
consentium,1
transitio,1
occultatio,1
inconstantia,1
immobilis,1
consimilis,1
derogo,1
pellis,1
tegmen,1
mitesco,1
fodio,1
mansuefacio,1
comito,1
arcus,1
paululum,1
priscus,1
dialectos,1
communio,1
superuenio,1
indecoris,1
superpono,1
enormitas,1
maecenas,1
aurora,1
fraxinus,1
exsequia,1
circumiacens,1
aspero,1
locatio,1
patulus,1
hiulcus,1
belligero,1
antepono,1
olympus,1
inane,1
uersiculus,1
latio,1
crepitus,1
inscitus,1
palaestrita,1
quadro,1
orion,1
rima,1
promiscue,1
catonium,1
illucesco,1
colon,1
terni,1
breui,1
palimbacchius,1
ephorus,1
cordax,1
astrum,1
iunianus,1
perfuga,1
asianus,1
interpunctus,1
tesserula,1
uermiculatus,1
decursus,1
faunus,1
redundantia,1
mutilus,1
instabilis,1
pugnaciter,1
inhorresco,1
nodus,1
polleo,1
en,1
linquo,1
tata,1
grassor,1
aleo,1
eneruis,1
uersifico,1
descisco,1
festinus,1
clausum,1
efficientia,1
alicubi,1
ensis,1
tropicus,1
corrogo,1
liquefacio,1
calidius,1
squaleo,1
robigo,1
lacteus,1
torus,1
marcellus,1
summatim,1
curetes,1
aro,1
pastoralis,1
plectrum,1
sincerus,1
dispar,1
iniudicatus,1
obduco,1
praelatus,1
carnis,1
homericus,1
pedester,1
auspicatus,1
sperno,1
uersificator,1
exemplar,1
perscribo,1
ualerius,1
flaccus,1
lucanus,1
minerua,1
uictrix,1
hedera,1
laurus,1
interpositus,1
caesius,1
accius,1
uarus,1
pomponius,1
aelius,1
togatus,1
afranius,1
commiseratio,1
exundo,1
bello,1
u,1
catius,1
desisto,1
dirigo,1
multa,1
insectator,1
cultura,1
percenseo,1
mutuo,1
soccus,1
inconcessus,1
effector,1
aerarius,1
insenesco,1
patruus,1
opero,1
arrideo,1
obuenio,1
coniueo,1
pluteus,1
demordeo,1
hortator,1
lucubro,1
refectio,1
deploro,1
incurso,1
fremitus,1
membrana,1
intingo,1
calamus,1
angustia,1
repleo,1
tumentia,1
extero,1
smyrna,1
substringo,1
destructio,1
uiolo,1
marcius,1
gestio,1
porcius,1
spectator,1
rescribo,1
cestius,1
offulgeo,1
incursus,1
compareo,1
mobilitas,1
miraculum,1
uentilator,1
disposite,1
iurgo,1
stimulus,1
congestus,1
fido,1
sidonius,1
licinius,1
haesito,1
rudens,1
deperdo,1
cauda,1
lucratiuus,1
carbo,1
innato,1
laena,1
aestuo,1
trux,1
uiolentus,1
monile,1
margarita,1
perstringo,1
impatiens,1
subsidium,1
derideo,1
obtrectator,1
laurea,1
concilium,1
decerto,1
impudens,1
scurrilitas,1
praecolo,1
canesco,1
imploro,1
narrator,1
lictor,1
seditiosus,1
machina,1
senatorius,1
castra,1
curia,1
aucupor,1
immoderatus,1
transfundo,1
susceptor,1
causor,1
concieo,1
obseruantia,1
dignatio,1
antistes,1
iro,1
recipero,1
luxurior,1
frumentum,1
coemo,1
profano,1
proscribo,1
publicanus,1
compenso,1
exter,1
labes,1
praeterfluo,1
praesento,1
uigor,1
abitus,1
immemor,1
recordor,1
diuinitas,1
inexercitatus,1
pacta,1
abnego,1
persoluo,1
excio,1
conuiua,1
sepultura,1
discumbo,1
reminiscor,1
occursus,1
recenseo,1
chorus,1
insignio,1
treceni,1
sexageni,1
perexiguus,1
pagina,1
litura,1
tacite,1
recordatus,1
accessio,1
plumbeus,1
maturo,1
concoquo,1
inardesco,1
infinite,1
contumaciter,1
egero,1
tripertitus,1
interiaceo,1
conuello,1
findo,1
conualesco,1
fuligo,1
unctor,1
nubila,1
siccitas,1
uentosus,1
germino,1
suauiloquens,1
rauus,1
praepinguis,1
adnumero,1
pellicio,1
quarto,1
moenia,1
inscite,1
tractabilis,1
claudico,1
conformo,1
depositio,1
inceptio,1
pristinus,1
consessus,1
cinctus,1
suffoco,1
praefinio,1
resorbeo,1
introrsum,1
iumentum,1
colluctatio,1
tussio,1
exspuo,1
pulmo,1
commiseror,1
cymbalum,1
immoderate,1
adhortatio,1
teres,1
speculum,1
languor,1
barbaria,1
concordo,1
roto,1
fanaticus,1
attono,1
meretricula,1
ancilla,1
emano,1
nubilus,1
mano,1
torpeo,1
nato,1
suffundo,1
uenerius,1
palpebra,1
ministerium,1
cutis,1
serenus,1
corrugo,1
inquieto,1
resupino,1
replico,1
lambo,1
mentum,1
adleuatio,1
contractio,1
fraudulentus,1
proiectio,1
uberius,1
debilis,1
uerecundor,1
prologus,1
obsecundo,1
uitiose,1
cubitum,1
apprenso,1
curuo,1
inserto,1
collecta,1
crebresco,1
ancillula,1
quingenti,1
flagello,1
cubitus,1
uentilo,1
uncus,1
trepidatio,1
insono,1
obambulo,1
truncus,1
moderor,1
flexio,1
complodo,1
pedis,1
uacillatio,1
nutatio,1
linter,1
medicamentum,1
delibutus,1
istic,1
musca,1
dependo,1
lumbus,1
fabulor,1
restringo,1
sportula,1
reclino,1
splendidus,1
poples,1
enormis,1
cinctura,1
balteus,1
normalis,1
angulus,1
inflecto,1
pales,1
uarix,1
palliolum,1
fascia,1
focale,1
ligamentum,1
laeua,1
incingo,1
inhabilis,1
afflo,1
amicio,1
publicum,1
defigo,1
maestus,1
terribilis,1
exscreo,1
incuruus,1
occipitium,1
canalis,1
uiduus,1
canorus,1
proclamo,1
praeconius,1
lanio,1
misellus,1
pauperculus,1
ceruicula,1
affectio,1
sustento,1
dimissus,1
uastitas,1
remus,1
audentia,1
socia,1
suimet,1
consortium,1
uenor,1
factura,1
multiformis,1
sentis,1
pertinacia,1
irritus,1
reclamo,1
uigintiuiratus,1
uenerabilis,1
contemptor,1
adseruio,1
maligne,1
aeternitas,1
transfuga,1
praeuaricator,1
mercenarius,1
causidicus,1
moderator,1
sileo,1
asto,1
grassator,1
peculatus,1
obuiam,1
praeuerto,1
porticus,1
minute,1
illicio,1
tenus,1
physicus,1
consaeptum,1
adhortor,1
academia,1
sacramentum,1
curriculum,1
auxiliator,1
respecto,1
ingenue,1
arcula,1
strenuus,1
laboriosus,1
rubrica,1
leguleius,1
confingo,1
coeptum,1
fremo,1
pupillaris,1
quaestorius,1
auia,1
praepropere,1
praeuenio,1
promus,1
iuueniliter,1
fluctuor,1
deferuesco,1
liquo,1
quantuslibet,1
sagino,1
callum,1
recoquo,1
inultus,1
tradux,1
accusatorius,1
intestinus,1
pirata,1
uendito,1
gratis,1
sufficientia,1
accepto,1
negotiatio,1
matutinus,1
partim,1
diserte,1
decanto,1
sequester,1
subscribo,1
consignatio,1
linum,1
agnitor,1
attento,1
perscrutor,1
rupes,1
populariter,1
obequito,1
missilis,1
cuniculus,1
plausor,1
detono,1
resurgo,1
circumlino,1
caninus,1
rabula,1
latrator,1
perfidus,1
sculpo,1
interiacio,1
praecogito,1
ambo,1
successor,1
effloresco,1
prouentus,1
triumuiralis,1
proscriptio,1
adfluentia,1
alienigena,1
signarius,1
emungo,1
degenero,1
stagnum,1
excelsus,1
thymum,1
redoleo,1
discipula,1
renideo,1
surdus,1
efflo,1
mugio,1
simus,1
uadum,1
accessus,1
sido,1
attributus,1
adfectus,1
hirtus,1
sericus,1
quocirca,1
uireo,1
inumbro,1
deuoluo,1
comiter,1
blande,1
bacchor,1
insanio,1
agger,1
sulphur,1
pallesco,1
macero,1
intabesco,1
circumfluo,1
aresco,1
foris,1
marius,1
mercedula,1
absumo,1
declamito,1
inuitamentum,1
crepida,1
illudo,1
perquiro,1
poesis,1
