,count
sum,848
qui,667
et,642
in,577
is,552
res,324
omnis,311
atque,306
nec,271
cum,261
alius,261
ab,232
ille,229
magnus,228
sui,223
sed,222
ex,220
quam,218
ut,217
ad,206
suus,197
aut,193
facio,170
habeo,157
multus,151
animus,148
ego,148
ubi,142
bellum,140
per,137
hic,133
locus,131
non,129
hostis,125
ipse,123
ac,122
de,115
bonus,111
quod,107
nam,105
si,101
rex,98
publicus,98
magis,95
ceterus,94
pro,93
pars,89
deinde,89
exercitus,87
ita,86
paucus,85
postquam,84
uos,81
imperium,80
dies,79
arma,79
senatus,78
ne,75
populus,74
paro,74
homo,73
uirtus,73
uideo,72
igitur,72
primus,71
legatus,71
tamen,70
miles,70
consul,70
quisque,69
possum,69
quis,67
dico,65
consilium,64
tempus,61
simul,60
mos,60
malus,60
tantus,60
capio,60
meus,60
ago,59
modus,59
idem,58
edo,58
parum,57
inter,56
factum,56
praeterea,56
modo,56
noster,55
plerus,55
post,55
cognosco,54
quia,52
regnum,51
iam,51
uir,51
gloria,50
periculum,50
copia,50
spes,50
at,50
manus,49
iubeo,49
uis,48
peto,48
nos,47
contra,47
gero,47
romanus,47
tum,46
domus,46
proelium,46
mitto,46
agito,45
saepe,45
uester,45
iter,44
uenio,44
ingenium,43
eo,43
fides,43
plebs,43
oppidum,42
socius,41
postremo,41
negotium,40
facinus,40
metus,40
do,40
pater,40
nihil,40
praesidium,40
satis,39
pax,39
accipio,39
gratia,39
nouus,39
sine,38
urbs,38
scelus,38
amicitia,38
uolo,38
nox,38
ops,37
fortuna,37
item,37
ante,37
marius,37
quoniam,36
etiam,36
apud,36
eques,36
sulla,36
natura,35
corpus,35
ciuis,35
talis,35
nobilitas,35
cunctus,35
nisi,35
diuitia,34
uerus,34
haud,34
signum,34
uita,33
alter,33
causa,33
imperator,33
quisquam,33
ciuitas,33
amicus,33
pecunia,33
castrum,33
sicuti,32
aetas,32
patior,32
iniuria,32
paulus,32
ob,32
mortalis,31
ibi,31
ager,31
genus,31
uictoria,31
antea,31
adsum,31
procedo,30
nomen,30
alienus,30
an,29
studium,29
unus,29
facile,29
credo,29
coepio,28
inuado,28
fama,28
decerno,28
liber,28
num,28
hortor,28
multitudo,28
quasi,28
fuga,28
numida,28
auxilium,27
corrumpo,27
tempto,27
itaque,27
initium,26
ars,26
labor,26
coniuratio,26
uerbum,26
uinco,26
denique,26
proficiscor,26
trado,26
maxime,26
aduersus,26
deus,25
uterque,25
puto,25
supra,25
honor,25
relinquo,25
usus,25
ratus,25
fio,24
inuidia,24
reliquus,24
libertas,24
tempestas,24
paruus,24
ius,24
duo,24
praeda,24
soleo,24
munio,24
quaero,23
placeo,23
postea,23
auaritia,23
dum,23
beneficium,23
pugno,23
nullus,23
littera,23
insidiae,23
superbia,22
intentus,22
foedus,22
opportunus,22
magistratus,22
tu,22
statuo,22
nunc,22
finis,22
cohors,22
interim,22
consulo,21
opus,21
muto,21
inceptum,21
mare,21
prouincia,21
aggredior,21
oratio,21
quamquam,21
ceterum,21
prius,20
appello,20
potentia,20
circumuenio,20
semper,19
uiuo,19
uel,19
tametsi,19
procul,19
incertus,19
lex,19
cura,19
dolus,19
quippe,19
timeo,19
consulatus,19
interficio,19
frustra,19
polliceor,19
carus,19
sententia,19
existimo,19
frater,19
cogo,19
clarus,18
militaris,18
lubido,18
ualeo,18
duco,18
quoius,18
memoro,18
militia,18
quantus,18
festino,18
parens,18
asper,18
honestus,18
accedo,18
filius,18
praemium,18
ordo,18
praetor,18
fortis,18
magnitudo,18
audio,18
decretum,18
numerus,18
pergo,18
roma,18
proximus,18
nitor,17
audacia,17
otium,17
nobilis,17
inopia,17
annus,17
ingens,17
malo,17
supplicium,17
mons,17
tam,17
impero,17
poena,17
occido,17
autem,17
ignauia,17
intellego,17
amplius,17
postulo,17
telum,17
neue,17
discedo,17
conscribo,17
sino,16
humanus,16
bene,16
sequor,16
patria,16
equus,16
ullus,16
longe,16
traho,16
certo,16
tutus,16
sic,16
gens,16
tribunus,16
libido,16
deditio,16
utor,15
comperio,15
fero,15
retineo,15
scribo,15
ferox,15
cupido,15
uictor,15
praeter,15
ignarus,15
repente,15
tantummodo,15
interea,15
nuntio,15
respondeo,15
tuus,15
casus,15
mora,15
grauis,15
aqua,15
pecus,14
breuis,14
terra,14
uerum,14
anima,14
uero,14
quidem,14
dictum,14
falsus,14
dux,14
armatus,14
euenio,14
certus,14
uetus,14
catilina,14
quidam,14
addo,14
legio,14
impono,14
loquor,14
peruenio,14
pariter,14
summa,13
efficio,13
egeo,13
exerceo,13
profecto,13
iuxta,13
praeclarus,13
aequus,13
caedes,13
cupio,13
paulatim,13
conuenio,13
percello,13
absum,13
porto,13
castra,13
cedo,13
neco,13
infestus,13
doceo,13
exploro,13
prohibeo,13
spero,13
improuisus,13
plerumque,13
potestas,13
familia,13
ira,13
propter,13
datum,13
conficio,13
moneo,13
metuo,13
acies,13
statim,13
maurus,13
ostendo,12
liceo,12
laudo,12
par,12
memor,12
ambitio,12
dignus,12
luxuria,12
dissero,12
adipiscor,12
propero,12
ni,12
nemo,12
namque,12
primo,12
fatigo,12
extremus,12
formido,12
expedio,12
moueo,12
dimitto,12
sumo,12
abeo,12
impedio,12
simulo,12
contio,12
egredior,12
intendo,12
perfuga,12
pedes,12
praeficio,12
plurimus,12
acer,12
super,12
flumen,12
equitatus,12
uelut,11
delictum,11
miseria,11
socordia,11
moenia,11
tego,11
regius,11
incedo,11
magnificus,11
dubius,11
tolero,11
edoceo,11
summum,11
flagitium,11
undique,11
sanguis,11
uasto,11
scilicet,11
miser,11
amitto,11
decus,11
quiesco,11
egregius,11
occulte,11
constituo,11
timor,11
omitto,11
amissum,11
arcesso,11
tumultus,11
nuntius,11
potior,11
censeo,11
prouideo,11
sin,11
insto,11
instruo,11
fretus,11
frumentum,11
compositus,11
redeo,11
potis,11
cognitus,11
posterus,11
collis,11
pugna,11
incipio,10
cerno,10
facilis,10
incultus,10
mors,10
latus,10
teneo,10
uigilia,10
familiaris,10
deligo,10
murus,10
auidus,10
amplus,10
curo,10
uindico,10
eripio,10
incendo,10
quicumque,10
aes,10
iudicium,10
egestas,10
exagito,10
facies,10
potius,10
singulus,10
necessitudo,10
rursus,10
superus,10
accendo,10
strenuus,10
popularis,10
permisceo,10
iussus,10
factio,10
confirmo,10
patefacio,10
adeo,10
idoneus,10
impello,10
difficilis,10
praeceptum,10
acta,10
clamor,10
uentus,10
immortalis,10
manlius,10
commeatus,10
integer,10
laetus,10
hostilis,10
ostento,10
porta,10
munimentum,10
fugio,10
agmen,10
castellum,10
quiris,10
decet,9
memoria,9
certamen,9
consultum,9
ciuilis,9
uarius,9
libet,9
orior,9
licentia,9
extollo,9
numquam,9
persequor,9
interdum,9
crudelis,9
fidus,9
pretium,9
cultus,9
mulier,9
parco,9
mens,9
princeps,9
factiosus,9
patro,9
missus,9
concedo,9
stipendium,9
auctoritas,9
supero,9
forte,9
aperio,9
ferrum,9
mando,9
praeceps,9
incendium,9
laetitia,9
secum,9
misericordia,9
resisto,9
exspecto,9
terreo,9
propinquus,9
utrimque,9
salus,9
profugio,9
scio,9
debeo,9
accido,9
caput,9
opulentus,9
consido,9
maneo,9
obuius,9
diuersus,9
seruitium,8
diu,8
pareo,8
dedo,8
uoluptas,8
cupidus,8
natus,8
iuuentus,8
dominatio,8
conscientia,8
augeo,8
lingua,8
obuiam,8
insolitus,8
fundo,8
modestia,8
secundus,8
opera,8
opperior,8
prorsus,8
sane,8
circiter,8
tempore,8
quaestor,8
barbarus,8
uoluntas,8
firmus,8
potens,8
necessarius,8
quin,8
abunde,8
consuesco,8
caueo,8
properus,8
permoueo,8
aliter,8
totus,8
pario,8
caelum,8
diffido,8
ortus,8
profectus,8
prope,8
obtestor,8
clades,8
cunctor,8
timidus,8
anxius,8
indicium,8
tertius,8
gaudium,8
leuis,8
reputo,8
solus,8
mille,8
medius,8
subuenio,8
asperitas,8
propior,8
decedo,8
elephantus,8
turma,8
tutor,8
remitto,8
oppidanus,8
saxum,8
fingo,7
misceo,7
aliquis,7
breui,7
polleo,7
promptus,7
celebro,7
colo,7
acceptum,7
clausum,7
cresco,7
recipio,7
proinde,7
priuatus,7
sumptus,7
adulescens,7
umquam,7
dubito,7
insum,7
inimicus,7
iniustus,7
condicio,7
pono,7
nomino,7
minor,7
principium,7
experior,7
tendo,7
queror,7
opprimo,7
refero,7
eadem,7
uoco,7
dignitas,7
defendo,7
morbus,7
erepo,7
praecipio,7
societas,7
uehementer,7
diuido,7
lentulus,7
occupo,7
equidem,7
uereor,7
fors,7
laboro,7
donum,7
deduco,7
humus,7
inuenio,7
sub,7
inermis,7
rego,7
thesaurus,7
penes,7
solitudo,7
africa,7
fugo,7
uineus,7
ambo,7
hibernus,7
tergum,7
ignis,7
praesto,6
communis,6
maturus,6
subigo,6
immuto,6
somnus,6
enim,6
officium,6
prauus,6
incredibilis,6
nimis,6
auctus,6
ferio,6
ascendo,6
uenalis,6
contendo,6
priuatim,6
complures,6
licet,6
conscius,6
uacuus,6
obnoxius,6
maturo,6
quies,6
praesens,6
confido,6
designo,6
obtineo,6
senator,6
frequens,6
dedecus,6
foris,6
inde,6
occulto,6
occulo,6
comitium,6
sollicito,6
accenseo,6
pactio,6
praemitto,6
officio,6
permitto,6
utilis,6
temere,6
instituo,6
perdo,6
quo,6
saeuitia,6
seditio,6
industria,6
rogatus,6
uisum,6
sol,6
probo,6
odium,6
expello,6
conturbo,6
adduco,6
adductus,6
opportunitas,6
suimet,6
deprehendo,6
gladius,6
desero,6
laeto,6
aio,6
circumeo,6
pes,6
reperio,6
conscriptus,6
expleo,6
caesar,6
catus,6
aliquando,6
sceleratus,6
contemno,6
maius,6
dilabor,6
tres,6
inultus,6
rogo,6
uiuus,6
imago,6
transuersus,6
prior,6
aduersum,6
cibus,6
nauis,6
digredior,6
turris,6
lego,6
obtrunco,6
animaduerto,6
eminus,6
fessus,6
aduerto,6
aduentus,6
turpis,6
silentium,5
transeo,5
aeternus,5
natio,5
dominor,5
demum,5
transfero,5
pudor,5
largitio,5
nihilum,5
adulescentia,5
rapina,5
appeto,5
uastus,5
altus,5
pensum,5
infirmus,5
minime,5
disco,5
domi,5
aurum,5
intereo,5
malum,5
probitas,5
pectus,5
propius,5
ignauus,5
euentus,5
rapio,5
ducto,5
polluo,5
innocentia,5
consumo,5
pendeo,5
pudicitia,5
diuinus,5
sitis,5
deficio,5
circum,5
culpa,5
praebeo,5
nonnullus,5
uecordia,5
colonia,5
municipium,5
particeps,5
quiuis,5
paulo,5
intra,5
saeuus,5
cohorto,5
cado,5
audeo,5
nolo,5
inhonestus,5
nequeo,5
merces,5
ubique,5
consuetudo,5
largior,5
insolentia,5
declaro,5
necesse,5
campus,5
regio,5
portendo,5
uendo,5
distribuo,5
miseror,5
uoluo,5
argentum,5
exsilium,5
reddo,5
exemplum,5
contumelia,5
exorno,5
inuideo,5
gregarius,5
uictus,5
imminuo,5
defessus,5
ulter,5
exsequor,5
memini,5
colloco,5
custodia,5
praedico,5
irrumpo,5
possideo,5
luctus,5
aerumna,5
meritum,5
aerarius,5
inertia,5
urgeo,5
graecus,5
concurro,5
difficultas,5
dexter,5
planities,5
sinister,5
centurio,5
aeger,5
loco,5
paulisper,5
egomet,5
anteuenio,5
gigno,5
terror,5
benigne,5
administro,5
onero,5
strepitus,5
tugurium,5
nepos,5
maiestas,5
bestia,5
acerrime,5
situs,5
penuria,5
pabulum,5
secus,5
insequor,5
moene,5
uallum,5
arrigo,5
infectus,5
conuerto,5
quaestio,5
persuadeo,5
rogatio,5
egressus,5
colloquium,5
uerto,5
mobilis,5
funditor,5
sagittarius,5
auxiliarius,5
quattuor,5
missa,5
perfidia,5
uisus,5
studeo,4
pronus,4
uenter,4
fluxus,4
uinum,4
onus,4
uitium,4
uexo,4
narro,4
discordia,4
sapientia,4
admoneo,4
repeto,4
profugus,4
solutus,4
dispergo,4
concordia,4
ualidus,4
consulto,4
formidulosus,4
decorus,4
conuiuium,4
scriptum,4
fidelis,4
tardus,4
stirps,4
opto,4
neglego,4
commodus,4
exopto,4
desum,4
minuo,4
huc,4
amo,4
tabula,4
publice,4
spolio,4
probrum,4
moderatus,4
uilla,4
ludibrium,4
stuprum,4
exquiro,4
fames,4
luxus,4
grandis,4
parricida,4
scius,4
frequento,4
captus,4
excio,4
uultus,4
coniuro,4
perturbo,4
pernicies,4
curia,4
citer,4
superbus,4
cliens,4
abdo,4
aedes,4
nequiquam,4
uanus,4
considero,4
tandem,4
fallo,4
collega,4
conuentus,4
lenio,4
obscurus,4
auctor,4
aduenio,4
urbanus,4
adiungo,4
uersus,4
modestus,4
comparo,4
prospere,4
obsido,4
suscipio,4
recito,4
indico,4
seruus,4
impunitas,4
praesum,4
lasciuia,4
trepido,4
supplex,4
dissimulo,4
demissus,4
uox,4
restituo,4
ulcisco,4
pereo,4
mansuetudo,4
consularis,4
secor,4
liberi,4
condemno,4
miserabilis,4
induco,4
species,4
doleo,4
accuso,4
ratio,4
oro,4
misereor,4
fere,4
uinculum,4
impetus,4
qua,4
tollo,4
seruitus,4
oppugno,4
munus,4
usque,4
seu,4
male,4
infidus,4
indutia,4
cadauer,4
delinquo,4
cruciatus,4
postremus,4
acerbus,4
quisquis,4
indignus,4
uas,4
obsto,4
imito,4
adolesco,4
uix,4
ara,4
uidelicet,4
quare,4
industrius,4
gallus,4
sustineo,4
sustento,4
aequalis,4
munificentia,4
spatium,4
tenebrae,4
antonius,4
gallius,4
affero,4
quocumque,4
pristinus,4
queo,4
cano,4
unde,4
cognatus,4
perniciosus,4
exigo,4
mediocris,4
flecto,4
renouo,4
coniunctus,4
iacio,4
descendo,4
dissensio,4
promissum,4
euado,4
ergo,4
incolumis,4
extinguo,4
deceo,4
decem,4
attingo,4
aedificium,4
arbor,4
cultor,4
mature,4
imperito,4
obsideo,4
uter,4
caecus,4
moror,4
negotiator,4
aduento,4
palam,4
taceo,4
flagitiosus,4
prodeo,4
agger,4
remoror,4
plenus,4
trepidus,4
placide,4
iumentum,4
abnuo,4
aridus,4
fusus,4
quadraginta,4
mereo,4
ignoro,4
intactus,4
effusus,4
posco,4
editus,4
lacrimo,4
aliquantus,4
uincio,4
pueritia,4
mox,4
capsa,4
forma,3
cupiditas,3
aequabilis,3
desidia,3
exaequo,3
adulescentulus,3
imbecillus,3
requiesco,3
status,3
absoluo,3
gratus,3
audax,3
immoderatus,3
institutum,3
sedes,3
uagor,3
agrestis,3
uagus,3
opulentia,3
domo,3
laus,3
obscuro,3
aliquanto,3
orbis,3
iurgium,3
pello,3
ignosco,3
pateo,3
crudelitas,3
inimicitia,3
intolerandus,3
uia,3
uirilis,3
uiso,3
dormio,3
lassitudo,3
quaestus,3
tamquam,3
patrius,3
conflo,3
conuinco,3
alo,3
mercor,3
scelestus,3
sedo,3
oculus,3
testis,3
attero,3
iugulo,3
pompeius,3
conuoco,3
senatorius,3
equester,3
faueo,3
inuisus,3
interrogo,3
inuitus,3
emo,3
expergiscor,3
uobiscum,3
seruio,3
locuples,3
maledictum,3
increpo,3
petitio,3
atrocitas,3
reticeo,3
aliquot,3
probus,3
prodo,3
sermo,3
uigilo,3
intempestus,3
introeo,3
dolor,3
latro,3
anceps,3
uulgus,3
rumor,3
atrox,3
detrimentum,3
coerceo,3
sicut,3
commoueo,3
assideo,3
patricius,3
contentio,3
liberalitas,3
suspicio,3
alieno,3
capitalis,3
occasus,3
solum,3
omnino,3
odi,3
maritimus,3
innoxius,3
tracto,3
offero,3
calamitas,3
extra,3
retraho,3
bellicosus,3
notus,3
nosco,3
iste,3
perduco,3
quisnam,3
motus,3
dementia,3
nocturnus,3
actio,3
aditus,3
erumpo,3
uehemens,3
perfero,3
porro,3
aduoco,3
fateor,3
haruspex,3
cruentus,3
reficio,3
index,3
mobilitas,3
minitor,3
libertus,3
lectus,3
recte,3
compono,3
puer,3
compleo,3
praesertim,3
moderor,3
triginta,3
mecum,3
maleficium,3
imploro,3
condono,3
mehercule,3
corrigo,3
confiteor,3
quantum,3
carcer,3
paululum,3
armo,3
gener,3
trames,3
excito,3
remotus,3
subsidium,3
praetorius,3
incurro,3
disicio,3
uulnus,3
uulnero,3
hospes,3
maeror,3
certe,3
qualis,3
pigeo,3
late,3
eodem,3
obiecto,3
peditum,3
impiger,3
temeritas,3
coniungo,3
dono,3
magnifice,3
auus,3
aggressus,3
obseruo,3
morior,3
regulus,3
impar,3
despicio,3
minister,3
pauidus,3
affinis,3
impetro,3
impius,3
iniurius,3
utinam,3
excrucio,3
nex,3
praecipito,3
fautor,3
legatio,3
diuisio,3
uelox,3
tectum,3
imbellis,3
expugno,3
accepta,3
fossa,3
circumdo,3
quintus,3
remaneo,3
defenso,3
inuiolatus,3
pubes,3
habitus,3
administer,3
moneris,3
facundia,3
paeniteo,3
os,3
triumphus,3
iuuo,3
clam,3
tractus,3
uitabundus,3
callidus,3
territus,3
abicio,3
iugum,3
supplementum,3
hiemo,3
impedimentum,3
sanctus,3
annitor,3
creber,3
dispertio,3
desertum,3
manipulus,3
caedo,3
saucio,3
prospectus,3
opinio,3
moratus,3
uniuersus,3
fons,3
lapis,3
affligo,3
aestas,3
nego,3
ibidem,3
consultor,3
epula,3
conspectus,3
positus,3
offensus,3
sarcina,3
nudus,3
laedo,3
felix,3
auerto,3
patens,3
proelior,3
nisus,3
escendo,3
oboedientia,2
fruor,2
aequitas,2
aedifico,2
absurdus,2
arduus,2
reprehendo,2
maleuolentia,2
abstinentia,2
uigeo,2
insolens,2
uenor,2
seruilis,2
perscribo,2
nouitas,2
credibilis,2
profusus,2
ardeo,2
eloquentia,2
assequor,2
incito,2
condo,2
dispar,2
dissimilis,2
coalo,2
legitimis,2
conseruo,2
bini,2
scortum,2
conspicio,2
liberalis,2
atheniensis,2
aemulus,2
saeuio,2
materia,2
aeque,2
sapio,2
concupio,2
luxuriosus,2
liberaliter,2
mollio,2
insuesco,2
poto,2
uasum,2
miror,2
delubrum,2
sacer,2
paupertas,2
pietas,2
adimo,2
consterno,2
honeste,2
turpitudo,2
muliebris,2
lacero,2
redimo,2
cotidianus,2
similis,2
mollis,2
uirgo,2
color,2
exsanguis,2
citus,2
illicio,2
uilis,2
torpesco,2
gratuitus,2
imparatus,2
molliter,2
dica,2
repetunda,2
reus,2
profiteor,2
fascis,2
machinor,2
condio,2
nondum,2
dirimo,2
perpetior,2
medium,2
secedo,2
uectigalis,2
nonne,2
emorior,2
etenim,2
exstruo,2
continuo,2
lar,2
spolium,2
propono,2
sacerdotium,2
unusquisque,2
complus,2
iurandum,2
dictito,2
cooperio,2
uanitas,2
glorior,2
aestuo,2
mutuus,2
ascisco,2
instrumentum,2
discerno,2
perpello,2
sentio,2
molior,2
saluto,2
confodio,2
ianua,2
kalendae,2
prodigium,2
triumpho,2
permissus,2
sestertius,2
ducenti,2
diuturnus,2
expurgo,2
siue,2
seruo,2
inquam,2
testor,2
uiolentia,2
faenerator,2
patrimonium,2
aer,2
iniquitas,2
quonam,2
infra,2
concito,2
soluo,2
filia,2
insigne,2
iudico,2
fraus,2
tabes,2
damnum,2
diues,2
proscribo,2
tribunicius,2
crimino,2
pollicitor,2
tenere,2
floreo,2
placidus,2
nouo,2
requiro,2
forus,2
exitus,2
effugio,2
patrocinium,2
inconsultus,2
duodecim,2
prolato,2
langueo,2
celeritas,2
repudio,2
constitutum,2
pons,2
cito,2
frequentia,2
introduco,2
tribus,2
perlego,2
incensus,2
singillatim,2
opifex,2
grex,2
impunitus,2
nefarius,2
occasio,2
approbo,2
iracundia,2
irascor,2
seuerus,2
superuacaneus,2
dissoluo,2
uerber,2
porcius,2
uerbero,2
merito,2
educo,2
publico,2
uarie,2
focus,2
capesso,2
questus,2
pendo,2
fortitudo,2
inferus,2
iustus,2
mollitia,2
iterum,2
caeparius,2
sinus,2
attendo,2
consto,2
praetereo,2
seueritas,2
perfugium,2
odor,2
laqueus,2
gula,2
exitium,2
aequaliter,2
quartus,2
sudis,2
abduco,2
perfugio,2
aduocata,2
angustia,2
frons,2
artus,2
subduco,2
ueteranus,2
acriter,2
succurro,2
saucius,2
concido,2
incruentus,2
grassor,2
pessum,2
datus,2
periculosus,2
senesco,2
incorruptus,2
claritudo,2
importunus,2
latrocinium,2
praetura,2
receptus,2
permaneo,2
concubina,2
cursus,2
fera,2
deleo,2
reuertor,2
adopto,2
testamentum,2
heres,2
coram,2
nouissime,2
dextra,2
enitor,2
discepto,2
maternus,2
oportet,2
perficio,2
occurso,2
diuulgo,2
fauor,2
ambio,2
contemptus,2
secundum,2
inops,2
eicio,2
pestis,2
effero,2
diligens,2
infelix,2
priuo,2
spectaculum,2
infero,2
antefero,2
accurate,2
incola,2
frux,2
fertilis,2
senectus,2
ferinus,2
palo,2
passim,2
transueho,2
conubium,2
mapalia,2
ardor,2
ora,2
pollicitatio,2
contumeliosus,2
aperte,2
lumen,2
coeptum,2
oppugnatio,2
insidior,2
defensor,2
munitio,2
mensis,2
dehortor,2
expertus,2
deprecor,2
obsecro,2
suadeo,2
ingressus,2
abstraho,2
imperatum,2
pondus,2
sollicitus,2
subuerto,2
dubitatio,2
secessio,2
impune,2
pudet,2
dominus,2
oboedio,2
inuictus,2
impunis,2
sollicitudo,2
segnis,2
improbus,2
interpono,2
impudentia,2
quinquaginta,2
expeditio,2
hiems,2
imperitia,2
subdole,2
supplico,2
saltuosus,2
bellicus,2
aspere,2
quoad,2
affatim,2
aestiuus,2
lixa,2
palor,2
panis,2
cotidie,2
conatus,2
propulso,2
absens,2
comporto,2
impense,2
illectus,2
proditio,2
ferme,2
uiginti,2
immensus,2
harenosus,2
arbustum,2
pedester,2
rudis,2
consero,2
degredior,2
uirgultum,2
humilitas,2
commuto,2
praetergredior,2
infensus,2
deterreo,2
languidus,2
uesper,2
puluis,2
consisto,2
ramus,2
paene,2
admissum,2
collum,2
praedor,2
regredior,2
arx,2
succedo,2
scalae,2
iaculus,2
tormentum,2
emitto,2
locatum,2
congressus,2
significo,2
diffidentia,2
comminuo,2
optime,2
mirabilis,2
uetustas,2
modicus,2
munditia,2
milito,2
affecto,2
laxus,2
seditiosus,2
scutum,2
claudo,2
aegritudo,2
suspectus,2
curator,2
epistula,2
leuo,2
orans,2
syrtis,2
harena,2
classis,2
obruo,2
uxor,2
latio,2
bonum,2
facundus,2
tute,2
erro,2
aestimo,2
impigre,2
corium,2
lux,2
interuallum,2
auersus,2
altitudo,2
tubicen,2
quinque,2
strepo,2
ignotus,2
horribilis,2
speculator,2
paratus,2
accurro,2
quando,2
repulsus,2
benignitas,2
cn,2
pertimesco,2
speculor,2
adhibeo,2
bellus,2
promitto,2
animal,1
belua,1
longus,1
fragilis,1
indigeo,1
constans,1
partus,1
continentia,1
aro,1
nauigo,1
indoctus,1
peregrinor,1
sileo,1
pulcher,1
haudquaquam,1
scriptor,1
actor,1
dehinc,1
aspernor,1
dissentio,1
contero,1
detineo,1
regressus,1
carptim,1
memorabilis,1
explano,1
intestinus,1
inedia,1
algor,1
subdolus,1
simulator,1
dissimulator,1
cumque,1
prosperus,1
propello,1
similitudo,1
annuus,1
insolesco,1
munito,1
prouenio,1
negotiosus,1
benefacio,1
simultas,1
parcus,1
documentum,1
reuoco,1
excedo,1
iustitia,1
ferus,1
contagio,1
pestilentia,1
fallacia,1
uenenum,1
effemino,1
infinitus,1
insatiabilis,1
amoenus,1
uoluptarius,1
pingo,1
caelo,1
profanus,1
tempero,1
hebesco,1
promiscuus,1
exaedifico,1
templum,1
decoro,1
abutor,1
ganea,1
propatulus,1
uescor,1
frigus,1
careo,1
stipator,1
caterua,1
impudicus,1
adulter,1
ganeo,1
penis,1
sacrilegus,1
periurium,1
incido,1
illecebra,1
familiaritas,1
difficulter,1
flagro,1
canis,1
nefandus,1
sacerdos,1
fas,1
amor,1
nubo,1
priuignus,1
adultus,1
nuptiae,1
impurus,1
incessus,1
signator,1
commodo,1
pecco,1
suppeto,1
insons,1
sons,1
largus,1
tranquillus,1
ambitus,1
stimulo,1
communicor,1
correpo,1
adnitor,1
respublica,1
arbiter,1
amoueo,1
specto,1
capto,1
nosmet,1
dicio,1
tetrarches,1
ignobilis,1
repello,1
quousque,1
o,1
consenesco,1
profundo,1
coaequo,1
nusquam,1
toreuma,1
diruo,1
multo,1
en,1
proscriptio,1
ignominia,1
alacer,1
adigo,1
patera,1
circumfero,1
exsecratio,1
degusto,1
sollemne,1
censor,1
sublatus,1
quamuis,1
concutio,1
furor,1
fortuno,1
psallo,1
salto,1
elegans,1
saepis,1
antehac,1
creditum,1
abiuro,1
iocus,1
procax,1
facetia,1
lepos,1
astutia,1
insomnia,1
perterreo,1
curius,1
enuntio,1
tueor,1
calumnia,1
centum,1
gladiatorius,1
tristitia,1
metior,1
afflicto,1
rogito,1
pasco,1
delicia,1
lacesso,1
praesentia,1
luculentus,1
inquilinus,1
obstrepo,1
furibundus,1
ruina,1
restinguo,1
proripio,1
expers,1
misereo,1
opitulor,1
crimen,1
fiducia,1
commendatio,1
tribuo,1
defensio,1
satisfactio,1
diuus,1
fidius,1
fructus,1
possessio,1
honesto,1
honestas,1
commendo,1
aueo,1
uicinitas,1
dilectus,1
affluo,1
obstino,1
turba,1
petulantia,1
sentina,1
confluo,1
ingratus,1
praefero,1
miro,1
nanciscor,1
crudeliter,1
adrigo,1
extorqueo,1
negotior,1
percontor,1
remedium,1
libero,1
eos,1
forum,1
praesente,1
cicero,1
portatio,1
conicio,1
adiuuo,1
signo,1
suspicor,1
priusquam,1
cogito,1
iudicatus,1
comitatus,1
exortus,1
custos,1
scrinium,1
coarguo,1
fatum,1
abdico,1
aedilis,1
exsecror,1
calamitosus,1
edico,1
conclamo,1
mentior,1
inmitto,1
prex,1
pontificatus,1
comprobo,1
uicus,1
exercito,1
dispono,1
exsupero,1
enumero,1
rapum,1
diuello,1
complexus,1
mater,1
fanum,1
cruor,1
pertineo,1
praeditus,1
excelsus,1
obliuiscor,1
silus,1
diligentia,1
requies,1
ultra,1
ueto,1
quid,1
considerate,1
indemnatus,1
stultus,1
uestimentum,1
aliqui,1
tullius,1
samnis,1
tuscus,1
graecia,1
innocens,1
damnatus,1
assentio,1
amplexor,1
malefactum,1
neglegentia,1
nobiscum,1
pridem,1
uocabulum,1
misericors,1
fur,1
taeter,1
conductum,1
italia,1
quanto,1
attentus,1
discrimen,1
mirus,1
separatim,1
immo,1
uotum,1
torquatus,1
gallicus,1
peccatum,1
faux,1
allobrox,1
legens,1
saepenumero,1
paucitas,1
effetus,1
integritas,1
subleuo,1
facilitas,1
constantia,1
denego,1
eniteo,1
catonium,1
tresuiri,1
tullianus,1
laeua,1
deprimo,1
paries,1
insuper,1
camera,1
lapideus,1
fornix,1
iungo,1
terribilis,1
uindex,1
frango,1
uoluntarius,1
sparus,1
lancea,1
praeacutus,1
propediem,1
fugitiuus,1
communico,1
transalpinus,1
celer,1
praesideo,1
radix,1
descensus,1
utpote,1
confligo,1
auris,1
quapropter,1
ineo,1
impendo,1
trucido,1
luctuosus,1
rupes,1
octo,1
euocatus,1
sinistra,1
colona,1
aquila,1
assisto,1
tuba,1
ferentarius,1
pilum,1
comminus,1
alibi,1
later,1
spiro,1
ferocia,1
ingenuus,1
grauiter,1
aeuum,1
diffluo,1
infirmitas,1
rector,1
prauitas,1
admirandus,1
mutatio,1
gratifico,1
intueor,1
cera,1
figura,1
flamma,1
adaequo,1
furtim,1
perinde,1
taedeo,1
tunc,1
itus,1
uastitas,1
illustris,1
aperto,1
cognomen,1
absumo,1
derelinquo,1
equito,1
iaculor,1
anteeo,1
leo,1
prouidentia,1
amplector,1
sollertia,1
secreto,1
periculose,1
ultro,1
casurus,1
gratulor,1
honoro,1
ignobilitas,1
traduco,1
quinquennium,1
rescindo,1
adoptatio,1
lictor,1
clauis,1
adulterinus,1
diuerto,1
scruto,1
effringo,1
ancilla,1
usquam,1
commutatio,1
procuratio,1
desidero,1
debitum,1
confugio,1
progenies,1
deformo,1
eheu,1
hucine,1
uersor,1
ecce,1
extorris,1
ubiuis,1
crux,1
actium,1
obiectum,1
exsul,1
monumentum,1
ambeo,1
incognitus,1
proicio,1
impietas,1
immaturus,1
premo,1
tabesco,1
deprauo,1
callide,1
famosus,1
impudens,1
contineo,1
portuosus,1
expono,1
quicum,1
calor,1
occidens,1
decliuis,1
latitudo,1
importuosus,1
infecundus,1
caelus,1
salubris,1
animalis,1
interpretor,1
utique,1
caro,1
alueus,1
inuerto,1
commercium,1
adhuc,1
oblongus,1
incuruus,1
carinus,1
finitimus,1
possido,1
origo,1
siler,1
deinceps,1
exuro,1
hostiliter,1
praedatorius,1
processus,1
semisomnus,1
togatus,1
circumsedeo,1
machina,1
controuersia,1
clemens,1
malitia,1
strenue,1
firmo,1
auratus,1
auxilior,1
ostentus,1
deuinco,1
triduum,1
ocior,1
diduco,1
minae,1
desisto,1
paciscor,1
reor,1
aduerso,1
promiscue,1
interpello,1
consultatio,1
obuenio,1
haereo,1
praepedio,1
assumo,1
impugno,1
recipero,1
acceptio,1
secerno,1
transigo,1
satura,1
calpurnius,1
acte,1
reditus,1
patientia,1
quindecim,1
foede,1
exsurgo,1
sanus,1
paratio,1
indignor,1
expilo,1
uectigal,1
immanis,1
accensi,1
bis,1
dediticius,1
satietas,1
recuso,1
importunitas,1
peculatus,1
noxius,1
perperam,1
immemor,1
huiuscemodi,1
pacatum,1
productum,1
clementia,1
augesco,1
insidiator,1
artifex,1
comes,1
respicio,1
emptor,1
ludifico,1
properantia,1
atrociter,1
euoco,1
praeruptus,1
limosus,1
hiemalis,1
palus,1
amentia,1
missito,1
transfugio,1
nubes,1
pilus,1
iniussu,1
medeor,1
fraternus,1
promulgo,1
quaesitor,1
creo,1
uiolens,1
abundantia,1
modeste,1
dilacero,1
arbitrium,1
diripio,1
confinis,1
antepono,1
permixtio,1
noxia,1
dimoueo,1
ingredior,1
triumuir,1
satius,1
quouis,1
partio,1
contundo,1
proconsul,1
iners,1
praedator,1
immineo,1
exspectatio,1
disciplina,1
statiuus,1
mancipium,1
mercator,1
aduecticius,1
temperantia,1
edictum,1
adiumentum,1
coquo,1
hastatus,1
quispiam,1
diffindo,1
experimentum,1
idcirco,1
ostentui,1
ueles,1
peritia,1
incertum,1
incolo,1
coactus,1
oriens,1
meridies,1
pertingo,1
uestitus,1
oleaster,1
porricio,1
extenuo,1
prudens,1
imperitus,1
uiritim,1
commonefacio,1
conspicor,1
planus,1
cornu,1
hortatus,1
planum,1
ala,1
aduersarius,1
ludificatus,1
confertim,1
aestus,1
conduco,1
legionarius,1
uelocitas,1
porrigo,1
appropinquo,1
lassus,1
imprudens,1
detrecto,1
quadriduum,1
transfuga,1
hebes,1
obses,1
ubicumque,1
auius,1
feliciter,1
necubi,1
frumentor,1
glans,1
suffodio,1
pila,1
pix,1
sulphur,1
taeda,1
repentinus,1
depello,1
frustro,1
implico,1
auidius,1
hortatio,1
gemitus,1
prospecto,1
illic,1
lenis,1
ingero,1
scala,1
supersto,1
colloquor,1
pondo,1
taedium,1
hostia,1
scientia,1
tribunatus,1
missio,1
contemptor,1
contubernium,1
abstineo,1
ambitiosus,1
criminose,1
dimidius,1
catena,1
inanis,1
gaudeo,1
diuturnitas,1
sella,1
satelles,1
suffragatio,1
communio,1
commercor,1
allicio,1
pacifico,1
discordiosus,1
festus,1
ludus,1
inuito,1
certatim,1
casu,1
intestabilis,1
maestus,1
hora,1
passus,1
arbitro,1
biduus,1
opulens,1
impulsus,1
seorsus,1
iuro,1
ei,1
tabernaculum,1
puluinus,1
placo,1
praeuenio,1
fideliter,1
circumspecto,1
pauesco,1
arrepo,1
profectio,1
aliquamdiu,1
superuado,1
conquiro,1
domitius,1
ligneus,1
collecta,1
instructus,1
religio,1
pluuia,1
uito,1
aries,1
leptus,1
annius,1
sidonius,1
indo,1
praealtus,1
uadosus,1
limus,1
fluctus,1
sponsio,1
carthago,1
coorior,1
impleo,1
poenus,1
optio,1
adiutor,1
denus,1
distraho,1
profundus,1
captiuus,1
commodum,1
lacrima,1
stultitia,1
postulatus,1
desino,1
depono,1
accio,1
emeritus,1
offendo,1
inuidus,1
clientela,1
quaeso,1
globus,1
prosapia,1
monitor,1
praeposterus,1
comparate,1
gessius,1
probrus,1
generosus,1
albinius,1
meamet,1
iniquus,1
arrogo,1
hasta,1
uexillum,1
phalerae,1
cicatrix,1
hereditas,1
artificium,1
doctor,1
prosum,1
opulenter,1
mollities,1
sordidus,1
scite,1
histrio,1
coquus,1
uilicus,1
supellex,1
sudor,1
iucundus,1
dedecoro,1
remoueo,1
census,1
egenus,1
adueho,1
rutilius,1
onustus,1
prudenter,1
exuo,1
gloriosus,1
nudo,1
conditor,1
hercules,1
serpens,1
dissimiliter,1
pluuius,1
lac,1
carnis,1
sal,1
aruus,1
confero,1
prouidenter,1
attribuo,1
praedabundus,1
centuria,1
sextus,1
tumulosus,1
milium,1
uenumdo,1
incommodus,1
perago,1
nutus,1
repugno,1
disiungo,1
saxeus,1
perangustus,1
machinatio,1
castellanus,1
angustus,1
admodum,1
praecido,1
aquor,1
repo,1
cochlea,1
ilex,1
coalesco,1
inflecto,1
eminens,1
circumspicio,1
cornicen,1
ligurio,1
praedoctus,1
ornatus,1
praegredior,1
emineo,1
alleuo,1
ascensus,1
prae,1
testudo,1
uado,1
latinus,1
largitor,1
sollers,1
ioco,1
serius,1
humilis,1
colligo,1
cateruatim,1
conglobo,1
circumfundo,1
contraho,1
gradus,1
exsulto,1
uigil,1
sonitus,1
interimo,1
socors,1
quadratum,1
excubo,1
duritia,1
frustror,1
turmatim,1
confercio,1
exclamo,1
oblino,1
cruento,1
profligatus,1
pellis,1
dubie,1
concessus,1
commaculo,1
demo,1
coacta,1
primum,1
festinus,1
erratum,1
demitto,1
flexus,1
hibernaculum,1
munificus,1
beneuolentia,1
lapsus,1
arbitratus,1
uelitaris,1
effuse,1
paueo,1
totiens,1
forsitan,1
monitus,1
ceno,1
metor,1
iuppiter,1
calliditas,1
haesito,1
familiariter,1
accitus,1
orator,1
ilico,1
licens,1
punicus,1
attineo,1
congredior,1
decimus,1
internuntius,1
intro,1
breuiter,1
modice,1
negito,1
cognatio,1
affinitas,1
interuenio,1
properatus,1
octauus,1
uere,1
constitutus,1
tumulus,1
contremesco,1
ianuarius,1
pagus,1
