,count
sum,12158
et,9541
qui,7925
non,5778
in,5537
hic,4378
ille,3968
si,2402
ut,2292
sed,2291
tu,2192
ad,2094
quis,2071
omnis,2004
cum,1995
quam,1905
possum,1898
sui,1860
nec,1844
is,1817
suus,1789
ego,1630
facio,1615
quod,1554
ex,1536
bonus,1503
magnus,1450
ipse,1446
enim,1399
aut,1382
ab,1381
alius,1338
multus,1295
animus,1278
dico,1221
habeo,1203
res,1196
uideo,1124
nihil,1046
nos,1000
ac,954
iste,910
do,903
malus,902
edo,858
per,845
nullus,802
aliquis,746
num,746
tuus,745
quidam,738
unus,732
quisque,724
tantus,721
ne,718
uolo,713
de,695
pars,689
noster,680
quidem,678
etiam,675
inter,673
uita,665
iam,654
ergo,652
homo,648
sine,632
idem,622
quia,616
autem,613
manus,600
tam,598
corpus,588
nisi,585
natura,582
meus,582
locus,580
fero,565
terra,550
totus,547
ago,533
nunc,528
uirtus,527
sic,521
tamen,520
an,520
itaque,519
scio,515
mors,512
inquam,505
quisquis,504
dies,494
primus,492
causa,483
deus,479
quantus,476
uis,464
debeo,456
uir,454
tempus,444
quaero,442
ita,432
uiuo,425
atque,422
fortuna,418
nemo,412
uenio,411
parum,410
nam,406
liceo,383
magis,382
ignis,380
sapio,378
puto,376
ira,368
deinde,367
timeo,365
alter,365
uerus,356
beneficium,355
peto,354
ubi,349
aliqui,348
uitium,340
dolor,331
fio,326
accipio,319
grauis,317
at,311
sequor,310
patior,309
reddo,307
mare,305
credo,302
aqua,301
quemadmodum,301
uoluptas,300
liber,294
numquam,292
dum,290
semper,289
uinco,288
quomodo,288
alienus,287
ratio,286
humanus,284
pro,283
opus,283
genus,282
inuenio,282
modus,280
ullus,277
domus,275
pater,274
mos,268
soleo,267
eo,264
uerbum,261
uoco,260
cado,256
altus,255
tamquam,255
scelus,251
solus,250
modo,250
rex,250
mens,249
tunc,246
aio,246
uel,244
saepe,243
publicus,243
ceterus,242
caelum,241
miser,241
moueo,240
quare,238
populus,236
leuis,235
bene,235
honestus,234
sto,233
oculus,233
satis,233
teneo,231
longus,231
relinquo,231
ante,230
quisquam,230
iudico,228
mundus,227
audio,226
sol,225
cogito,225
animal,224
spiritus,223
nouus,221
aer,221
uox,218
iubeo,218
placeo,217
fatum,217
pono,215
apud,215
uterque,215
iniuria,214
contra,212
nomen,211
diu,211
regnum,210
amicus,210
uentus,209
sentio,209
adicio,208
beatus,204
par,202
urbs,201
certus,201
nubes,201
noceo,201
metus,201
ideo,200
prosum,199
traho,197
pereo,197
caput,197
paruus,196
impetus,196
quoque,195
labor,195
ingens,195
nox,192
ostendo,190
appareo,190
sub,190
perdo,190
transeo,187
praesto,187
aliquando,186
natus,186
qualis,185
fortis,184
nascor,184
post,183
duo,182
similis,182
fugio,182
refero,181
capio,180
iaceo,179
annus,176
poena,175
uia,174
fides,173
lex,173
tot,173
mater,173
siue,171
nego,171
loquor,171
intellego,171
tutus,171
superus,170
quicumque,170
frater,169
adhuc,168
mitto,168
parens,168
exeo,167
dignus,166
desino,166
turba,166
existimo,165
recipio,165
uultus,164
intersum,164
aduersus,164
medius,164
fulmen,163
ferrum,163
turpis,162
o,162
seruus,161
affectus,160
pectus,160
talis,159
sanguis,159
disco,158
efficio,158
premo,157
paro,157
cursus,156
irascor,156
peruenio,155
necesse,155
summum,155
ars,155
periculum,154
exigo,154
motus,152
singulus,152
fera,152
felix,151
ulter,150
inferus,149
cito,149
accedo,148
quamuis,148
quid,148
hostis,148
finis,147
philosophia,147
usus,147
ingenium,147
aetas,145
sapientia,145
orbis,144
latus,144
unde,144
nolo,144
circa,142
duco,142
laudo,142
male,141
contingo,141
flamma,139
utor,139
muto,138
gero,138
falsus,137
os,137
tristis,137
gratia,137
spes,136
contemno,136
sidus,135
frango,135
uos,135
lux,134
propono,134
coniunx,134
consilium,134
seruo,133
materia,133
diuitia,133
exemplum,133
adeo,132
coepio,132
morbus,132
doceo,132
trado,131
occupo,131
hinc,131
aliter,130
casus,130
excipio,129
consto,128
summa,128
exspecto,128
dubius,128
filius,128
cogo,127
cedo,127
imperium,127
dominus,127
facies,126
incipio,126
maxime,126
amor,126
saeuus,126
durus,125
quoius,125
soluo,125
nondum,125
intra,125
supra,125
factum,125
uale,125
usque,124
morior,124
necessarius,123
redeo,122
ius,122
aequus,122
pertineo,121
occido,121
exerceo,121
excutio,120
desum,119
senex,119
nescio,119
erro,119
aufero,119
facilis,119
magnitudo,118
specto,118
aeque,118
uero,118
incido,118
uelut,118
praeceptum,118
cupio,117
umquam,117
gens,117
paucus,117
cupiditas,117
telum,117
gratus,117
flumen,116
opto,116
officium,116
minor,115
impono,115
immo,115
eripio,115
positus,114
oportet,114
uter,113
color,113
lacrima,113
accido,112
imago,112
arma,112
aspicio,111
quotiens,111
timor,111
uulnus,111
miror,110
ob,110
iter,110
superuacuus,110
rapio,109
uaco,109
studium,109
odium,109
paupertas,109
incertus,108
respondeo,108
aestimo,108
desidero,108
facile,108
spargo,107
contentus,107
felicitas,107
uotum,107
stella,106
mortalis,106
memoria,106
aurum,106
breuis,105
amo,105
furor,105
gaudeo,104
cura,103
longe,103
sensus,103
aeger,103
iuuo,103
species,102
interim,102
mora,102
colo,102
sacer,102
puer,102
maneo,101
plenus,101
otium,101
auris,101
plurimus,100
tollo,100
forma,100
securus,100
libertas,100
propter,99
certe,99
respicio,99
pecunia,99
remedium,99
opinio,98
sententia,98
malum,98
utique,97
descendo,97
prior,97
misceo,97
caesar,97
laetus,97
uix,97
spatium,96
fluo,96
nota,96
audeo,96
delecto,96
mons,96
umbra,96
exitus,95
uniuersus,95
euenio,95
simul,95
sicut,95
lateo,95
luxuria,95
unda,95
munus,95
gradus,94
uarius,94
promitto,94
pes,94
clarus,93
contrarius,93
quasi,93
emitto,93
cur,93
occurro,93
extra,93
potens,93
fax,92
dubito,92
inde,91
diuersus,91
confero,91
pax,91
queror,91
malo,91
diuido,90
recingo,90
dux,90
honor,90
torqueo,89
quando,89
membrum,89
numquid,89
tempto,89
careo,89
quies,88
scribo,88
probo,87
ops,87
permitto,87
diues,86
dirus,86
nefas,86
utilis,85
solidus,85
signum,85
exiguus,85
argumentum,85
bellum,85
potius,85
recedo,85
nimis,85
proficio,85
ingratus,85
lumen,84
rumpo,84
cresco,84
impello,84
mollis,84
quoniam,84
difficilis,83
extremus,83
pondus,83
nosco,83
fallo,83
umor,83
iudicium,83
princeps,83
diuinus,82
statim,82
impleo,82
nimius,82
procedo,82
saeculum,82
stultus,82
saxum,82
iustus,82
uerto,81
uastus,81
effugio,81
perficio,81
spero,81
secundus,81
iugum,81
laboro,80
communis,80
colligo,80
detraho,80
pateo,80
opera,80
sermo,80
sinus,80
metuo,80
cibus,80
ciuitas,80
bellus,80
remitto,79
effero,79
habitus,79
ultra,79
haereo,79
sumo,79
femina,79
senectus,79
rogo,79
carus,79
semel,78
datum,78
praeceps,78
doleo,78
cometes,77
anima,77
tecum,77
contineo,77
potestas,77
tectum,76
gigno,76
pietas,76
compono,76
transfero,75
ictus,75
arcus,75
turbo,74
angustus,74
sustineo,74
cerno,74
adiuuo,74
impero,74
iro,74
pecco,74
amitto,74
placidus,74
exsilium,74
fleo,74
ordo,73
naturalis,73
tracto,73
romanus,73
auctor,73
tenebrae,73
conuenio,72
aeternus,72
mille,72
perduco,72
qua,72
fluctus,72
uicis,71
prohibeo,71
dextra,71
furo,71
tum,71
pretium,71
tellus,71
propero,71
tenuis,70
uetus,70
numerus,70
exprimo,70
suspicio,70
initium,70
inuitus,70
patria,70
infelix,70
iuuenis,70
ualetudo,70
artus,70
sonus,70
tego,70
uinum,70
epistula,70
incommodus,70
rursus,69
tempestas,69
ignotus,69
iacto,69
dictum,69
reuoco,69
rego,69
laedo,69
uindico,69
ruina,69
nobilis,69
ueto,69
error,69
necessitas,69
ciuis,69
concipio,68
silua,68
reuertor,68
dispono,68
iungo,68
potentia,68
cogitatio,68
putus,68
auaritia,68
oratio,68
adsum,68
pudor,68
litus,68
tremo,68
affero,68
gaudium,68
decus,68
deficio,67
praebeo,67
undique,67
humilis,67
eligo,67
excito,67
taceo,67
solacium,67
caedes,67
calor,66
interrogo,66
condicio,66
antiquus,66
antequam,66
acer,66
proprius,66
flecto,66
fuga,66
inimicus,66
agito,66
sanus,66
ferio,66
tormentum,66
regius,66
uanus,65
rarus,65
concito,65
tantum,65
iuppiter,65
regio,65
secerno,65
negotium,65
seruio,65
iudex,65
quin,65
nix,65
sedes,64
praeterea,64
uagus,64
uoluntas,64
acies,64
pulcher,64
fundo,64
differo,64
parco,64
sollicitus,64
uester,64
funus,64
luctus,64
speculum,64
impius,64
hercules,64
status,63
consumo,63
expedio,63
aperto,63
intro,63
liberalis,63
libido,63
sordidus,63
ruo,63
cunctus,63
tandem,63
supersum,63
numero,63
quamdiu,62
diuus,62
conspectus,62
ualeo,62
fateor,62
cotidie,62
lego,62
mereo,62
ecce,62
patrius,62
ferus,62
gloria,62
thalamus,62
claudo,61
obsto,61
secum,61
onus,61
discedo,61
committo,61
surgo,61
fortasse,61
admoneo,61
uiscus,61
desiderium,61
uictor,61
ambitio,61
hora,60
interuallum,60
contumelia,60
actio,60
bonum,60
fruor,60
retineo,60
suadeo,60
fama,60
consuetudo,59
sors,59
curro,59
huc,59
prius,59
sono,59
contemptus,59
repeto,59
salus,59
uestis,59
praecipio,59
amicitia,59
fames,59
erigo,58
quanto,58
decipio,58
sedeo,58
cesso,58
laus,58
libenter,58
odi,58
imito,58
somnus,58
abeo,58
lucilius,58
actus,58
uilis,58
miles,58
arbor,58
precor,58
tardus,57
dulcis,57
ortus,57
assiduus,57
coma,57
expello,57
protinus,57
ardeo,57
leo,57
frigus,57
libet,57
patientia,57
pauper,57
asper,57
tyrannus,57
damnum,57
arbitrium,57
denique,57
clementia,57
immensus,56
tendo,56
resisto,56
uena,56
admitto,56
uito,56
amnis,56
fons,56
obruo,56
pontus,56
fortiter,56
comes,56
tango,56
supplicium,56
dono,56
abscondo,55
mirus,55
admoueo,55
extinguo,55
moror,55
mergo,55
alo,55
ignoro,55
dimitto,55
excido,55
philosophus,55
tristitia,55
praesens,55
iucundus,55
ceruix,55
superbus,55
astrum,54
subeo,54
iniurius,54
frons,54
concutio,54
perpetuus,54
subitus,54
scilicet,54
fretus,54
torus,54
cruor,54
nemus,54
frigidus,53
duro,53
nempe,53
auidus,53
percutio,53
epicurus,53
secundum,53
compositus,52
uro,52
sufficio,52
solutus,52
imber,52
uxor,52
iustitia,52
experior,52
aduersum,52
subinde,52
gladius,52
curo,52
prex,52
medicus,52
foedus,52
infestus,52
chorus,52
inuisus,52
fulgeo,51
spectaculum,51
diligens,51
tener,51
etiamnunc,51
uicinus,51
ubique,51
appeto,51
obscurus,51
fortuitus,51
constituo,51
scientia,51
fingo,51
offendo,51
uiuus,51
aestas,51
inanis,51
absum,51
consequor,51
bibo,51
ratis,51
genitor,51
minuo,50
praeter,50
uisus,50
proximus,50
ibi,50
tergum,50
proicio,50
monstrum,50
meritum,50
inuidia,50
lapis,50
crimen,50
finio,50
intueor,50
soror,50
calidus,49
super,49
uisum,49
iterum,49
corrumpo,49
perago,49
momentum,49
dissimilis,49
ueritas,49
iners,49
ingero,49
profero,49
grex,49
numen,49
crudelitas,49
concupisco,49
canis,49
gemo,49
ara,49
pariter,49
quot,48
purus,48
lenis,48
pendeo,48
abduco,48
plerus,48
procul,48
figo,48
educo,48
robur,48
antecedo,48
damno,48
seruitus,48
conuerto,48
integer,48
tertius,48
horridus,48
formo,48
artifex,48
tres,48
mecum,48
siccus,47
extendo,47
alioqui,47
decet,47
uenter,47
nudus,47
quantum,47
oppono,47
uenenum,47
amissum,47
quilibet,47
utrum,46
caelus,46
ueho,46
frequens,46
concedo,46
opprimo,46
deduco,46
decretum,46
carcer,46
memini,46
appello,46
pareo,46
posco,46
fructus,46
facinus,46
en,46
obseruo,45
effundo,45
includo,45
testis,45
excedo,45
ignosco,45
perfero,45
interdum,45
mutus,45
saluus,45
capto,45
mitis,45
iniquus,45
acerbus,45
haud,45
alcides,45
tempero,44
propior,44
retro,44
desero,44
templum,44
summitto,44
persuadeo,44
infans,44
irrito,44
totiens,44
scindo,44
uinculum,44
quiesco,44
illic,44
currus,44
dignitas,44
deprehendo,43
sublimis,43
nitor,43
uestigium,43
manifestus,43
amplius,43
explico,43
licet,43
nauis,43
pudet,43
intentus,43
carmen,43
impendo,43
secor,43
attollo,43
delicatus,43
raptus,43
ciuilis,43
ensis,43
ferox,43
equus,43
maestus,43
subduco,42
magnificus,42
produco,42
alimentum,42
comparo,42
detineo,42
augeo,42
polus,42
aeuum,42
defero,42
suspendo,42
instruo,42
optime,42
auxilium,42
simplex,42
abdo,42
possideo,42
uirgo,42
porrigo,41
donec,41
praetereo,41
impotens,41
excelsus,41
diduco,41
adduco,41
cruentus,41
hiems,41
exercitus,41
nihilominus,41
caecus,41
auis,41
complector,41
argentum,41
sollicitudo,41
resto,41
lugeo,41
taurus,41
orior,40
caelestis,40
uiolentus,40
minime,40
recta,40
immineo,40
aestus,40
saeuio,40
pusillus,40
lingua,40
forum,40
molestus,40
timidus,40
sano,40
repello,40
uehemens,40
impedio,40
inuictus,40
paulus,40
eiusmodi,40
externus,40
pecus,40
exitium,40
ager,40
alligo,40
pretiosus,40
moneo,40
sitis,40
uersus,40
discutio,39
uerso,39
coeo,39
tranquillus,39
persequor,39
demum,39
paulatim,39
nescius,39
ater,39
persona,39
imbecillus,39
lacus,39
medium,39
fessus,39
aura,39
rogus,39
tribuo,39
emo,39
salutaris,39
illinc,39
fortitudo,39
defendo,39
senatus,39
praefero,39
occupatio,39
nex,39
fraus,39
uertex,38
perseuero,38
congero,38
reduco,38
seco,38
exemplar,38
formosus,38
lentus,38
cultus,38
agnosco,38
horreo,38
satius,38
trepidus,38
haurio,38
profundus,38
imperitus,38
securitas,38
aether,38
littera,38
culpa,38
profiteor,38
summoueo,38
commodus,38
animalis,38
insto,38
miseria,38
collum,38
nouerca,38
pestis,38
umidus,37
continuus,37
obicio,37
neglego,37
pasco,37
stupeo,37
nequitia,37
innocens,37
notus,37
conscientia,37
depono,37
indignus,37
tumultus,37
circumspicio,37
demens,37
narro,37
pugno,37
incito,37
nutrix,37
euoco,37
sceptrum,37
distinguo,36
postea,36
contraho,36
fere,36
infra,36
redigo,36
augustus,36
propius,36
terminus,36
comprimo,36
uacuus,36
uelum,36
generosus,36
clades,36
prospicio,36
ora,36
subito,36
poeta,36
nihilum,36
intendo,36
tranquillitas,36
compesco,36
insum,36
attono,36
inuideo,36
immortalis,36
audax,36
istic,36
nepos,36
perimo,36
nata,36
cognosco,35
terrenus,35
deprimo,35
incredibilis,35
uersor,35
graecus,35
interior,35
mobilis,35
incurro,35
plaga,35
erumpo,35
familiaris,35
significo,35
repono,35
fiducia,35
occasio,35
tueor,35
sino,35
prudens,35
rupes,35
incrementum,35
pelagus,35
conor,35
donum,35
olim,35
ebrietas,35
cena,35
aduoco,35
nefandus,35
exsul,35
iracundia,35
uelox,34
editus,34
uiso,34
pello,34
recens,34
libero,34
mentior,34
regno,34
aptus,34
excludo,34
innocentia,34
solitudo,34
incendium,34
quatio,34
euado,34
clamor,34
aggredior,34
recuso,34
monstro,34
foris,34
uictus,34
ebrius,34
induco,34
rationalis,34
instrumentum,34
utinam,34
patrimonium,34
mutatio,34
paternus,34
dolus,34
forte,34
nuntius,34
gener,34
maritus,34
luna,33
mensis,33
languidus,33
perturbo,33
despicio,33
separo,33
custodio,33
secedo,33
densus,33
interuenio,33
uexo,33
fundamentum,33
torrens,33
inuado,33
fabula,33
dementia,33
similitudo,33
prauus,33
mina,33
dens,33
adhibeo,33
otiosus,33
spolium,33
serpens,33
cantus,33
inclino,32
oblino,32
piger,32
comprehendo,32
elido,32
expono,32
discrimen,32
cingo,32
infirmus,32
altitudo,32
imputo,32
inquietus,32
indignor,32
restituo,32
inutilis,32
sanitas,32
nauigo,32
praeteritus,32
imperator,32
adsuesco,32
supplex,32
trepido,32
geminus,32
pius,32
conuiuium,32
terreo,31
inspicio,31
pluuius,31
leuo,31
rapidus,31
innumerabilis,31
quondam,31
rector,31
diligentia,31
auerto,31
fulgor,31
late,31
effectus,31
uarietas,31
succurro,31
eruo,31
silentium,31
erepo,31
insanus,31
deterior,31
crudelis,31
murus,31
portus,31
consisto,31
colloco,31
decido,31
possessio,31
ordino,31
metior,31
custos,31
egeo,31
lassus,31
prudentia,31
exhaurio,31
aureus,31
rideo,31
domo,31
cor,31
urgeo,31
fastidium,31
postquam,31
manes,31
prodeo,30
igneus,30
occasus,30
uelocitas,30
contemplatio,30
radius,30
incubo,30
aequalis,30
turbidus,30
corona,30
occulo,30
palam,30
malignus,30
induo,30
exuo,30
praemium,30
obliuiscor,30
nonnumquam,30
letum,30
paene,30
alternus,30
deicio,30
quaestio,30
stoicus,30
egregius,30
obsideo,30
percipio,30
hilaris,30
indulgeo,30
frustra,30
limen,30
praeparo,30
gubernator,30
fletus,30
admiror,30
uerber,30
trabs,29
eicio,29
citus,29
nouissime,29
dissipo,29
infero,29
crassus,29
infinitus,29
laeuus,29
serenus,29
apto,29
intuor,29
condo,29
notitia,29
ambulo,29
egestas,29
blandus,29
publice,29
laxo,29
aperio,29
nauigium,29
pugna,29
prope,29
neruus,29
pompeius,29
mutuus,29
pergo,29
paratus,29
testor,29
mensa,29
ceno,29
agmen,29
reus,29
serus,29
adulescens,29
tumidus,29
iracundus,29
etiamsi,28
stabilis,28
grandis,28
flagro,28
uoluo,28
celer,28
confundo,28
auctoritas,28
eadem,28
demitto,28
indicium,28
ludo,28
disputo,28
transitus,28
abstineo,28
socius,28
noxius,28
familia,28
proinde,28
inclutus,28
infernus,28
fastigium,28
mico,28
rota,28
expeto,28
consulo,28
insania,28
pario,28
animosus,28
euerto,28
frugalitas,28
faueo,28
speciosus,28
famulus,28
scipio,28
caedo,28
cotidianus,27
foueo,27
carpo,27
permaneo,27
laxus,27
porro,27
prout,27
modicus,27
uado,27
remotus,27
hodie,27
mancipium,27
punio,27
satio,27
uereor,27
abrumpo,27
labo,27
tutela,27
difficultas,27
minae,27
terribilis,27
rudis,27
circumdo,27
capax,27
obuius,27
copia,27
impingo,27
campus,27
balneum,27
fauor,27
indoles,27
inopia,27
confiteor,27
lucrum,27
harena,27
ramus,27
dea,27
licentia,27
fatigo,27
praeda,27
irritus,27
fugo,27
filia,27
gena,27
addo,27
circumeo,26
amplus,26
noto,26
ceterum,26
moles,26
extrinsecus,26
decor,26
extraho,26
ualidus,26
leuitas,26
delicia,26
incumbo,26
calamitas,26
indico,26
intentio,26
specus,26
terror,26
consummo,26
oceanus,26
nilus,26
uadum,26
accessio,26
pulso,26
creber,26
pronus,26
consentio,26
dedo,26
reliquiae,26
trux,26
unusquisque,26
catus,26
afficio,26
apparatus,26
socrates,26
ornamentum,26
stringo,26
emineo,26
ultio,26
maternus,26
uterus,26
canus,26
remoueo,26
gressus,26
subtilis,25
accendo,25
aequo,25
extollo,25
segnis,25
disciplina,25
conscius,25
acceptum,25
habito,25
obligo,25
leuiter,25
effusus,25
mensura,25
faux,25
principium,25
origo,25
resoluo,25
radix,25
tactus,25
flatus,25
angulus,25
classis,25
cornu,25
laetitia,25
abicio,25
parce,25
linquo,25
refugio,25
diligo,25
paelex,25
socer,25
saeuitia,25
admiratio,24
approbo,24
tero,24
assentio,24
elementum,24
ludus,24
priuo,24
peccatum,24
indulgentia,24
conuicium,24
inprobus,24
consul,24
statua,24
firmus,24
formido,24
humus,24
insula,24
situs,24
ripa,24
herba,24
penitus,24
arduus,24
semen,24
quo,24
domesticus,24
sero,24
sapor,24
lacesso,24
uerecundia,24
auarus,24
imprimo,24
audacia,24
calco,24
pertinax,24
fidelis,24
impetro,24
scruto,24
armatus,24
insero,24
imperfectus,24
exercitatio,24
eximo,24
gloriosus,24
derigo,24
pauidus,24
proles,24
aerumna,24
incolumis,24
transilio,24
gemitus,24
triumphus,24
minister,24
ministerium,24
obliuio,24
miseror,24
admonitio,24
satelles,24
decurro,23
quinque,23
disto,23
mendacium,23
subsido,23
diffundo,23
posterus,23
insignis,23
exclamo,23
nonne,23
optabilis,23
glorior,23
misericordia,23
imbecillitas,23
mortalitas,23
fas,23
commodo,23
circumfundo,23
hostilis,23
commoueo,23
concido,23
ferueo,23
nitidus,23
inuicem,23
onero,23
abundo,23
prosequor,23
iacio,23
sagitta,23
hortor,23
naufragium,23
seges,23
rigor,23
erubesco,23
sancio,23
domina,23
struo,23
scius,23
morsus,23
deceo,23
quocumque,23
maereo,23
fallax,23
rabidus,23
eques,23
aula,23
castus,23
piscis,23
questus,23
certamen,23
moderatus,23
ardor,22
idoneus,22
impedimentum,22
rotundus,22
lucidus,22
cohaereo,22
preterea,22
circulus,22
genetrix,22
creo,22
aes,22
considero,22
temere,22
subtilitas,22
incedo,22
uoluntarius,22
delibero,22
defungor,22
planum,22
gesto,22
praecedo,22
reuoluo,22
mox,22
uerro,22
insidiae,22
meditor,22
uulgo,22
taedium,22
castrum,22
lubricus,22
risus,22
periculosus,22
uindex,22
constitutio,22
catena,22
tingo,22
nusquam,22
acuo,22
uere,22
praesidium,22
sat,22
profectus,22
prodo,22
queo,22
emendo,22
lar,22
arx,22
pingo,22
affligo,22
hospes,22
placo,22
unicus,22
contumax,22
exsurgo,22
esurio,22
fastidio,22
coetus,21
dissideo,21
procella,21
attingo,21
frequenter,21
sincerus,21
discurro,21
emergo,21
spissus,21
astringo,21
ubicumque,21
superstes,21
uilla,21
penas,21
latebra,21
pernicies,21
uulgaris,21
quandoque,21
merces,21
aspectus,21
tremor,21
angustia,21
infundo,21
condio,21
facultas,21
caligo,21
expauesco,21
subdo,21
intrepidus,21
fragor,21
uulgus,21
eloquentia,21
humanitas,21
paenitentia,21
flos,21
tumor,21
puerilis,21
odor,21
perniciosus,21
offero,21
frenum,21
caueo,21
gratuitus,21
proprietas,21
caeruleus,21
ultro,21
militaris,21
seuerus,21
conspicio,21
ueneror,21
complexus,21
defleo,21
exsilio,21
efficax,21
ignauus,21
utilitas,21
sarcina,21
temperans,21
uenia,21
funestus,21
lacero,21
genu,21
uincio,21
cinis,21
splendor,20
splendidus,20
minax,20
bracchium,20
passim,20
oriens,20
portio,20
missa,20
transmitto,20
cano,20
quotus,20
cognatus,20
muliebris,20
secta,20
potis,20
subicio,20
puluis,20
corpusculum,20
potio,20
reperio,20
subiectum,20
uerbero,20
lucto,20
uoluto,20
intus,20
obtineo,20
fremo,20
indomitus,20
inhibeo,20
uigor,20
impatiens,20
paries,20
cauus,20
priuatus,20
uehementer,20
longinquus,20
stomachus,20
molestia,20
arcesso,20
titulus,20
benignus,20
malitia,20
latro,20
custodia,20
querella,20
inicio,20
misereor,20
panis,20
lis,20
prouincia,20
adulterium,20
uiolo,20
decedo,20
succedo,20
quousque,20
dispicio,20
nupta,20
fidus,20
flebilis,20
necto,20
mando,20
rabies,20
firmitas,20
ignominia,20
spectator,19
intermitto,19
immotus,19
fusus,19
crinis,19
uenus,19
claritas,19
claudius,19
repugno,19
repentinus,19
inuito,19
coram,19
damnatus,19
fragilis,19
hibernus,19
uallis,19
porto,19
exedo,19
desertum,19
celebro,19
commendo,19
pila,19
assigno,19
uapor,19
mortuus,19
uagor,19
improbus,19
reicio,19
attero,19
cutis,19
peregrinatio,19
utcumque,19
pone,19
sollicito,19
memor,19
consensus,19
superbia,19
temeritas,19
tolero,19
stimulus,19
subigo,19
barbarus,19
simulo,19
feruor,19
bis,19
exprobro,19
euinco,19
nato,19
molliter,19
concilio,19
furtum,19
sepono,19
maeror,19
consolo,19
cupidus,19
nobiscum,19
gelidus,19
molior,19
profugus,19
focus,19
iussus,19
utrimque,19
fetus,19
armo,19
tolerabilis,19
herculeus,19
demissus,18
emico,18
suspicor,18
natalis,18
fulguratio,18
citra,18
corripio,18
celsus,18
celeritas,18
oppositus,18
mirabilis,18
rubor,18
exsisto,18
perfundo,18
ascendo,18
denuntio,18
palus,18
praeceptor,18
coerceo,18
suscipio,18
confessio,18
despero,18
immunis,18
innoxius,18
caducus,18
solum,18
stagnum,18
riuus,18
neuter,18
effluo,18
affirmo,18
praecipito,18
alexander,18
describo,18
dica,18
mortifer,18
iactatio,18
prouoco,18
offensus,18
concurro,18
oro,18
anxius,18
feritas,18
intellectus,18
merus,18
constantia,18
prouidentia,18
adulescentia,18
absoluo,18
locuples,18
plato,18
deterreo,18
ambitiosus,18
nocturnus,18
attendo,18
sudor,18
reliquus,18
aestuo,18
rigeo,18
tabula,18
feruidus,18
excogito,18
stuprum,18
corrigo,18
quantulus,18
contumeliosus,18
forsitan,18
fungor,18
partus,18
medicina,18
crus,18
niger,18
daps,18
infandus,18
festus,18
uirilis,18
alumnus,18
capillus,18
erudio,18
uigeo,18
sterno,18
immanis,18
pueritia,18
ulcisco,18
exstinguo,18
aduerto,17
praedico,17
tono,17
grauitas,17
recte,17
saepis,17
infamia,17
societas,17
occidens,17
fugax,17
liqueo,17
temperatus,17
circumfero,17
arcanus,17
clausum,17
digitus,17
articulus,17
contendo,17
iuuentus,17
excusatio,17
amarus,17
contextus,17
demo,17
fluctuo,17
prouideo,17
neglegentia,17
aestiuus,17
uetustas,17
reditus,17
genero,17
extenuo,17
marius,17
obnoxius,17
unitas,17
inficio,17
agedum,17
stultitia,17
distraho,17
liberalitas,17
conuiua,17
adulter,17
lasso,17
praecido,17
mollio,17
quattuor,17
grando,17
cicero,17
promissum,17
computo,17
lassitudo,17
conuersatio,17
assideo,17
scitum,17
series,17
sisto,17
disertus,17
lacertus,17
intereo,17
grammaticus,17
exhibeo,17
epula,17
ales,17
iugulum,17
tacita,17
uates,17
reor,17
refert,17
umerus,17
libens,17
lacer,17
puppis,17
passus,17
luceo,17
simulacrum,17
pronuntio,17
consulatus,17
exaequo,17
exsequor,17
figura,16
tractus,16
circumago,16
sortior,16
studeo,16
ostento,16
aristoteles,16
aridus,16
maturus,16
nedum,16
perspicio,16
nouitas,16
uidelicet,16
torpeo,16
rubeo,16
concordia,16
intemperantia,16
tarde,16
diligenter,16
insanio,16
schola,16
imitatio,16
liberi,16
comitatus,16
conficio,16
inquiro,16
interrumpo,16
aedificium,16
uergilius,16
inconcussus,16
praecludo,16
aliunde,16
nutrio,16
marceo,16
exagito,16
homerus,16
uergo,16
pinguis,16
lenio,16
tumeo,16
omitto,16
decerno,16
censeo,16
honeste,16
temperantia,16
aduersarius,16
serius,16
gula,16
cubile,16
laqueus,16
exspectatio,16
magister,16
multo,16
exaudio,16
exhortor,16
ineptia,16
quamquam,16
iuro,16
bonitas,16
prosilio,16
historia,16
sterilis,16
parcus,16
paruulus,16
amplexus,16
squalidus,16
debitum,16
proelium,16
poculum,16
operosus,16
sponte,16
planus,16
recido,16
circumscribo,16
defluo,16
axis,16
inuoluo,16
auersus,16
cupido,16
missus,16
phoebus,16
nurus,16
captiuus,16
stirps,16
candidus,16
propitius,16
for,16
pastor,16
truncus,16
nuntio,16
penna,16
interrogatio,16
conatus,16
certo,16
dormio,16
quartus,16
acquiro,16
cliens,16
inuoco,16
totidem,15
aegyptus,15
superuenio,15
euito,15
collido,15
assidue,15
occulte,15
aditus,15
tabes,15
infamis,15
tumet,15
indigeo,15
probus,15
consido,15
confugio,15
stillicidium,15
lapsus,15
exsulto,15
illido,15
quasso,15
febris,15
agilis,15
murmur,15
improbo,15
continens,15
signo,15
immitto,15
propinquus,15
afflo,15
firmo,15
uas,15
fremitus,15
coarguo,15
infirmitas,15
pando,15
cultor,15
detrimentum,15
penso,15
arbiter,15
dissimulo,15
comito,15
uendo,15
paueo,15
principalis,15
purpura,15
acquiesco,15
adulatio,15
rusticus,15
deiectus,15
scopulus,15
auster,15
redimo,15
inquino,15
obeo,15
infigo,15
praesentia,15
inhumanus,15
largus,15
abunde,15
munimentum,15
rapax,15
disputatio,15
lusus,15
heres,15
ineptus,15
contio,15
auus,15
medulla,15
sollemnis,15
creditum,15
uictima,15
tumulus,15
dilectus,15
syllaba,15
carnifex,15
indifferens,15
acta,15
auoco,15
sacrilegium,15
praecipue,15
inertia,15
renouo,15
alleuo,15
aetherius,15
ualde,15
sulla,15
consurgo,14
insolitus,14
nuper,14
uicinia,14
transcurro,14
effigies,14
immisceo,14
barba,14
incursus,14
exter,14
continuo,14
popularis,14
diuisus,14
pabulum,14
mutabilis,14
transuersus,14
compello,14
peruius,14
aequalitas,14
seduco,14
ambitus,14
consequus,14
paeniteo,14
derideo,14
displiceo,14
uictoria,14
accuso,14
seueritas,14
crepo,14
praecipuus,14
foramen,14
germanus,14
rixa,14
alueus,14
reprimo,14
resono,14
assequor,14
inclinatio,14
penes,14
respuo,14
notabilis,14
pestifer,14
aequor,14
lauo,14
inquieto,14
attraho,14
multitudo,14
introrsus,14
domicilium,14
persuasio,14
nomino,14
escendo,14
nodus,14
rus,14
obiurgo,14
crux,14
abigo,14
admissum,14
formula,14
contubernium,14
magistratus,14
sitio,14
supero,14
tepidus,14
folium,14
cacumen,14
impunis,14
commissum,14
castigo,14
marmor,14
remaneo,14
frux,14
auiditas,14
deformitas,14
fumus,14
orno,14
reparo,14
rapina,14
miro,14
incendo,14
destituo,14
intactus,14
adductus,14
aegroto,14
theatrum,14
oblectamentum,14
bos,14
lectio,14
pigeo,14
prosperus,14
remeo,14
toruus,14
tela,14
uictrix,14
lucus,14
palma,14
obduco,14
caesum,14
deformis,14
conualesco,14
creditor,14
flagellum,14
retraho,14
labrum,14
cadauer,14
destino,14
hebes,13
significatio,13
assumo,13
arbustum,13
nubilus,13
columna,13
abstraho,13
matutinus,13
scriptum,13
digero,13
tenor,13
supprimo,13
occursus,13
uer,13
modestia,13
maiestas,13
reseruo,13
sobrius,13
ridiculus,13
dispenso,13
uigilia,13
succido,13
incutio,13
calens,13
patens,13
coactus,13
abscido,13
claustrum,13
porta,13
caleo,13
adigo,13
ineo,13
interdico,13
uibro,13
proficiscor,13
italia,13
iactura,13
turris,13
obsequor,13
reprehendo,13
dos,13
praemitto,13
coloro,13
belua,13
pendo,13
conquiro,13
interpono,13
resurgo,13
exilis,13
saltus,13
luxuriosus,13
senesco,13
uireo,13
sestertius,13
sperno,13
bruma,13
adipiscor,13
splendeo,13
clamo,13
inflo,13
blandior,13
ostium,13
inexpugnabilis,13
strepitus,13
exsto,13
litigo,13
expertus,13
ulcus,13
cruciatus,13
cubiculum,13
egero,13
legio,13
crastinus,13
militia,13
dissero,13
inmitto,13
sanctus,13
ambiguus,13
fraternus,13
sepelio,13
nimium,13
remus,13
femineus,13
captus,13
niueus,13
infaustus,13
chaos,13
decorus,13
pomum,13
quisnam,13
luo,13
furiosus,13
obliquus,13
interpretor,13
expio,13
dilatio,13
ardesco,13
hodiernus,13
poto,13
medeor,13
statuo,13
tigris,13
deploro,13
colonus,13
dominor,13
instituo,13
tribunal,13
paedagogus,13
moderor,13
lectus,13
planctus,13
brutus,13
heu,13
hydra,13
exploro,12
disicio,12
lineus,12
innitor,12
fulcio,12
intercido,12
natio,12
dirimo,12
concauus,12
tuba,12
sursum,12
immobilis,12
palleo,12
peruerto,12
toga,12
gemma,12
loco,12
mas,12
orator,12
nobilitas,12
tenax,12
penetro,12
strages,12
resideo,12
titubo,12
pestilentia,12
saltem,12
exspiro,12
tantundem,12
fluidus,12
hiatus,12
sorbeo,12
adiutorium,12
sicco,12
implico,12
recepto,12
destitutus,12
resilio,12
admodum,12
recessus,12
modestus,12
percurro,12
uehiculum,12
repente,12
perses,12
horror,12
aequaliter,12
perturbatio,12
contero,12
tantummodo,12
niteo,12
statura,12
qualiscumque,12
seruilis,12
popina,12
curia,12
medicamentum,12
inopinatus,12
aestimatio,12
iocus,12
inscribo,12
aequum,12
erus,12
debilis,12
eximius,12
libertinus,12
pompa,12
experimentum,12
fertilis,12
agricola,12
faex,12
areo,12
eminens,12
calefacio,12
coacta,12
effodio,12
gracilis,12
purgo,12
mitigo,12
plausus,12
spiro,12
exonero,12
percussus,12
decem,12
compleo,12
discursus,12
elabor,12
pauor,12
obsecro,12
musicus,12
aduocatus,12
fecundus,12
euoluo,12
sileo,12
pallor,12
namque,12
auratus,12
exsero,12
inops,12
moenia,12
portendo,12
ebur,12
cohors,12
perlucidus,12
monumentum,12
facilitas,12
euentus,12
saluto,12
sopor,12
descisco,12
constringo,12
ecquis,12
inconsultus,12
impendium,12
regula,12
arceo,12
confirmo,12
philosophor,12
plebs,12
expleo,12
prorsus,12
curuus,12
dis,12
miraculum,11
strepo,11
remissio,11
ignarus,11
contractus,11
graecia,11
mars,11
uello,11
nudo,11
breuiter,11
aquilo,11
destinatum,11
tumultuosus,11
alte,11
usquam,11
dependeo,11
exolesco,11
positio,11
constans,11
testimonium,11
districtus,11
aspergo,11
neo,11
omen,11
sex,11
uber,11
sinister,11
discors,11
puter,11
egregie,11
processus,11
exorno,11
obscenus,11
merito,11
uasto,11
priuatim,11
receptaculum,11
munio,11
praeruptus,11
renuntio,11
desperatio,11
extimesco,11
religio,11
receptus,11
exuro,11
abscedo,11
spumo,11
icio,11
agitatio,11
subsisto,11
algeo,11
neco,11
dilato,11
affigo,11
peritus,11
rumor,11
ratus,11
usitatus,11
praetexo,11
curuo,11
auctus,11
sane,11
regalis,11
latito,11
madeo,11
pallidus,11
satietas,11
pudicitia,11
exoro,11
supellex,11
ministro,11
obiectum,11
delictum,11
sordes,11
suimet,11
togatus,11
ingenuus,11
opulentus,11
electio,11
procliuis,11
insolens,11
parricida,11
pertinacia,11
recondo,11
exundo,11
adiectio,11
laeto,11
alloquor,11
circumsto,11
lupus,11
nequeo,11
adhortor,11
industria,11
perrumpo,11
pugnax,11
lignum,11
moralis,11
cunctor,11
protego,11
excerpo,11
corporalis,11
moderatio,11
coeptum,11
artificium,11
iuba,11
iecur,11
perfidus,11
equidem,11
regina,11
macto,11
amens,11
pignus,11
nubo,11
libo,11
rostrum,11
iaculor,11
ingredior,11
iuno,11
fuluus,11
aper,11
discerno,11
idea,11
proprie,11
auspicium,11
rigidus,11
hereditas,11
laboriosus,11
illustris,11
administro,11
africa,11
colus,11
albus,11
querulus,11
elephantus,11
sublatus,11
maledictum,11
floreo,11
casa,11
incestus,11
incessus,11
lues,11
inermis,11
osculum,11
orbitas,11
effor,11
ocius,11
consularis,11
senator,11
iulius,11
reficio,11
proueho,11
equuleus,11
ascribo,11
gaius,11
uolucer,11
anceps,11
palla,11
candidatus,11
flammeus,10
profecto,10
mentio,10
discordia,10
roto,10
pellis,10
breuitas,10
celeriter,10
praesumo,10
rubicundus,10
concursus,10
uitio,10
euanesco,10
dispar,10
praestringo,10
curiosus,10
statio,10
demonstro,10
conicio,10
dimidius,10
fundus,10
secreto,10
senilis,10
aequitas,10
dedisco,10
simulatio,10
celeber,10
ouis,10
peruro,10
ineuitabilis,10
operio,10
duodecim,10
correpo,10
eruptio,10
traicio,10
resido,10
reuello,10
flo,10
mugitus,10
uexatio,10
superne,10
uitalis,10
dirigo,10
sonitus,10
trames,10
uerisimilis,10
diluo,10
maculo,10
aruum,10
trans,10
dehisco,10
punctum,10
reformido,10
ritus,10
mordeo,10
mansuetudo,10
laceratio,10
oblecto,10
inconstantia,10
recognosco,10
imperatum,10
census,10
cynicus,10
stipes,10
penates,10
procuratio,10
consecro,10
parsimonia,10
memoro,10
carthago,10
roma,10
commercium,10
quippe,10
uernus,10
etesia,10
spondeo,10
infringo,10
relaxo,10
praepono,10
insido,10
luxus,10
iumentum,10
lutum,10
dissentio,10
speculor,10
duritia,10
obsequium,10
imprudens,10
audacter,10
compositio,10
nebula,10
redundo,10
comminuo,10
conceptus,10
septem,10
liuius,10
sata,10
adfectus,10
deinceps,10
uario,10
suffundo,10
exterreo,10
extorqueo,10
induro,10
praetura,10
dulcedo,10
abstinentia,10
inscius,10
discribo,10
prehendo,10
uenalis,10
mel,10
gustus,10
grauo,10
perluceo,10
neue,10
laurus,10
puella,10
permisceo,10
libro,10
naufragus,10
contemptor,10
confido,10
latex,10
fibra,10
impar,10
texo,10
amputo,10
expers,10
probatio,10
refulgeo,10
uirga,10
multiplex,10
fulgur,10
irrumpo,10
taeter,10
deuoro,10
intolerabilis,10
exaspero,10
poenus,10
cauea,10
supercilium,10
fascis,10
pinus,10
coquus,10
aegre,10
celo,10
promptus,10
precarius,10
hospitium,10
tus,10
subtraho,10
industrius,10
centum,10
tempore,10
indignatio,10
efferus,10
stygius,10
commutatio,10
globus,9
differentia,9
praescribo,9
diuturnus,9
compages,9
aduocatio,9
irreuocabilis,9
influo,9
pertinaciter,9
limes,9
dispergo,9
oleum,9
coniectura,9
anulus,9
discipulus,9
uitiosus,9
deuito,9
opinor,9
pudeo,9
adorno,9
amoenus,9
defodio,9
pestilens,9
saluber,9
tractatio,9
rima,9
liquor,9
cohibeo,9
leniter,9
accessus,9
centurio,9
incola,9
diuello,9
firmamentum,9
eloquium,9
tumultuor,9
irrigo,9
paulo,9
deuexus,9
pilus,9
deorsum,9
nuto,9
polluo,9
controuersia,9
feliciter,9
tributus,9
applico,9
finitio,9
turpitudo,9
hilaritas,9
cognitio,9
immutabilis,9
unguentum,9
incorruptus,9
fido,9
concors,9
arieto,9
insolentia,9
inaequalis,9
malignitas,9
rutilius,9
animose,9
frustum,9
exsecror,9
ferculum,9
simplicitas,9
publicum,9
scaena,9
destruo,9
praeficio,9
insequor,9
glacies,9
humilitas,9
tenere,9
bilis,9
concubitus,9
distribuo,9
subsum,9
intemperans,9
iniquitas,9
aberro,9
distinctus,9
arguo,9
addico,9
collecta,9
cauillatio,9
concoquo,9
rigo,9
mane,9
inaequalitas,9
tibia,9
constitutum,9
periclitor,9
procurro,9
uitis,9
pererro,9
accepta,9
assensio,9
infantia,9
tamdiu,9
assero,9
igitur,9
tortor,9
animaduerto,9
collis,9
ultrix,9
imparatus,9
alacer,9
instigo,9
iuuenta,9
inhaereo,9
agamus,9
pratum,9
gubernaculum,9
mucro,9
armentum,9
responsum,9
auello,9
pharetra,9
inultus,9
solium,9
chordus,9
filum,9
nutus,9
degener,9
regia,9
designo,9
conuoluo,9
uesanus,9
ossum,9
rictus,9
fodio,9
forsan,9
succumbo,9
interdiu,9
uestimentum,9
confusio,9
diuidus,9
uerum,9
pluma,9
incoho,9
sexus,9
crepitus,9
extum,9
datus,9
deprecor,9
diuisio,9
fortunatus,9
infelicitas,9
dumtaxat,9
conditor,9
festino,9
eueho,9
exstruo,9
langueo,9
sanguineus,9
styx,9
ter,9
immemor,9
abominor,9
gladiator,9
gratulor,9
ignorantia,9
stamen,9
uanitas,9
uacatio,9
consolatio,9
calcar,9
curatio,9
habena,9
instabilis,9
regulus,9
excandesco,9
marcellus,9
forus,9
peregrinus,9
impensa,9
milito,9
immitis,9
horreum,9
tonans,9
pulchritudo,8
superstitio,8
adnoto,8
aduenticius,8
indo,8
inuestigo,8
raritas,8
obseruatio,8
refello,8
fulmino,8
euaporatio,8
propello,8
inflammo,8
haesito,8
dilabor,8
credulus,8
liquidus,8
nisus,8
adhaereo,8
ordinarius,8
exardeo,8
emetior,8
suspectus,8
meridianus,8
sacrificium,8
inuidiosus,8
educatio,8
etsi,8
fideliter,8
abutor,8
successus,8
ingemesco,8
oppidum,8
colonia,8
querela,8
funditus,8
nimbus,8
ignobilis,8
inno,8
surrepo,8
nubila,8
nanciscor,8
cieo,8
possido,8
cauerna,8
haustus,8
perennis,8
recurro,8
pons,8
dolium,8
coniectus,8
eluo,8
collabor,8
deminutio,8
furibundus,8
tenus,8
transcendo,8
annuus,8
ambio,8
pigritia,8
interpres,8
depello,8
flagitium,8
aruus,8
turpiter,8
fomentum,8
uelamentum,8
laudatio,8
quantuscumque,8
prodigus,8
denarius,8
plerumque,8
conscendo,8
tepeo,8
magus,8
profundo,8
cenatio,8
effemino,8
nummus,8
patronus,8
fictilis,8
patienter,8
uolutatio,8
alea,8
impudicus,8
colluctor,8
satur,8
nauta,8
incuruo,8
athenae,8
tribunus,8
inexorabilis,8
quorsum,8
distorqueo,8
caro,8
aboleo,8
contristo,8
contumaciter,8
renascor,8
macero,8
calx,8
largior,8
urna,8
securis,8
plaustrum,8
uiduus,8
coniunctus,8
iugalis,8
languor,8
aggero,8
redux,8
obstrepo,8
probrum,8
iubar,8
frondeo,8
diruo,8
saucius,8
argi,8
lugubris,8
seu,8
robustus,8
affecto,8
piscina,8
raro,8
repraesento,8
detorqueo,8
uindicta,8
squalor,8
ni,8
dissuadeo,8
opportunus,8
calculus,8
reposco,8
detestabilis,8
amabilis,8
mus,8
mullus,8
adueho,8
demergo,8
gurges,8
contentio,8
fastidiosus,8
circumcido,8
monitio,8
geometria,8
horrendus,8
interpello,8
labes,8
morosus,8
prosterno,8
patruus,8
anguis,8
depositum,8
abnuo,8
presso,8
ligo,8
excuso,8
interimo,8
iamdudum,8
intento,8
uector,8
praecurro,8
mimus,8
altrix,8
anus,8
planta,8
profugio,8
inlino,8
perpetior,8
elegantia,8
tueo,8
conuictus,8
uipera,8
refercio,8
solstitium,7
obscuro,7
conglobo,7
aegyptius,7
saturnus,7
uarie,7
perduro,7
particula,7
uolumen,7
intermissio,7
signifer,7
formus,7
religiosus,7
excurro,7
aliquatenus,7
torreo,7
conspicuus,7
singularis,7
sextus,7
secessus,7
munditia,7
matrimonium,7
immeritus,7
temperamentum,7
usura,7
damnatio,7
dubie,7
exanimo,7
retundo,7
intono,7
territus,7
inspectio,7
superfundo,7
inundatio,7
decresco,7
abstrusus,7
possessor,7
aethiopius,7
adminiculum,7
corruo,7
uiolentia,7
stagno,7
confluo,7
puteus,7
pressus,7
citer,7
meo,7
suspirium,7
partio,7
halitus,7
auditor,7
conuello,7
canto,7
rapum,7
uocabulum,7
credibilis,7
commissura,7
religo,7
repercutio,7
introitus,7
adaperio,7
findo,7
laxitas,7
dissilio,7
siculus,7
faber,7
desilio,7
dego,7
praetor,7
territo,7
interritus,7
friuolus,7
dominium,7
eneruis,7
conseruo,7
patrocinium,7
uerendus,7
bestia,7
dependo,7
hebeto,7
uolubilis,7
tutor,7
cicatrix,7
uetustus,7
adoro,7
praecordium,7
perpendo,7
praeses,7
hio,7
studiosus,7
expendo,7
defatigo,7
ala,7
raptor,7
distendo,7
quaeso,7
expugno,7
suppono,7
lepidus,7
tumesco,7
canalis,7
sacerdos,7
abluo,7
noxa,7
uulnero,7
rescindo,7
decimus,7
immodicus,7
gelo,7
patefacio,7
niualis,7
expedite,7
collatio,7
ingeniosus,7
cruditas,7
detego,7
opertum,7
mulier,7
gratiosus,7
impunitus,7
consenesco,7
percello,7
retracto,7
patera,7
adnumero,7
tribus,7
tragicus,7
fluctuor,7
naris,7
area,7
procellosus,7
impulsus,7
sulphur,7
metallum,7
interuentus,7
dicto,7
somnium,7
expergiscor,7
dialecticus,7
culina,7
iniustus,7
iactatus,7
petulans,7
triginta,7
ambo,7
eodem,7
instinctus,7
cognomen,7
surripio,7
priscus,7
sacro,7
furtiuus,7
regimen,7
reflecto,7
reluceo,7
apparo,7
regero,7
consors,7
resero,7
polleo,7
hasta,7
salum,7
tangens,7
lustro,7
caterua,7
fatalis,7
agrestis,7
uecors,7
sospes,7
congredior,7
roscidus,7
gramen,7
stabulum,7
inuius,7
scelestus,7
infidus,7
repleo,7
sudo,7
factura,7
omnino,7
fistula,7
ductus,7
intercipio,7
insatiabilis,7
lancino,7
exactor,7
caelo,7
sucus,7
dissoluo,7
destillo,7
accenseo,7
difficulter,7
distinctio,7
comburo,7
alieno,7
minutatim,7
consuesco,7
deseruio,7
mansuesco,7
meditatio,7
inruo,7
perplexus,7
aperte,7
publico,7
efferuesco,7
diutinus,7
latrocinium,7
substituo,7
inuetero,7
urbanus,7
elegans,7
sagino,7
qualitas,7
quercus,7
pensum,7
stillo,7
beneficus,7
proscriptio,7
uolgaris,7
legatus,7
atrium,7
uestio,7
commentum,7
opifex,7
frequentia,7
egredior,7
stipendium,7
quantuluscumque,7
exhortatio,7
generalis,7
castigatio,7
promo,7
salutatio,7
messis,7
desisto,7
cautus,7
macula,7
cumque,7
spiculum,7
osculor,7
urus,7
contundo,7
cremo,7
sumptus,7
congiarius,7
interficio,7
ursa,7
lectica,7
athleta,7
recreo,7
cornelius,7
egomet,7
insidiosus,7
surdus,7
peripateticus,7
contumacia,7
antonius,7
ursus,7
eneruo,7
uolucris,7
sepulcrum,7
moleste,7
atheniensis,7
conuoco,6
circuitus,6
aequinoctium,6
prodigium,6
defectio,6
uentosus,6
quacumque,6
commoror,6
conflo,6
intemperies,6
flexus,6
septentrio,6
succendo,6
impudens,6
conturbo,6
effulgeo,6
congrego,6
obrepo,6
congruo,6
duplex,6
detero,6
recursus,6
inquisitio,6
liuidus,6
amplector,6
marinus,6
eos,6
rimor,6
uerecundus,6
prouenio,6
dissolutio,6
matrona,6
ingressus,6
traduco,6
antistes,6
galea,6
prouerbium,6
inique,6
impotentia,6
conuersor,6
fur,6
pagus,6
perstringo,6
subterraneus,6
cumulus,6
dicis,6
incolo,6
perforo,6
dirumpo,6
arbustus,6
languesco,6
uastitas,6
casu,6
diurnus,6
umbrosus,6
concieo,6
stratum,6
eleganter,6
gallius,6
peruideo,6
comitium,6
adulo,6
enumero,6
blandimentum,6
inhonestus,6
substantia,6
desidia,6
rosa,6
luxurio,6
magistra,6
iunctura,6
lanio,6
fragilitas,6
debilitas,6
expeditio,6
succingo,6
podagra,6
cursor,6
subministro,6
dispositio,6
detrecto,6
benignitas,6
stips,6
prolabor,6
acerrime,6
indictus,6
obstupefacio,6
existimatio,6
clam,6
despolio,6
deflecto,6
ioco,6
ouidius,6
peruagor,6
insurgo,6
fertilitas,6
dorsum,6
aduro,6
deuoluo,6
septemtrionalis,6
exquiro,6
declino,6
lito,6
hostia,6
uitreus,6
reluctor,6
salubris,6
distineo,6
decoquo,6
fumo,6
scyphus,6
pictura,6
adulescentulus,6
trudo,6
amissio,6
ostentatio,6
affundo,6
clausula,6
aspere,6
familiariter,6
adhortatio,6
expando,6
collectio,6
efflo,6
item,6
retorqueo,6
sublabor,6
cuniculus,6
zephyrus,6
hannibal,6
tonitrus,6
stolidus,6
prauitas,6
grauiter,6
inexpertus,6
nauigatio,6
aeternitas,6
tussis,6
funebris,6
mediocris,6
peregrinor,6
inhabilis,6
auius,6
tergiuersor,6
trepidatio,6
sopio,6
ludicer,6
censura,6
farcio,6
credulitas,6
insanabilis,6
communico,6
persoluo,6
acumen,6
iactans,6
inserto,6
annosus,6
crucio,6
strues,6
uidua,6
caelebs,6
taeda,6
repudium,6
uotiuus,6
expromo,6
prora,6
releuo,6
populo,6
bellicus,6
funis,6
plango,6
gradior,6
maenas,6
senus,6
cassus,6
implicitus,6
exanimis,6
opperior,6
aueho,6
consortium,6
uago,6
porticus,6
incultus,6
figuro,6
uitrum,6
uiridis,6
geometres,6
iuxta,6
apte,6
interitus,6
apprehendo,6
claua,6
habilis,6
fors,6
aro,6
exsupero,6
millies,6
inauditus,6
contemplo,6
frumentum,6
sortitus,6
interscindo,6
exceptio,6
sceleratus,6
rite,6
confligo,6
capitalis,6
faenerator,6
comparatio,6
benigne,6
exaestuo,6
absentia,6
antrum,6
ebriosus,6
praesertim,6
protraho,6
philippus,6
exercitatus,6
terrestris,6
defectus,6
senium,6
autumnus,6
informis,6
rete,6
permuto,6
coquo,6
guttur,6
moene,6
centenus,6
cancer,6
faenero,6
suboles,6
tunica,6
sacerdotium,6
pirata,6
callidus,6
sella,6
aestimator,6
sedo,6
arca,6
delinquo,6
negotior,6
agger,6
macies,6
rodo,6
mansuetus,6
mino,6
incesso,6
aduentus,6
aenus,6
contactus,6
grauor,6
plebeius,6
lorum,6
latratus,6
iuuencus,6
iuuenilis,6
abscisus,6
cunctatio,6
obuiam,6
fabius,6
praetorius,6
indoctus,6
seruator,6
cn,6
ceruus,6
migro,6
obsidio,6
perfecte,6
prudenter,6
adiutor,6
exseco,6
domi,6
gestus,6
gestio,6
insons,6
uomo,6
meto,6
amans,6
mulceo,6
intractabilis,6
solamen,6
orbus,6
comploro,6
polenta,6
maecenas,6
conticesco,6
accusator,6
memorabilis,6
animaduersio,6
documentum,6
serpo,6
misericors,6
diripio,6
nouo,6
immoderatus,6
dedico,6
foeditas,6
stimulo,6
ueneratio,6
consector,6
diffugio,5
chaldaeus,5
uelociter,5
praeteruolo,5
constitutus,5
meridies,5
inconstans,5
uterlibet,5
uertigo,5
lunaris,5
coacto,5
appropinquo,5
coitus,5
gyrus,5
obscuritas,5
coaceruo,5
crassitudo,5
praecipitatio,5
probabilis,5
aequinoctialis,5
historicus,5
relatus,5
commendatio,5
mendax,5
fumidus,5
coniunctio,5
dexter,5
concentus,5
successio,5
tarditas,5
aries,5
cardo,5
delitesco,5
polio,5
que,5
institutio,5
uiaticum,5
priusquam,5
inimicitia,5
honestas,5
aegritudo,5
actium,5
enormis,5
desido,5
exorior,5
mergus,5
supernus,5
limosus,5
petra,5
insisto,5
effringo,5
campania,5
intercludo,5
anhelitus,5
moratus,5
irrepo,5
uegetus,5
abripio,5
disturbo,5
obsisto,5
paluster,5
impendeo,5
appositus,5
neptunus,5
sido,5
internus,5
procumbo,5
caenum,5
limus,5
insuetus,5
hesperius,5
hispania,5
aliquanto,5
neglegenter,5
lancea,5
defensor,5
infectus,5
contemptio,5
euagor,5
inaestimabilis,5
sollers,5
coicio,5
dedecus,5
audaciter,5
suggero,5
circumstrepo,5
palatum,5
desidiosus,5
specimen,5
inexplebilis,5
sector,5
ploro,5
sacramentum,5
inuiolatus,5
libidinosus,5
deminuo,5
auersor,5
curius,5
censorius,5
obuenio,5
quaestus,5
gratulatio,5
triumpho,5
coniungo,5
machina,5
adulator,5
blanditia,5
reuerentia,5
detestor,5
saturo,5
nouem,5
intumesco,5
septemtrio,5
congestus,5
tenuo,5
refrigesco,5
gutta,5
ros,5
admixtus,5
immolo,5
munusculum,5
tepor,5
argenteus,5
officio,5
iurgium,5
stipo,5
praecordia,5
properus,5
faenus,5
uesica,5
insuper,5
sponsor,5
calamitosus,5
obiurgatio,5
adflictus,5
lectulus,5
lac,5
cella,5
definitio,5
uiritim,5
tabesco,5
promineo,5
confragosus,5
primum,5
eurus,5
boreas,5
binus,5
caurus,5
prorogo,5
debilito,5
insidior,5
fastus,5
refreno,5
magnanimus,5
uiginti,5
equester,5
exulo,5
demereo,5
lenitas,5
rescribo,5
tiro,5
dominator,5
edax,5
excolo,5
circus,5
ennius,5
delabor,5
edisco,5
excaeco,5
tondeo,5
hactenus,5
ductor,5
almus,5
domitor,5
coniugium,5
horresco,5
uirgineus,5
delubrum,5
aratrum,5
ubinam,5
inhorresco,5
remex,5
lasciuio,5
nauita,5
effrenus,5
seruitium,5
fabrico,5
garrulus,5
conqueror,5
uitta,5
anhelus,5
destringo,5
suscito,5
troius,5
draco,5
insulto,5
ostrum,5
prae,5
respergo,5
obsolesco,5
ualetudinarius,5
culmen,5
inspico,5
transcribo,5
insideo,5
conchylium,5
opportunitas,5
impurus,5
hercule,5
pertimesco,5
ludibrium,5
obuerto,5
iurisconsultus,5
natiuus,5
ouum,5
iactus,5
fulguro,5
consero,5
conterreo,5
capitolium,5
eludo,5
potus,5
commuto,5
deuoueo,5
uncus,5
trecenti,5
obnitor,5
inefficax,5
transfodio,5
proscribo,5
offensio,5
recolligo,5
commeatus,5
medico,5
suppleo,5
inexercitatus,5
gallus,5
cerebrum,5
temerarius,5
lana,5
pessum,5
exporto,5
ilex,5
charybdis,5
superbe,5
admonitus,5
assiduitas,5
dignatio,5
praecingo,5
nomenclator,5
anilis,5
opimus,5
inmodicus,5
petulantia,5
lenocinium,5
propago,5
spatiosus,5
quantulum,5
sagacitas,5
tegumentum,5
harundo,5
transigo,5
instar,5
ambulatio,5
caecitas,5
alicubi,5
exulcero,5
octoginta,5
annalis,5
oraculum,5
corroboro,5
circumsono,5
compar,5
paco,5
inritamentum,5
recito,5
retorridus,5
remetior,5
ostrea,5
irrogo,5
excellens,5
progenies,5
chalybs,5
uellus,5
succenseo,5
classicus,5
polliceor,5
fertus,5
penetralis,5
a,5
ieiunus,5
strido,5
opacus,5
zona,5
impressus,5
ango,5
arrogantia,5
intempestiuus,5
supinus,5
uellico,5
sextius,5
deludo,5
praesente,5
magnanimitas,5
catulus,5
perfidia,5
eloquor,5
destillatio,5
fiscus,5
alexandrinus,5
centesimus,5
frequento,5
euello,5
merx,5
confodio,5
ostiarius,5
hortus,5
octauius,5
ueteranus,5
fatuus,5
libertus,5
causidicus,5
diuum,5
auunculus,5
thyrsus,5
quiuis,5
unguis,5
ceres,5
exsecrabilis,5
aliquid,5
defigo,5
proteruus,5
era,5
glacialis,5
aceo,5
amictus,5
monile,5
obstino,5
flauus,5
sidereus,5
radio,5
pridem,5
sal,5
compareo,5
uenerabilis,5
sputum,5
uallum,5
mucius,5
pupillus,5
seditiosus,5
collega,5
murena,5
stilus,5
permulceo,5
apis,5
auditus,5
sons,5
uiuax,5
obsum,5
pulsus,5
concinno,5
iniussus,5
carina,5
cereus,5
immortalitas,5
persto,5
tolerantia,5
caseus,5
seruulus,5
coercitio,5
quaestiuncula,5
abstergeo,5
continentia,5
centiens,5
urbanitas,5
commilito,5
piso,5
conclamo,4
inueho,4
exhalo,4
complures,4
eluctor,4
turbulentus,4
nutrimentum,4
illustro,4
mercurius,4
fenestra,4
exortus,4
confinius,4
productum,4
principatus,4
depasco,4
semita,4
erratum,4
gelu,4
arto,4
intexo,4
uestibulum,4
promiscue,4
inuerto,4
impudicitia,4
academicus,4
pantomimus,4
oblittero,4
mehercule,4
praeuenio,4
ministra,4
laudabilis,4
sin,4
loquax,4
denudo,4
moderate,4
delego,4
admisceo,4
indemnis,4
obiectus,4
effugium,4
latissime,4
superpositus,4
saliua,4
strangulo,4
acte,4
transcursus,4
ualenter,4
sentina,4
nauigabilis,4
pacatum,4
refundo,4
obstruo,4
spolio,4
merso,4
laxamentum,4
freno,4
concussio,4
penetrabilis,4
succutio,4
cauo,4
abrado,4
patulus,4
accidens,4
affectio,4
rixor,4
olympus,4
appono,4
monstruosus,4
clemens,4
oberro,4
subsequor,4
pauimentum,4
retego,4
uexillum,4
constanter,4
laelius,4
sexaginta,4
dissonus,4
corono,4
respiro,4
tortus,4
comitas,4
sagina,4
fornix,4
despecto,4
aduolo,4
degenero,4
suspiciosus,4
cliuus,4
effingo,4
exsoluo,4
allium,4
exprobratio,4
clauus,4
aluus,4
censor,4
proauus,4
inculco,4
perperam,4
promiscuus,4
scapula,4
subtexo,4
prouisus,4
sis,4
rusticitas,4
comminus,4
amator,4
indecorus,4
examino,4
derisus,4
inundo,4
egressus,4
septeni,4
reuerbero,4
conquiesco,4
mercator,4
lucerna,4
speculator,4
pullus,4
pungo,4
paciscor,4
procido,4
aeneus,4
alpis,4
litteratus,4
mercor,4
incalesco,4
prandium,4
institor,4
officina,4
dedeceo,4
postulo,4
circumscriptio,4
fabricius,4
capesso,4
deuincio,4
profusus,4
officiosus,4
acerbitas,4
infamo,4
uoluptarius,4
como,4
comicus,4
uicus,4
innascor,4
relanguesco,4
dissimilitudo,4
ubertas,4
propemodum,4
desuper,4
immerito,4
maturitas,4
promoueo,4
hilarus,4
aedifico,4
dubitatio,4
deprauo,4
suffigo,4
suffragium,4
argutus,4
excubo,4
hospitalis,4
obstipesco,4
pascuus,4
distringo,4
erado,4
scite,4
auctoramentum,4
adiungo,4
amplexor,4
auide,4
sanabilis,4
perfruor,4
consono,4
acclamo,4
ambiguitas,4
docilis,4
transfundo,4
parricidium,4
pristinus,4
uigilo,4
philologus,4
uocatus,4
auspicor,4
quaesitor,4
deuinco,4
pudicus,4
primo,4
incensus,4
purpureus,4
aequoreus,4
lyra,4
cuspis,4
redimio,4
grandaeuus,4
eu,4
emptum,4
surruo,4
uelo,4
sonipes,4
raucus,4
defessus,4
gemino,4
phoebe,4
relabor,4
triformis,4
crudus,4
stymphalis,4
mycenae,4
merum,4
truculentus,4
edissero,4
formica,4
adfundo,4
denuntiatio,4
transuolo,4
syracusae,4
pilum,4
circumuenio,4
luteus,4
subtiliter,4
diuersitas,4
pauo,4
specula,4
multiplico,4
innato,4
aduento,4
obliquo,4
fabella,4
dictus,4
incognitus,4
satisfacio,4
nosmet,4
potior,4
deterius,4
continuatio,4
consummatio,4
alibi,4
concremo,4
maius,4
dissolutus,4
uagina,4
uermis,4
propitio,4
expiatio,4
procuro,4
consiliarius,4
sacrilegus,4
aedes,4
re,4
compendium,4
inuocatus,4
tignum,4
concludo,4
funda,4
dudum,4
taxo,4
placide,4
torpor,4
ianitor,4
exsanguis,4
offundo,4
exturbo,4
hesternus,4
perdomo,4
conflagratio,4
anhelo,4
salsus,4
rigesco,4
mano,4
arcadia,4
putresco,4
palpito,4
ignauia,4
exsicco,4
letalis,4
no,4
purgamentum,4
induresco,4
tacite,4
testa,4
diluuium,4
excio,4
lineamentum,4
oporteo,4
salio,4
debitor,4
largitio,4
solor,4
interpretatio,4
pictor,4
argumentatio,4
discindo,4
doma,4
praedium,4
uilicus,4
culmus,4
cratis,4
parabilis,4
cauda,4
edoceo,4
genius,4
uasum,4
accidentia,4
incruentus,4
institutum,4
aggrauo,4
diffluo,4
inausus,4
scisco,4
scintilla,4
effrenatus,4
marcidus,4
insepultus,4
transmissus,4
praeteruehor,4
particulatim,4
monitor,4
perbibo,4
praeoccupo,4
leuamentum,4
plurimum,4
as,4
aliquot,4
admirator,4
perlego,4
compos,4
praesideo,4
sanies,4
consultum,4
amoueo,4
monitus,4
furia,4
ieiunium,4
immaturus,4
atrox,4
stridor,4
caminus,4
diuino,4
immugio,4
culter,4
mola,4
subsilio,4
trisulcus,4
supplico,4
asperitas,4
rogatus,4
persicus,4
missio,4
damma,4
negotiatio,4
spongia,4
praefringo,4
contexo,4
administratio,4
impietas,4
quinquagesimus,4
quintus,4
praeco,4
respectus,4
illudo,4
illigo,4
debello,4
morbidus,4
foro,4
liuor,4
tabella,4
necessitudo,4
caritas,4
suborno,4
aemulus,4
sexagesimus,4
mathematicus,4
conuictor,4
marcus,4
alluo,4
frugi,4
ianua,4
talus,4
exsequia,4
luctificus,4
hymenaeus,4
graius,4
cadmeus,4
belliger,4
reclinis,4
adultus,4
fauus,4
uolito,4
niuosus,4
meta,4
ungula,4
hastile,4
caespes,4
contamino,4
corniger,4
postis,4
excepto,4
praetendo,4
ignifer,4
fucus,4
necdum,4
uociferatio,4
lethe,4
requiesco,4
colaphus,4
catonium,4
adopto,4
ei,4
uocifero,4
gestatio,4
imploro,4
nausia,4
contubernalis,4
accommodo,4
insignio,4
pannus,4
hortulus,4
exclamatio,4
emendatio,4
perpes,4
dinosco,4
percussor,4
arrideo,4
blande,4
coleus,4
uenator,4
obtero,4
configo,4
muliercula,4
tabidus,4
quieto,4
fatidicus,4
gremium,4
requiro,4
uadimonium,4
index,4
suburbanus,4
symphonia,4
praeclarus,4
summe,4
africanus,4
mula,4
nausio,4
reclino,4
intemptatus,4
dicax,4
reueho,4
sapienter,4
requies,4
familiaritas,4
eleuo,4
erebus,4
ingemo,4
seditio,4
angusto,4
concupio,4
subleuo,4
simultas,4
imprecor,4
hiemo,4
intorqueo,3
exhalatio,3
extundo,3
radicitus,3
colluceo,3
crinitus,3
luctatio,3
pertendo,3
imprimis,3
uespertinus,3
atomus,3
compactus,3
spiramentum,3
molitio,3
ephorus,3
commune,3
erraticus,3
procerus,3
lustrum,3
clipeus,3
repo,3
porricio,3
tricesimus,3
attribuo,3
fungus,3
proruo,3
igniculus,3
comminiscor,3
uirilitas,3
successor,3
pulpitum,3
quatenus,3
insperatus,3
chirographum,3
miserabilis,3
adiaceo,3
transuerbero,3
summergo,3
uorago,3
captiuitas,3
magnificentia,3
dimoueo,3
immodice,3
affluo,3
uapulo,3
prospectus,3
apparens,3
enarro,3
mugio,3
commeo,3
imperturbatus,3
mobilitas,3
pastus,3
obiaceo,3
lotos,3
circum,3
structura,3
euersio,3
torpesco,3
sempiternus,3
discidium,3
residuus,3
minitor,3
cohorto,3
profligo,3
maleuolentia,3
procer,3
deerro,3
definio,3
coarto,3
sublimitas,3
ignoratio,3
stabilio,3
infesto,3
titillo,3
indiscretus,3
aedilis,3
insuperabilis,3
clare,3
exultatio,3
fluentum,3
adiunctus,3
contumeliose,3
parento,3
superfluo,3
pauculus,3
inuidus,3
patibulum,3
hoc,3
restinguo,3
sarcio,3
praetextatus,3
obluctor,3
perseuerantia,3
increpo,3
clamito,3
professor,3
imperiosus,3
minium,3
lictor,3
infeliciter,3
siccitas,3
arator,3
obtusus,3
bini,3
reciprocus,3
latitudo,3
allino,3
delphinus,3
spina,3
assicco,3
pertundo,3
aquosus,3
glomero,3
pruina,3
imbrifer,3
remisceo,3
labefacio,3
agrellus,3
antiquitas,3
plaudo,3
balnearius,3
large,3
interquiesco,3
raptim,3
excoquo,3
castra,3
contego,3
intercedo,3
leno,3
tenebra,3
paulisper,3
cumulo,3
inhumanitas,3
aucupor,3
despumo,3
perspicuus,3
reminiscor,3
summatim,3
immundus,3
pluuialis,3
spons,3
absumo,3
socio,3
promunturium,3
armamenta,3
repto,3
africus,3
ternus,3
solstitialis,3
graece,3
corium,3
salubritas,3
uentilo,3
sepultura,3
trucido,3
indus,3
castrensis,3
inexplicabilis,3
tuber,3
sibilo,3
sibilus,3
reclamo,3
conuexus,3
proludo,3
mature,3
decretorius,3
circumiectus,3
corruptor,3
fraudulentus,3
oblectatio,3
subdolus,3
tyrannis,3
exarmo,3
repulsus,3
serenitas,3
latrunculus,3
inexspectatus,3
inquilinus,3
deuersorium,3
pugillaris,3
syllogismus,3
migratio,3
amphora,3
tractabilis,3
deuerto,3
uomito,3
guberno,3
spinosus,3
incolumitas,3
communiter,3
rebello,3
sacrificus,3
nuptialis,3
auspicatus,3
procax,3
pubes,3
uocalis,3
chelys,3
recenseo,3
lampas,3
grates,3
fatus,3
scutum,3
sulco,3
spuma,3
tonsa,3
pandus,3
anteeo,3
contorqueo,3
leuamen,3
antemna,3
resplendeo,3
altisonus,3
incomptus,3
barbaricus,3
lacrimo,3
modulor,3
nidus,3
infula,3
caeles,3
semustus,3
ile,3
agamemnon,3
refoueo,3
lente,3
hesperus,3
eheu,3
phryx,3
prouidus,3
bacchus,3
emeritus,3
paedor,3
saepio,3
coelestis,3
bello,3
detergeo,3
praerapidus,3
capra,3
excessus,3
mediocriter,3
castor,3
temperatura,3
oblique,3
replico,3
stilla,3
columba,3
contradictio,3
inuro,3
obtexo,3
competo,3
euanidus,3
aliquantus,3
obscenitas,3
inguen,3
prostituo,3
obtendo,3
attrecto,3
ornatus,3
nexus,3
pressura,3
exilitas,3
discerpo,3
discus,3
tenuitas,3
duplico,3
comminatio,3
concalesco,3
ballista,3
discretus,3
fuligo,3
hedera,3
illaesus,3
ducenti,3
liquesco,3
triduum,3
uenenatus,3
caecinus,3
terebro,3
etruscus,3
placabilis,3
allido,3
inoffensus,3
prorogatiuus,3
stata,3
inuitatus,3
cortex,3
facundus,3
sterilitas,3
praepondero,3
paradoxus,3
mutuor,3
calumnior,3
beneuolentia,3
contractio,3
aspernatio,3
euripus,3
superiacio,3
ruber,3
pulmo,3
luridus,3
fecunditas,3
amaritudo,3
crusta,3
quassatio,3
primordium,3
complus,3
intermisceo,3
garum,3
gusto,3
sollertia,3
uiuarium,3
transfiguro,3
saxeus,3
lapideus,3
intepesco,3
aduena,3
lycius,3
alias,3
olympia,3
stercus,3
incresco,3
ingruo,3
deueho,3
curuatura,3
ordior,3
istinc,3
fluuius,3
fabulosus,3
homicida,3
proditor,3
macedonus,3
epulum,3
decursus,3
periculose,3
praesum,3
octauus,3
clauis,3
quadratum,3
cuneus,3
ferramentum,3
calix,3
subtemen,3
inusitatus,3
excidium,3
aequanimitas,3
portentosus,3
emollio,3
absurdus,3
procurator,3
cinctus,3
discingo,3
obstinatio,3
uanum,3
suffusio,3
specialis,3
oboedio,3
reformo,3
patesco,3
insusurro,3
exstirpo,3
laudator,3
ducto,3
contemplatiuus,3
peruigilo,3
uomitus,3
callum,3
carnis,3
crapula,3
homicidium,3
magisterium,3
sumptuosus,3
deciens,3
uultur,3
etenim,3
furius,3
stadium,3
alludo,3
posteritas,3
profor,3
exspuo,3
inspiro,3
assisto,3
siluester,3
sagax,3
rependo,3
uigil,3
lituus,3
recumbo,3
feralis,3
contrecto,3
madidus,3
famularis,3
expulso,3
inhospitalis,3
praeripio,3
onerosus,3
festinatio,3
inlibatus,3
puluinus,3
margarita,3
affabilis,3
examen,3
talentum,3
lusor,3
bestiarius,3
lentulus,3
quater,3
aquila,3
stulte,3
scalpellum,3
arripio,3
indiuiduus,3
calamus,3
compendiarius,3
termino,3
inopinans,3
lautitia,3
detractio,3
concordo,3
procinctus,3
segnitia,3
simpliciter,3
tubicen,3
obtingo,3
erga,3
excalceo,3
pallas,3
strenuus,3
latinus,3
adsuetus,3
recordor,3
percenseo,3
peragro,3
sensim,3
eniteo,3
pugnus,3
quattuordecim,3
emptor,3
pactum,3
mercenarius,3
transfugio,3
transfuga,3
subscriptio,3
proceritas,3
musca,3
agr,3
naualis,3
bucca,3
uua,3
contortus,3
plectrum,3
uafer,3
mulio,3
nugae,3
britannia,3
faba,3
diua,3
claudus,3
fritillus,3
martius,3
tiberis,3
euolo,3
polybius,3
tessera,3
mandatus,3
semifer,3
sphinx,3
frugifer,3
recrudesco,3
etiamnum,3
aduoluo,3
pie,3
parthicus,3
capulus,3
gaza,3
innumerus,3
coruscus,3
sator,3
ascisco,3
autumo,3
fagus,3
scythicus,3
immorior,3
ponticus,3
ocior,3
mitra,3
uiriliter,3
lamentatio,3
armifer,3
deuius,3
dumus,3
semianimis,3
forensis,3
coniuro,3
modeste,3
litigans,3
progredior,3
conclamatus,3
concursatio,3
grabattus,3
saturitas,3
prometheus,3
uacillo,3
imaginarius,3
uigilans,3
misere,3
scriba,3
legens,3
machinamentum,3
excarnifico,3
imprudentia,3
decrepitus,3
colloquium,3
sabinus,3
achilles,3
troianus,3
adimo,3
obuersor,3
inualidus,3
obturbo,3
proclamo,3
conuentio,3
contrucido,3
bellona,3
uallo,3
aerumnosus,3
regressus,3
numerarius,3
aculeus,3
impune,3
insuo,3
spica,3
nodosus,3
praedo,3
fel,3
magicus,3
uomer,3
modice,3
accipiter,3
libycus,3
uiuidus,3
innutrio,3
degusto,3
professio,3
copulo,3
enuntio,3
insidia,3
inuulnerabilis,3
imminuo,3
irritatio,3
inlaesus,3
satus,3
foedo,3
comprobo,3
probitas,3
oct,3
culta,3
funereus,3
decerpo,3
coalesco,3
organum,3
mediocritas,3
inseparabilis,3
inexsuperabilis,3
lymphatus,3
oliuetum,3
uiator,3
tractatus,3
circulo,3
dicio,3
repurgo,3
sullanus,3
sustento,3
legitimus,3
argus,3
gemmifer,3
megaera,3
bassus,3
conuerso,3
mollitia,3
mendicus,3
acus,3
actuosus,3
admirandus,3
eruditio,3
comedo,3
argutiae,3
strata,3
centaurus,3
arcas,3
recordatio,3
placenta,3
austeritas,3
consolator,3
here,3
assurgo,3
assector,3
perpessio,3
collegium,3
feriae,3
effligo,3
inanimus,3
translatio,3
legatio,3
perscrutor,3
pinguesco,3
dedignor,3
ignominiosus,3
inspuo,3
crudeliter,3
pronepos,3
fluctuatio,3
libere,3
adhoc,3
atrius,3
bibulus,3
lucretius,3
inquies,3
fidiculae,3
catilina,3
factio,3
actor,3
calumniator,3
praeualeo,3
spatior,3
fossa,3
scortum,3
criminatio,3
honorificus,3
incursito,3
ergastulum,3
semiliber,3
caudex,3
sciscitor,2
concretum,2
conuersio,2
elaboro,2
inquisitor,2
praetermitto,2
comperio,2
refluo,2
concitatio,2
orbita,2
conuentus,2
flauesco,2
intercurro,2
enarratio,2
lacteus,2
undecimus,2
tumultuarius,2
hac,2
albesco,2
lacuna,2
obtego,2
alternis,2
notesco,2
obumbro,2
libra,2
reuiso,2
amplitudo,2
concresco,2
achaia,2
macedonia,2
initio,2
sacrarium,2
armatura,2
dissensio,2
reconciliatio,2
commodum,2
insolenter,2
morus,2
sescenti,2
consternatio,2
castellum,2
tonitruum,2
cogitate,2
nugatorius,2
suffoco,2
irruptio,2
labefacto,2
introrsum,2
refrigero,2
antea,2
introspicio,2
prorumpo,2
distermino,2
ineluctabilis,2
prorepo,2
achaius,2
eructo,2
diffindo,2
denso,2
s,2
congregatio,2
curso,2
perfluo,2
maligne,2
discessio,2
uersabilis,2
saeptum,2
perlustro,2
sonorus,2
chius,2
spelunca,2
madefactus,2
subiectus,2
aegaeus,2
salebra,2
subiacens,2
infirmo,2
buris,2
subter,2
ceu,2
oppleo,2
tegimen,2
inanitas,2
aresco,2
uolatus,2
liueo,2
ingrauesco,2
euomo,2
lymphaticus,2
interluo,2
auricula,2
abundantia,2
tranquille,2
incomprehensibilis,2
exsecratio,2
exporrigo,2
liberaliter,2
copula,2
puluerulentus,2
callosus,2
fuco,2
mirator,2
parate,2
tergiuersatio,2
haesitatio,2
proscindo,2
peruello,2
tympanum,2
inscriptio,2
ancilla,2
uenor,2
indago,2
paedagogium,2
ancora,2
refigo,2
uenustus,2
exinanio,2
apricus,2
indifferentia,2
repudio,2
hospitor,2
infrunitus,2
promereo,2
thesaurus,2
substerno,2
stragulus,2
circensis,2
incursio,2
arduum,2
proditio,2
impenetrabilis,2
perfrico,2
germanium,2
canicula,2
praelabor,2
campester,2
computatio,2
atlanticus,2
niloticus,2
frigo,2
exaresco,2
alterno,2
eruum,2
obrussa,2
paenula,2
agnus,2
graphium,2
uineus,2
perflo,2
miliarium,2
unguentarius,2
emorior,2
boletus,2
tepesco,2
decumbo,2
macellus,2
putidus,2
consaeptum,2
masculus,2
pactio,2
frugalis,2
dictio,2
diffido,2
abhorreo,2
exsatio,2
determino,2
conquestio,2
amissus,2
dimidium,2
comprecor,2
cognatio,2
oratorius,2
affor,2
calumnia,2
paucitas,2
nebulosus,2
muscus,2
antelucanus,2
conuallis,2
propterea,2
somniculosus,2
conglobatio,2
repercussus,2
lutulentus,2
occiduus,2
horrifer,2
madesco,2
usurpo,2
fauonius,2
argestes,2
uoueo,2
folliculus,2
respublica,2
superabilis,2
praesagus,2
temperies,2
permoueo,2
experientia,2
transueho,2
simus,2
decliuis,2
membratim,2
segrego,2
spectabilis,2
sternumentum,2
cursim,2
relego,2
perite,2
accola,2
imaginor,2
recurso,2
praenuntio,2
attentus,2
profectio,2
sumministro,2
furto,2
conuiuo,2
conuiuor,2
formidabilis,2
indocilis,2
garrulitas,2
compilo,2
taberna,2
paullum,2
persido,2
semiuir,2
misereo,2
inlicitus,2
auguralis,2
commentarius,2
creta,2
nauseabundus,2
commonstro,2
hortator,2
instructus,2
amando,2
efficientia,2
trigeminus,2
bipennis,2
turgeo,2
augur,2
accingo,2
commorior,2
ultor,2
bellicosus,2
securiger,2
genialis,2
propere,2
innubus,2
buxus,2
impense,2
abauus,2
obtestor,2
allabor,2
peruicax,2
reuomo,2
fluito,2
trunco,2
tento,2
amburo,2
hosticus,2
quini,2
despondeo,2
turma,2
uirago,2
olor,2
bacchor,2
praefulgeo,2
arabs,2
biga,2
aurora,2
crepito,2
exuuia,2
hispidus,2
grator,2
st,2
domito,2
reseco,2
derogo,2
causarius,2
deriuo,2
implexus,2
eiecto,2
planities,2
nauticus,2
assilio,2
circumpono,2
intercursus,2
pluo,2
peluis,2
peruinco,2
quomodocumque,2
uirgula,2
densitas,2
roro,2
libramentum,2
maculosus,2
desideo,2
accendium,2
fallacia,2
concerno,2
huiusmodi,2
conecto,2
diductio,2
amphitheatrum,2
referio,2
expurgo,2
subiaceo,2
necessario,2
massa,2
aceruus,2
elicio,2
udus,2
pumex,2
praenuntia,2
frutex,2
affrico,2
loculus,2
euidens,2
tuscus,2
diuinatio,2
coruus,2
moto,2
deleo,2
diuinitus,2
haruspex,2
fusco,2
decoloro,2
manubia,2
peritia,2
poeticus,2
fumosus,2
peruolo,2
deiectio,2
talio,2
ubilibet,2
relatio,2
uenditor,2
commemoratio,2
maleficium,2
obrigesco,2
conditiuus,2
emunio,2
euocatus,2
pigre,2
cunctanter,2
ueternosus,2
sepulchrum,2
captiosus,2
subula,2
arista,2
fatigatio,2
explano,2
defensa,2
temulentus,2
coorior,2
inconfusus,2
percuro,2
obduresco,2
explodo,2
bitumen,2
hamus,2
olla,2
fraudo,2
piscator,2
gerulus,2
puteo,2
uirus,2
differtus,2
latebrosus,2
nitrum,2
tubus,2
boeotius,2
ponderosus,2
scabies,2
rhodium,2
fimum,2
inobseruatus,2
stramentum,2
puerperium,2
adolesco,2
succresco,2
uirgultum,2
restagno,2
stupor,2
decutio,2
undo,2
secus,2
creticus,2
circumfluo,2
liquefacio,2
incontinens,2
effetus,2
infitior,2
erogo,2
emancipo,2
thalia,2
uestalis,2
belle,2
restringo,2
torquis,2
ciuicus,2
dehonesto,2
cruento,2
accresco,2
superfluens,2
gregalis,2
corinthius,2
pacator,2
affectatio,2
latifundium,2
uobiscum,2
fabrica,2
suffodio,2
serra,2
uiscum,2
laquearia,2
siluestris,2
excauo,2
pecten,2
itero,2
granum,2
figulus,2
smaragdus,2
delenio,2
obsolefio,2
improuisus,2
pistrix,2
arcula,2
integritas,2
interiaceo,2
eluceo,2
diserte,2
iugulo,2
adamo,2
litterarius,2
sancte,2
adiuto,2
eualesco,2
eneco,2
conitor,2
imperitia,2
exsecutio,2
efficaciter,2
edictum,2
suasio,2
retexo,2
discrucio,2
conformo,2
soloecismus,2
dogma,2
decolor,2
repens,2
aegrotatio,2
pistor,2
purulentus,2
spondylus,2
echinus,2
consterno,2
multiformis,2
morum,2
insinuo,2
robigo,2
desudo,2
flagitiosus,2
timide,2
innecto,2
salto,2
descriptio,2
columen,2
uiresco,2
splendesco,2
furialis,2
pallesco,2
grauidus,2
sanctitas,2
recludo,2
abiecto,2
metor,2
peruigil,2
cogitatum,2
uestigo,2
sus,2
obses,2
ferreus,2
taxus,2
cupressus,2
chlamys,2
ululo,2
bustum,2
trinus,2
ast,2
uitulus,2
epulor,2
flammo,2
candeo,2
resupinus,2
inflecto,2
gentilis,2
defundo,2
exanimus,2
tergeminus,2
coniugalis,2
gratis,2
tempestiue,2
praedicatio,2
deductio,2
confestim,2
sacculus,2
triumuiralis,2
circumduco,2
foede,2
resupino,2
collusor,2
languidius,2
remisse,2
pensio,2
delicate,2
humiliter,2
impudentia,2
emolumentum,2
conscisco,2
decenter,2
spurcus,2
faustus,2
honesto,2
exitiosus,2
intolerandus,2
expallesco,2
consentaneus,2
euerro,2
uisceratio,2
missilis,2
deuenio,2
auidius,2
degrauo,2
conseruatio,2
uenabulum,2
poples,2
indeclinabilis,2
trossulus,2
depugno,2
amplifico,2
damnosus,2
deposco,2
purpuratus,2
increbresco,2
tabernaculum,2
ibis,2
odiosus,2
muliebriter,2
alteruter,2
perscribo,2
conculco,2
peculium,2
isthmus,2
personatus,2
stratus,2
interiacio,2
ueneficium,2
cautio,2
addictus,2
priuilegium,2
infitiator,2
diuortium,2
reprehensio,2
cibarius,2
uestiarium,2
domitius,2
asseruo,2
rufus,2
senatorius,2
pridie,2
stemma,2
extraordinarius,2
perpetuitas,2
idus,2
septimus,2
capsula,2
incomitatus,2
cithara,2
decollo,2
cloaca,2
postmeridianus,2
romulus,2
uoro,2
facundia,2
socrus,2
itus,2
cyllenius,2
tanquam,2
saturnalia,2
cerberus,2
asinius,2
pedum,2
interfector,2
condemno,2
sisyphius,2
rubus,2
desertor,2
silex,2
inextricabilis,2
condus,2
arctos,2
inferia,2
proculco,2
absisto,2
proloquor,2
praesagio,2
pacta,2
praepes,2
harpyia,2
indutia,2
aedis,2
reuincio,2
equitatus,2
alnus,2
rado,2
cerua,2
uillosus,2
procus,2
illicitus,2
perosus,2
praeditus,2
exosus,2
conubium,2
lasciuus,2
renideo,2
ferax,2
spumeus,2
uirgatus,2
luno,2
pelta,2
fluxus,2
innocuus,2
dumetum,2
crista,2
miseret,2
regnator,2
biformis,2
thyrsiger,2
indium,2
intonsus,2
pampineus,2
montiuagus,2
tinnitus,2
intego,2
hirtus,2
cres,2
euersor,2
actaea,2
quonam,2
construo,2
tergus,2
squamosus,2
praetento,2
retento,2
sudis,2
phrygius,2
parumper,2
tartareus,2
acheron,2
laniatus,2
desaeuio,2
mercedula,2
intrepide,2
numeratio,2
scriptor,2
testamentum,2
salutator,2
frugaliter,2
casurus,2
atticus,2
commemoro,2
enato,2
praeposterus,2
foculus,2
decanto,2
dinumero,2
colloquor,2
indecens,2
uetulus,2
achiuus,2
persaluto,2
lyricus,2
quadratus,2
scrinium,2
barbaria,2
deprecator,2
electus,2
enascor,2
uilitas,2
conscribo,2
fauorabilis,2
dictatura,2
conclamatio,2
sanguinarius,2
formidulosus,2
exorabilis,2
parca,2
impunitas,2
praegrauo,2
immanitas,2
imperatorius,2
exequia,2
equito,2
bidens,2
uecto,2
aduncus,2
ambages,2
clementer,2
tremulus,2
accelero,2
uiduo,2
membrana,2
caelicola,2
turgidus,2
orgia,2
mystes,2
oestrus,2
platanus,2
uipereus,2
pronuba,2
uacca,2
inauspicatus,2
stridulus,2
permetior,2
trifidus,2
reparabilis,2
immoror,2
stomachor,2
spado,2
efficacia,2
tragoedia,2
publilius,2
ueneficus,2
fructuosus,2
circumsedeo,2
appetitio,2
salubriter,2
praepotens,2
uirginitas,2
illucesco,2
arundo,2
conspiro,2
traductio,2
pernicitas,2
febricito,2
obtempero,2
toruitas,2
separatim,2
aethiops,2
admirabilis,2
tenebricosus,2
oleo,2
sulcus,2
milium,2
biduus,2
culcita,2
triumphalis,2
caneo,2
indolentia,2
sabaeus,2
propositio,2
meritorius,2
discrepo,2
iuger,2
auitus,2
ueternus,2
caestus,2
ilias,2
aemulator,2
uernula,2
feriatus,2
pyrrhus,2
dictator,2
quaestor,2
deligo,2
aduocata,2
persulto,2
incurso,2
enitor,2
f,2
sponsus,2
altar,2
femur,2
horribilis,2
prolato,2
pierius,2
carinus,2
eiuro,2
pelasgi,2
althaea,2
corinthus,2
nuptiae,2
confercio,2
quassus,2
cera,2
supergredior,2
flosculus,2
tetricus,2
profluo,2
incompositus,2
impotenter,2
patricius,2
habitator,2
singultus,2
glaber,2
palatium,2
calliditas,2
hereditarius,2
flexibilis,2
desumo,2
absolute,2
famula,2
uerno,2
inuestio,2
furuus,2
obiter,2
remigium,2
obitus,2
lethaeus,2
gigas,2
stelliger,2
incussus,2
cauillor,2
triplex,2
mutilo,2
comatus,2
mancus,2
libellus,2
effeminate,2
unctio,2
precario,2
retardo,2
suspiro,2
asilus,2
praeparatio,2
finitimus,2
allocutio,2
abrogo,2
municipium,2
inconditus,2
hispanus,2
subuerto,2
digno,2
capitolinus,2
menenius,2
sequester,2
petitio,2
longinquitas,2
intabesco,2
lasciuia,2
calceus,2
conuerbero,2
agilitas,2
conciliatio,2
araneus,2
therma,2
aliquotiens,2
intellegibilis,2
immuto,2
inordinatus,2
perturbate,2
indispositus,2
affinis,2
ferocia,2
diuturnitas,2
quolibet,2
dedicatio,2
adoptio,2
contionor,2
lucius,2
cloelius,2
dominatio,2
detrunco,2
utpote,2
denus,2
transfigo,2
circumspectus,2
homericus,2
bibliotheca,2
oscitans,2
condico,2
sodalis,2
mimicus,2
c,2
mendico,2
crebro,2
iniuste,2
nux,2
phreneticus,2
nequam,2
ualerius,2
delibo,2
iniungo,2
amata,2
germanicus,2
puluinar,2
immergo,2
canna,2
proconsul,2
gladiatorius,2
indignitas,2
subnascor,2
incautus,2
peruigilium,2
assentatio,2
crimino,2
tyrannicida,2
tempestiuus,2
effreno,2
dispositus,2
caelius,2
nasus,2
dubium,2
concurso,2
basilica,2
litigator,2
extero,2
tonsor,2
canticum,2
opero,2
pomerium,2
clientela,2
lacunar,2
arruntius,2
intensio,1
consentiens,1
complexio,1
uerticosus,1
confuse,1
digressio,1
seni,1
superficies,1
retinacula,1
achaicus,1
lector,1
restrictus,1
candor,1
repercussio,1
palo,1
subitaneus,1
temporalis,1
obseruatus,1
quingenti,1
aquarius,1
scintillo,1
fulica,1
ardea,1
impudenter,1
meretricius,1
genitalis,1
intercalo,1
pythagoricus,1
doctor,1
tripudio,1
addisco,1
cuiusuis,1
eleemosyna,1
quotienscumque,1
generositas,1
iniustitia,1
uitupero,1
maledico,1
paululum,1
longaeuitas,1
diabolus,1
beatitudo,1
nonus,1
proripio,1
emigro,1
unguiculus,1
emoueo,1
nutatio,1
obscuratio,1
limo,1
excresco,1
fortassis,1
absconditus,1
peditum,1
repugnantia,1
proturbo,1
reciproco,1
remolior,1
diuerbero,1
discussio,1
adrodo,1
impressio,1
abscindo,1
comprehensibilis,1
inhorreo,1
thessalia,1
patro,1
pharos,1
glutino,1
campanus,1
euerbero,1
infusco,1
compingo,1
cognitus,1
tessella,1
bullio,1
maceria,1
confirmatio,1
coaceruatio,1
chlamydatus,1
diiudico,1
recogito,1
offenso,1
sinuo,1
ilia,1
iucunde,1
pollingo,1
litura,1
concino,1
internascor,1
herbula,1
insumo,1
infragilis,1
dicacitas,1
indormio,1
praegusto,1
suggestus,1
inconueniens,1
stola,1
indutus,1
temperator,1
postpono,1
sinceritas,1
consequentia,1
propugnator,1
progressus,1
obsonium,1
postmodo,1
delenimentum,1
praeseco,1
maledicus,1
conspuo,1
latibulum,1
commordeo,1
coruncanius,1
quadragies,1
exhilaro,1
exaggero,1
propalam,1
auolo,1
donatio,1
sublicius,1
amiculum,1
faenum,1
tomentum,1
linteus,1
causor,1
consaluto,1
conuicior,1
uagio,1
abnocto,1
expugnator,1
plancus,1
proco,1
crispus,1
pyctes,1
pithecium,1
derelinquo,1
suauitas,1
redoleo,1
cataracta,1
circumiacens,1
apploro,1
sollemne,1
harenosus,1
oblimo,1
euiscero,1
mediterraneus,1
biennium,1
coagmentum,1
operimentum,1
iugiter,1
septentrionalis,1
promus,1
exsculpo,1
aequabiliter,1
ningo,1
percido,1
glacio,1
scortea,1
colluuies,1
rotunditas,1
intestinus,1
disperdo,1
palea,1
occallatus,1
indumentum,1
palliolum,1
focale,1
immunitas,1
primoris,1
absolutio,1
introductio,1
nonnullus,1
meretrix,1
flagello,1
fructifer,1
offirmo,1
praetimeo,1
petaurum,1
edormio,1
diuulsio,1
subscribo,1
hedus,1
crustulum,1
dialogus,1
praeterlabor,1
stipatio,1
inflatio,1
herbosus,1
emano,1
longitudo,1
arietatio,1
superemineo,1
antiquitus,1
infodio,1
uesper,1
trio,1
uulturnus,1
brumalis,1
finitor,1
percoquo,1
dispositor,1
uadosus,1
depopulo,1
deuasto,1
senecio,1
seipse,1
arrepo,1
pirus,1
indigentia,1
gibber,1
scapularus,1
perrogo,1
iudicatus,1
cauillator,1
gnarus,1
inhabito,1
olidus,1
obscure,1
inuisitatus,1
fidenter,1
aemulor,1
corruptela,1
accusatio,1
subnixus,1
optumas,1
praemeditor,1
mulco,1
quicum,1
unguentaria,1
tibicina,1
acriter,1
dissuasor,1
irritator,1
peroro,1
tirunculus,1
irreparabilis,1
inclementia,1
lepor,1
ciconia,1
lacerta,1
prouocatio,1
pontificalis,1
interpellatio,1
epigramma,1
auditio,1
rationaliter,1
ordinator,1
euincio,1
reputo,1
hibernum,1
sanguinolentus,1
nouercalis,1
lustralis,1
tropaeum,1
phalanx,1
peltatus,1
pacificus,1
ueridicus,1
obstringo,1
facesso,1
asporto,1
siquidem,1
praescius,1
pinifer,1
multiforus,1
nexilis,1
laureus,1
attamen,1
dispello,1
lento,1
transtrum,1
adnato,1
millesimus,1
d,1
aegis,1
rudens,1
tridens,1
scrupeus,1
recuruo,1
puluereus,1
parma,1
aequaeuus,1
lamentabilis,1
cycnus,1
alcyon,1
turritus,1
deripio,1
lea,1
anguineus,1
lares,1
salue,1
troia,1
allego,1
fulmineus,1
populator,1
hospitus,1
auriga,1
iliacus,1
disseco,1
electrum,1
uelamen,1
tumefacio,1
posthac,1
interea,1
demeto,1
tenebrosus,1
troicus,1
percolo,1
moneta,1
haedus,1
ramentum,1
lapillus,1
concerpo,1
pugnaciter,1
discolor,1
fullo,1
tendicula,1
transluceo,1
qualislibet,1
pedalis,1
depingo,1
torosus,1
auctumnalis,1
impluo,1
solaris,1
rhaeticus,1
falernus,1
incuruus,1
pix,1
limpidus,1
pluuia,1
excursus,1
ostiensis,1
conflagro,1
quadra,1
admissarius,1
lupanar,1
interpolo,1
incondite,1
depecto,1
uirguncula,1
terreus,1
conditio,1
aceruatio,1
unio,1
humor,1
deturbo,1
circumstantia,1
circumsisto,1
sparsio,1
permeo,1
caliginosus,1
manufactus,1
praeloquor,1
conatio,1
iaculatio,1
fauilla,1
denseo,1
diruptio,1
scorpio,1
multifarius,1
cymbalum,1
tinnio,1
uaporo,1
spissitudo,1
praedictio,1
aquilus,1
praesagium,1
augurium,1
augurius,1
consentius,1
agna,1
adfatus,1
euitatio,1
cos,1
cyclops,1
comprehensio,1
attestor,1
hospitale,1
auxiliaris,1
euitabilis,1
congelo,1
fulgetrum,1
pluralis,1
tonus,1
extenuatio,1
glans,1
flexuosus,1
intelligo,1
efflagito,1
imbellis,1
insipiens,1
ultroneus,1
pauesco,1
coctor,1
explicatus,1
opportune,1
donarium,1
compensatio,1
miseratio,1
coniueo,1
fornax,1
recubo,1
latrans,1
aduersor,1
istuc,1
prandeo,1
interrogatiuncula,1
uulnerabilis,1
molaris,1
acutius,1
kalendae,1
interiungo,1
cassius,1
declamatio,1
mustus,1
mobilia,1
uinolentia,1
argumentor,1
inebrio,1
elleborus,1
desperatus,1
ferratus,1
anfractus,1
proxime,1
fossor,1
madefacio,1
frigesco,1
corycus,1
arteria,1
mucus,1
umesco,1
quartanus,1
purgatio,1
talpa,1
dolabra,1
piscatus,1
colluctatio,1
squama,1
uagatio,1
putridus,1
saxatilis,1
gulosus,1
anguilla,1
medicatus,1
agglutino,1
albulus,1
sulfureus,1
acetum,1
inenarrabilis,1
supernato,1
calesco,1
uaporarium,1
gypsum,1
infector,1
later,1
aequilibrium,1
coalo,1
solido,1
uulua,1
attineo,1
crystallum,1
impendio,1
absorbeo,1
stabulo,1
fultura,1
onustus,1
lacio,1
diremptus,1
magnifice,1
capricornus,1
gubernabilis,1
dehinc,1
scaturio,1
subterfluo,1
redundantia,1
mirificus,1
calendarium,1
perseuerus,1
meliusculus,1
chara,1
musa,1
charites,1
muralis,1
beneuolus,1
far,1
munificentia,1
prosto,1
sponsalius,1
uiduitas,1
nummarius,1
licitatio,1
profano,1
tyrannicus,1
uenatorius,1
uenatio,1
inuitatio,1
uastator,1
caupo,1
centuria,1
tripertitus,1
aratio,1
scateo,1
nauseo,1
aliquamdiu,1
perhibeo,1
beneficentia,1
consultor,1
machinatio,1
architectus,1
tector,1
designata,1
fissilis,1
abies,1
intremo,1
furca,1
spissatus,1
ramalia,1
fabrilis,1
malleus,1
forceps,1
perula,1
cubito,1
crocum,1
uersatilis,1
coagmento,1
sericum,1
uulpes,1
uirgeus,1
stipula,1
circito,1
textor,1
trama,1
remollio,1
spatha,1
textrinus,1
pauio,1
insectus,1
pistrinum,1
minutia,1
farina,1
furnus,1
sutrinum,1
declaro,1
municipalis,1
dissocio,1
propagatio,1
erodo,1
compago,1
defringo,1
alluceo,1
titillatio,1
aggrego,1
postremus,1
urina,1
seq,1
occaeco,1
conduco,1
indotatus,1
carminum,1
reses,1
prologus,1
dissuasio,1
ablego,1
praeeo,1
imprecatio,1
perpurgo,1
exsurdo,1
enixe,1
recitator,1
astronomia,1
actiuus,1
aucto,1
titubatio,1
palpitatio,1
uenatus,1
uastatrix,1
pedis,1
calua,1
rhetor,1
lanugo,1
ministrator,1
iocur,1
ructus,1
patina,1
uenerius,1
eatenus,1
manduco,1
furtim,1
paludatus,1
peruersitas,1
iusiurandum,1
ganeo,1
pondo,1
selibra,1
liceor,1
sabbatum,1
adsido,1
linteum,1
strigilis,1
incuriosus,1
sociabilis,1
fornicatio,1
profanus,1
praeceptio,1
discrimino,1
publicanus,1
imitator,1
gallicus,1
haedinus,1
infensus,1
uelifer,1
deceptor,1
bellicum,1
aliquod,1
tantisper,1
dure,1
excubitor,1
piscor,1
stupefacio,1
diadema,1
tiara,1
remugio,1
orans,1
adytum,1
tremesco,1
perfungor,1
iubatus,1
piceus,1
bucina,1
flammifer,1
pinnatus,1
amomum,1
satura,1
exopto,1
accio,1
obloquor,1
humo,1
hebeo,1
uerrucosus,1
lapidosus,1
inutiliter,1
cultura,1
detrudo,1
miserabiliter,1
tarquinius,1
redemptio,1
redemptor,1
signator,1
submisse,1
furnius,1
tribunatus,1
importunus,1
aceruo,1
grate,1
inedia,1
amita,1
impie,1
emundo,1
sedile,1
naumachia,1
iniuriosus,1
adulterinus,1
pharsalicus,1
praetextus,1
optimas,1
sustollo,1
irrationalis,1
stabilitas,1
transgressus,1
recoquo,1
cisium,1
pustula,1
ulcusculum,1
inhio,1
plene,1
saburra,1
solutio,1
inesco,1
aequabilis,1
moderatrix,1
munitio,1
incisum,1
scriptus,1
conuenientia,1
accuro,1
accurate,1
supplodo,1
scabo,1
neapolitanus,1
perdisco,1
luscinius,1
balteus,1
accommodatus,1
dehortor,1
basis,1
pumilio,1
colossus,1
inopinus,1
praecogito,1
tabellarius,1
caprea,1
tullius,1
suasor,1
doricus,1
mulsum,1
saccus,1
macellum,1
nestor,1
nonaginta,1
febricula,1
cheragra,1
uertebra,1
alienatio,1
intercapedo,1
refectio,1
uarix,1
lamina,1
sutor,1
sorbitio,1
eruditor,1
herbidus,1
enotesco,1
interpellator,1
modius,1
centunculus,1
mango,1
fascia,1
aebutius,1
interpositus,1
inclusor,1
aspiro,1
conductum,1
locatum,1
seligo,1
annona,1
ingratiis,1
taxatio,1
distantia,1
repetitio,1
specio,1
stipulatio,1
conuentum,1
educator,1
dimico,1
pollicitatio,1
quadrigarius,1
obsido,1
transitio,1
matella,1
diluceo,1
cohonesto,1
nobilito,1
gryllus,1
conspiratio,1
iurator,1
curator,1
uindemitor,1
horologium,1
ebullio,1
comoedus,1
uae,1
fanum,1
licinus,1
xanthus,1
fatuor,1
alogia,1
clueo,1
festiuus,1
mapalia,1
ianus,1
larua,1
ferula,1
diespiter,1
ciuitatula,1
antecello,1
metamorphosis,1
coruinus,1
abnepos,1
uolcanus,1
quandoquidem,1
seuere,1
obtorqueo,1
cornicen,1
reuiuesco,1
nenia,1
anapaestus,1
pulchre,1
cordatus,1
rebellis,1
romuleus,1
obuoluo,1
nuntia,1
centiceps,1
iuncus,1
narcissus,1
percrebesco,1
necubi,1
consanguineus,1
sicarius,1
petronius,1
tantalum,1
protendo,1
insilio,1
cadmium,1
riualis,1
lapso,1
asto,1
praecox,1
uenum,1
sepes,1
dotalis,1
irrideo,1
amphion,1
lixa,1
pactolus,1
exsulo,1
saxosus,1
scando,1
teres,1
compenso,1
dominatrix,1
adiudico,1
gaesum,1
probrus,1
astus,1
castifico,1
suesco,1
senecta,1
praeuerto,1
castitas,1
cygnus,1
soccus,1
aliger,1
uulnificus,1
qualiter,1
murex,1
murmuro,1
fragum,1
primaeuus,1
actutum,1
miratrix,1
lotus,1
lucifer,1
bromius,1
decentia,1
lilium,1
licens,1
stellifer,1
caesaries,1
cornipes,1
castoreum,1
iaculus,1
umecto,1
umbro,1
suffero,1
sicine,1
silus,1
indicus,1
siler,1
creator,1
stuprator,1
accurro,1
profundum,1
famulatus,1
occubo,1
substringo,1
sicula,1
prouoluo,1
cyclas,1
physeter,1
uirido,1
hiulcus,1
palear,1
arte,1
sequax,1
resulto,1
moribundus,1
peruoluo,1
biiugis,1
uepris,1
sedulus,1
percieo,1
cresius,1
proteus,1
ouo,1
machinor,1
phlegethon,1
aeolius,1
disiecto,1
mopsopius,1
lamentum,1
supplanto,1
contestor,1
contagium,1
angor,1
scrupulus,1
focilo,1
cicuta,1
assertor,1
illino,1
suppuratio,1
competitor,1
ito,1
cardiacus,1
saliaris,1
tolerabiliter,1
affirmatio,1
opitulor,1
transmarinus,1
additamentum,1
ualedico,1
ligneus,1
december,1
pilleatus,1
sagum,1
quadriduum,1
complico,1
exardesco,1
affatim,1
declamo,1
satrapa,1
accolo,1
commonefacio,1
dormito,1
excrucio,1
explanatio,1
maiusculus,1
deprauatio,1
cantilena,1
clepsydra,1
quadragenarius,1
depereo,1
stropha,1
condisco,1
delegatio,1
derisor,1
analecta,1
inaequaliter,1
portorium,1
sagittarius,1
facetia,1
scaurus,1
essedarius,1
circulator,1
transporto,1
manumissio,1
socialis,1
certatim,1
excubia,1
fractura,1
deni,1
praemordeo,1
pugio,1
quadragensimus,1
pedester,1
sacrifico,1
adorior,1
egnatius,1
extemplo,1
cathedra,1
interloquor,1
seruilius,1
insidiator,1
admissio,1
pontificatus,1
probrosus,1
diploma,1
gratifico,1
actiacus,1
publica,1
stipator,1
obiecto,1
salutariter,1
propensus,1
minaciter,1
exheredo,1
codicilli,1
coheres,1
nuncupo,1
quinquennium,1
ferinus,1
auersio,1
excerno,1
spuo,1
deuro,1
exscindo,1
exercito,1
gregatim,1
burrus,1
charta,1
atrocitas,1
immerens,1
curis,1
aestifer,1
denego,1
tabificus,1
albeo,1
cinnamum,1
laniger,1
rutilo,1
armus,1
decoro,1
glaeba,1
contus,1
reporto,1
properatus,1
peremptor,1
lympha,1
noctiuagus,1
biceps,1
bimaris,1
sacrate,1
addecet,1
iuuenca,1
omentum,1
innuptus,1
terrificus,1
implacabilis,1
inuiso,1
corymbus,1
bacifer,1
flaueo,1
syrma,1
asellus,1
matertera,1
carchesium,1
odorus,1
thymum,1
domitus,1
irriguus,1
baca,1
tilia,1
myrtus,1
enodis,1
squaleo,1
praedor,1
triceps,1
ilico,1
pudibundus,1
obtentus,1
baculum,1
meatus,1
unanimus,1
merops,1
subditiuus,1
antenna,1
daedalus,1
maritalis,1
iamiam,1
lachesis,1
inuite,1
socia,1
nefastus,1
pauito,1
explorator,1
tentorium,1
sordeo,1
lucellum,1
anticipo,1
meridie,1
mutuo,1
ambigo,1
uiscatus,1
comoedia,1
impatientia,1
amatorius,1
temporarius,1
nefarius,1
perterreo,1
expungo,1
communicor,1
ingigno,1
rubesco,1
mire,1
scaenicus,1
circumfodio,1
foras,1
deliro,1
pupulus,1
delicium,1
tegula,1
multiplicatio,1
orbo,1
insitiuus,1
inhumatus,1
recolo,1
incesta,1
insociabilis,1
procreo,1
poppaeus,1
ominor,1
ador,1
reticeo,1
nectar,1
fermentum,1
libamentum,1
commissio,1
cantor,1
aeneator,1
controuersiosus,1
propugnaculum,1
cisterna,1
balneolum,1
camera,1
quadrantarius,1
tectorius,1
caldarius,1
saccatum,1
nundinus,1
flaccus,1
hircus,1
gargonius,1
trimus,1
quadrimus,1
iunius,1
scrobis,1
nouellus,1
radicesco,1
februarius,1
ulmus,1
stragulum,1
opertorium,1
caricus,1
pulmentarium,1
inuidiose,1
instratus,1
alipes,1
tapes,1
cantherius,1
numida,1
caballus,1
mannus,1
lanista,1
gubernatio,1
appendix,1
cicada,1
pulex,1
arboreus,1
croceus,1
ficus,1
olea,1
rudimentum,1
modificatio,1
tabularius,1
decempeda,1
statuarius,1
luctator,1
litteratura,1
machinator,1
pegma,1
tabulatus,1
supputo,1
superficiarius,1
contemptrix,1
odio,1
cupitor,1
comis,1
subsidium,1
consectatio,1
uerbosus,1
compungo,1
praepositio,1
dedux,1
aucupium,1
terentius,1
regusto,1
postfero,1
mirmillo,1
dimissus,1
specularia,1
occurso,1
intectus,1
appius,1
pernocto,1
distributio,1
indiuiduum,1
complano,1
moderamen,1
sceptrifer,1
auspex,1
roseus,1
praeuius,1
quamprimum,1
praeniteo,1
puniceus,1
multifidus,1
decocta,1
clepo,1
dulcesco,1
pollux,1
lynceus,1
obex,1
linum,1
dissaepio,1
canorus,1
palladium,1
dira,1
terrigena,1
insomnis,1
reuinco,1
abdico,1
suspecto,1
textilis,1
temero,1
pio,1
camena,1
silesco,1
inrepertus,1
peraro,1
uerax,1
thetis,1
augesco,1
integro,1
plico,1
sidonius,1
python,1
eryx,1
lino,1
nidifico,1
falx,1
bubo,1
striga,1
nouenus,1
triuius,1
pernox,1
feria,1
perseus,1
mulciber,1
chimaera,1
medusa,1
gangeticus,1
puellaris,1
exsuctus,1
sedulo,1
attempero,1
reuiuo,1
agitator,1
distractio,1
obdo,1
culpo,1
consonans,1
poeninus,1
syrtis,1
hospito,1
locupleto,1
exauctoro,1
ocliferius,1
ausculto,1
actuo,1
recalesco,1
discordo,1
festinus,1
heri,1
utiliter,1
peruerse,1
elementarius,1
breuiarium,1
latine,1
summarium,1
pronuntiatio,1
pedetemptim,1
insulsus,1
haterius,1
interpungo,1
aedituus,1
incertum,1
opacitas,1
aurata,1
palmes,1
phoenix,1
quingentesimus,1
subaudio,1
uolaticus,1
oriundus,1
labyrinthus,1
acetabulum,1
captio,1
dissulto,1
pseudomenos,1
conseruus,1
desuetus,1
consuo,1
discumbo,1
clunis,1
altilis,1
dominicus,1
decuria,1
apologo,1
comiter,1
uescor,1
bubulcus,1
anicula,1
ancillula,1
pilleum,1
conclusio,1
inscientia,1
muscipula,1
diuerto,1
praescriptio,1
uafritia,1
suffossio,1
deliratio,1
aggressus,1
amoenitas,1
quamlibet,1
subtero,1
ungo,1
coactor,1
auditorius,1
exstimulo,1
resumo,1
hauddum,1
fragmen,1
iugerum,1
torridus,1
cyprius,1
letifer,1
inardesco,1
nocte,1
murra,1
deperdo,1
intimus,1
nauus,1
cista,1
bruttius,1
defugio,1
phaselus,1
praemoneo,1
uillus,1
tepefacio,1
tabum,1
dilacero,1
praegredior,1
tergeo,1
eumenides,1
tisiphone,1
australis,1
scorpius,1
radior,1
maurus,1
detexo,1
resorbeo,1
gradiuus,1
fretum,1
mima,1
clangor,1
sinum,1
natis,1
amazonius,1
numerosus,1
tremefacio,1
intensus,1
eminus,1
accommodus,1
lambo,1
thrax,1
derigesco,1
deplango,1
curetes,1
saetiger,1
cocytus,1
incredulus,1
suauiter,1
retractatio,1
inuentor,1
palpebra,1
incitamentum,1
antemeridianus,1
scalprum,1
contremesco,1
condiscipulus,1
derecto,1
condecoro,1
obsessor,1
affulgeo,1
lacertosus,1
unctum,1
luscus,1
arbitra,1
composite,1
perfringo,1
uallus,1
mactus,1
perspecto,1
digitulus,1
tractator,1
intemperanter,1
oppeto,1
decius,1
malacia,1
uomicus,1
importuosus,1
talarius,1
subsiciuus,1
plumbum,1
respiratio,1
botularius,1
crustularius,1
auocatio,1
insomnia,1
obiratus,1
crypta,1
crepido,1
alacritas,1
inepte,1
essentia,1
animo,1
superpono,1
generaliter,1
excellentia,1
tantopere,1
caelator,1
notio,1
octogensimus,1
nouies,1
exsorbeo,1
praemortuus,1
perpetuo,1
elatio,1
plausibilis,1
parabola,1
pedes,1
inceptum,1
obtorpesco,1
infatuo,1
acclamatio,1
subueho,1
conchyliatus,1
seminudus,1
exulceratio,1
uicesimus,1
eiulatus,1
circumlitus,1
allicio,1
macedonicus,1
septuaginta,1
pyrenaeus,1
patauium,1
enumeratio,1
calciamentum,1
indigenus,1
contemplator,1
praue,1
tugurium,1
deformo,1
conueho,1
mercatura,1
uastatio,1
laurea,1
uectigal,1
funero,1
atilius,1
aerarius,1
pantomima,1
artificiose,1
subrideo,1
digredior,1
concessus,1
adflictatio,1
auia,1
pupilla,1
nutricius,1
quaestura,1
suffrago,1
anniuersarius,1
allicefacio,1
semoueo,1
iurisdictio,1
cuneo,1
crescentus,1
intercessor,1
murreus,1
lanx,1
munero,1
rhombus,1
analogia,1
horatius,1
confinis,1
delegatus,1
nauo,1
tetrarches,1
tripes,1
concha,1
denoto,1
testudo,1
aduiuo,1
quodammodo,1
enarrabilis,1
anser,1
feles,1
diuiduus,1
imitabilis,1
textura,1
inaequabilis,1
semisomnus,1
discoquo,1
morticinus,1
pomarius,1
peculiaris,1
recitatio,1
hirundo,1
adsectator,1
fabulator,1
lucifugus,1
cellarium,1
quantumuis,1
remigo,1
atriensis,1
unctor,1
mulus,1
murrinus,1
ephemeris,1
refugus,1
sensibilis,1
triticum,1
inaedifico,1
circumluceo,1
amentia,1
discessus,1
equa,1
expilo,1
pacate,1
pythicus,1
molimentum,1
maleuolus,1
tibicen,1
pontificium,1
precatio,1
nuncupatio,1
persentio,1
munia,1
pontifex,1
ostiatim,1
rogatio,1
cohaeresco,1
inlabor,1
territorium,1
insalubris,1
absterreo,1
seclusus,1
interfluo,1
eris,1
flagrantia,1
exsolutio,1
carpentum,1
gnaeus,1
neapolis,1
indubitatus,1
sacrosanctus,1
sica,1
occisor,1
dispensatio,1
intericio,1
pubertas,1
interuerto,1
reuolo,1
maturesco,1
improbitas,1
suffragatio,1
offoco,1
petitor,1
canities,1
profligatus,1
flexilis,1
illecebra,1
inseruio,1
aegrotus,1
arcessitus,1
praeconium,1
assentor,1
nausea,1
appellatio,1
perfugio,1
taedeo,1
prehenso,1
armamentarium,1
priuato,1
prytanis,1
sufes,1
triarii,1
circumsaepio,1
dentatus,1
disiungo,1
demos,1
prouentus,1
molitor,1
caluus,1
circumscriptor,1
plagiarius,1
astupeo,1
uicarius,1
quadraginta,1
opulentia,1
armarium,1
exstructum,1
expolio,1
compedio,1
conuulnero,1
cothurnus,1
siparium,1
mendicitas,1
uersatio,1
resaluto,1
sponsalia,1
auscultatio,1
altercor,1
adnuo,1
percontor,1
oborior,1
respecto,1
inornatus,1
conexum,1
indigne,1
uenundo,1
congressus,1
infitiae,1
ueneo,1
deses,1
adamas,1
proterue,1
petulanter,1
inuiolabilis,1
rogito,1
iniectio,1
ulceratio,1
concumbo,1
quaestuosus,1
moderator,1
refuto,1
inflatus,1
iocularis,1
sessor,1
adrogans,1
bactrianus,1
lecticarius,1
cinerarius,1
cubicularis,1
uescus,1
quantumcumque,1
consipio,1
gracilitas,1
depilo,1
saeta,1
enormitas,1
asiaticus,1
priapus,1
crepidatus,1
herennius,1
macer,1
primipilaris,1
suada,1
laco,1
suauiloquens,1
huiuscemodi,1
lamento,1
adumbro,1
dextere,1
inrequietus,1
impertio,1
pudens,1
praeconius,1
logos,1
uenustas,1
commentor,1
pertracto,1
subuenio,1
doctrina,1
comploratio,1
funesto,1
querimonia,1
laureatus,1
exsors,1
opprobrium,1
albanus,1
peruulgo,1
errabundus,1
seuoco,1
constructio,1
marmoreus,1
uol,1
properantia,1
delator,1
aconitus,1
praeduco,1
clandestinus,1
periurium,1
infitiatio,1
spinetum,1
sentis,1
corrector,1
curriculum,1
porcinus,1
negotiosus,1
gymnicus,1
uersutus,1
histrio,1
suppliciter,1
assentator,1
exacerbo,1
condoleo,1
sybarita,1
rastrum,1
subsellium,1
mendosus,1
malefactum,1
periurus,1
attento,1
narratum,1
suspicax,1
natrix,1
mansuefacio,1
maleficus,1
propino,1
hortatus,1
imbecillis,1
perstrepo,1
insigne,1
frustro,1
concitator,1
obtutus,1
palpo,1
attenuo,1
condolesco,1
comitialis,1
uinolentus,1
obiurgator,1
apollo,1
illac,1
decurtatus,1
illuuies,1
uicatim,1
betilienus,1
xystus,1
inambulo,1
una,1
soleatus,1
talaris,1
lucubro,1
camelus,1
oppugno,1
manipularis,1
asinus,1
conuiciator,1
murmuratio,1
compes,1
assulto,1
aethiopus,1
ecquando,1
infligo,1
aspis,1
mappa,1
coopto,1
flagrum,1
dilibuo,1
congeries,1
scaber,1
rimosus,1
recognitio,1
honoro,1
conuiuator,1
hortensius,1
factiosus,1
mamma,1
esca,1
occallesco,1
adnitor,1
desiderabilis,1
oblatro,1
acidus,1
confector,1
dimicatio,1
sedulitas,1
sollicitatio,1
uxorius,1
praes,1
ruga,1
remoror,1
necopinans,1
iniucundus,1
retempto,1
ambitiose,1
quantuslibet,1
aeruginosus,1
puerulus,1
semiuiuus,1
duilius,1
duodeuiginti,1
prouincialis,1
italicus,1
praestatio,1
interdictum,1
perambulo,1
contribuo,1
demolio,1
edico,1
operose,1
suffragator,1
caliga,1
peruado,1
strenue,1
abstinenter,1
octo,1
dissimulatio,1
nonagesimus,1
complodo,1
occulto,1
praenosco,1
lacto,1
incitatio,1
procursus,1
stomachosus,1
clamosus,1
amanter,1
reuocabilis,1
suffugium,1
punicus,1
circumuallo,1
castigator,1
tarpeius,1
frendo,1
indolesco,1
castro,1
lucesco,1
pertraho,1
gemmeus,1
phoenicopterus,1
pasta,1
calo,1
qualibet,1
insitio,1
surculus,1
emarcesco,1
palliatus,1
permissus,1
textorius,1
barbarismus,1
rugosus,1
sapa,1
explicatio,1
inuerecundus,1
elanguesco,1
crispo,1
irremediabilis,1
pallium,1
fugitiuus,1
aduenio,1
tritus,1
floridus,1
pagina,1
onerarius,1
adrado,1
lacerna,1
uindemia,1
concinnitas,1
contemplatus,1
temo,1
regredior,1
homuncio,1
praesumptio,1
lippitudo,1
lippio,1
effatum,1
abalieno,1
algor,1
formatio,1
exacuo,1
ipsemet,1
detestatio,1
obstetrix,1
parturio,1
direptio,1
