,count
sum,3888
non,2395
qui,2038
et,1920
in,1724
hic,1570
ille,1313
dico,1103
pater,1078
ego,1049
possum,981
si,907
ut,888
cum,841
tu,758
facio,681
quod,639
quam,628
quis,619
is,615
sed,599
ad,592
ab,565
inquam,545
filius,531
habeo,527
suus,484
sui,465
omnis,447
meus,419
uolo,414
an,412
ne,378
occido,368
ex,363
uideo,363
de,346
res,343
nihil,325
alter,316
nec,315
iste,304
pars,294
aut,294
ipse,288
multus,285
enim,279
puto,261
tuus,260
do,258
unus,258
nisi,237
alius,235
etiam,234
frater,233
manus,231
tantus,229
iam,229
aio,221
sic,220
debeo,220
pro,219
lex,218
publicus,216
tyrannus,216
magnus,215
ago,213
edo,206
tam,206
uir,205
quidem,205
inter,203
rogo,202
abdico,201
color,200
uxor,196
sententia,193
aliquis,186
cicero,185
causa,179
tamen,176
domus,176
quidam,175
latro,174
uenio,174
uiuo,168
filia,168
scio,166
accuso,166
quia,165
uos,163
homo,163
timeo,159
num,157
quaero,156
per,153
liceo,151
nullus,150
animus,148
morior,142
pereo,142
bonus,141
nemo,139
mors,137
deinde,136
liber,135
nego,134
locus,134
ita,130
nos,129
reus,126
tamquam,125
cestius,125
controuersia,124
idem,124
duo,123
mater,123
mos,122
quaestio,122
primus,120
credo,119
noster,118
miser,118
sine,117
diues,116
fortuna,115
peto,114
audio,112
nouerca,111
parricidium,110
adulter,110
fero,109
adulescens,109
fortis,108
seruus,108
autem,106
uis,105
adicio,105
nunc,103
deus,103
fuscus,103
magis,102
etiamsi,102
tempus,101
perdo,101
dum,101
dies,101
uterque,101
diuido,101
senex,99
iudex,99
quisque,98
ingenium,98
nolo,98
usus,97
totus,97
ante,97
soleo,96
ius,96
uinco,94
ergo,93
itaque,93
beneficium,93
bene,92
relinquo,92
puella,92
uerbum,90
genus,88
nuptiae,88
romanus,87
malus,87
declamo,87
quantus,87
pirata,87
antonius,87
iubeo,86
quisquis,86
accipio,85
iudicium,85
seruo,85
pompeius,85
apud,84
parum,84
uitium,84
inuenio,83
alo,83
obicio,83
numquam,82
post,82
factum,82
quasi,81
hostis,81
maritus,81
patior,80
dimitto,80
arellius,79
tollo,79
damnatus,77
duco,76
propter,76
uita,76
o,75
opto,75
meretrix,75
rapio,75
iniuria,74
nouus,74
pono,74
natura,74
placeo,73
populus,73
solus,73
ubi,73
recipio,73
exoro,73
quisquam,72
crimen,72
uenenum,72
nomen,71
aliqui,71
semper,71
torqueo,71
silus,71
sacerdos,71
raptor,71
coepio,70
redimo,70
oculus,69
at,69
tunc,69
corpus,69
cogo,69
defendo,69
fugio,68
satis,67
bellum,67
uoco,67
quare,67
puer,66
taceo,66
quomodo,66
albucius,66
exemplum,65
miror,65
reddo,65
fleo,65
laedo,65
nam,64
cado,64
raptus,64
nescio,63
poena,63
describo,63
alienus,62
cedo,62
ulter,61
fio,61
eo,60
sequor,60
mitto,60
respondeo,60
facile,59
opus,59
amo,58
uindico,58
loquor,58
contra,58
adulterium,58
sensus,57
uerus,57
quid,57
desino,57
grauis,57
transeo,57
pius,57
supplicium,57
imperator,57
refero,56
narro,56
parricida,56
praesto,55
necesse,55
mare,55
certe,55
uirtus,54
intellego,54
damno,54
noceo,53
praemium,53
circa,52
adhuc,52
dominus,52
uirgo,52
ignosco,52
queror,51
talis,51
scribo,51
nox,51
infelix,51
irascor,51
uester,50
sub,50
ac,50
actio,50
dignus,50
felix,50
memini,50
tyrannicidium,50
nescius,49
expono,49
uter,49
praetor,49
teneo,48
uox,48
periculum,48
innocens,48
accusator,48
redeo,47
quoque,47
eloquentia,47
modus,47
appareo,47
tot,47
ostendo,47
cogito,47
laudo,47
incido,46
iuuenis,46
inimicus,46
argentarius,46
similis,46
amicus,46
crudelis,46
numquid,46
pugno,46
alligo,46
qualis,45
gratia,45
absoluo,45
indico,44
peruenio,44
quoius,44
honestus,44
dementia,44
ob,44
ceterus,44
exspecto,44
pecco,44
arma,44
desidero,43
uel,43
prior,43
oratio,43
malo,43
extra,43
praecido,43
usque,42
aetas,42
saepe,42
turpis,42
tres,42
humanus,42
caput,42
argumentum,42
blandus,42
probo,42
tormentum,42
modo,41
desum,41
adopto,41
tutus,41
odi,41
aufero,41
imito,40
umquam,40
promitto,40
intersum,40
nauigo,40
dictum,39
fortasse,39
atque,39
pertineo,39
aduersus,39
gloria,39
mereo,39
mulier,39
forum,39
tyrannicida,39
quamuis,38
annus,38
memoria,38
efficio,38
contentus,38
consilium,38
misericordia,38
diuisio,38
graecus,38
secor,38
licet,38
terra,38
scelus,38
quemadmodum,38
reuertor,38
pauper,38
interrogo,37
certus,37
immo,37
eligo,37
ideo,37
quotiens,37
summa,37
misereor,37
ciuitas,37
ciuis,37
affectus,37
sto,37
dubito,37
tertius,37
soror,37
nondum,36
iudico,36
fides,36
honor,36
trado,36
scholasticus,36
porcius,36
impero,36
semel,36
spes,36
uictor,36
oportet,36
heres,36
potestas,36
testis,36
corrumpo,36
deprehendo,36
cito,36
caedo,36
nepos,36
montanus,36
luxuria,35
uiuus,35
remitto,35
hispanus,35
ueto,35
praeter,35
cur,35
ullus,35
durus,35
carcer,35
capio,35
agnosco,35
declamatio,34
aestimo,34
declamator,34
aliter,34
statim,34
diuitia,34
uultus,34
iuro,34
cornelius,34
spargo,34
uendo,34
bassus,34
conscius,34
etiamnunc,34
ignis,34
uulnus,34
proditio,34
pareo,33
pudicitia,33
adeo,33
tracto,33
potius,33
libertas,33
templum,33
postea,33
utor,33
atheniensis,33
geminus,33
sentio,32
exigo,32
alimentum,32
muto,32
auus,32
moueo,32
lacrima,32
finis,32
optio,32
socer,32
acies,31
conuenio,31
uersus,31
repeto,31
natus,31
disertus,31
imperium,31
diu,31
gero,31
ingratus,31
audeo,31
punio,31
indignus,31
contingo,31
emo,31
maiestas,31
pudicus,31
sanguis,31
caueo,31
permitto,31
ter,31
utique,31
curo,31
pudet,31
conuiuium,31
caesar,31
crux,31
fateor,30
intra,30
imputo,30
crudelitas,30
parens,30
amplius,30
communis,30
tristis,30
excipio,30
aurum,30
stuprum,30
male,30
gener,30
ueneficium,30
sanus,30
detraho,29
occurro,29
antequam,29
iunius,29
parco,29
patrimonium,29
mens,29
excuso,29
narratio,29
satisfacio,29
leno,29
sacerdotium,29
iro,29
accido,29
proscribo,29
furtum,29
aliquando,28
committo,28
saeculum,28
orbis,28
membrum,28
egeo,28
iaceo,28
paro,28
exeo,28
gladius,28
urbs,28
pecunia,28
uarius,28
prosum,27
interim,27
odium,27
nosco,27
condicio,27
inuidia,27
iterum,27
confiteor,27
patronus,27
demens,27
domina,27
philippus,27
confero,26
paene,26
numerus,26
sustineo,26
captus,26
tempto,26
dubius,26
sordidus,26
seruio,26
sumo,26
seuerus,26
paternus,26
pario,26
magistratus,26
priuignus,26
proditor,26
perduco,25
ciuilis,25
uix,25
surgo,25
dux,25
fortiter,25
adoptio,25
accedo,25
hodie,25
pietas,25
iulius,25
inutilis,25
epistula,25
soluo,25
abdicatio,25
studium,24
ordo,24
occupo,24
transfero,24
frango,24
inuitus,24
orator,24
sacer,24
misericors,24
liberi,24
putus,24
postulo,24
uictus,24
induco,24
deprecor,24
tyrannis,24
gallius,24
delibero,24
luxuriosus,24
oceanus,24
maxime,23
quicumque,23
deficio,23
rex,23
felicitas,23
legatus,23
propono,23
officium,23
miles,23
patrocinium,23
carnifex,23
admitto,23
impono,23
singulus,22
spero,22
totiens,22
affero,22
produco,22
materia,22
unde,22
necessitas,22
offendo,22
innocentia,22
rufus,22
lupanar,22
nimius,22
saxum,22
diuus,22
patria,22
orbus,22
testamentum,22
iurandum,22
paciscor,22
difficilis,22
alexander,22
pingo,22
qua,21
procedo,21
impetro,21
uero,21
nouissime,21
occasio,21
iniquus,21
nimis,21
medius,21
mecum,21
positus,21
tractatio,21
figura,21
eripio,21
aeque,21
castus,21
purus,21
captiuus,21
ferrum,21
uestis,21
nubo,21
contradico,21
uelut,21
morbus,21
solutus,21
bellus,21
silentium,21
quinquennium,21
nauis,21
colloco,21
salus,20
amitto,20
supersum,20
latus,20
scriptum,20
cupio,20
longe,20
contumelia,20
ratio,20
consto,20
turba,20
immortalis,20
caedes,20
quando,20
chaos,20
uictoria,20
subito,20
amor,20
persequor,20
periculosus,20
damnum,20
nauigium,20
respicio,19
longus,19
par,19
ecce,19
os,19
libido,19
uiolo,19
falsus,19
excito,19
integer,19
prohibeo,19
disco,19
excido,19
rhetor,19
uia,19
decedo,19
nota,19
foedus,19
spiritus,19
lego,19
suspicio,19
deicio,19
effugio,19
saluus,19
cubiculum,19
paupertas,19
arx,19
facies,19
minor,19
traho,19
plenus,19
antiquus,18
utilis,18
cognosco,18
auctor,18
siue,18
summum,18
concupisco,18
superuacuus,18
decipio,18
nomino,18
marius,18
prius,18
ignotus,18
armatus,18
succurro,18
premo,18
fuluius,18
mando,18
seruitus,18
incestus,18
inuoco,18
specto,18
suspicor,18
matrimonium,18
census,18
arbitrium,18
retineo,18
opera,18
caecus,18
catus,18
cassius,18
libertus,18
proscriptio,18
iuppiter,18
sabinus,18
graecia,18
compono,17
fatum,17
merito,17
alioqui,17
adsum,17
iustus,17
paucus,17
carmen,17
opprimo,17
rogatus,17
stips,17
uotum,17
propinquus,17
gallus,17
emendo,17
metus,17
proicio,17
caelum,17
aeger,17
gallium,17
diuersus,17
doceo,17
intro,17
uisum,17
quamdiu,17
contrarius,17
mentior,17
impleo,17
redemptio,17
subicio,17
duplus,17
tum,17
insania,17
dolor,17
sepulchrum,17
paries,17
sinus,17
contemno,17
uitio,17
tabula,17
mortuus,17
naufragus,17
procurator,17
fur,17
recito,16
libenter,16
fere,16
patientia,16
paruus,16
impetus,16
quin,16
ars,16
senatus,16
praesens,16
incertus,16
ira,16
mendicus,16
iniurius,16
introduco,16
prex,16
ualde,16
breuis,16
absum,16
eicio,16
praefero,16
uinculum,16
u,16
ineptus,16
ultio,16
securis,16
descriptio,16
debilis,16
delecto,16
magnitudo,16
coleus,16
naufragium,16
prometheus,16
laco,16
tropaeum,16
incipio,15
experior,15
certamen,15
inferus,15
labor,15
muliebris,15
femina,15
exerceo,15
abduco,15
custodio,15
suspendo,15
habitus,15
pes,15
careo,15
palam,15
casus,15
impello,15
lingua,15
impius,15
prostituo,15
summoueo,15
sors,15
litus,15
exitus,15
simul,15
denique,15
ultra,15
nempe,15
aduersarius,15
utrum,15
subduco,15
recuso,15
mitis,15
haterius,15
infans,15
profectus,15
angustus,15
animaduerto,15
ingens,15
brutus,15
exsilium,15
sordidatus,15
mille,14
quantum,14
securus,14
lux,14
sicut,14
iocus,14
ardeo,14
pretium,14
sedeo,14
suadeo,14
iacto,14
porrigo,14
contendo,14
supra,14
testor,14
bis,14
neuter,14
altus,14
beatus,14
syriacus,14
ignoro,14
ancilla,14
reliquus,14
homicidium,14
defero,14
discedo,14
consequor,14
cestus,14
reuoco,14
auditor,14
debilito,14
castrum,14
gaudeo,14
uindicta,14
imago,14
nascor,14
secundus,14
unicus,14
priuatus,14
denuntio,14
sano,14
milito,14
munus,14
claudo,14
gens,14
insanio,14
peregre,14
asinius,14
formosus,14
iter,14
medicus,14
musa,14
colligo,13
opinio,13
cura,13
schola,13
erro,13
posterus,13
notus,13
carus,13
manifestus,13
admoueo,13
quilibet,13
fama,13
belle,13
moror,13
uincio,13
patruus,13
consumo,13
reduco,13
scius,13
tecum,13
appello,13
repello,13
periclitor,13
familia,13
uisus,13
superus,13
uulnero,13
sero,13
impudicus,13
idoneus,13
testimonium,13
deiectus,13
derideo,13
spolium,13
conspectus,13
sacrilegus,13
expedio,13
quousque,13
disputo,13
rogus,13
anima,13
libero,13
dono,13
mora,13
uerber,13
marcellus,13
lugeo,13
exsul,13
adhibeo,13
trecenti,13
pulso,13
uerecundus,13
claudus,13
senectus,12
auris,12
contineo,12
molestus,12
exercitatio,12
initium,12
differo,12
lateo,12
aptus,12
effundo,12
effero,12
fames,12
summitto,12
uehementer,12
glorior,12
ministerium,12
surripio,12
buteo,12
stringo,12
utinam,12
recedo,12
solacium,12
archipirata,12
osculum,12
faueo,12
fabula,12
aegroto,12
stultus,12
ualeo,12
dimissus,12
displiceo,12
incendium,12
auarus,12
sollicitus,12
impendo,12
paulus,12
nuntius,12
inuisus,12
diligens,12
comes,12
triginta,12
accusatio,12
arguo,12
cogitatio,12
ioco,12
tempestas,12
rursus,11
obscenus,11
furor,11
concito,11
insto,11
cena,11
cursus,11
praebeo,11
praeparo,11
limen,11
precor,11
contio,11
aequitas,11
recte,11
donec,11
exprimo,11
dulcis,11
cruentus,11
metuo,11
secerno,11
catena,11
persuadeo,11
inde,11
ebrius,11
potis,11
pectus,11
uerecundia,11
exercitus,11
educo,11
ibi,11
speciosus,11
instruo,11
coactus,11
fuga,11
epilogus,11
laboro,11
diduco,11
amans,11
uidelicet,11
simulo,11
cultus,11
conuicium,11
tempore,11
cliens,11
fera,11
ruina,11
praetereo,11
gemitus,11
adsuesco,11
sermo,11
persona,11
comparo,11
instrumentum,11
aspicio,11
percutio,11
uenefica,11
signum,11
uergilius,11
percussor,11
prouincia,11
facilis,10
desidia,10
necessarius,10
perpetuus,10
somnus,10
tandem,10
uoluptas,10
mons,10
consuetudo,10
exiguus,10
poeta,10
fallo,10
dissimulo,10
hereditas,10
culpa,10
cinis,10
contumax,10
ecquis,10
finio,10
fluctus,10
calamitas,10
pendeo,10
cadauer,10
indignor,10
nefas,10
clamor,10
eleganter,10
leuis,10
barbarus,10
egregius,10
deduco,10
uirginitas,10
lictor,10
homicida,10
super,10
eiusmodi,10
obsto,10
rideo,10
matrona,10
scaurus,10
passus,10
princeps,10
eruo,10
obiurgo,10
militaris,10
militia,10
suscipio,10
pulcher,10
postquam,10
optime,10
iussus,10
desero,10
rego,10
nobilis,10
excutio,10
egregie,10
sepelio,10
facinus,10
extinguo,10
solitudo,10
excaeco,10
amissum,10
praeceptor,10
proelium,10
castigo,10
desiderium,10
scipio,10
uaco,10
sollicito,10
turpiter,10
peregrinor,10
ouidius,10
concedo,10
paeniteo,10
prodo,10
gratulor,10
fingo,10
ferio,10
clamo,10
saeuio,10
creditum,10
bibo,10
leuiter,10
laqueus,10
edictum,10
liuius,10
delicatus,9
incurro,9
subitus,9
cotidie,9
uoluntas,9
studeo,9
secum,9
amicitia,9
iungo,9
prouoco,9
cupiditas,9
otium,9
adduco,9
descendo,9
cibus,9
plurimus,9
abscondo,9
nudus,9
locuples,9
porro,9
allium,9
ala,9
mutuus,9
periculose,9
aduocatus,9
aequus,9
approbo,9
scilicet,9
mensa,9
rarus,9
incredibilis,9
latinus,9
infero,9
prosto,9
includo,9
quaestus,9
abstineo,9
inquino,9
disciplina,9
colo,9
miro,9
genu,9
infestus,9
erubesco,9
indulgentia,9
seueritas,9
error,9
cesso,9
improbus,9
sacrilegium,9
quartus,9
commodo,9
artus,9
roma,9
commendatio,9
temerarius,9
gigno,9
posco,9
merces,9
perfero,9
scindo,9
uentus,9
omen,9
libet,9
pagus,9
mollis,9
intueor,9
inueho,9
perseuero,9
numero,9
pactio,9
ceruix,9
infamo,9
hercules,9
satelles,9
mentio,9
miseria,9
legitimus,9
profiteor,9
impudicitia,9
confundo,9
tabella,9
abeo,9
imber,9
excludo,9
athenae,9
cn,9
arbor,9
defensio,9
gauius,9
comitium,9
sidus,9
rostrum,9
historicus,9
laberius,9
indicium,9
proconsul,9
comburo,9
profero,8
proximus,8
serius,8
olim,8
capillus,8
praecipio,8
distinguo,8
assiduus,8
tardus,8
comprehendo,8
protinus,8
auctio,8
emptor,8
obligo,8
subtilitas,8
fiducia,8
interpono,8
aridus,8
ambulo,8
calco,8
quaeso,8
spectaculum,8
hortor,8
despero,8
aperio,8
calamitosus,8
monstro,8
simplex,8
inuidiosus,8
nihilominus,8
uicis,8
complexus,8
uenustus,8
lenocinium,8
capto,8
numen,8
unusquisque,8
gladiator,8
puerilis,8
compositus,8
licentia,8
repugno,8
meritum,8
superbus,8
cotidianus,8
immensus,8
exsequor,8
interuenio,8
uarus,8
curro,8
stupeo,8
suspectus,8
tumultus,8
fluo,8
sol,8
confugio,8
ratus,8
amator,8
mancipium,8
misceo,8
quiesco,8
interdum,8
pactum,8
explicatio,8
compositio,8
uestigium,8
quoniam,8
eques,8
insanus,8
luxurior,8
remedium,8
fastidio,8
grex,8
potio,8
adulescentia,8
auctoritas,8
praecipito,8
repudium,8
obtineo,8
distraho,8
exclamo,8
tantum,8
lanio,8
pudor,8
uito,8
sterilis,8
laus,8
coniunx,8
iuuo,8
frugi,8
peregrinus,8
rumor,8
proprius,8
decem,8
incendo,8
index,8
ceno,8
diligenter,8
rescindo,8
competitor,8
poculum,8
insuo,8
classis,8
perfodio,8
educator,8
lis,7
complector,7
repono,7
datum,7
nusquam,7
grandis,7
prodeo,7
familiaris,7
silua,7
inicio,7
subinde,7
solidus,7
naturalis,7
historia,7
obruo,7
insidiae,7
decus,7
imitatio,7
tergum,7
mendico,7
illic,7
stupor,7
maneo,7
sordes,7
furo,7
flauus,7
principium,7
forus,7
titulus,7
inquiro,7
conscientia,7
fas,7
inspicio,7
uicinus,7
ingenuus,7
concurro,7
haereo,7
ruo,7
reditus,7
satius,7
incesta,7
infelicitas,7
statuo,7
pronuntio,7
profundus,7
uesta,7
absolutio,7
uicarius,7
elegans,7
indotatus,7
aduoco,7
humilis,7
tenebrae,7
tectum,7
dedecus,7
consulatus,7
humilitas,7
refugio,7
fecundus,7
uro,7
admiratio,7
attono,7
miserabilis,7
canis,7
pugna,7
castra,7
diligo,7
uereor,7
consulo,7
philosophus,7
splendidus,7
expello,7
inopia,7
custos,7
solum,7
obex,7
papirius,7
multitudo,7
lentus,7
redigo,7
rus,7
frugalis,7
coarguo,7
calumnia,7
lectus,7
luctus,7
obliuiscor,7
nasus,7
fax,7
honoro,7
inuicem,7
tricesimus,7
maius,7
imbecillus,7
eadem,7
offero,7
asper,7
maecenas,7
noto,7
sterilitas,7
equuleus,7
tortor,7
exhaurio,7
partus,7
tortus,7
luxurio,7
affirmo,7
restituo,7
priuo,7
coetus,7
sino,7
imprudens,7
scientia,7
confessio,7
digitus,7
minerua,7
mundus,7
iucundus,6
fatigo,6
contraho,6
delicia,6
nata,6
diuinus,6
excepto,6
neglegentia,6
gradus,6
missus,6
excedo,6
dos,6
schema,6
egestas,6
pignus,6
consul,6
discordia,6
destituo,6
superstes,6
quamquam,6
exaudio,6
cresco,6
ambitio,6
potentia,6
uetus,6
potens,6
audax,6
caligo,6
osculor,6
crudeliter,6
improbo,6
alfius,6
immaturus,6
concursus,6
commendo,6
tempero,6
reconciliatio,6
honeste,6
aestimatio,6
motus,6
coram,6
angustia,6
thema,6
uilis,6
ferus,6
demitto,6
demissus,6
circumfero,6
existimo,6
altitudo,6
indignatio,6
senator,6
domi,6
agedum,6
litigo,6
constituo,6
nocturnus,6
polliceor,6
patrius,6
clarus,6
emptum,6
nupta,6
exhorresco,6
tolerabilis,6
ei,6
saeuitia,6
gratus,6
pendo,6
indicus,6
proficiscor,6
flagellum,6
exuro,6
ictus,6
feliciter,6
actus,6
pateo,6
toga,6
festus,6
sollemnis,6
auaritia,6
uulgaris,6
dignitas,6
horridus,6
industrius,6
agito,6
minime,6
ubicumque,6
gaudium,6
saltem,6
unguentum,6
fugitiuus,6
quattuor,6
placidus,6
tego,6
propius,6
ergastulum,6
mino,6
niger,6
tamdiu,6
peiero,6
superuenio,6
mendacium,6
amarus,6
expugno,6
nutrio,6
propero,6
furiosus,6
uictima,6
augeo,6
apparatus,6
duplex,6
lacero,6
serus,6
prudens,6
depono,6
significo,6
reperio,6
conuerto,6
plerus,6
ludus,6
debilitas,6
compello,6
corrupte,6
dextra,6
pariter,6
decurro,6
rabies,6
donum,6
dissimilis,6
emitto,6
mortalis,6
murus,6
perago,6
tumeo,6
exsurgo,6
uelum,6
undique,6
mutus,6
amputo,6
catilina,6
interfector,6
consularis,6
sublatus,6
coniectura,6
subsellium,6
licinius,6
sceleratus,6
aeternus,6
tumidus,6
triclinium,6
quot,6
praeco,6
salutaris,6
pictura,6
inspoliatus,6
statua,6
miraculum,5
recens,5
ingero,5
precarius,5
proficio,5
similitudo,5
insolens,5
ascendo,5
iuuentus,5
inuado,5
certo,5
neglego,5
commentarius,5
domesticus,5
pueritia,5
interuallum,5
pertinax,5
discutio,5
acer,5
uiolentus,5
contentio,5
duro,5
acta,5
subtilis,5
oratorius,5
moles,5
emineo,5
elido,5
penates,5
iactatus,5
barba,5
deformis,5
tremo,5
tenuis,5
introrsus,5
praedico,5
circumeo,5
dicis,5
fraus,5
collabor,5
uarietas,5
exprobro,5
ultro,5
inexorabilis,5
fraternus,5
medium,5
transitus,5
castitas,5
subiectum,5
fastidium,5
contrecto,5
meretricius,5
pontifex,5
cella,5
inermis,5
orno,5
frons,5
onus,5
iniuriosus,5
inimicitia,5
praecludo,5
conuiua,5
praeceptum,5
en,5
mergo,5
permaneo,5
polluo,5
iudicatus,5
infamis,5
porta,5
decido,5
abstinentia,5
ludo,5
stultitia,5
modestus,5
propitius,5
frequens,5
reuoluo,5
expositio,5
horrendus,5
tarde,5
damnatio,5
interficio,5
hostilis,5
possideo,5
primum,5
arcessitus,5
omnino,5
nauigatio,5
assideo,5
irrumpo,5
otiosus,5
fletus,5
coeo,5
satio,5
tribunus,5
colludo,5
effusus,5
diffundo,5
pondus,5
secreto,5
terror,5
expertus,5
littera,5
mirus,5
prorsus,5
repleo,5
magister,5
exhibeo,5
uerto,5
euerto,5
gargonius,5
concido,5
admoneo,5
obsideo,5
intercipio,5
derigo,5
abscido,5
tango,5
praedo,5
deleo,5
facultas,5
fauor,5
libellus,5
contumacia,5
frugalitas,5
origo,5
saeuus,5
madeo,5
crassus,5
inuideo,5
trucido,5
pestifer,5
interdiu,5
aes,5
nobilitas,5
inhumanus,5
tueor,5
insisto,5
sodalis,5
contemptus,5
intempestiuus,5
cor,5
experimentum,5
immotus,5
hinc,5
custodia,5
moratus,5
muliercula,5
sanitas,5
augustus,5
festino,5
fecunditas,5
explico,5
tyrannicus,5
dica,5
discipulus,5
nefarius,5
ebrietas,5
uicinia,5
elogium,5
plerumque,5
quanto,5
uigeo,5
infinitus,5
euenio,5
perturbatio,5
consolo,5
confirmo,5
minuo,5
abstraho,5
pudeo,5
dirus,5
extorqueo,5
aduerto,5
perficio,5
subsido,5
decretum,5
recido,5
candidatus,5
chirographum,5
pax,5
figuro,5
euentus,5
procella,5
triumuir,5
flecto,5
perses,5
ueneficus,5
fatuus,5
lumen,5
monumentum,5
gloriosus,5
extimesco,5
comitatus,5
propior,5
commilito,5
ignominia,5
reliquiae,5
intolerabilis,5
uindex,5
funus,5
demos,5
graece,5
uapulo,5
caesum,5
labienus,5
officina,5
infantia,5
pictor,5
spartum,5
luna,5
notitia,4
sufficio,4
uelox,4
iuuenilis,4
tero,4
apprehendo,4
dicto,4
compareo,4
praecipuus,4
facundia,4
oppono,4
deterius,4
torpeo,4
celeber,4
praetextatus,4
potus,4
celebro,4
indulgeo,4
intermitto,4
blandior,4
exsulto,4
utcumque,4
adiuuo,4
edisco,4
circumfundo,4
plebs,4
hortensius,4
recognosco,4
erus,4
impedio,4
effectus,4
misereo,4
addo,4
instabilis,4
hospes,4
huc,4
percipio,4
liqueo,4
acerbus,4
interdico,4
frequenter,4
leuo,4
arbiter,4
prooemium,4
inscribo,4
captura,4
audacia,4
praecedo,4
auerto,4
sortior,4
credibilis,4
remoueo,4
stupro,4
illudo,4
inuiolatus,4
ambitiosus,4
feritas,4
pacta,4
impurus,4
resisto,4
prauus,4
puellaris,4
attollo,4
ops,4
praetorium,4
impunitus,4
detrimentum,4
decet,4
exstruo,4
secundum,4
portendo,4
transcurro,4
contumeliose,4
defungor,4
publicum,4
prosequor,4
desertor,4
frustra,4
flagitium,4
obiectum,4
dama,4
questus,4
pulchre,4
etsi,4
aperto,4
deploro,4
uociferatio,4
supplex,4
contumeliosus,4
inultus,4
coniecturalis,4
nurus,4
regno,4
euerro,4
impotens,4
adigo,4
gestus,4
inepte,4
uilla,4
patera,4
nimium,4
publice,4
depositum,4
conficio,4
immobilis,4
sumptus,4
admiror,4
syllaba,4
aduocatio,4
lassus,4
cicatrix,4
curia,4
praetexo,4
firmus,4
aditus,4
praesidium,4
obseruo,4
omitto,4
cupidus,4
reseruo,4
ueteranus,4
moto,4
attero,4
separo,4
abicio,4
subsisto,4
circumfluo,4
auidus,4
laudator,4
portus,4
libertinus,4
exspectatio,4
immerito,4
incedo,4
praeterea,4
cognatus,4
consisto,4
forte,4
uenter,4
lapis,4
fortuitus,4
ualidus,4
umbra,4
appeto,4
comperio,4
corruptor,4
terreo,4
insequor,4
subtraho,4
paratus,4
somnium,4
circumuenio,4
urgeo,4
assidue,4
sollicitudo,4
peregrinatio,4
amabilis,4
exagito,4
flamma,4
concutio,4
discurro,4
terminus,4
exulo,4
argumentatio,4
foris,4
habito,4
lepidus,4
exspiro,4
coheres,4
circumspicio,4
riualis,4
assero,4
clemens,4
exemplar,4
imperatum,4
paenitentia,4
escendo,4
concipio,4
garrulitas,4
conuello,4
onerosus,4
obsequor,4
ardesco,4
atticus,4
commissum,4
infamia,4
instituo,4
tirocinium,4
obscurus,4
impune,4
excerpo,4
raro,4
commodus,4
diligentia,4
uelocitas,4
iugum,4
receptus,4
risus,4
nouem,4
medicina,4
crucifigo,4
nequam,4
furcifer,4
censeo,4
copia,4
eximo,4
contradictio,4
aduersum,4
probatio,4
exonero,4
consecro,4
tener,4
lucrum,4
fundus,4
defleo,4
regnum,4
inuictus,4
serpens,4
impotentia,4
ager,4
nemus,4
spatium,4
ianua,4
sponsio,4
circumscriptio,4
paelex,4
demum,4
rea,4
turdus,4
attineo,4
asinus,4
ratis,4
armo,4
uerres,4
excogito,4
renuntio,4
medicamentum,4
equester,4
pasco,4
industria,4
comparatio,4
quinquennis,4
laudatio,4
suffigo,4
decerno,4
repulsus,4
dispono,4
tribunal,4
clementia,4
tullius,4
artifex,4
decollo,4
langueo,4
horatius,4
noxius,4
cano,4
natio,4
manlius,4
tumulus,4
oblino,4
monstrum,4
obliuio,4
crus,4
tabes,4
simultas,4
diruo,4
status,4
treceni,4
cornu,4
aeuum,4
sexaginta,4
promo,3
scruto,3
cunctus,3
inspecto,3
iniquitas,3
retro,3
prae,3
luxus,3
malignus,3
canto,3
excolo,3
emollio,3
erratum,3
marcus,3
priuatim,3
dedico,3
exsto,3
colonia,3
uulgo,3
que,3
caluus,3
dictio,3
uehemens,3
lusus,3
resoluo,3
agrestis,3
retraho,3
uigor,3
hilaritas,3
robur,3
dispenso,3
quies,3
perturbo,3
dissipo,3
affigo,3
obstipesco,3
operosus,3
urbanus,3
difficulter,3
fundamentum,3
subtexo,3
recta,3
surrepo,3
admodum,3
accepta,3
parcus,3
crepido,3
proueho,3
carthago,3
mutatio,3
alleuo,3
laetitia,3
cognatio,3
attingo,3
excusatio,3
praeripio,3
quo,3
offensus,3
obtorpesco,3
religio,3
aggrauo,3
macies,3
efficaciter,3
epula,3
fugo,3
consummo,3
uexo,3
colluctor,3
sanctus,3
hercule,3
constitutum,3
hactenus,3
concupio,3
miseror,3
clausum,3
constantia,3
amplexus,3
respectus,3
libidinosus,3
irrito,3
praecipue,3
uoluto,3
puteo,3
sane,3
adiutorium,3
prolabor,3
adoro,3
succumbo,3
species,3
uirilis,3
praepono,3
timidus,3
inquisitio,3
abscisus,3
electus,3
recepto,3
impudentia,3
praeteritus,3
dea,3
prouidentia,3
malum,3
truncus,3
trunco,3
iulus,3
uario,3
utrimque,3
aliquid,3
assurgo,3
saluto,3
antecedo,3
bini,3
mimus,3
fastidiosus,3
amnis,3
lucretius,3
statio,3
absento,3
interpello,3
impunitas,3
ambitus,3
hospitium,3
inseruio,3
diuello,3
pridem,3
aratrum,3
collis,3
moenia,3
fulgeo,3
capitolium,3
imbecillitas,3
paulo,3
addico,3
regio,3
onero,3
concilio,3
expleo,3
artemon,3
congero,3
audacter,3
uenditor,3
neco,3
homerus,3
prudenter,3
relatus,3
uacatio,3
classicus,3
successor,3
imprimo,3
iniungo,3
timor,3
exortus,3
umerus,3
ubique,3
circumsto,3
ornamentum,3
uerecunde,3
mentum,3
lasciuus,3
laetus,3
obscuritas,3
euado,3
remaneo,3
abrumpo,3
splendor,3
lenis,3
comprimo,3
situs,3
impedimentum,3
declamito,3
caducus,3
desertum,3
uenalis,3
libens,3
hora,3
externus,3
loquax,3
fabricius,3
disputatio,3
equus,3
deceo,3
sitis,3
munimentum,3
aer,3
quippe,3
praeda,3
infundo,3
penitus,3
incommodus,3
consequus,3
negotium,3
emancipo,3
reconcilio,3
dulcedo,3
fidelis,3
planus,3
laxus,3
tribus,3
placo,3
affecto,3
recumbo,3
diserte,3
argumentor,3
incautus,3
recreo,3
penso,3
licenter,3
comptus,3
studiose,3
mutuor,3
mollio,3
parce,3
doleo,3
orbitas,3
codicilli,3
pedum,3
trepido,3
inauditus,3
nonne,3
effringo,3
demo,3
temere,3
etiamnum,3
exorabilis,3
impietas,3
circumcido,3
curator,3
fragor,3
remotus,3
amens,3
aduentus,3
erigo,3
nuntio,3
moderatio,3
medeor,3
agr,3
uipsanius,3
attraho,3
intentus,3
cruciatus,3
fremo,3
fessus,3
accendo,3
torquis,3
cruor,3
urus,3
distorqueo,3
articulus,3
iniustus,3
probus,3
uigilia,3
senilis,3
turbo,3
petulantia,3
simulatio,3
aperte,3
coloro,3
formo,3
praemitto,3
parasitus,3
comminiscor,3
celeriter,3
mercator,3
protraho,3
accessio,3
multiplico,3
absentia,3
officiosus,3
bonum,3
fideliter,3
paulisper,3
censorius,3
quondam,3
fructus,3
migro,3
discrimen,3
tantundem,3
pronuntiatio,3
histrio,3
grauitas,3
temeritas,3
languidus,3
infra,3
lucto,3
procliuis,3
celer,3
dictus,3
maleficium,3
denarius,3
talio,3
tricenarius,3
seruator,3
nanciscor,3
profugio,3
admissum,3
uenia,3
declamatorius,3
derisus,3
acceptum,3
pertinaciter,3
refulgeo,3
telum,3
irritus,3
restitutio,3
nato,3
infeliciter,3
commorior,3
imaginor,3
ramus,3
prospectus,3
unda,3
penas,3
uilicus,3
contionor,3
auspicor,3
bracchium,3
spolio,3
possessio,3
circumscribo,3
insidiosus,3
catonium,3
maternus,3
fascis,3
uiscus,3
calor,3
moleste,3
ambio,3
spongia,3
adulescentulus,3
centumuiri,3
ligneus,3
remigium,3
adminiculum,3
fulmen,3
terribilis,3
praeceps,3
uoluo,3
tribuo,3
manes,3
condemno,3
sublimis,3
animal,3
intercido,3
domitor,3
conditor,3
sacro,3
sapio,3
taedium,3
publilius,3
infringo,3
trans,3
dormio,3
audaciter,3
grauiter,3
arcesso,3
dotalis,3
desperatio,3
colonus,3
usurpo,3
noxa,3
subscribo,3
inscius,3
deterreo,3
perdomo,3
breuitas,3
uinum,3
alteruter,3
talentum,3
prospicio,3
sepultura,3
mucius,3
resto,3
uectigal,3
conquiro,3
intendo,3
peculatus,3
quandoque,3
insignis,3
triumphus,3
sedes,3
iactatio,3
redemptor,3
asianus,3
spectator,3
cacozelia,3
uirga,3
scortum,3
socius,3
consector,3
amaritudo,3
re,3
latine,3
animosus,3
marcius,3
urbanitas,3
lautumia,3
uiso,3
multo,3
immolo,3
catulus,3
decius,3
nefandus,3
auis,3
induo,3
gemo,3
contubernium,3
satisfactio,3
ligarius,3
fortassis,3
nedum,3
misere,3
macedonus,3
aduolo,3
uua,3
missa,3
troius,3
pelagus,3
dellius,3
oriens,3
grammaticus,3
alias,3
nubilus,3
triumuiralis,3
lectica,3
aufidius,3
em,2
elabor,2
hebeto,2
neruus,2
passim,2
emergo,2
intempestiue,2
nex,2
imitator,2
citer,2
extenuo,2
immundus,2
aequalis,2
studiosus,2
oraculum,2
diuinitas,2
facunde,2
peruagor,2
proprie,2
nuper,2
relaxo,2
tristitia,2
nouo,2
paulatim,2
ambulatio,2
lucubro,2
contundo,2
relego,2
lente,2
anxius,2
caudex,2
cogitatum,2
recenseo,2
persoluo,2
auello,2
inuito,2
conualesco,2
condiscipulus,2
inflecto,2
utilitas,2
subsidium,2
detorqueo,2
recingo,2
odiosus,2
septimus,2
funestus,2
immitto,2
condio,2
scriba,2
ambo,2
diurnus,2
humus,2
squalor,2
squalidus,2
miseratio,2
famelicus,2
tragicus,2
uitalis,2
eneruo,2
fabulosus,2
innocenter,2
cellula,2
lectulus,2
contamino,2
segrego,2
refello,2
enotesco,2
blanditia,2
urna,2
purgo,2
adsuetus,2
piraticus,2
myoparo,2
conuersor,2
delibutus,2
profecto,2
conserua,2
petulans,2
citra,2
uena,2
pernicies,2
stuprator,2
intactus,2
difficultas,2
redoleo,2
tractus,2
inhonestus,2
obscenitas,2
sacrarium,2
altar,2
importunus,2
imprecor,2
amplio,2
praeruptus,2
aspectus,2
scopulus,2
fuluus,2
rupes,2
contactus,2
discursus,2
reuiuo,2
despicio,2
subiungo,2
permisceo,2
corripio,2
athleta,2
condisco,2
conceptus,2
trux,2
oporteo,2
ordino,2
inopinatus,2
defectio,2
prosilio,2
commodum,2
orior,2
ara,2
obsecro,2
sepono,2
catenatus,2
ignobilis,2
tutor,2
affulgeo,2
arca,2
refert,2
corruo,2
mas,2
intereo,2
prodigium,2
breuiter,2
respergo,2
tenor,2
cruento,2
ai,2
calliditas,2
propositio,2
panis,2
centum,2
rumpo,2
sexagesimus,2
quintus,2
commeatus,2
adhoc,2
totidem,2
continuo,2
corroboro,2
diffido,2
eodem,2
religiosus,2
praesagium,2
rapum,2
priusquam,2
territus,2
tenebra,2
dirigo,2
acquiro,2
inaequalitas,2
exilis,2
philosophia,2
uoluntarius,2
tranquillitas,2
paco,2
procul,2
capax,2
auratus,2
fragilis,2
nitor,2
sector,2
deuoluo,2
friuolus,2
fruor,2
consuesco,2
mehercule,2
fulcio,2
seruitium,2
expeto,2
aedificium,2
seu,2
excidium,2
flagro,2
seco,2
marcidus,2
uiridis,2
patens,2
rapidus,2
praecipitium,2
hibernus,2
oblectamentum,2
porcus,2
patricius,2
angulus,2
senatorius,2
promoueo,2
consensus,2
tacita,2
pusillus,2
gratis,2
indecens,2
nouicius,2
animose,2
paedagogus,2
temperamentum,2
ridiculus,2
praeiudicium,2
aberro,2
significatio,2
emendatio,2
detego,2
suspiciosus,2
constringo,2
iocosus,2
admirator,2
ingeniosus,2
semibos,2
bos,2
gelidus,2
boreas,2
egelidus,2
compesco,2
naeuus,2
contremesco,2
excandesco,2
indulgenter,2
alte,2
consenesco,2
expauesco,2
mortifer,2
uenus,2
duritia,2
imprudenter,2
collusio,2
incultus,2
sulla,2
cogitate,2
uere,2
praefatio,2
decenter,2
fabius,2
insector,2
infirmitas,2
insero,2
puerperium,2
exaresco,2
saepis,2
exquiro,2
puerpera,2
gemma,2
lapillus,2
praecurro,2
formula,2
praescribo,2
incolumitas,2
editus,2
concubitus,2
immunis,2
assentio,2
libere,2
callidus,2
impulsus,2
celo,2
dedo,2
intentio,2
maligne,2
uterus,2
computo,2
coma,2
reficio,2
instigo,2
desisto,2
mala,2
lubricus,2
circumdo,2
lasciuio,2
insolitus,2
coerceo,2
uolgaris,2
quodammodo,2
comissator,2
collum,2
iuuenalis,2
rusticus,2
debitum,2
rixor,2
afficio,2
commigro,2
querella,2
satietas,2
quiuis,2
salutator,2
inuerecundus,2
rubor,2
integritas,2
plaga,2
imploro,2
abunde,2
uber,2
penetralis,2
aureus,2
idcirco,2
uacuus,2
querimonia,2
prudentia,2
nimirum,2
negotiator,2
querela,2
secedo,2
notabilis,2
auditus,2
meridies,2
salsus,2
adnoto,2
instructus,2
mediocris,2
impar,2
tragoedia,2
neglegenter,2
facundus,2
deuito,2
ambitiose,2
gubernator,2
piscina,2
rescribo,2
fabella,2
inaequalis,2
absumo,2
tantopere,2
protego,2
erepo,2
erumpo,2
morsus,2
hospitalis,2
censor,2
minister,2
detineo,2
aliquanto,2
familiariter,2
aliquamdiu,2
uersor,2
reprehendo,2
gula,2
inhumanitas,2
iactus,2
stipendium,2
iners,2
ablego,2
nutrix,2
contractus,2
lorica,2
adultero,2
munio,2
spondeo,2
uerendus,2
attendo,2
aedifico,2
pancratiastes,2
olympia,2
intercedo,2
quadruplus,2
excurro,2
arbuscula,2
inambulo,2
aestus,2
tignum,2
forsitan,2
cannensis,2
nocte,2
abolitio,2
aeneus,2
seruulus,2
curiosus,2
nothus,2
electio,2
haurio,2
efficax,2
innoxius,2
absolutorius,2
obses,2
adultera,2
nubilis,2
cruditas,2
uerro,2
funebris,2
puter,2
uestalis,2
paucitas,2
phrasis,2
albus,2
occulo,2
praeparatio,2
deprimo,2
apte,2
regero,2
arruntius,2
calix,2
exarmo,2
dispicio,2
gubernaculum,2
densus,2
nubes,2
intumesco,2
fragmentum,2
ueho,2
offundo,2
serenus,2
tranquillus,2
auspicatus,2
insido,2
quantulus,2
inertia,2
centurio,2
oborior,2
derigesco,2
expio,2
aggredior,2
elegi,2
tenus,2
capito,2
palus,2
hortensis,2
hannibal,2
defluo,2
expeditio,2
uocatus,2
infectus,2
sessus,2
coarto,2
anguste,2
sella,2
nonnumquam,2
metior,2
adiungo,2
communio,2
leniter,2
actor,2
statura,2
flebilis,2
crispus,2
sono,2
semigro,2
habitatio,2
conduco,2
peruersitas,2
atrocitas,2
finitio,2
sex,2
exceptio,2
puerulus,2
interimo,2
despondeo,2
reicio,2
affinitas,2
simpliciter,2
uernula,2
aduento,2
concumbo,2
lapsus,2
subiectus,2
faex,2
lamia,2
acte,2
cauus,2
porto,2
tritus,2
ualenter,2
inconsideratus,2
communico,2
imperitus,2
echo,2
saluber,2
iteratio,2
condo,2
mensis,2
lenitas,2
quaesitor,2
infitior,2
subeo,2
emico,2
reposco,2
insepultus,2
curtius,2
cognomen,2
insigne,2
fundo,2
euoco,2
lacesso,2
soloecismus,2
inusitatus,2
generosus,2
luo,2
digno,2
faenerator,2
conor,2
mire,2
abluo,2
percussus,2
uerbero,2
argenteus,2
conuiualis,2
conscendo,2
ascribo,2
seruilis,2
oro,2
indemnatus,2
disturbo,2
flamen,2
florus,2
abundantia,2
detractio,2
feralis,2
interpositus,2
hasta,2
agnitio,2
auditio,2
interpretatio,2
sopio,2
creta,2
theatrum,2
sal,2
insectatio,2
signo,2
infaustus,2
praeposterus,2
euito,2
uncia,2
achilles,2
commordeo,2
radix,2
regula,2
flaminius,2
consultum,2
corium,2
confligo,2
penes,2
palma,2
coniunctus,2
peroro,2
grassator,2
indignitas,2
uiolentia,2
positio,2
tinus,2
etruscus,2
illustro,2
contumaciter,2
uectigalis,2
scapula,2
tuber,2
extundo,2
assigno,2
repto,2
expendo,2
auspicium,2
semianimis,2
oberro,2
lanista,2
succido,2
exolesco,2
simplicitas,2
rigor,2
moneo,2
aedes,2
sortitus,2
labefacto,2
coquus,2
lecticarius,2
uulturius,2
scrinium,2
furto,2
decimus,2
piger,2
uastitas,2
inquietus,2
belua,2
supergredior,2
immanis,2
annuus,2
ueneratio,2
adulatio,2
complures,2
absorbeo,2
fastigium,2
descisco,2
charybdis,2
consurgo,2
aequor,2
adiectio,2
adhortor,2
fragilitas,2
decorus,2
inclutus,2
fugax,2
quocumque,2
claudius,2
item,2
sagitta,2
municeps,2
agricola,2
splendeo,2
abdo,2
ensis,2
iactura,2
hortatus,2
sullanus,2
aegyptus,2
ministra,2
prosperus,2
namque,2
incolumis,2
conticesco,2
care,2
collega,2
clamator,1
fragum,1
floreo,1
ducenti,1
quasso,1
dissoluo,1
obuenio,1
effloresco,1
relabor,1
desidiosus,1
uigilo,1
languor,1
indus,1
salio,1
effemino,1
ditiae,1
mollitia,1
specimen,1
eneruis,1
expugnator,1
enuntio,1
antistes,1
uello,1
obliuium,1
immineo,1
atriolum,1
au,1
thesis,1
mediocriter,1
incunabulum,1
retracto,1
suauis,1
uenor,1
sollertia,1
incumbo,1
continuatio,1
feriae,1
intermissio,1
immoderatus,1
deseruio,1
robustus,1
surdus,1
lucubratio,1
infusco,1
extollo,1
accresco,1
sudor,1
unctio,1
reparo,1
aequaliter,1
digero,1
mirabilis,1
stilus,1
tenere,1
promptus,1
persaluto,1
persido,1
prouideo,1
latebra,1
superstruo,1
exilitas,1
spinosus,1
enthymema,1
translaticius,1
implicitus,1
supellex,1
abundo,1
oblique,1
furtim,1
circensis,1
pompa,1
immodestus,1
largitio,1
blandimentum,1
equidem,1
mutabilis,1
sextus,1
pertinacia,1
liberalis,1
ieiunium,1
aluus,1
uallis,1
debitor,1
aequo,1
dispensator,1
consors,1
effingo,1
perinde,1
supplico,1
exter,1
duplico,1
praestes,1
lenocinor,1
pallor,1
furtiue,1
detestabilis,1
amabiliter,1
impense,1
superpositus,1
confingo,1
uolutatio,1
coniectus,1
latrocinor,1
influo,1
mango,1
sponsor,1
proclamo,1
istinc,1
castigatio,1
sanctitas,1
morosus,1
sicarius,1
uescus,1
decerpo,1
delitesco,1
figo,1
coinquino,1
accusatorius,1
pugnacitas,1
dignatio,1
exosculor,1
praerogatio,1
argentatus,1
uulgatus,1
magisterium,1
probrosus,1
dubitatio,1
lacertus,1
aeruginosus,1
fuligo,1
penetro,1
obscene,1
frequentia,1
exaspero,1
inhorreo,1
enascor,1
resilio,1
tarpeius,1
uitta,1
particula,1
problema,1
casu,1
ampliatio,1
quintilis,1
germanicus,1
publicius,1
quadrigae,1
pastor,1
induresco,1
reuerbero,1
exorior,1
triton,1
recordatio,1
onustus,1
maledico,1
obluctor,1
derisor,1
torpor,1
confusio,1
frigidus,1
excio,1
praemineo,1
lamentatio,1
exterreo,1
narratus,1
uerginius,1
fustis,1
asseruo,1
sponsus,1
masculus,1
illucesco,1
testatio,1
pannus,1
presso,1
obtero,1
auitus,1
laudabilis,1
casa,1
fastigatus,1
praeluceo,1
obscuro,1
blande,1
tolero,1
doto,1
uxorius,1
consentio,1
speculatrix,1
praescius,1
uasto,1
sancio,1
astringo,1
esurio,1
quantuslibet,1
impensa,1
partio,1
ruga,1
emeritus,1
spiro,1
prouisus,1
separatim,1
perniciosus,1
ironia,1
auersor,1
appono,1
barrus,1
raucus,1
librarius,1
pauidus,1
cubile,1
simus,1
hilaris,1
exanimo,1
insono,1
circumago,1
dominor,1
iustitia,1
dedisco,1
tenax,1
cuneus,1
ardor,1
trinus,1
adorno,1
supplicatio,1
quotienscumque,1
insatiabilis,1
moderor,1
admirandus,1
interpretor,1
bellicosus,1
sanguinarius,1
sterno,1
plancus,1
hereditarius,1
implico,1
uagus,1
niteo,1
citus,1
eloquor,1
inspiro,1
mucro,1
elaboro,1
asseueratio,1
iniussus,1
flumen,1
decursus,1
abundanter,1
abhorreo,1
auersus,1
pergo,1
inclino,1
bonitas,1
processus,1
hortator,1
probabilis,1
transfugio,1
argentum,1
ludibrium,1
ueneo,1
foueo,1
cultor,1
solium,1
egredior,1
comito,1
dispendium,1
conuulnero,1
opulentus,1
ductus,1
euestigatus,1
aelius,1
compleo,1
consterno,1
pestis,1
stirps,1
furia,1
aedis,1
effugium,1
decoro,1
iniectus,1
umeo,1
pauimentum,1
tessellatus,1
fumus,1
campus,1
planum,1
interfluo,1
oblecto,1
exaggero,1
fossa,1
repente,1
aboleo,1
strepo,1
nequeo,1
fictilis,1
explodo,1
insitiuus,1
obsisto,1
bacchor,1
coepi,1
insum,1
mitigo,1
tempestiuus,1
corrigo,1
regia,1
respuo,1
grauor,1
offensio,1
suspiciose,1
postulatus,1
actium,1
dominicus,1
paparium,1
tendo,1
obtingo,1
suspirium,1
deuoueo,1
inconsultus,1
carpo,1
dedoceo,1
obiurgator,1
effreno,1
auoco,1
cautus,1
considerate,1
pondero,1
semiuir,1
identidem,1
here,1
distringo,1
conuenientia,1
denus,1
uiceni,1
uicesimus,1
agon,1
scitum,1
officio,1
sedulus,1
adfectus,1
mimicus,1
criminatio,1
triduum,1
derecto,1
mox,1
illinc,1
uappa,1
basilicum,1
lucius,1
gaius,1
ascisco,1
innuo,1
diuortium,1
quisnam,1
denuntiatio,1
minax,1
cunctor,1
subex,1
lancino,1
matrix,1
refoueo,1
demoror,1
improuisus,1
seges,1
maturitas,1
faenus,1
emoueo,1
uobiscum,1
numerarius,1
abominor,1
diuisor,1
discribo,1
iniuste,1
molitio,1
accusatorie,1
emano,1
frugaliter,1
mergus,1
poto,1
adumbro,1
mercatus,1
seditio,1
lenio,1
delinquo,1
iracundia,1
exprobratio,1
canus,1
rixa,1
festiuus,1
praematurus,1
licens,1
asotia,1
mature,1
credulus,1
uniuersus,1
lasciuia,1
resaluto,1
pignero,1
facetia,1
praesumo,1
incessus,1
internuntius,1
arripio,1
denudo,1
deterior,1
maturus,1
exsecror,1
singillatim,1
percenseo,1
sollicitatio,1
incorruptus,1
perambulo,1
negotior,1
adamo,1
illecebra,1
delenimentum,1
firmamentum,1
existimatio,1
robigo,1
aduro,1
lamina,1
conchylium,1
perspicuus,1
consulte,1
culta,1
uerum,1
potior,1
portio,1
conspicuus,1
suauitas,1
perscribo,1
sarcina,1
praeualeo,1
uehiculum,1
animalis,1
aper,1
ceruus,1
curriculum,1
comoedia,1
hoplomachus,1
scaeuus,1
iudicialis,1
litteratus,1
municipium,1
uentilo,1
harena,1
tiro,1
frequento,1
pantomimus,1
bilis,1
cloaca,1
balneum,1
lotus,1
conclusio,1
comedo,1
abrogo,1
fauorabilis,1
consumptor,1
consentiens,1
praeuenio,1
emetior,1
exseco,1
dominium,1
inops,1
extraneus,1
rediuiuus,1
continens,1
conflagro,1
sarcio,1
amatorius,1
lacer,1
capital,1
inuitatus,1
conuoco,1
affluo,1
patefacio,1
coniuratio,1
tribunicius,1
insanabilis,1
tabesco,1
extendo,1
erilis,1
nouitas,1
macero,1
liberaliter,1
triumphalis,1
praetermitto,1
uitiosus,1
floridus,1
indoles,1
successio,1
ciuiliter,1
aduerso,1
praeconium,1
insulto,1
oblittero,1
interrumpo,1
refreno,1
obsolesco,1
culte,1
concubinus,1
uocito,1
torrens,1
turbidus,1
sicuti,1
hortus,1
detondeo,1
supprimo,1
leuamentum,1
censura,1
propinquitas,1
caeco,1
sacrum,1
pretiosus,1
perditor,1
deriuo,1
uiolarium,1
nudo,1
conflo,1
sexus,1
succenseo,1
odio,1
ulcisco,1
curatio,1
indiscretus,1
nouercalis,1
uerisimilis,1
clipeus,1
perlucidus,1
perfundo,1
incoho,1
maledictum,1
requiro,1
obuius,1
consignatio,1
perfidia,1
promissio,1
retempto,1
negotiatio,1
fertus,1
enato,1
repudio,1
ossum,1
pyrrhus,1
uanus,1
dilatio,1
platanus,1
simplus,1
sonus,1
caterua,1
porricio,1
prope,1
brumalis,1
aestiuus,1
frigus,1
culmen,1
nauigabilis,1
fretus,1
aro,1
irreuocabilis,1
imprudentia,1
pestilens,1
salubris,1
obduco,1
gena,1
famosus,1
forensis,1
exsero,1
postridie,1
auxilium,1
regulus,1
dominatio,1
spondeus,1
taurus,1
mugitus,1
neue,1
dimidius,1
diuisus,1
peragro,1
rescisco,1
exheredo,1
circumscriptor,1
inuoluo,1
umor,1
culter,1
condus,1
permutatio,1
pulsus,1
exequia,1
genialis,1
consideratus,1
diuinatio,1
praeses,1
qualiscumque,1
imputatus,1
peniculus,1
inexpertus,1
modeste,1
conuersatio,1
humanitas,1
quinquies,1
sexies,1
euagor,1
bucino,1
exsecutio,1
excessus,1
habilis,1
extemporalis,1
insperatus,1
uocalis,1
subsum,1
haesito,1
acetum,1
puleium,1
lanterna,1
admixtus,1
strepitus,1
inconstantia,1
proxime,1
commode,1
squaleo,1
concinnus,1
uarie,1
conuenienter,1
centumuiralis,1
transigo,1
inconditus,1
diuerto,1
probitas,1
assus,1
mordax,1
cras,1
cucurbita,1
uenum,1
antemna,1
nequitia,1
uas,1
compages,1
deuinco,1
sepulcrum,1
peruetus,1
salum,1
insidior,1
seiungo,1
rudens,1
pessum,1
spumo,1
diuinitus,1
administratio,1
elanguesco,1
conicus,1
immerens,1
sublabor,1
pone,1
lar,1
titubo,1
inuentor,1
probe,1
elate,1
concubius,1
pecus,1
sopor,1
sileo,1
salutatio,1
fluctuor,1
italia,1
emunio,1
ciceronianus,1
procido,1
turbator,1
tractatus,1
expers,1
resumo,1
diluo,1
comicus,1
deinceps,1
captio,1
pomponius,1
atellanus,1
scriptor,1
innumerabilis,1
tertio,1
infesto,1
priuilegium,1
poenus,1
propello,1
cippus,1
paruulus,1
hendecasyllabus,1
salaputium,1
messio,1
uictoriatus,1
anticus,1
metor,1
iurgium,1
denoto,1
discerno,1
praecordia,1
tumet,1
formido,1
contexo,1
comminus,1
congredior,1
coniungo,1
destringo,1
cutis,1
significanter,1
saucio,1
uellico,1
amica,1
aspergo,1
quadrimus,1
insomnis,1
expergiscor,1
perrumpo,1
apparens,1
demonstro,1
destino,1
tergus,1
ancillula,1
profectio,1
uallus,1
nuptialis,1
maestus,1
philosophor,1
destruo,1
postumius,1
detrecto,1
serotinus,1
reprehensio,1
residuus,1
furius,1
empticius,1
mamilius,1
reporto,1
lasso,1
designo,1
dissensio,1
praesertim,1
competo,1
inhio,1
aegre,1
substituo,1
inexploratus,1
insomnia,1
praenuntio,1
somniator,1
egressus,1
troianus,1
trames,1
alieno,1
abigo,1
praeterquam,1
impudens,1
impunis,1
antea,1
conatus,1
infitiatio,1
interrogatio,1
immutabilis,1
usura,1
adulator,1
principatus,1
iurgo,1
praelatus,1
late,1
conuinco,1
conuictus,1
anus,1
orbo,1
superstitiosus,1
uiolator,1
ebur,1
simulacrum,1
funero,1
uilitas,1
ignauus,1
uicus,1
adhortatio,1
necdum,1
mano,1
inhorresco,1
discors,1
flo,1
arduus,1
speculum,1
celebritas,1
praecordium,1
eruptio,1
detestor,1
exsecratio,1
discidium,1
proloquor,1
exploro,1
confido,1
promissum,1
marceo,1
admonitum,1
ostentatio,1
flos,1
gratuitus,1
cerno,1
creber,1
plausus,1
labo,1
interuentus,1
obloquor,1
basilica,1
delicate,1
ternus,1
cursor,1
fremitus,1
consonans,1
umbrosus,1
fulgor,1
occaeco,1
eos,1
mendicitas,1
persica,1
adsertor,1
imperatorius,1
illustris,1
labes,1
cuius,1
forma,1
uncus,1
quaestor,1
accumbo,1
sobrius,1
sumptuosus,1
purgamentum,1
scobis,1
fungor,1
iugulo,1
praetura,1
euoluo,1
magnificus,1
extraho,1
arrideo,1
accubo,1
ubertim,1
saltatio,1
deligo,1
legitimis,1
heu,1
conuiuor,1
praeficio,1
symphonia,1
iracundus,1
gurges,1
uiolens,1
propino,1
tumultuosus,1
promiscuus,1
temulentus,1
euanesco,1
tumultuarius,1
calceo,1
solea,1
successus,1
luce,1
lucerna,1
sagino,1
fornix,1
polus,1
consummatio,1
aequum,1
emptio,1
perfidus,1
nequaquam,1
pallium,1
procumbo,1
praefigo,1
impingo,1
securitas,1
suppliciter,1
operio,1
cautio,1
effigies,1
peccatum,1
taxatio,1
corona,1
obuersor,1
sestertius,1
domitius,1
therma,1
proton,1
cohors,1
diarium,1
superbe,1
degenero,1
derelinquo,1
uagor,1
lugubris,1
affinis,1
patienter,1
intestatus,1
attributus,1
commoror,1
crimino,1
galla,1
adhaereo,1
missio,1
hucine,1
ineptia,1
absurdus,1
pueriliter,1
adloquium,1
obiurgatio,1
deporto,1
loco,1
exercitatus,1
cognitio,1
quaestiuncula,1
era,1
conuiuo,1
praeuaricatio,1
praegusto,1
mortalitas,1
stupefacio,1
nonus,1
labium,1
conuentum,1
oppius,1
adductus,1
amicio,1
litigans,1
altercatio,1
apto,1
ignauia,1
septem,1
supercilium,1
eluctor,1
uecordia,1
uosmet,1
subdo,1
conuoluo,1
rescriptum,1
dens,1
mordeo,1
tumor,1
sipho,1
sparsio,1
odoratus,1
uiridarium,1
caelo,1
auius,1
uolito,1
piscis,1
tolerabiliter,1
incommode,1
inurbane,1
mane,1
inuro,1
later,1
lauo,1
secta,1
circumspectus,1
attenuo,1
conseruo,1
retundo,1
modicus,1
effluo,1
gratiosus,1
regius,1
finitimus,1
repentinus,1
scalpo,1
currus,1
affligo,1
uanum,1
subtiliter,1
unice,1
fouea,1
superiacio,1
ostium,1
adaequo,1
eurus,1
dissideo,1
redundo,1
laboriosus,1
istic,1
obsequium,1
immitis,1
desipio,1
stulte,1
dementer,1
affirmatio,1
scelestus,1
innitor,1
baculum,1
ossifragus,1
delumbo,1
diminuo,1
semiuiuus,1
tremulus,1
mancus,1
specus,1
proceritas,1
uertebra,1
exstirpo,1
radicitus,1
peruello,1
equa,1
feriatus,1
fetus,1
lupa,1
amissus,1
deminuo,1
arbustum,1
mulco,1
infirmus,1
inualidus,1
dependeo,1
castratus,1
conicio,1
meto,1
incuruo,1
scomber,1
sis,1
renascor,1
lorum,1
chara,1
alumnus,1
deprecatio,1
redux,1
iugulum,1
tonans,1
internecio,1
occidens,1
opifex,1
seruilius,1
ignorantia,1
ansa,1
uiginti,1
acidus,1
dicax,1
sido,1
furiose,1
phreneticus,1
passer,1
columba,1
hepar,1
draco,1
sulco,1
aura,1
troia,1
adflictus,1
machinor,1
comminuo,1
detrudo,1
dubium,1
uigilans,1
exitium,1
compilo,1
eluceo,1
inuolo,1
inanis,1
inscite,1
distribuo,1
romulus,1
auctus,1
institutum,1
tarquinius,1
adolesco,1
obtempero,1
cumque,1
punicus,1
termino,1
iuuenesco,1
aemulus,1
subiugo,1
regimen,1
singularis,1
sustento,1
suo,1
anulus,1
parumper,1
fertilis,1
iacio,1
usquam,1
defigo,1
luceo,1
exopto,1
intemptatus,1
experientia,1
taeter,1
occasus,1
incrementum,1
indium,1
conuentus,1
beluus,1
funditus,1
rudis,1
imperfectus,1
meatus,1
hiems,1
aestas,1
spiramentum,1
exaestuo,1
augmentum,1
pacatum,1
adulo,1
ueritas,1
inflo,1
insolentia,1
amitinus,1
lancea,1
permulceo,1
irrisio,1
graeculus,1
zeus,1
sponsalia,1
octauius,1
desultor,1
biennium,1
triennium,1
stabilis,1
fluito,1
sicco,1
habitabilis,1
cyclops,1
haud,1
inflatus,1
inno,1
reuello,1
extorris,1
hesperius,1
meta,1
extremus,1
aequoreus,1
prehendo,1
accumulo,1
limus,1
marinus,1
prora,1
pugnax,1
dinosco,1
obstruo,1
cardo,1
remus,1
aqua,1
diuum,1
quieto,1
magnifice,1
nihilum,1
insuetus,1
senium,1
moene,1
intuor,1
uastus,1
arceo,1
uadum,1
internascor,1
orsus,1
recessus,1
itero,1
interritus,1
adnumero,1
perforo,1
contego,1
agmen,1
eluo,1
deliberatio,1
mus,1
fodio,1
persicus,1
nitidus,1
recolo,1
inclinatio,1
scurra,1
prandium,1
stoicus,1
epulor,1
stratum,1
herba,1
crastinus,1
porcellus,1
elegantia,1
prouerbium,1
chorus,1
phantasia,1
opportunitas,1
diuersitas,1
atramentum,1
catius,1
municipalis,1
cacozelus,1
turbulentus,1
uasum,1
calceus,1
ficus,1
mariscae,1
concubina,1
cognomentum,1
dilato,1
stator,1
abronius,1
caneo,1
coruus,1
sosius,1
iudaeus,1
dissero,1
pyxis,1
medicamen,1
tuscus,1
infatuo,1
agamemnon,1
cremo,1
semen,1
grauo,1
aspero,1
diffluo,1
flatus,1
parca,1
recludo,1
fatalis,1
impendium,1
diuino,1
augurius,1
sin,1
caelus,1
calidus,1
uae,1
affatim,1
responsum,1
rector,1
uates,1
desudo,1
natalis,1
nuntia,1
saturnus,1
mars,1
negotiosus,1
mercurius,1
tumultuor,1
ingemo,1
babylon,1
lucus,1
capulus,1
uictrix,1
improuidus,1
quantumcumque,1
recolligo,1
enumeratio,1
inutiliter,1
tueo,1
hirtius,1
pharsalicus,1
rependo,1
faux,1
gladiatorius,1
firmitas,1
ructo,1
uomitus,1
foedo,1
accidens,1
uorax,1
fidius,1
intestinus,1
incubo,1
obnoxius,1
haustus,1
exsoluo,1
recurro,1
obseruatus,1
italicus,1
spado,1
proludo,1
auunculus,1
clientela,1
popina,1
tributus,1
acerbitas,1
sponte,1
percurro,1
administro,1
achaius,1
macedonia,1
subigo,1
complus,1
gabinius,1
superbia,1
eiuro,1
multiplex,1
accurate,1
contristo,1
retractatio,1
transuersus,1
aliquotiens,1
regressus,1
dimico,1
fors,1
promineo,1
stolidus,1
chordus,1
differtus,1
praependeo,1
inspergo,1
sanies,1
appropinquo,1
memor,1
inferia,1
narratum,1
benignus,1
amata,1
compos,1
memorabilis,1
candidus,1
aestimator,1
auide,1
conspicio,1
defensa,1
ualetudo,1
diutinus,1
priscus,1
prouenio,1
obstringo,1
moderatus,1
reor,1
coorior,1
ora,1
magnanimus,1
icio,1
tutela,1
obmutesco,1
informis,1
canities,1
proculco,1
ouo,1
triumpho,1
stygius,1
fraudo,1
sextilius,1
eno,1
erudio,1
pinguis,1
coruinus,1
recitatio,1
umbilicus,1
turpitudo,1
taedeo,1
praetorius,1
sinum,1
accommodus,1
ineo,1
dirimo,1
afranius,1
scaenicus,1
creditor,1
oppignero,1
quoad,1
admirabilis,1
obtestor,1
aeternitas,1
senesco,1
insignio,1
praedulcis,1
nasutus,1
ornatus,1
adimo,1
flagrum,1
postulatio,1
abutor,1
iuba,1
faenero,1
