,count
et,1993
in,931
qui,808
hic,672
sum,514
per,480
atque,457
non,444
ad,439
nec,429
iam,373
arma,358
ac,340
tu,305
cum,293
fero,283
uir,281
do,277
tum,271
bellus,263
magnus,260
ab,234
ut,233
sed,229
nunc,227
sui,213
campus,195
ductor,194
ille,193
telum,189
primus,187
terra,185
nomen,185
uideo,183
os,179
dum,179
si,177
ego,176
dextra,172
at,167
omnis,165
mens,163
hostis,160
ipse,158
sub,158
altus,157
ira,156
sto,155
deus,155
haud,154
inter,154
corpus,144
urbs,143
pectus,143
superus,142
labor,140
ex,139
tantus,139
hinc,139
manus,132
noster,131
turbo,130
medius,128
ruo,128
ora,125
pugna,125
unda,124
ensis,124
tellus,123
nullus,123
signum,122
eo,122
quis,121
agmen,121
ante,120
proelium,118
aequor,118
laetus,118
uulnus,117
sic,116
saeuus,116
gens,115
patrius,115
murus,115
iuuenis,115
dux,115
unus,115
decus,114
ubi,114
sanguis,114
ago,113
aut,111
regnum,110
multus,110
fatum,110
membrum,110
ferrum,108
tuus,108
pater,108
umbra,105
flamma,105
suus,104
caelum,104
litus,103
populus,103
totus,102
tergum,102
uox,101
seruo,100
nox,100
letum,100
hasta,100
sacer,97
honor,97
caput,97
simul,95
ater,95
res,95
super,95
uictor,94
longus,92
certamen,91
quantus,90
nos,90
aurum,89
duco,88
celsus,88
consul,88
de,87
inde,87
uenio,87
cerno,86
castrum,86
caedes,85
lux,85
aura,85
solus,84
foedus,84
mons,83
parens,83
peto,83
nam,82
cura,82
equus,82
natus,82
dies,81
saxum,81
talis,81
fugio,81
specto,81
moles,80
aeuum,80
laus,80
traho,80
oculus,80
uirtus,79
postquam,79
quam,79
iubeo,79
cado,79
moenia,78
fundo,78
ingens,78
rapidus,77
uolo,77
miles,77
is,77
inquam,77
porta,76
uos,76
pontus,75
rapio,75
iaceo,74
uertex,74
ceu,74
acies,74
quisque,72
arx,72
mors,72
ignis,71
cruor,71
uis,70
nouus,70
socius,70
tectum,70
uultus,70
tempus,70
credo,69
tandem,69
o,69
latus,68
paro,68
moueo,68
domus,67
cunctus,67
lumen,67
tunc,67
ullus,66
tristis,66
adsum,66
clamor,66
premo,66
dirus,65
frons,65
rumpo,65
ripa,65
addo,64
cedo,64
uoco,64
fama,63
uinco,63
nubes,63
bellum,63
durus,63
namque,62
dignus,62
furor,62
num,62
sedes,62
uita,62
geminus,62
fera,62
misceo,61
rex,61
subitus,61
locus,61
cursus,61
mos,60
teneo,60
meus,60
surgo,60
puppis,60
aequo,60
uerto,59
contra,59
sedeo,59
certo,59
ictus,59
sine,59
ops,59
leuis,59
clipeus,59
pars,58
post,58
refero,58
gurges,58
extremus,57
mitto,57
pubes,57
porto,57
trepidus,57
par,57
miser,57
ne,57
heu,57
factum,57
artus,56
idem,56
currus,55
dexter,55
frango,55
gressus,54
spes,54
cor,54
numen,53
iugum,53
superbus,53
frater,53
torqueo,53
capio,53
tendo,53
qua,52
iungo,52
late,52
cuspis,52
acer,52
posco,51
collum,51
uentus,51
paruus,51
relinquo,51
animus,51
pelagus,50
turba,50
alius,50
uicinus,50
finis,50
diuus,50
procul,50
aeger,50
munus,49
spargo,49
fessus,49
fulgeo,49
annus,49
claudo,49
orbis,49
quondam,48
inuado,48
somnus,48
amnis,47
praeceps,47
reuoco,47
sidus,47
asper,47
metus,46
raptus,46
impleo,46
mater,46
senex,46
donum,46
mox,45
antrum,45
intro,45
laeuus,45
uester,44
uestigium,44
silua,44
poena,44
ars,44
ferox,44
uanus,44
etiam,44
ecce,44
enim,44
grauis,44
aio,44
linquo,44
pro,44
tot,44
uero,44
poenus,43
tollo,43
ara,43
fides,43
casus,43
imago,43
uix,43
pax,43
huc,43
fluctus,42
bonus,42
malus,42
periculum,42
adeo,42
condo,42
ruina,42
ni,42
dolor,42
clarus,42
oro,42
dictum,42
uel,41
murmur,41
patior,41
fuga,41
uia,41
amor,41
stagnum,41
arduus,41
uisus,41
agger,41
galea,41
caecus,40
pondus,40
uisum,40
audio,40
fulmen,40
puer,40
gloria,40
secundus,40
accipio,39
fretus,39
profundus,39
ardeo,39
tumulus,39
propior,39
nosco,39
tremo,39
anima,39
lacrima,39
mille,39
uoluo,39
subeo,39
templum,39
patria,39
pono,39
coniunx,39
effundo,38
passim,38
cornu,38
iaculus,38
castra,38
donec,38
mora,37
turma,37
sol,37
attollo,37
interea,37
palma,37
impello,37
cur,37
infelix,37
sat,37
cohors,37
caeruleus,36
reddo,36
repeto,36
uastus,36
furo,36
tam,36
genus,36
nego,36
sublimis,36
tamen,36
harena,36
iter,36
rector,36
robur,36
umquam,36
insignis,36
strages,36
immanis,36
densus,36
procella,35
summum,35
scopulus,35
imperium,35
facilis,35
possum,35
sono,35
precor,35
en,35
cornipes,34
fraus,34
pulso,34
nondum,34
insto,34
uirgo,34
limen,34
conuerto,34
rupes,34
comes,34
silus,33
agito,33
bello,33
aeternus,33
nota,33
classis,33
mare,33
pes,33
stimulo,33
maestus,33
praeda,33
figo,33
ratis,33
nudus,33
trepido,33
inferus,33
fumo,33
captiuus,33
collis,33
terror,33
aruum,32
euado,32
doceo,32
gaudeo,32
coeptum,32
audeo,32
clades,32
ualeo,32
aduersum,32
pugno,32
quaero,32
habena,32
alter,32
senatus,32
ocius,32
lustro,31
pariter,31
uerum,31
iacto,31
pando,31
cassis,31
ter,31
genitor,31
ulter,31
similis,31
lentus,31
uates,31
felix,31
opto,31
formido,31
horridus,31
resto,31
muto,30
proles,30
mitis,30
castus,30
cruentus,30
ala,30
sterno,30
supersum,30
dulcis,30
redeo,30
taceo,30
qualis,30
ordo,30
sors,30
funus,30
fusus,30
tenebrae,30
satis,30
transmitto,29
flagro,29
aer,29
attono,29
ceterus,29
haereo,29
nisus,29
planta,29
monstro,29
antiquus,29
crista,29
resoluo,29
obuius,29
paulus,29
dico,29
modo,28
sequor,28
impono,28
gero,28
ius,28
gratus,28
mergo,28
uotum,28
fortuna,28
saepe,28
spiculum,28
globus,28
deinde,28
propero,28
perfundo,28
frenum,28
anhelus,28
an,28
uallum,28
aspicio,28
ceruix,28
sonipes,28
mensa,28
spero,28
germanus,28
olim,27
nepos,27
bis,27
origo,27
salus,27
remeo,27
iterum,27
clausum,27
uadum,27
hiatus,27
rursus,27
patulus,27
armatus,27
cito,27
aufero,27
fallo,27
penna,27
lucus,27
saeculum,27
ritus,27
segnis,27
permisceo,27
lingua,26
cieo,26
prosterno,26
pestis,26
placeo,26
uerbum,26
subito,26
supero,26
turris,26
erigo,26
pello,26
uolucer,26
nitor,26
coma,26
aequus,26
crinis,26
aether,26
nihil,26
pauor,26
portus,25
moene,25
dono,25
gemitus,25
notus,25
ardor,25
foueo,25
iuuentus,25
uinculum,25
ouo,25
spumo,25
excipio,25
cano,25
memoro,25
causa,25
cingo,25
manes,25
uenenum,25
tegmen,25
auerto,25
penas,25
iuxta,25
roma,25
ast,24
concedo,24
quamquam,24
uerro,24
ultra,24
iuro,24
modus,24
strido,24
urgeo,24
retro,24
prior,24
circumdo,24
necnon,24
nutrio,24
flecto,24
paueo,24
uarius,24
catena,24
effusus,24
improbus,24
discrimen,24
increpito,24
auris,24
quicumque,24
monstrum,24
umerus,24
caesum,24
spatium,23
fons,23
carmen,23
positus,23
fas,23
motus,23
exitium,23
homo,23
ortus,23
aqua,23
priscus,23
armo,23
astus,23
lacus,23
nemus,23
belliger,23
certus,23
fatigo,23
facies,23
nudo,23
cesso,23
uibro,23
fluo,23
gelidus,23
faux,23
ramus,23
metuo,23
sperno,23
turbidus,23
rabies,23
axis,23
repente,23
sisto,23
maneo,23
ager,23
astrum,23
minor,23
erumpo,23
serus,23
meta,22
pulcher,22
penitus,22
tertius,22
uulgus,22
ferus,22
moneo,22
inanis,22
trux,22
laxo,22
iuuo,22
culmen,22
quisquam,22
haurio,22
pateo,22
magister,22
frustra,22
puluis,22
uelox,22
interdum,22
descendo,22
timeo,22
ueto,22
ostento,22
lacer,22
serpens,22
exerceo,22
alternus,22
effero,22
coruscus,22
nubila,22
exspecto,22
pendo,22
cantus,21
sceptrum,21
largus,21
tego,21
diuersus,21
dorsum,21
senecta,21
caligo,21
femineus,21
eripio,21
dubius,21
taurus,21
acta,21
aruus,21
gesto,21
numquam,21
facio,21
cinis,21
bellator,21
flatus,21
saltus,21
penetro,21
miseror,21
adsuetus,21
exigo,21
longe,21
inuidia,21
accendo,21
luctus,21
mortalis,21
exuo,21
nimbus,21
mico,21
propinquus,21
exsulto,21
iacio,21
plenus,21
uigor,21
mucro,21
gradus,21
uagus,20
ergo,20
studium,20
secor,20
nefas,20
pius,20
stirps,20
undique,20
carina,20
propere,20
capesso,20
niueus,20
sentio,20
mano,20
propello,20
erepo,20
uestis,20
datum,20
forma,20
molior,20
mando,20
compono,20
auus,20
hannibal,20
aetas,20
immitis,20
consultum,20
excutio,20
edo,20
omen,20
auello,20
fauor,20
abeo,20
uallis,20
mars,20
rus,19
occulo,19
uiscus,19
pudor,19
soror,19
clamo,19
cunctor,19
uetus,19
comito,19
tutus,19
lex,19
rostrum,19
lacertus,19
uacuus,19
dispergo,19
taeda,19
sanguineus,19
feruidus,19
abrumpo,19
uictus,19
squaleo,19
niger,19
quisnam,19
dolus,19
pario,19
intorqueo,19
creber,19
arcus,19
terreo,19
praemium,19
quatio,19
triumphus,19
dimitto,19
toruus,19
damno,19
quies,19
disco,19
immensus,19
nequiquam,19
citus,18
soluo,18
nimius,18
quod,18
incumbo,18
ferueo,18
pronus,18
morior,18
uolucris,18
sidonius,18
diu,18
arceo,18
rego,18
conspicio,18
sagitta,18
feruor,18
contorqueo,18
mulceo,18
domo,18
polluo,18
poculum,18
defendo,18
fortis,18
flumen,18
excelsus,18
tumidus,18
hora,18
securus,18
sensim,18
amplexus,18
quisquis,18
ueneror,17
centum,17
alumnus,17
torrens,17
horreo,17
nobilis,17
proauus,17
grex,17
caterua,17
secum,17
spolium,17
uiolentus,17
secus,17
desum,17
tenuis,17
colo,17
gigno,17
crimen,17
consumo,17
lampas,17
remus,17
libro,17
irrumpo,17
alacer,17
fax,17
comminus,17
pastor,17
tempto,17
semper,17
cadauer,17
spiro,17
subduco,17
puto,17
diues,17
aduersus,17
habeo,17
coetus,17
probo,17
celebro,17
thalamus,17
cognosco,17
liceo,17
leo,17
incendium,17
nex,17
cacumen,17
iuppiter,17
lacero,16
aestus,16
resono,16
claustrum,16
placidus,16
inceptum,16
fascis,16
mollis,16
fluuius,16
excio,16
inclutus,16
pasco,16
pendeo,16
lego,16
quasso,16
crudus,16
proicio,16
hortor,16
hostilis,16
auidus,16
fuluus,16
habito,16
uiuo,16
magnanimus,16
dea,16
circum,16
agnosco,16
suspendo,16
deformis,16
extendo,16
paternus,16
carpo,16
tela,16
admoueo,16
uelut,16
inuictus,16
summitto,16
timor,16
torus,16
damnatus,16
stringo,16
culpa,16
erro,16
epula,16
obscurus,15
fragor,15
socio,15
promitto,15
exercitus,15
prex,15
quaeso,15
quin,15
cautus,15
iustus,15
uerus,15
limes,15
correpo,15
fundus,15
seu,15
glisco,15
propius,15
trabs,15
morsus,15
mundus,15
uerber,15
tempestas,15
stridor,15
tuba,15
anhelo,15
tremulus,15
harundo,15
ossum,15
luceo,15
pecus,15
subigo,15
properus,15
quoque,15
meditor,15
impius,15
profugus,15
conamen,15
chordus,15
effigies,15
profor,15
aetherius,15
fido,15
rapto,15
perfero,15
insanus,15
aduerto,15
iuuenta,15
uterque,15
infaustus,15
concutio,15
deleo,15
coepio,15
euentus,15
asto,15
moror,15
ostrum,15
circa,15
sopor,15
alo,15
ostendo,15
barbaricus,15
prauus,15
belua,15
ales,15
sino,15
iuuencus,15
lustrum,15
accedo,14
arcanus,14
profero,14
serenus,14
amicus,14
duro,14
raptim,14
immitto,14
concurro,14
occupo,14
lucto,14
tumultus,14
fidus,14
postremus,14
incertus,14
scando,14
prodo,14
uelum,14
celer,14
fodio,14
curuo,14
infero,14
glomero,14
iniquus,14
gladius,14
bipennis,14
letalis,14
tango,14
spolio,14
nauta,14
signo,14
gaudium,14
cubile,14
innumerus,14
sinister,14
aperio,14
famulus,14
caedo,14
inuenio,14
maritus,14
diua,14
properatus,14
polus,14
cauus,14
augeo,14
sonitus,14
occumbo,14
gemo,14
dens,14
amens,14
auersus,14
egregius,14
promissum,14
palus,14
absisto,14
miro,14
fremo,14
eques,14
laboro,14
comprimo,14
perfringo,14
atrox,14
pietas,14
regno,13
aequoreus,13
scelus,13
pactum,13
saeuio,13
deficio,13
renouo,13
tyrannus,13
umbo,13
ferio,13
incito,13
libet,13
iners,13
colligo,13
induo,13
cresco,13
labes,13
incutio,13
minae,13
apto,13
sulco,13
nuto,13
neruus,13
resideo,13
inuoluo,13
quando,13
ueho,13
percello,13
acerbus,13
uro,13
lues,13
creo,13
obsideo,13
pretium,13
trado,13
corripio,13
rictus,13
fetus,13
exterreo,13
sacro,13
pharetra,13
demitto,13
certatim,13
iuba,13
penso,13
pareo,13
quippe,13
testis,13
monitum,13
radio,13
prosperus,13
perago,13
miror,13
nequeo,13
aperto,13
spectaculum,13
percutio,13
procedo,13
pone,13
tardo,13
conuello,12
subsido,12
corona,12
amo,12
exundo,12
cohibeo,12
dictus,12
regius,12
stimulus,12
luxus,12
flammo,12
magis,12
supplex,12
renuo,12
intentus,12
tacita,12
memorabilis,12
audax,12
infidus,12
quoius,12
armentum,12
dis,12
ingenium,12
pulsus,12
testor,12
uicis,12
caneo,12
gyrus,12
foedo,12
desero,12
recludo,12
uber,12
perimo,12
inimicus,12
stagno,12
perfidus,12
suadeo,12
uicissim,12
resero,12
fraternus,12
humanus,12
summa,12
passus,12
silentium,12
uolito,12
depello,12
quadrupes,12
uiridis,12
auxilium,12
floreo,12
uigil,12
condio,12
pudet,12
accenseo,12
latebra,12
emico,12
lorica,12
defigo,12
opacus,12
queo,12
tarpeius,12
securis,12
perfodio,12
pigeo,12
pignus,12
dudum,12
canna,12
iste,12
carcer,12
lapsus,12
uiolo,12
quiesco,12
auius,12
purgo,12
uelamen,12
disicio,12
contingo,12
indignus,12
flamen,12
exhaurio,12
italus,12
uasto,11
coquo,11
expello,11
opimus,11
ultro,11
caelo,11
uetustus,11
stabulum,11
scindo,11
concors,11
stratum,11
sumo,11
nodus,11
actus,11
uallus,11
contortus,11
colonus,11
umeo,11
terribilis,11
obliquus,11
parco,11
grando,11
lubricus,11
transigo,11
festino,11
igneus,11
naris,11
malum,11
letifer,11
respicio,11
tabum,11
deuius,11
puerilis,11
horrendus,11
demens,11
satio,11
decorus,11
arbor,11
opus,11
exuro,11
calco,11
minitor,11
lancea,11
procumbo,11
protinus,11
laudo,11
infestus,11
custos,11
statuo,11
fallax,11
paulatim,11
lectus,11
cogo,11
deposco,11
curro,11
saxosus,11
blandus,11
fames,11
exclamo,11
barbarus,11
carthago,11
meritum,11
regnator,11
auspicium,11
uallo,11
neue,11
pergo,11
offero,11
truncus,11
rabidus,11
consurgo,11
minax,11
interior,11
fors,11
concieo,11
fletus,11
nescius,11
intremo,11
sulphur,10
suesco,10
imito,10
nix,10
tracto,10
ignotus,10
concipio,10
imbellis,10
seruitium,10
for,10
parma,10
poto,10
flauus,10
parum,10
cupido,10
diffundo,10
nebula,10
sinus,10
arto,10
retineo,10
compleo,10
populo,10
delabor,10
ualidus,10
aspergo,10
exuuia,10
praebeo,10
rogus,10
sanies,10
aceruus,10
desertum,10
sancio,10
uellus,10
contentus,10
soleo,10
quot,10
primordium,10
sollers,10
sero,10
sibilo,10
altar,10
exploro,10
lateo,10
aula,10
medium,10
piaculum,10
semen,10
humus,10
quotiens,10
impero,10
foris,10
decurro,10
conor,10
pauidus,10
loquor,10
nuper,10
fingo,10
furibundus,10
affero,10
decipio,10
conscius,10
tardus,10
saucius,10
emetior,10
nascor,10
titulus,10
gramen,10
gener,10
auctor,10
gremium,10
augurium,10
consido,10
festus,10
tentorium,10
infigo,10
error,10
adimo,10
uenatus,10
fabius,10
liquidus,10
hospes,10
leuo,10
compesco,10
infandus,10
gena,10
conatus,10
accio,10
species,10
occido,10
euerto,10
maereo,10
quercus,10
laeto,10
nisi,10
uenus,10
libycus,10
mapalia,9
ausonia,9
aratrum,9
tropaeum,9
piceus,9
canus,9
hiems,9
solium,9
turpis,9
obtrunco,9
persto,9
angustus,9
reduco,9
conterreo,9
tueor,9
compos,9
liceor,9
hinnitus,9
aemulus,9
parcus,9
frondosus,9
docilis,9
furio,9
educo,9
aggredior,9
uapor,9
curuus,9
chalybs,9
oppositus,9
prora,9
diuido,9
pinguis,9
gentilis,9
adhuc,9
princeps,9
rudis,9
transeo,9
careo,9
immergo,9
exiguus,9
cognatus,9
exspiro,9
communis,9
eadem,9
infundo,9
perdo,9
scio,9
simulacrum,9
fatalis,9
instauro,9
capto,9
flos,9
nocturnus,9
genetrix,9
sacerdos,9
habitus,9
palleo,9
osculum,9
libo,9
partus,9
obsto,9
macto,9
responsum,9
ineo,9
ambo,9
pernix,9
quantum,9
impatiens,9
metallum,9
rubeo,9
extinguo,9
exemplum,9
deiectus,9
alpis,9
insurgo,9
mentior,9
hirtus,9
adigo,9
tecum,9
incesso,9
indignor,9
lacesso,9
succedo,9
genero,9
unde,9
caelicola,9
mecum,9
spondeo,9
sinuo,9
amictus,9
inueho,9
uictoria,9
uolatus,9
uerso,9
sonus,9
cassus,9
perlustro,9
cupio,9
copia,9
focus,9
incendo,9
autem,9
uincio,9
ingero,9
raucus,9
aditus,9
proprius,9
mereo,9
solutus,9
sensus,9
euoluo,9
armiger,9
affor,9
nescio,9
senectus,9
frondeo,9
linum,9
lympha,9
pereo,9
hospitium,9
dictator,9
ile,9
tingo,8
lituus,8
perrumpo,8
coniungo,8
struo,8
uomo,8
fumus,8
includo,8
roto,8
exagito,8
primaeuus,8
breuis,8
aliter,8
piger,8
illido,8
pio,8
munimen,8
male,8
abnuo,8
reuoluo,8
laxus,8
nimium,8
dilectus,8
monumentum,8
quidem,8
flebilis,8
domito,8
uictrix,8
pauper,8
numerus,8
fecundus,8
nato,8
inuius,8
inuitus,8
intono,8
pinus,8
affigo,8
miserabilis,8
adiungo,8
memini,8
alnus,8
incurro,8
calamus,8
deduco,8
nauita,8
subdo,8
spumeus,8
texo,8
muralis,8
transtrum,8
amburo,8
fulmineus,8
freno,8
remitto,8
inicio,8
ligo,8
inops,8
diuum,8
areo,8
spiritus,8
repono,8
clangor,8
murex,8
sufficio,8
coeo,8
sitis,8
numero,8
abdo,8
regina,8
occubo,8
immemor,8
eminus,8
tormentum,8
candeo,8
fiducia,8
flammifer,8
ludus,8
operio,8
infernus,8
inhospitus,8
natura,8
arcesso,8
filum,8
firmo,8
tegimen,8
primoris,8
requies,8
elido,8
rigeo,8
inlacrimo,8
defero,8
animosus,8
insum,8
orans,8
incipio,8
prohibeo,8
obruo,8
praecipito,8
surdus,8
medicamen,8
patruus,8
duo,8
tener,8
laurus,8
absum,8
usus,8
caelestis,8
suspiro,8
aluus,8
anguis,8
strepo,8
niteo,8
conuiuium,8
tumeo,8
deuinco,8
exin,8
horror,8
forsan,8
marcellus,8
daps,8
scilicet,8
secerno,8
pastus,8
amplius,8
interritus,8
questus,8
necdum,8
sucus,8
decoro,8
prorumpo,8
tremebundus,8
fremitus,8
discedo,8
cremo,8
praesto,8
amissum,8
mirus,8
oppono,8
praesagus,8
dumus,8
loco,8
irritus,8
gradiuus,8
carus,8
magus,8
uaco,7
possido,7
dedecus,7
accola,7
insidiae,7
tono,7
mirabilis,7
glacies,7
temero,7
confido,7
maternus,7
malo,7
ambiguus,7
faueo,7
impiger,7
equidem,7
immugio,7
splendeo,7
plebs,7
multiplex,7
exeo,7
unguis,7
tonsa,7
insulto,7
egredior,7
perlabor,7
necto,7
compages,7
corniger,7
anteeo,7
quamuis,7
riuus,7
suimet,7
ulna,7
trunco,7
bustum,7
diduco,7
complexus,7
prehenso,7
siccus,7
alimentum,7
sitio,7
sepulcrum,7
oppidum,7
argentum,7
gemma,7
nutus,7
horresco,7
otium,7
medulla,7
cultus,7
cognomen,7
penetralis,7
nympha,7
dominus,7
intactus,7
orior,7
transcendo,7
praecedo,7
trano,7
accensi,7
concido,7
praeruptus,7
plurimus,7
fatidicus,7
afflo,7
apex,7
frendo,7
impressus,7
aduolo,7
celero,7
uoluto,7
conus,7
ob,7
incola,7
luo,7
oblino,7
anxius,7
reputo,7
desino,7
experior,7
degener,7
mino,7
arrigo,7
expendo,7
ultor,7
effor,7
proximus,7
dubito,7
conficio,7
aquila,7
nuntius,7
damnum,7
celo,7
deprehendo,7
resido,7
usque,7
munio,7
queror,7
transfigo,7
adsilio,7
procerus,7
amitto,7
incido,7
collabor,7
extemplo,7
circumfundo,7
religo,7
inglorius,7
ungula,7
grauidus,7
iugulum,7
demum,7
pubesco,7
tero,7
pyra,7
igitur,7
remotus,7
congero,7
merces,7
posthac,7
prius,7
calx,7
sceleratus,7
increpo,7
tonitrus,7
undo,7
reliquus,7
adnuo,7
uiuus,7
iro,7
senium,7
crepito,7
uersus,7
ita,7
expers,7
sator,7
faustus,7
thorax,7
pons,7
commoueo,7
puter,7
pellis,7
tepidus,7
sublatus,7
phoebus,7
tonans,7
monitus,7
scipio,7
impingo,6
transfero,6
latratus,6
tribuo,6
depasco,6
tremefacio,6
calidus,6
deuexus,6
harenosus,6
polleo,6
uilis,6
fastus,6
tumor,6
meto,6
ignauus,6
ingruo,6
aeratus,6
egomet,6
langueo,6
aueo,6
forte,6
uireo,6
torreo,6
mugitus,6
alueus,6
laniger,6
nidus,6
deuoluo,6
conicio,6
totiens,6
carinus,6
radius,6
persono,6
terrificus,6
expauesco,6
detergeo,6
numerosus,6
remex,6
agilis,6
relaxo,6
plectrum,6
transuerbero,6
exsto,6
adflictus,6
canis,6
accelero,6
demergo,6
prorsus,6
fleo,6
recipio,6
cuneus,6
odor,6
popularis,6
sudor,6
porricio,6
ingemo,6
seco,6
trans,6
contundo,6
exsul,6
uito,6
sudo,6
aurifer,6
auratus,6
reposco,6
terminus,6
fulcio,6
barba,6
mobilis,6
uena,6
refert,6
obliuium,6
indocilis,6
imber,6
recedo,6
imperito,6
flagrantia,6
iamdudum,6
sudis,6
contendo,6
nonne,6
inguen,6
saepio,6
flumineus,6
chelydrus,6
decido,6
nauus,6
defessus,6
utor,6
exstruo,6
subsisto,6
longinquus,6
sermo,6
querela,6
concilium,6
toga,6
fugo,6
pompa,6
lar,6
finio,6
censeo,6
reporto,6
prospicio,6
anceps,6
lenis,6
excido,6
depono,6
nemorosus,6
appareo,6
potis,6
adiuuo,6
planum,6
gradior,6
mactus,6
permitto,6
paucus,6
exanimus,6
orsus,6
cornum,6
uiso,6
caespes,6
abscedo,6
euolo,6
falsus,6
laedo,6
mutus,6
frustror,6
prehendo,6
unicus,6
inclino,6
parce,6
multo,6
externus,6
derigo,6
ulcisco,6
uoueo,6
pauito,6
solor,6
praedico,6
lauo,6
indoles,6
liber,6
exsilio,6
discordia,6
fulgor,6
albeo,6
orbo,6
praeceptum,6
alloquor,6
pererro,6
guttur,6
inuito,6
planctus,6
hio,6
uenerabilis,6
sileo,6
placo,6
lenio,6
obtutus,6
septem,6
eruo,6
praefulgeo,6
parca,6
repello,6
obeo,6
suspicio,6
ebur,6
ascendo,6
ludo,6
attingo,6
circus,6
disto,6
lorum,6
hastile,6
auis,6
uenator,6
cumque,6
narro,6
liquor,6
elicio,6
ululatus,6
latex,6
postis,6
legio,6
respecto,6
punicus,6
ciuis,6
torpeo,6
exhalo,6
color,6
stupeo,6
ingressus,6
fatus,6
semel,5
umbro,5
nefandus,5
exedo,5
liquefacio,5
rigor,5
pacta,5
exitialis,5
indomitus,5
delictum,5
columna,5
captus,5
sponte,5
mentum,5
aspectus,5
sedo,5
albus,5
labo,5
celeber,5
impune,5
immisceo,5
sorbeo,5
haustus,5
sector,5
insuper,5
leuitas,5
naualis,5
luna,5
capax,5
exsurgo,5
sulcus,5
quater,5
inlabor,5
missilis,5
crastinus,5
ros,5
pingo,5
aueho,5
libido,5
piscis,5
moderor,5
roscidus,5
grassor,5
crassus,5
uitio,5
aethra,5
cumulo,5
rependo,5
circumsto,5
pudeo,5
debello,5
delubrum,5
despicio,5
licet,5
indulgeo,5
plaudo,5
odium,5
penates,5
stipo,5
exsupero,5
caelus,5
produco,5
hostia,5
aerius,5
ululo,5
minister,5
saluto,5
roseus,5
tumefacio,5
gelu,5
martius,5
concolor,5
classicus,5
stamen,5
insula,5
armifer,5
inopinus,5
turritus,5
adductus,5
praemitto,5
consuesco,5
speculor,5
arrideo,5
corusco,5
capulus,5
suspirium,5
uirgineus,5
presso,5
alterno,5
defleo,5
recingo,5
reuertor,5
patefacio,5
fateor,5
grandaeuus,5
refulgeo,5
suffundo,5
ratio,5
tigris,5
prosequor,5
frigus,5
exposco,5
hospitus,5
inermis,5
recens,5
libamen,5
accitus,5
heros,5
infesto,5
sollertia,5
amplector,5
simulo,5
merus,5
perstringo,5
peruius,5
contemptus,5
flexus,5
bibo,5
latio,5
documentum,5
accumulo,5
aduentus,5
coepto,5
no,5
excludo,5
depositum,5
mollio,5
aduectus,5
ceruus,5
incautus,5
lacrimabilis,5
rota,5
collido,5
caueo,5
consilium,5
patens,5
praecordium,5
abripio,5
potestas,5
propinquo,5
dedo,5
singulus,5
madeo,5
solamen,5
satus,5
inuisus,5
mutabilis,5
hortatus,5
feralis,5
diligo,5
decedo,5
oraculum,5
sonorus,5
inlaesus,5
obstruo,5
furtum,5
effugio,5
ango,5
concito,5
egeo,5
pugnax,5
refoueo,5
uocifero,5
lapso,5
reuiso,5
uagina,5
unanimus,5
exequia,5
postremo,5
armus,5
crus,5
adiunctus,5
praecordia,5
aries,5
cardo,5
dehinc,5
lacrimo,5
sollicitus,5
almus,5
mensis,5
sagax,5
persulto,5
demo,5
pruina,5
quocumque,5
tepeo,5
mugio,5
uitis,5
concessus,5
medico,5
aegis,5
nata,5
monile,5
palor,5
stygius,5
deripio,5
iliacus,5
fuluius,5
iuno,5
olympus,5
saturnius,5
socer,5
pecten,5
spissus,5
antiquitus,5
lictor,5
occulte,5
inuiolatus,5
rumor,5
profusus,5
maurus,5
diuortium,4
uomer,4
iudex,4
cauerna,4
situs,4
socialis,4
fluxus,4
libertas,4
uolumen,4
tarde,4
praeuenio,4
succido,4
militia,4
euello,4
inuigilo,4
olor,4
immobilis,4
sententia,4
subsidium,4
praesens,4
supplicium,4
specus,4
iaculor,4
perflo,4
sopio,4
naufragium,4
subnixus,4
exitiabilis,4
lambo,4
praefigo,4
cauo,4
affundo,4
construo,4
icio,4
luno,4
margo,4
procurro,4
bracchium,4
immorior,4
orbus,4
adoro,4
herba,4
progenies,4
rigidus,4
temerarius,4
aliger,4
naufragus,4
fluito,4
refundo,4
crudesco,4
aestifer,4
serpo,4
pestifer,4
incolumis,4
minuo,4
morbus,4
abscondo,4
pallor,4
condensus,4
introitus,4
forum,4
adueho,4
uetustas,4
acus,4
perennis,4
alte,4
inscius,4
distinguo,4
taxus,4
series,4
coniunctus,4
ingredior,4
permulceo,4
aceo,4
extum,4
fibra,4
furia,4
suffigo,4
gemino,4
dirimo,4
nimbosus,4
uirga,4
prodigus,4
comprehendo,4
metior,4
uenia,4
imbuo,4
apud,4
ferratus,4
ornus,4
primitia,4
niuosus,4
testudo,4
fragmen,4
cumulus,4
quo,4
intonsus,4
tactus,4
reditus,4
aper,4
iactans,4
reuincio,4
lymphatus,4
niualis,4
silex,4
auctus,4
plumbum,4
squama,4
genu,4
acuo,4
femina,4
exsisto,4
nebulosus,4
fertus,4
lentulus,4
attero,4
pauesco,4
lasciuus,4
dispar,4
obiecto,4
bucina,4
editus,4
caleo,4
reuiresco,4
instinctus,4
confundo,4
effulgeo,4
aspiro,4
confero,4
praegredior,4
prosilio,4
solum,4
septimus,4
prospecto,4
refluus,4
incustoditus,4
uictima,4
bos,4
perficio,4
instituo,4
incedo,4
scopulosus,4
circumfero,4
oppeto,4
summe,4
debeo,4
tus,4
sollemnis,4
aduento,4
auditus,4
binus,4
aestas,4
praeterea,4
differo,4
elabor,4
implico,4
acte,4
abitus,4
praecludo,4
tondeo,4
prodeo,4
eueho,4
suffragium,4
aequalis,4
adnecto,4
amoueo,4
maculo,4
calens,4
migro,4
taedeo,4
discingo,4
praeripio,4
moribundus,4
aduena,4
claua,4
resupinus,4
tantum,4
appello,4
funestus,4
sin,4
partio,4
occulto,4
senesco,4
horrificus,4
opprimo,4
lugeo,4
superstes,4
flagellum,4
ministro,4
incubo,4
liueo,4
bene,4
ostium,4
argutus,4
resonantia,4
chorus,4
guberno,4
inno,4
purus,4
circumuolo,4
inultus,4
illic,4
detraho,4
rigo,4
nusquam,4
discors,4
conterminus,4
ardesco,4
hodie,4
percipio,4
phalanx,4
impauidus,4
trames,4
caetra,4
praescius,4
rutilo,4
portendo,4
perfidia,4
expedio,4
deligo,4
peruenio,4
formo,4
uitta,4
astringo,4
aedis,4
proauitus,4
lac,4
furialis,4
plausus,4
tres,4
redimio,4
exsatio,4
conuicium,4
grates,4
certe,4
recido,4
memor,4
uagitus,4
nurus,4
moto,4
umecto,4
edico,4
undosus,4
pandus,4
funda,4
abies,4
appropero,4
eno,4
glaeba,4
eligo,4
uigeo,4
lupus,4
excubia,4
roro,4
umor,4
purpureus,4
titubo,4
emergo,4
exanimis,4
renascor,4
nimirum,4
herculeus,4
uorago,4
reuello,4
boreas,4
mauors,4
coerceo,4
assequor,4
punio,4
generosus,4
hispidus,4
flaminius,4
fruor,4
inflecto,4
capitolium,4
quirinus,4
pagus,4
diffido,4
centenus,4
pila,4
cauda,4
procer,4
absumo,4
limosus,4
limus,4
uipereus,4
denique,4
culmus,4
egenus,4
merito,4
comitatus,4
allabor,4
caesaries,4
intrepidus,4
exaudio,4
fossa,4
pilus,4
expugno,3
propulso,3
tridens,3
excello,3
ascisco,3
nouo,3
uocabulum,3
perpetuus,3
recepto,3
sulfureus,3
eructo,3
intus,3
fauilla,3
uergo,3
fragilis,3
octoni,3
purpura,3
eicio,3
antesto,3
dominor,3
instabilis,3
seruus,3
progredior,3
omitto,3
obsidio,3
glacialis,3
periurus,3
calor,3
agrestis,3
occasus,3
romanus,3
cetus,3
tergeminus,3
liqueo,3
triremis,3
spons,3
pix,3
improuisus,3
uncus,3
desuper,3
tenax,3
immortalis,3
circumligo,3
frequens,3
albesco,3
ambio,3
indago,3
clauus,3
accurro,3
bitumen,3
uentilo,3
nihilum,3
funis,3
spectator,3
marmor,3
intra,3
utrimque,3
excedo,3
maturus,3
turriger,3
nubilus,3
supra,3
illinc,3
feritas,3
languidus,3
ductus,3
ternus,3
figura,3
importunus,3
pulmo,3
efflo,3
cutis,3
inhumatus,3
uersor,3
inhonorus,3
uelo,3
usquam,3
subtemen,3
uario,3
potior,3
oriens,3
incolo,3
rapina,3
permissus,3
exsero,3
missa,3
aboleo,3
potens,3
magicus,3
recuso,3
consterno,3
maeonius,3
succenseo,3
rideo,3
nubifer,3
tempero,3
altrix,3
effodio,3
sagulum,3
dehisco,3
amarus,3
crescentus,3
circumfluus,3
tepefacio,3
castellum,3
circumuallo,3
intendo,3
stridulus,3
ballista,3
conseruo,3
phalarica,3
tolero,3
adedo,3
proruo,3
leaena,3
urna,3
cerastes,3
occursus,3
uenor,3
canto,3
fabrico,3
fundamentum,3
scintillo,3
fulguro,3
frigidus,3
retardo,3
conclamo,3
pressus,3
ilicet,3
aereus,3
diripio,3
gestamen,3
ultrix,3
femur,3
aspecto,3
inualidus,3
imploro,3
rutilus,3
plango,3
acceptum,3
beatus,3
gaesum,3
squalor,3
protendo,3
culta,3
assisto,3
decor,3
praetendo,3
impar,3
cinctus,3
semita,3
cliuus,3
stramen,3
iustitia,3
seruio,3
macula,3
perspicuus,3
ordior,3
occurro,3
anfractus,3
trinus,3
inferia,3
planities,3
egero,3
tacite,3
aurora,3
talentum,3
sponsa,3
pudicus,3
inaccessus,3
desisto,3
refugio,3
uixdum,3
officium,3
maiestas,3
corono,3
intexo,3
ructo,3
gramineus,3
imperfectus,3
curia,3
amputo,3
abscisus,3
prouideo,3
uenalis,3
diuinus,3
duplico,3
seges,3
perpetior,3
alipes,3
regio,3
hibernus,3
percieo,3
circumago,3
constituo,3
domitor,3
obtestor,3
abduco,3
absoluo,3
eximo,3
tutor,3
stella,3
prae,3
contus,3
aureus,3
ouile,3
impulsus,3
conuerso,3
corytos,3
aestuo,3
absorbeo,3
propago,3
adfatus,3
aridus,3
ignarus,3
opero,3
pelta,3
inroro,3
praeuerto,3
detorqueo,3
ocior,3
uillosus,3
cerebrum,3
doleo,3
sicut,3
impes,3
lamentum,3
assulto,3
consulto,3
repleo,3
lanugo,3
uulgo,3
etenim,3
repugno,3
potius,3
penetrabilis,3
furtiuus,3
furtim,3
insolitus,3
uescus,3
pacator,3
consors,3
nemo,3
territus,3
lacrimosus,3
effluo,3
obitus,3
sidereus,3
creditum,3
iugalis,3
hospita,3
aduoco,3
pabulum,3
strepitus,3
plerus,3
semustus,3
uecors,3
corruo,3
sceptrifer,3
traduco,3
porro,3
dissilio,3
uerutum,3
exsequor,3
praeteritus,3
ianua,3
gratia,3
breuiter,3
dicio,3
graius,3
uiritim,3
truculentus,3
exanimo,3
rimor,3
cruento,3
tremor,3
compendium,3
onero,3
admirabilis,3
feretrum,3
odoratus,3
obtrecto,3
dissonus,3
reuerentia,3
contego,3
decet,3
confestim,3
demeto,3
hebeto,3
amans,3
debilis,3
restinguo,3
praenosco,3
prodigium,3
scalae,3
chlamys,3
aenus,3
aduenio,3
libens,3
reicio,3
auriga,3
moderatus,3
uiolenter,3
appeto,3
praeteruolo,3
fio,3
perueho,3
proscindo,3
emo,3
improuidus,3
obicio,3
futtilis,3
restituo,3
flaueo,3
uosmet,3
adytum,3
fanum,3
curo,3
tractus,3
thyrsus,3
sexus,3
exhorresco,3
suscipio,3
perdomo,3
retracto,3
monitor,3
ruber,3
destituo,3
malignus,3
perterreo,3
bellatrix,3
uultur,3
insuetus,3
uer,3
praecipuus,3
ingratus,3
latrans,3
pedes,3
fuscus,3
edomo,3
optato,3
uiduo,3
columba,3
annosus,3
neo,3
inutilis,3
splendor,3
detero,3
auitus,3
aegre,3
receptus,3
discurro,3
confercio,3
recessus,3
uitreus,3
gnarus,3
peruado,3
pascuus,3
como,3
saluus,3
inconsultus,3
coorior,3
impenetrabilis,3
obnitor,3
praesumo,3
insisto,3
protego,3
pluma,3
eiecto,3
troianus,3
candor,3
lapis,3
costa,3
insigne,3
recumbo,3
dulcedo,3
matrona,3
torquatus,3
diana,3
apollo,3
abstraho,3
uulturnus,3
fortasse,3
romuleus,3
fornax,3
sereno,3
discutio,3
affligo,3
datus,3
auia,3
missus,3
cerua,3
committo,3
cupidus,3
ignesco,3
insatiabilis,3
pango,3
hactenus,3
innitor,3
inscribo,3
crudelis,3
solacium,3
chaos,3
segniter,3
atrium,3
admoneo,3
instar,3
exsoluo,3
defungor,3
hirsutus,3
soporus,3
halitus,3
taeter,3
dicto,3
grator,3
aspernor,3
lignum,3
redux,3
curulis,3
deuincio,3
mina,3
decius,3
curius,3
colus,3
chelys,3
futtile,3
habilis,3
accipiter,3
circumuolito,3
diuisus,3
poples,3
samnis,3
restagno,3
uello,3
iuuenilis,3
aesculus,3
stipes,3
consisto,3
spatiosus,3
contrarius,3
excuso,3
arista,3
secundo,3
inuiso,2
discido,2
diuiduus,2
consortium,2
nectar,2
cera,2
camena,2
promptus,2
f,2
piscosus,2
subter,2
caminus,2
inrequietus,2
respondeo,2
praesum,2
tueo,2
neuter,2
oliuom,2
fluentum,2
oborior,2
exaequo,2
quieto,2
necopinus,2
innato,2
discretus,2
fauus,2
affluo,2
puluereus,2
subiectum,2
conditor,2
rete,2
abstineo,2
seruilis,2
spectabilis,2
uaniloquus,2
impunis,2
immedicabilis,2
seditio,2
tabulatus,2
decem,2
uoro,2
paco,2
applico,2
teres,2
foramen,2
fusco,2
adno,2
findo,2
nauale,2
transgressus,2
aplustre,2
insono,2
ignifer,2
peruigil,2
casa,2
pratum,2
siler,2
modulor,2
amabilis,2
discus,2
deceo,2
fraudo,2
lupa,2
denseo,2
scutum,2
tutela,2
singulto,2
flictus,2
pennatus,2
uecto,2
paluster,2
cibus,2
succumbo,2
medicina,2
contagium,2
sido,2
piscator,2
rite,2
misereo,2
porticus,2
orno,2
pictura,2
inexhaustus,2
mercor,2
despectus,2
particeps,2
perhibeo,2
iussus,2
subicio,2
conticesco,2
riguus,2
saeuitia,2
crux,2
dido,2
insero,2
continuo,2
plaga,2
bellicum,2
labefacio,2
scitum,2
noxius,2
prolabor,2
patesco,2
dissipo,2
capillus,2
effingo,2
galerum,2
populator,2
exarmo,2
saeta,2
uenabulum,2
insperatus,2
admisceo,2
dimetior,2
cometes,2
debitum,2
defenso,2
dissimilis,2
nitesco,2
iniustus,2
subuecto,2
uectis,2
succurro,2
consanguineus,2
augustus,2
paupertas,2
neglego,2
indigus,2
arbiter,2
fatifer,2
prouidus,2
substringo,2
circumspecto,2
aedes,2
ambrosius,2
compositus,2
palla,2
armisonus,2
obscenus,2
noceo,2
perduco,2
principium,2
insomnis,2
cultor,2
hosticus,2
amomum,2
demoror,2
percenseo,2
agglomero,2
euasto,2
natis,2
compello,2
impendo,2
modicus,2
reuolubilis,2
transcurro,2
torquis,2
laelius,2
denus,2
uexillum,2
futilis,2
amata,2
euinco,2
rebellis,2
demissus,2
adsuesco,2
mella,2
deicio,2
sacrum,2
suppono,2
rogo,2
italia,2
tessera,2
moratus,2
afficio,2
mitesco,2
inuideo,2
deuolo,2
protero,2
baca,2
reliquiae,2
commendo,2
indefessus,2
scitus,2
nanciscor,2
infringo,2
temere,2
obtego,2
dependo,2
incoquo,2
sustento,2
asporto,2
possessor,2
lana,2
agnus,2
deturbo,2
secundum,2
sterilis,2
frustro,2
uindex,2
dissimulo,2
proueho,2
patricius,2
atauus,2
relego,2
flagito,2
culpo,2
immo,2
bilinguis,2
adnitor,2
pollex,2
promo,2
paeniteo,2
explico,2
secta,2
hydra,2
palo,2
gemmo,2
uesper,2
examen,2
mel,2
apis,2
conecto,2
postpono,2
ianitor,2
nodosus,2
humo,2
stelliger,2
oppugno,2
conductum,2
reuomo,2
fatisco,2
dica,2
despero,2
aggero,2
delecto,2
reperio,2
luridus,2
uenter,2
nouerca,2
uindico,2
insons,2
seuerus,2
recurso,2
attento,2
fel,2
consto,2
tergus,2
assimulo,2
grauo,2
distinctus,2
stupefacio,2
insibilo,2
conitor,2
resplendeo,2
spatior,2
adduco,2
tympanum,2
semiuir,2
dotalis,2
coniugium,2
obsequium,2
lugubris,2
quartus,2
deueho,2
somnium,2
destringo,2
praerapidus,2
pridem,2
recreo,2
sata,2
insequor,2
implacabilis,2
rudens,2
emoueo,2
superabilis,2
ibis,2
mutuus,2
coccum,2
contremesco,2
contemptrix,2
circumuenio,2
denso,2
raresco,2
resigno,2
bellax,2
consonus,2
tabes,2
anteuolo,2
mansuesco,2
abigo,2
profectus,2
prouoco,2
obliuiscor,2
talus,2
pampineus,2
tangens,2
retusus,2
reflecto,2
calleo,2
cudo,2
uiolentia,2
inexorabilis,2
benignus,2
possideo,2
solidus,2
fuco,2
recordor,2
quidam,2
quini,2
arbitrium,2
catulus,2
congemino,2
maius,2
propensus,2
orbita,2
quadriiugus,2
incoho,2
fluctuo,2
lasso,2
applaudo,2
decresco,2
percussus,2
proclamo,2
cernuus,2
moderamen,2
spuma,2
praecello,2
successus,2
distantia,2
cauea,2
exturbo,2
lacteus,2
superaddo,2
inuerto,2
honoro,2
damma,2
scelero,2
auide,2
intellego,2
large,2
saetiger,2
sacrificus,2
nexus,2
relabor,2
sepono,2
sis,2
firmus,2
aeque,2
ignobilis,2
destino,2
apparo,2
crebro,2
omnipotens,2
statua,2
infremo,2
falcatus,2
plaustrum,2
callis,2
lotos,2
nimis,2
pacatum,2
impastus,2
extractum,2
aclys,2
tepesco,2
genitalis,2
sparus,2
stabulo,2
umbratus,2
candidus,2
tricorpor,2
uirginitas,2
raptor,2
fallacia,2
aequaeuus,2
intercipio,2
arduum,2
concretum,2
illuuies,2
infectus,2
senus,2
totidem,2
desidia,2
praecellens,2
eloquium,2
lyra,2
coacta,2
paene,2
induco,2
conexum,2
emeritus,2
priuo,2
uiuidus,2
rarus,2
dilato,2
dissulto,2
immurmuro,2
decolor,2
sortitus,2
frugifer,2
massicus,2
uua,2
humilis,2
pomum,2
palmes,2
itero,2
ludifico,2
bini,2
optabilis,2
squalidus,2
instratus,2
innecto,2
dispello,2
uirgultum,2
custodia,2
uagor,2
erudio,2
claudus,2
refluo,2
obiectum,2
dumosus,2
paruulus,2
iactatus,2
specula,2
uecordia,2
robigo,2
longaeuus,2
procursus,2
saturo,2
detrecto,2
furuus,2
balatus,2
salubris,2
desolo,2
madefactus,2
saxeus,2
obsaepio,2
miraculum,2
religio,2
calefacio,2
parturio,2
exsibilo,2
mulciber,2
tullius,2
musa,2
immodicus,2
eluo,2
corrumpo,2
noto,2
latebrosus,2
fastigo,2
teucrus,2
nouitas,2
fretum,2
pallidus,2
auster,2
interuallum,2
acerra,2
obluctor,2
conata,2
assideo,2
colloquium,2
lucanus,2
conuenio,2
insido,2
hesperius,2
eia,2
palatium,2
amoenus,2
nomas,2
rubesco,2
supinus,2
africus,2
contineo,2
hebesco,2
affirmo,2
phrygius,2
titanium,2
flammeus,2
curuamen,2
exoro,2
incursus,2
obex,2
ilex,2
exsilium,2
inflexus,2
ludibrium,2
obtendo,2
suggestus,2
decerno,2
reor,2
odi,2
adloquium,2
uado,2
opertum,2
maxime,2
infodio,2
sepelio,2
conquiro,2
ruricola,2
dedignor,2
noxa,2
expeto,2
digno,2
edax,2
bubo,2
concordia,2
exosus,2
momentum,2
lamento,2
utinam,2
reparo,2
abundo,2
frequento,2
requiro,2
quanto,2
bruttius,2
confodio,2
redimo,2
lamentabilis,2
mitigo,2
exorior,2
reluctor,2
grauitas,2
assurgo,2
consequor,2
circumtono,2
trifidus,2
derecto,2
terrigena,2
eludo,2
spina,2
lassus,2
concauus,2
nauticus,2
uterus,2
cratis,2
patientia,2
allium,2
sollicito,2
conspectus,2
reluceo,2
circumspicio,2
triplex,2
uadosus,2
uitium,2
insomnia,2
praesagium,2
refercio,2
agedum,2
uescor,2
laetitia,2
obtusus,2
concelebro,2
campanus,2
bacchus,2
lyaeus,2
commemoro,2
posterus,2
pierius,2
cithara,2
eous,2
uesanus,2
suppedito,2
pilum,2
nitidus,2
uirgatus,2
labrum,2
obustus,2
subtexo,2
refugus,2
praesentia,2
fraxinus,2
albanus,2
dubie,2
retorqueo,2
transueho,2
irrito,2
ursus,2
singultus,2
elephantus,2
horrisonus,2
madidus,2
pinifer,2
medeor,2
aspero,2
io,2
heres,2
umbrosus,2
augur,2
hamus,2
accommodo,2
leuiter,2
exardeo,2
signifer,2
ungo,2
concursus,2
giganteus,2
colluceo,2
ratus,2
canities,2
emptum,2
proturbo,2
infensus,2
reseruo,2
tenus,2
galbus,2
seruilius,2
paulo,2
imperditus,2
obstringo,2
cloelius,2
succingo,2
accisus,2
funereus,2
praetexo,2
siculus,2
socia,2
rastrum,2
interpres,2
propugnaculum,2
pernego,1
dissocio,1
interuenio,1
matutinus,1
faenus,1
olea,1
insignio,1
exaestuo,1
assidue,1
subnascor,1
profluo,1
chelae,1
dominator,1
praeditus,1
paciscor,1
decimus,1
fecundo,1
splendesco,1
mediocris,1
eniteo,1
expertus,1
erus,1
nectareus,1
arbustum,1
perluo,1
perluceo,1
doto,1
tenebrosus,1
inlicitus,1
lapidosus,1
procellosus,1
clamosus,1
alcyon,1
immotus,1
quattuor,1
merso,1
pharetriger,1
faber,1
erado,1
calliditas,1
pluuius,1
addubito,1
salum,1
concha,1
area,1
assigno,1
quia,1
multifidus,1
forus,1
remigium,1
unguen,1
nidor,1
ineuitabilis,1
auena,1
septeni,1
iubilo,1
alleuo,1
ephebus,1
malesuadus,1
terrestris,1
insilio,1
summergo,1
sedile,1
oppleo,1
autumnus,1
tussis,1
sufficientia,1
exspuo,1
peredo,1
ubique,1
reprimo,1
respiro,1
inlaudatus,1
tenuo,1
macies,1
suggestum,1
theatrum,1
artifex,1
aulaeum,1
scribo,1
preterea,1
depecto,1
defensor,1
effrenus,1
conuentum,1
excidium,1
remolior,1
reformido,1
recidiuus,1
competo,1
triformis,1
consulo,1
occiduus,1
fructus,1
excellens,1
flauesco,1
clam,1
aeolius,1
clemens,1
obsido,1
pineus,1
lupatus,1
electrum,1
auarus,1
concilio,1
sternax,1
clementer,1
terni,1
glans,1
ducto,1
hydrus,1
binominis,1
molaris,1
librarium,1
unctum,1
circumlitus,1
praestringo,1
pluteus,1
suffodio,1
licentia,1
circumsilio,1
cristatus,1
suboles,1
tumesco,1
inquiro,1
displiceo,1
habitabilis,1
rudimentum,1
munia,1
immineo,1
effringo,1
permuto,1
speculator,1
praemeditor,1
linteus,1
indico,1
absterreo,1
decerto,1
regimen,1
uirido,1
incessus,1
detrudo,1
exemplar,1
imperturbatus,1
paelex,1
tantundem,1
animalis,1
asylum,1
ebrietas,1
annitor,1
infra,1
arbitro,1
fragro,1
surrepo,1
caelifer,1
superiacio,1
territo,1
moneris,1
creatrix,1
dos,1
dilabor,1
adfundo,1
reciproco,1
excurro,1
praesaepio,1
superne,1
addico,1
uallaris,1
phalera,1
digero,1
indelibatus,1
praegaudeo,1
biceps,1
adipiscor,1
comperio,1
muliebris,1
polliceor,1
factura,1
gestio,1
praematurus,1
praeses,1
gutta,1
columen,1
conuecto,1
exsequia,1
reueho,1
ubertas,1
pacifico,1
laena,1
aurata,1
recubo,1
conspicuus,1
incestum,1
enato,1
prodigo,1
metallifer,1
comparo,1
decliuis,1
d,1
immaturus,1
uilla,1
aliquis,1
inundo,1
auxilior,1
attraho,1
hortator,1
quonam,1
pugnator,1
sinuosus,1
obliquo,1
ferreus,1
coacto,1
quadrupedans,1
forsitan,1
praecipio,1
accepta,1
infula,1
gemmifer,1
ouis,1
balo,1
sequax,1
profligatus,1
largior,1
marceo,1
degenero,1
praeproperus,1
suo,1
sagittifer,1
muscus,1
actutum,1
fidentia,1
constanter,1
commurmuro,1
calathus,1
innubo,1
biiugus,1
cres,1
arrepo,1
loquax,1
distringo,1
crepusculum,1
aquosus,1
cortex,1
abiga,1
resulto,1
uiduus,1
depropero,1
orator,1
innutrio,1
ingigno,1
iuuenalis,1
praeconius,1
euincio,1
proinde,1
paries,1
plecto,1
grauor,1
trilix,1
spelunca,1
latrator,1
fistula,1
emineo,1
transgredior,1
misere,1
sicco,1
ieiunium,1
decretum,1
probrus,1
commercium,1
inflammo,1
inspiro,1
effectus,1
instimulo,1
inhio,1
trifaux,1
famulatus,1
inclementia,1
mola,1
miseresco,1
defensa,1
optime,1
redundo,1
postfero,1
deformo,1
dego,1
bacchor,1
profanus,1
uenum,1
tapes,1
eximius,1
amicitia,1
hymenaeus,1
statura,1
intectus,1
clare,1
satelles,1
configo,1
manicae,1
confugio,1
salsus,1
trudo,1
legatus,1
sumptus,1
tiro,1
detono,1
reboo,1
consentio,1
antemna,1
biremis,1
gaza,1
tripus,1
proluo,1
tribunus,1
exhortor,1
nobilito,1
marius,1
immixtus,1
quoniam,1
mus,1
quatenus,1
funditus,1
cognitus,1
dimico,1
periurium,1
pubens,1
detestor,1
uergilius,1
impedio,1
terrifico,1
informo,1
adicio,1
absens,1
euomo,1
canesco,1
salue,1
adiumentum,1
torpesco,1
indigena,1
herbidus,1
securiger,1
expleo,1
praenuntius,1
explorator,1
carpentum,1
crispus,1
modestus,1
tergeo,1
rubefacio,1
nobiscum,1
portarius,1
patera,1
discepto,1
uter,1
benigne,1
intueor,1
sectilis,1
quare,1
subiungo,1
demonstro,1
edoceo,1
conuoco,1
uoluntas,1
odorifer,1
propono,1
repagulum,1
uolantes,1
prudentia,1
admordeo,1
fere,1
salio,1
assiduus,1
confremo,1
superpono,1
calesco,1
discindo,1
triumpho,1
k,1
potator,1
praeuehor,1
talaris,1
confligo,1
timidus,1
cohaereo,1
flagranter,1
denudo,1
proditor,1
sicine,1
nempe,1
opprobrium,1
immunis,1
clauiger,1
uulgatus,1
sus,1
discolor,1
bimembris,1
profundum,1
permoueo,1
biga,1
reciprocus,1
amplus,1
elementum,1
cunabulum,1
indigenus,1
misereor,1
promoueo,1
breuitas,1
prolato,1
diuello,1
molimen,1
imbrifer,1
scitor,1
inadsuetus,1
praecingo,1
auunculus,1
dolo,1
incognitus,1
infamo,1
caper,1
cateia,1
uersicolor,1
circumuecto,1
dumetum,1
medicus,1
efferuesco,1
tragula,1
incanesco,1
inconcussus,1
essedum,1
uoluptas,1
concubitus,1
equa,1
horrifico,1
deciens,1
intercido,1
festinus,1
extraho,1
fremebundus,1
inexpertus,1
intemeratus,1
conscendo,1
semifer,1
pumex,1
montiuagus,1
simplex,1
exilis,1
repulsus,1
bacifer,1
palmifer,1
auricomus,1
sacrilegus,1
excoquo,1
obseruo,1
ador,1
diuulgo,1
ancora,1
cilnius,1
accepto,1
numerarius,1
caducus,1
publicus,1
mordeo,1
reses,1
efferus,1
inopinatus,1
oberro,1
exacuo,1
laquear,1
uerbero,1
largitor,1
prelum,1
praefero,1
pampinus,1
fumosus,1
curso,1
canistrum,1
irriguus,1
hortus,1
sedulitas,1
senilis,1
faginus,1
mulctra,1
cratera,1
peruulgo,1
corymbus,1
cantharus,1
sapor,1
risus,1
racemus,1
deploro,1
ferocia,1
tranquillus,1
iugerum,1
clandestinus,1
intellectus,1
repto,1
illuc,1
scruto,1
soporifer,1
taurinus,1
effultus,1
excito,1
sarmentum,1
accingo,1
persuadeo,1
pinguesco,1
egestas,1
pumiceus,1
exordium,1
lis,1
bellicus,1
condisco,1
iudicium,1
affulgeo,1
euoco,1
esca,1
tribus,1
scisco,1
extorris,1
intermisceo,1
distraho,1
iniuria,1
exter,1
mandatus,1
unanimis,1
emitto,1
fibula,1
turpo,1
pharetratus,1
exopto,1
uarie,1
ludificatus,1
palatum,1
uolatilis,1
transfodio,1
impacatus,1
repo,1
uiscatus,1
substruo,1
miserabile,1
coniueo,1
dissideo,1
bruma,1
illecebra,1
onus,1
siren,1
daedalus,1
alienus,1
meatus,1
officio,1
baiae,1
cocytus,1
acheron,1
perturbo,1
tartareus,1
labefacto,1
spiramen,1
expallesco,1
sortior,1
stratus,1
perspicio,1
regressus,1
deuasto,1
dispono,1
laeua,1
praegressus,1
ambrosia,1
oceanus,1
reficio,1
adaequo,1
subsequor,1
pernicies,1
culter,1
enormis,1
pergama,1
thespias,1
actaeon,1
torridus,1
cancer,1
ceres,1
inhorresco,1
ennius,1
adorno,1
argus,1
illustris,1
transfundo,1
superpositus,1
roboreus,1
centenius,1
perfungor,1
floridus,1
aptus,1
allifanus,1
iacchus,1
aquinas,1
cerealis,1
algidus,1
anio,1
neptunus,1
resorbeo,1
exululo,1
subnecto,1
aethiopus,1
resuscito,1
iubar,1
hesperus,1
erebus,1
fugax,1
integro,1
progressus,1
dimoueo,1
parumper,1
uocito,1
ianus,1
calculus,1
multiplico,1
circulus,1
oliua,1
summoueo,1
stellatus,1
uinea,1
commoneo,1
offulgeo,1
alligo,1
tinnio,1
capital,1
detego,1
statio,1
umbrifer,1
aliqui,1
equester,1
praetereo,1
musso,1
despecto,1
accumbo,1
epulor,1
porrigo,1
subex,1
supersto,1
confiteor,1
propexus,1
percurro,1
utilis,1
languesco,1
pan,1
lasciuio,1
capra,1
compitum,1
opaco,1
rubicundus,1
pastoralis,1
baculum,1
praecido,1
inferuesco,1
depromo,1
deficientia,1
fautor,1
sons,1
commissum,1
renideo,1
umidus,1
placamen,1
decimum,1
quamprimum,1
anticus,1
regia,1
adhibeo,1
aegyptius,1
separo,1
anus,1
delibo,1
paulisper,1
enumero,1
intereo,1
finitimus,1
seduco,1
lucidus,1
fumifer,1
excubo,1
queribundus,1
procliuis,1
cerberus,1
peragro,1
strix,1
folium,1
insidia,1
gustatus,1
attribuo,1
hei,1
octauus,1
messis,1
impollutus,1
adueneror,1
epotus,1
gusto,1
eluctor,1
designo,1
indubitatus,1
impendeo,1
procus,1
pudicitia,1
uerginius,1
mas,1
adamo,1
ieiunus,1
euiscero,1
sacrarium,1
lanio,1
retego,1
interlabor,1
praesignis,1
metor,1
furto,1
ibi,1
tepor,1
insignite,1
nobilitas,1
aceruo,1
cliuosus,1
argenteus,1
olla,1
praelatus,1
ingluuies,1
informis,1
imprudens,1
rigesco,1
uestibulum,1
pauefactus,1
diffugio,1
spira,1
radix,1
scutatus,1
corneus,1
impetus,1
trisulcus,1
tabificus,1
resonus,1
tributus,1
defectus,1
penes,1
agricola,1
procuro,1
fouea,1
agna,1
honestus,1
sequester,1
inhibeo,1
setius,1
dator,1
conscribo,1
narrator,1
expromo,1
productum,1
torpor,1
luctificus,1
rogito,1
uiuax,1
fucus,1
adnumero,1
affinis,1
procreo,1
commisceo,1
indefensus,1
indictus,1
funale,1
tibicen,1
fragmentum,1
palam,1
ignauia,1
pecco,1
unio,1
diuitia,1
probrosus,1
superbia,1
regalis,1
inlino,1
respergo,1
impetro,1
profundo,1
apporto,1
intento,1
confuse,1
sobrius,1
facesso,1
expono,1
attactus,1
dominatus,1
obliuio,1
remoueo,1
semihomo,1
inuidus,1
facinus,1
asperitas,1
eheu,1
obnubo,1
pedester,1
regifice,1
adoleo,1
penus,1
murmuro,1
inconsuetus,1
carchesium,1
atrius,1
ibidem,1
extorqueo,1
sepulchrum,1
profligo,1
desudo,1
scaena,1
niloticus,1
amyclaeus,1
imprimo,1
mirabile,1
phoca,1
proteus,1
centaurus,1
saturnus,1
captiua,1
castalius,1
libero,1
admiror,1
anulus,1
surruo,1
aerarius,1
tumet,1
perpendo,1
rapax,1
impensa,1
ignoro,1
prorogo,1
custodio,1
phoenissa,1
liuor,1
adiuto,1
consero,1
exaspero,1
ducenti,1
transilio,1
somnifer,1
insania,1
magistra,1
praepes,1
affecto,1
decerpo,1
elanguesco,1
arieto,1
manica,1
rasilis,1
inruo,1
retempto,1
iaculator,1
taciturnus,1
pomifer,1
praegelidus,1
perfuro,1
cingulum,1
mima,1
iactus,1
transuolo,1
infrenatus,1
eurus,1
collinus,1
lira,1
iniectus,1
inflo,1
libyssus,1
uestalis,1
cyclops,1
coniectus,1
madesco,1
praecurro,1
cynthia,1
circuitus,1
conuallis,1
triton,1
cupencus,1
aro,1
fulginia,1
ursa,1
suscito,1
inextricabilis,1
iamiamque,1
complector,1
fluuialis,1
inhonoratus,1
permeo,1
hesperis,1
intumesco,1
stabilis,1
glaucus,1
ingrauo,1
uorax,1
inaresco,1
rima,1
persoluo,1
annuus,1
trieteris,1
illicio,1
incalesco,1
curriculum,1
uiator,1
lixa,1
prospectus,1
inremeabilis,1
uimen,1
nassa,1
diluo,1
opperior,1
effugium,1
diruo,1
superstitio,1
exorabilis,1
nexilis,1
uexo,1
hortamentum,1
priuatus,1
haruspex,1
innocuus,1
pruna,1
praefringo,1
thesaurus,1
prosum,1
degusto,1
lepus,1
contraho,1
contractus,1
admorsus,1
medica,1
distermino,1
lauriger,1
detineo,1
abundanter,1
defundo,1
reclinis,1
ulmus,1
suasor,1
arguo,1
exitus,1
inserto,1
fastigium,1
suffugium,1
concredo,1
properantia,1
moderator,1
congressus,1
frigo,1
stipula,1
praedor,1
assentio,1
exubero,1
uereor,1
increbresco,1
circumcingo,1
fortiter,1
caprea,1
labienus,1
consimilis,1
incassum,1
abscido,1
integer,1
conceptus,1
auoco,1
armigera,1
obuerto,1
sustineo,1
stultus,1
lucas,1
transadigo,1
mortifer,1
anhelitus,1
gorgo,1
saxificus,1
monstruosus,1
medusa,1
balteus,1
atlanticus,1
uitalis,1
mamma,1
piso,1
rediuiuus,1
calcar,1
conquestus,1
conflictus,1
lethaeus,1
iunonius,1
nuntio,1
aquilus,1
praenuntia,1
praeduco,1
stilus,1
medicabilis,1
lauinius,1
dictata,1
sacramentum,1
rutula,1
pertracto,1
seminex,1
depugno,1
credulus,1
cocles,1
etruscus,1
ianiculum,1
obses,1
puella,1
porsena,1
edissero,1
cupressus,1
natiuus,1
laudator,1
triceni,1
tuscus,1
sortito,1
clamito,1
refigo,1
sospes,1
adnato,1
irascor,1
exprobro,1
illucesco,1
grandis,1
maeror,1
aeneius,1
quacumque,1
obsecro,1
lento,1
internus,1
ciuicus,1
ambages,1
messor,1
conqueror,1
bidens,1
bacatus,1
peruigilo,1
admitto,1
aeneus,1
deuenio,1
uertigo,1
hilaris,1
euanesco,1
fenestra,1
manifestus,1
aegresco,1
marmoreus,1
plebeius,1
immodice,1
canorus,1
procax,1
oblatro,1
ambitus,1
profiteor,1
petulans,1
aduro,1
pessum,1
cicatrix,1
allatro,1
opinor,1
crispo,1
penniger,1
mustus,1
uligo,1
caenum,1
inficio,1
honorus,1
rado,1
accolo,1
imitabilis,1
implumis,1
equinus,1
perstrepo,1
litoreus,1
clipeatus,1
inclemens,1
croceus,1
deterior,1
completus,1
ferinus,1
udus,1
campania,1
parthenope,1
abella,1
cornus,1
indutus,1
brundisium,1
indiscretus,1
recenseo,1
durities,1
inolesco,1
difficilis,1
attendo,1
uillus,1
rhenium,1
paludosus,1
superfluo,1
brutus,1
tristitia,1
rhoeteus,1
troia,1
mycenae,1
iamiam,1
sudus,1
euersor,1
gallus,1
exsomnis,1
segnities,1
incuso,1
obuersor,1
cunctator,1
quotcumque,1
perplexus,1
coram,1
incomitatus,1
retexo,1
unice,1
sano,1
saltem,1
defluo,1
uirus,1
irrigo,1
caetratus,1
dispenso,1
portitor,1
discribo,1
discursus,1
strepito,1
descensus,1
protrudo,1
retrorsum,1
incuruo,1
excepto,1
augesco,1
crepo,1
nolo,1
praenuntio,1
defugio,1
desilio,1
effatum,1
abscessus,1
effreno,1
barathrum,1
occurso,1
succendo,1
potentia,1
incuruus,1
collecta,1
implicitus,1
ligamen,1
