,count
et,2953
qui,1055
hic,1046
in,1007
nec,773
tu,769
non,673
ille,643
iam,623
ego,506
ipse,450
sum,441
sed,423
quis,368
per,314
magnus,310
manus,305
arma,297
do,291
nunc,290
sic,289
omnis,284
si,280
cum,275
ab,275
ad,273
eo,271
pectus,266
atque,265
aut,262
uideo,235
tuus,234
primus,230
deus,230
fero,229
pater,213
tunc,203
tantus,201
bellus,201
sanguis,195
sub,185
suus,182
ut,181
longus,181
saeuus,177
uultus,175
terra,174
mater,168
umbra,166
ignis,165
animus,165
os,164
sto,161
domus,161
superus,160
meus,160
tamen,160
nox,159
multus,158
ubi,158
altus,157
uir,156
solus,156
dies,155
uenio,150
medius,149
ira,145
sui,145
rex,144
de,144
dux,144
unus,143
miser,140
noster,140
nouus,140
frater,134
alius,133
dico,133
dum,132
nullus,132
at,130
annus,130
ex,128
ingens,128
teneo,126
honor,126
fatum,126
campus,124
uulnus,122
caelum,122
equus,122
natus,122
ferrum,119
iubeo,117
parens,116
sacer,116
telum,115
labor,115
ora,114
ac,114
cura,114
o,112
ago,112
subeo,110
unda,106
cado,105
agmen,105
ante,104
funus,103
premo,103
gens,103
num,101
puer,101
iuuenis,100
ensis,100
comes,100
dulcis,99
enim,99
talis,99
mens,98
cunctus,98
quisque,98
astrum,97
limen,97
nihil,96
ne,96
tristis,96
iaceo,95
gaudeo,95
aurum,94
totus,94
uix,94
seu,94
lacrima,93
amor,93
dextra,92
urbs,91
oculus,90
uolo,90
hinc,90
quam,89
misceo,89
lux,89
corpus,88
mors,88
uox,88
habeo,88
amnis,88
lumen,88
redeo,87
super,86
coma,86
etiam,85
latus,85
mos,85
fides,84
duco,84
tergum,84
tempus,84
maestus,83
grauis,83
bonus,83
moueo,83
tellus,82
quantus,82
litus,82
turbo,81
durus,81
soror,81
uinco,81
mons,81
trepidus,80
haud,80
precor,80
geminus,80
sequor,79
ceu,79
frango,79
rapio,78
socius,78
fugio,78
crinis,78
modo,78
silua,78
hasta,77
regnum,77
patrius,77
adhuc,76
qualis,76
laetus,75
procul,75
quaero,75
uirtus,74
aequor,74
uis,74
gena,73
currus,73
coniunx,73
nemus,73
signum,73
anima,73
relinquo,73
uotum,73
artus,72
iungo,72
heu,72
locus,72
senex,72
hostis,71
uisus,71
numen,71
audio,70
cedo,70
fama,70
nam,70
felix,70
paro,69
orbis,69
inde,69
timeo,69
uia,69
cerno,69
opus,68
tectum,68
taceo,68
dolor,68
longe,67
aer,67
minor,67
ecce,67
aio,67
post,67
credo,66
tandem,66
fera,66
ara,66
paruus,65
nos,65
inter,65
pars,65
metus,65
puluis,65
gemitus,65
saxum,65
somnus,65
furor,64
an,64
quod,64
turba,64
uita,64
iste,63
dignus,63
pius,63
iugum,63
sidus,63
populus,62
sine,61
ueto,61
gemo,61
nubes,61
ripa,61
nefas,61
mereo,61
carmen,61
unde,60
collum,60
prior,60
umerus,60
ordo,60
traho,59
proelium,59
templum,59
raptus,58
clipeus,58
seruo,58
gradus,58
malus,58
antrum,58
monstro,57
reddo,57
pariter,57
iuuo,57
ager,57
ardeo,57
uterque,57
nondum,57
doceo,57
iterum,57
diuus,57
sedes,57
pro,56
refero,56
moenia,56
mora,56
decus,56
flamma,56
cor,56
pudor,56
simul,55
peto,55
mollis,55
sentio,55
is,55
pugna,55
fidus,55
muto,55
dirus,55
sedeo,55
iter,55
bellum,55
robur,55
adsum,55
erigo,55
maritus,55
thalamus,55
figo,54
pontus,54
circum,54
fulmen,54
uoco,54
mox,54
uos,54
cruentus,53
mitis,53
nudus,53
uacuus,53
alternus,53
possum,53
acies,53
asper,53
fortis,53
dominus,53
posco,53
torus,53
pax,53
uates,53
sol,53
caput,52
ruo,52
semper,52
subitus,52
clamor,52
carus,52
arcus,52
liceo,52
porta,52
adeo,51
uertex,51
uirgo,51
huc,51
attono,51
contra,50
idem,50
membrum,50
gaudium,50
toruus,50
aspicio,50
modus,50
tener,50
fessus,50
sinus,50
ius,50
arduus,49
uagus,49
dubius,49
cruor,49
cornu,49
fleo,49
protinus,49
tollo,49
niger,49
alumnus,49
aeuum,49
homo,48
murmur,48
blandus,48
maneo,48
dictum,48
saepe,48
ops,48
fortuna,48
lex,48
ater,48
caedes,47
galea,47
frons,47
rogus,47
pono,47
nomen,47
fax,46
aether,46
impello,46
uerbum,46
nosco,46
aequus,46
lateo,46
obsto,46
luctus,46
rogo,46
quies,46
aruum,46
letum,45
clarus,45
uestigium,45
superbus,45
iuxta,45
dea,45
rumpo,44
quamquam,44
furo,44
humus,44
auidus,44
manes,44
diu,44
cohors,44
profundus,44
tardus,44
addo,44
pecus,44
tenuis,44
iuppiter,44
cupio,44
qua,44
foedus,44
innumerus,43
uicis,43
pateo,43
ferus,43
inferus,43
respicio,43
ceruix,43
ullus,43
extremus,43
munus,43
aura,43
flecto,43
celsus,43
polus,43
murus,43
queror,42
monstrum,42
pulcher,42
miror,42
obuius,42
genetrix,42
tremo,42
donum,42
nego,42
forma,42
placeo,42
nubila,42
spargo,41
soleo,41
autem,41
audeo,41
flumen,41
arx,41
numquam,41
omen,41
ars,41
genitor,41
scelus,41
comminus,40
uel,40
donec,40
aeger,40
tumidus,40
remitto,40
fluctus,40
pronus,40
cursus,40
tendo,40
imber,40
uiuo,40
causa,40
palleo,40
tumultus,40
placidus,40
res,40
sono,39
timor,39
infelix,39
inanis,39
uadum,39
uiridis,39
certus,39
abeo,39
aqua,39
accipio,39
casus,39
quidem,39
uarius,39
uolucer,39
axis,39
scio,39
laus,38
noceo,38
umquam,38
puppis,38
uictor,38
soluo,38
bracchium,38
surgo,38
hiems,38
coetus,38
cinis,38
gelidus,38
finis,38
tot,38
par,38
exeo,38
quin,37
tum,37
uetus,37
linquo,37
impius,37
improbus,37
gloria,37
fremo,37
summum,37
specto,37
leuo,37
cur,37
iustus,37
fretus,37
uerus,37
tenebrae,37
pietas,37
usque,36
fuga,36
amicus,36
spes,36
quando,36
cuspis,36
dexter,36
mare,36
erro,36
loquor,36
solutus,36
pondus,36
habena,36
uentus,36
arcanus,36
leuis,36
gressus,36
uester,36
intro,36
potens,36
patior,36
datum,36
plebs,36
pharetra,36
nota,36
phoebus,36
torqueo,35
leo,35
turma,35
haereo,35
fletus,35
undique,35
ter,35
limes,35
grex,35
laeuus,35
indignor,35
gurges,35
insignis,35
magis,35
pelagus,35
audax,35
facio,35
laudo,35
impleo,35
capio,35
crimen,35
turris,34
paulus,34
descendo,34
haurio,34
fons,34
laxo,34
horreo,34
pereo,34
horror,34
gener,34
st,33
sepulcrum,33
mille,33
rupes,33
retro,33
uelut,33
ibi,33
silentium,33
trux,33
immanis,33
similis,33
stupeo,33
uisum,33
mergo,33
miseror,33
quoque,33
tam,33
planctus,33
mitto,33
agnosco,33
conubium,33
ast,33
cultus,33
mundus,33
porto,32
auris,32
exuo,32
secundus,32
cassis,32
frenum,32
claudo,32
moles,32
penitus,32
praeceps,32
nepos,32
insto,32
nimius,32
hilaris,32
propior,32
fas,31
ergo,31
puto,31
plenus,31
stagnum,31
fluuius,31
agger,31
pes,31
ni,31
auus,31
hospes,31
osculum,31
nato,31
certe,31
clamo,31
prex,31
en,31
colo,31
fundo,31
castrum,31
exspecto,31
pulso,31
ambo,31
tuba,31
gero,30
hostilis,30
pignus,30
sterno,30
amo,30
morior,30
siue,30
culmen,30
serus,30
caecus,30
amplexus,30
facilis,30
conscius,30
insanus,30
quisnam,30
hortor,30
nitor,30
olim,30
ortus,30
famulus,30
imperium,30
fors,30
genus,30
cunctor,29
suadeo,29
exsul,29
fallo,29
pudet,29
anxius,29
heros,29
forte,29
reuertor,29
sonus,29
falsus,29
rubeo,29
fateor,29
suspendo,29
ictus,29
notus,29
doleo,29
stirps,29
satis,29
rideo,29
rarus,29
imago,29
pando,29
achilles,29
crudelis,28
rapidus,28
etiamnum,28
iuba,28
aufero,28
mando,28
lucus,28
uallis,28
fragor,28
ulter,28
uiuus,28
plango,28
nata,28
quamuis,28
foris,28
memini,28
alter,28
uitta,28
ratis,28
questus,28
aeternus,27
lego,27
dimitto,27
nusquam,27
timidus,27
saltus,27
malo,27
rego,27
harena,27
uoluo,27
horridus,27
uestis,27
piger,27
scopulus,27
plaga,27
aula,27
supplex,27
mensa,27
cano,27
mulceo,27
egregius,26
socer,26
indulgeo,26
uerto,26
uero,26
late,26
ramus,26
abrumpo,26
ductor,26
portus,26
exhaurio,26
iniquus,26
obruo,26
cubile,26
niueus,26
frondeo,26
quicumque,26
gratus,26
urgeo,26
digno,26
horrendus,26
diligo,26
iuro,26
summitto,26
recedo,26
pareo,26
anguis,26
sacerdos,26
solor,25
infandus,25
edo,25
iuuencus,25
sagitta,25
cauus,25
caeruleus,25
prius,25
queo,25
obliquus,25
densus,25
perfero,25
penas,25
attollo,25
excutio,25
coeo,25
accedo,25
lacertus,25
namque,25
proles,25
aperto,25
liber,25
necdum,25
mirus,25
aetas,25
laurus,25
mecum,25
oro,25
quisquis,25
paueo,25
flos,25
fraus,25
solacium,24
auctor,24
excipio,24
turbidus,24
taurus,24
sudor,24
uelum,24
frustra,24
secerno,24
saltem,24
segnis,24
quoius,24
securus,24
caligo,24
chorus,24
incertus,24
angustus,24
iamdudum,24
uenus,24
habitus,24
opto,24
gramen,24
admoueo,24
humilis,24
arceo,24
chelys,24
armentum,24
odium,23
ueho,23
iners,23
prope,23
motus,23
supra,23
magister,23
quippe,23
certo,23
inuenio,23
decipio,23
orbus,23
necto,23
acta,23
lar,23
bustum,23
germanus,23
uelox,23
passus,23
moror,23
uoluptas,23
factum,23
rudis,23
sileo,23
ligo,23
diuersus,23
moneo,23
prohibeo,23
signo,23
sufficio,23
iuuenta,23
festus,23
nefandus,22
rabidus,22
caterua,22
sceptrum,22
consumo,22
metuo,22
potestas,22
formido,22
illic,22
auius,22
ferio,22
nescio,22
parum,22
anhelus,22
uinculum,22
lacus,22
mortalis,22
incipio,22
recens,22
cresco,22
augur,22
furia,22
interea,22
triumphus,22
ultro,22
ala,22
uigil,22
equidem,22
ordior,22
uulgus,22
cesso,22
aequo,22
consilium,22
uber,22
stimulus,21
bello,21
uolucris,21
breuis,21
profero,21
sexus,21
auersus,21
fingo,21
diua,21
roto,21
ignarus,21
uaco,21
eques,21
bene,21
sublimis,21
quondam,21
tacita,21
propinquus,21
dono,21
querela,21
purpureus,21
otium,21
sino,21
sors,21
itero,21
spero,21
impetus,21
desum,21
exsulto,21
postis,21
laboro,21
aruus,21
caneo,21
castus,21
largus,21
tempto,20
proprius,20
iaculus,20
amplector,20
gyrus,20
trabs,20
pone,20
positus,20
tango,20
ualeo,20
pello,20
quiesco,20
rus,20
transmitto,20
exsero,20
origo,20
luceo,20
tumulus,20
ruina,20
bibo,20
anhelo,20
hiatus,20
magnanimus,20
sopor,20
ignotus,20
lustrum,20
uerro,20
utinam,20
cogo,20
poena,20
ardor,20
externus,20
opacus,20
ubique,20
excido,20
fumo,20
paternus,20
ineo,20
noto,20
subito,20
probo,20
concedo,20
rector,20
promitto,20
aliter,19
carina,19
imbellis,19
lacer,19
plurimus,19
lassus,19
spiculum,19
demissus,19
induo,19
sanguineus,19
margo,19
crudus,19
apex,19
thyrsus,19
puter,19
repello,19
nimbus,19
nuto,19
deprehendo,19
mutus,19
collis,19
seuerus,19
herba,19
disco,19
monitus,19
certamen,19
iussus,19
spiro,19
dolus,19
reor,19
lampas,19
perago,19
placo,19
tumeo,19
grandis,19
daps,19
epula,19
tero,19
summa,19
rursus,19
lyra,19
amictus,19
tranquillus,19
iugalis,18
urna,18
inuisus,18
maereo,18
nequiquam,18
umbo,18
inclutus,18
utrimque,18
pendeo,18
truncus,18
gentilis,18
transeo,18
cingo,18
scindo,18
occulo,18
regina,18
sponte,18
uiscus,18
ouo,18
custos,18
uiso,18
uanus,18
unguis,18
radius,18
niteo,18
inquam,18
tutus,18
complector,18
parco,18
canis,18
almus,18
occupo,18
serenus,18
excludo,18
uicinus,18
concurro,18
uerendus,18
arbor,18
nitidus,18
benignus,18
sanctus,18
praecipito,18
gigno,18
immensus,18
uerso,18
saeculum,18
auerto,18
plectrum,18
graius,18
natura,18
situs,18
rabies,17
ingemo,17
immitis,17
auis,17
madeo,17
trado,17
inuideo,17
secor,17
minae,17
fetus,17
coeptum,17
memor,17
uerber,17
canus,17
uilis,17
supersum,17
pastor,17
quotiens,17
stipo,17
irrumpo,17
subter,17
totiens,17
gratia,17
nix,17
carpo,17
saeuio,17
odi,17
armatus,17
irritus,17
confundo,17
bis,17
cornipes,17
cantus,17
fusus,17
semen,17
profor,17
faueo,17
citus,17
aduersum,17
pugno,17
fames,17
uirgineus,17
ales,17
concilium,17
coepio,17
reuerentia,17
altar,17
exerceo,17
emitto,17
studium,17
proximus,17
remus,17
flauus,17
gremium,17
nocturnus,17
luna,17
pubes,16
tabum,16
spolium,16
lugeo,16
damnum,16
praemium,16
fugo,16
ultra,16
lubricus,16
parma,16
tueor,16
acer,16
lacesso,16
ostendo,16
domo,16
resoluo,16
flebilis,16
nympha,16
candidus,16
condo,16
iacto,16
infans,16
uireo,16
nauta,16
quercus,16
quater,16
infestus,16
fluo,16
ambio,16
igneus,16
penna,16
stringo,16
uro,16
inclino,16
actus,16
deficio,16
furtum,16
error,16
funestus,16
foueo,16
cupidus,16
sero,16
sermo,16
domina,16
exploro,16
firmo,16
sancio,16
alo,16
obscurus,16
impero,16
sterilis,16
species,16
longaeuus,16
nuper,16
complexus,16
nexus,16
argi,16
auster,16
nimium,15
genu,15
libens,15
spumo,15
imito,15
conuerto,15
creber,15
libro,15
conatus,15
deduco,15
aduersus,15
tela,15
uenenum,15
serpens,15
regno,15
lamentum,15
flagro,15
supero,15
mugio,15
assurgo,15
circumeo,15
praeda,15
effero,15
frigus,15
exuuia,15
figura,15
curuus,15
exspiro,15
culpa,15
sudo,15
uterus,15
iubar,15
cieo,15
iuuentus,15
inuidia,15
lasso,15
uenia,15
nuntius,15
molior,15
scando,15
cito,15
exigo,15
lustro,15
abigo,15
decorus,15
numerus,15
pallor,15
adnuo,15
procer,15
solium,15
ita,15
admitto,15
patria,15
belliger,15
fastigium,15
duo,15
meritum,15
usus,15
mensis,15
uellus,15
celer,15
integer,15
beatus,15
incubo,15
aptus,15
ferueo,15
miro,15
maturus,15
penates,15
roma,15
ingenium,15
sitis,15
quisquam,14
rependo,14
perdo,14
globus,14
ualidus,14
exsilio,14
recipio,14
repleo,14
prehendo,14
exanimis,14
reuoco,14
testor,14
recludo,14
antiquus,14
neue,14
laedo,14
captiuus,14
accenseo,14
requies,14
scruto,14
crassus,14
fatalis,14
crista,14
pendo,14
strido,14
maternus,14
tego,14
penetralis,14
pinus,14
series,14
pridem,14
femineus,14
inicio,14
mars,14
passim,14
ludus,14
pensum,14
libertas,14
catena,14
mina,14
fuluus,14
effusus,14
redux,14
deiectus,14
regius,14
uereor,14
expauesco,14
occurro,14
duro,14
testis,14
amens,14
saluto,14
palam,14
suesco,14
permitto,14
diues,14
centum,14
spatium,14
procella,14
trans,14
taeda,14
infero,14
tepeo,14
stratum,14
castra,14
uersus,14
defero,14
debeo,14
corona,14
phrygius,14
iuno,14
caesar,14
lingua,14
diuum,13
praecipuus,13
egeo,13
pergo,13
potior,13
cognosco,13
repono,13
sulcus,13
eligo,13
memoro,13
terror,13
lupus,13
curro,13
retineo,13
ululatus,13
onus,13
madidus,13
effugio,13
armus,13
palma,13
seco,13
erumpo,13
desuper,13
alienus,13
nobilis,13
seruio,13
cognatus,13
insons,13
bruma,13
intactus,13
uas,13
secus,13
contentus,13
procumbo,13
ultor,13
adoro,13
malum,13
egomet,13
libo,13
demitto,13
caleo,13
albus,13
como,13
uallum,13
assiduus,13
calco,13
freno,13
nisi,13
ueneror,13
tecum,13
abripio,13
inops,13
chordus,13
auditus,13
tracto,13
atrox,13
terreo,13
adsuetus,13
nempe,13
partio,13
oliua,13
defendo,13
animo,13
corono,13
merus,13
sumo,13
caelus,13
hibernus,13
planum,13
merito,13
perfundo,13
implicitus,13
claustrum,13
egredior,13
sordeo,13
discus,13
mactus,13
apollo,13
a,13
pollus,13
morsus,12
uncus,12
tigris,12
desero,12
postquam,12
animosus,12
cuneus,12
dens,12
aduerto,12
sonipes,12
turpis,12
ungula,12
repeto,12
superstes,12
deicio,12
ratus,12
experior,12
liquidus,12
pasco,12
concutio,12
aestus,12
trunco,12
uictus,12
mano,12
capulus,12
operio,12
fraternus,12
palla,12
aureus,12
lituus,12
sisto,12
potius,12
caesum,12
uiduus,12
miserabilis,12
ludo,12
aetherius,12
tertius,12
sollemnis,12
sensus,12
infaustus,12
lectus,12
sordidus,12
uastus,12
paene,12
pallidus,12
adfatus,12
exsto,12
sacro,12
flammo,12
ferreus,12
inopinus,12
tono,12
ostrum,12
metior,12
digitus,12
compono,12
recingo,12
uinum,12
sons,12
malignus,12
praesto,12
damnatus,12
senecta,12
ulcisco,11
fruor,11
fatus,11
for,11
saucius,11
amissum,11
sustento,11
sperno,11
aduento,11
rigeo,11
scilicet,11
cassus,11
auxilium,11
iacio,11
proteruus,11
oppositus,11
astus,11
affor,11
satio,11
desilio,11
incendo,11
sicut,11
parumper,11
caespes,11
pigeo,11
capto,11
excio,11
festinus,11
remeo,11
altrix,11
horresco,11
amarus,11
possido,11
undo,11
palus,11
sonorus,11
umeo,11
obnitor,11
quantum,11
labo,11
pons,11
mucro,11
coruscus,11
effigies,11
repto,11
fido,11
interior,11
parcus,11
erepo,11
ile,11
pingo,11
decet,11
caelestis,11
facies,11
callidus,11
male,11
sonitus,11
orbo,11
etenim,11
contingo,11
incido,11
defleo,11
strages,11
prosequor,11
perimo,11
licet,11
periculum,11
manifestus,11
decresco,11
moene,11
induco,11
hospitium,11
uexillum,11
committo,11
occido,11
metallum,11
caedo,11
secum,11
celo,11
alacer,11
filum,11
ambiguus,11
impono,11
reduco,11
ultrix,11
extinguo,11
permisceo,11
narro,11
comito,11
floreo,11
ebur,11
clausum,11
plaudo,11
fulmineus,11
dis,11
hio,11
nequeo,11
forsan,11
lenis,11
priscus,11
classis,11
iliacus,11
meta,11
germanicus,11
herculeus,11
uirga,11
nonne,10
clades,10
grates,10
nex,10
reuoluo,10
inceptum,10
deformis,10
oblino,10
paratus,10
dissimulo,10
recuso,10
efflo,10
ingero,10
lucidus,10
fecundus,10
desertum,10
frigidus,10
lapsus,10
regnator,10
lauo,10
uena,10
tempestas,10
sinister,10
offero,10
copia,10
sator,10
tegmen,10
praesens,10
texo,10
assisto,10
praebeo,10
ferox,10
ritus,10
expono,10
semita,10
colus,10
nodus,10
tergeminus,10
missilis,10
aemulus,10
supino,10
eximo,10
partus,10
rigo,10
fatisco,10
fortasse,10
elicio,10
quaeso,10
includo,10
proicio,10
nupta,10
miles,10
parca,10
opertum,10
instauro,10
exordium,10
ceterus,10
totidem,10
inimicus,10
discrimen,10
tripus,10
infernus,10
augeo,10
ploro,10
intra,10
lac,10
careo,10
arto,10
numero,10
siccus,10
amans,10
terribilis,10
mentior,10
pactum,10
emineo,10
prouidus,10
germen,10
excedo,10
prosilio,10
absum,10
rota,10
deinde,10
exiguus,10
rigidus,10
caestus,10
auitus,10
despicio,10
pario,10
uibro,10
raucus,10
agito,10
minister,10
tus,10
rite,10
uenerabilis,10
uirilis,10
aliquis,10
tyrannus,10
crepo,10
pauper,10
thetis,10
ango,10
puerilis,10
euoluo,10
tirynthius,10
tonans,10
zephyrus,10
stella,10
etruscus,10
flatus,10
fascis,10
eous,10
acerbus,9
fremitus,9
plausus,9
reperio,9
adimo,9
diadema,9
iurgium,9
excelsus,9
eadem,9
faux,9
expello,9
increpo,9
uado,9
uigilo,9
tardo,9
armiger,9
aspernor,9
tremesco,9
hospitus,9
stamen,9
conamen,9
mino,9
fatigo,9
spons,9
primordium,9
alnus,9
planta,9
cumulus,9
uitreus,9
summoueo,9
discors,9
orans,9
qualiter,9
aceruus,9
purus,9
concilio,9
torpeo,9
increpito,9
repente,9
uallo,9
demum,9
exclamo,9
ostento,9
aperio,9
circumdo,9
ros,9
teres,9
degener,9
nescius,9
auratus,9
colligo,9
conus,9
gemma,9
exorior,9
suspirium,9
ululo,9
liquor,9
harundo,9
tempero,9
ulna,9
simplex,9
inuitus,9
ingratus,9
resero,9
reliquiae,9
quia,9
fauilla,9
plebeius,9
luo,9
profanus,9
ignosco,9
fungor,9
peruigil,9
stabulum,9
nurus,9
augurium,9
lentus,9
fossa,9
incumbo,9
orbita,9
statio,9
squaleo,9
etsi,9
stimulo,9
solidus,9
grauor,9
hospita,9
pinguis,9
sibilo,9
uapor,9
tenor,9
temo,9
puella,9
decurro,9
quatio,9
insidiae,9
supplicium,9
trepido,9
extum,9
attero,9
poculum,9
propero,9
septem,9
praeses,9
percutio,9
auriga,9
praetereo,9
spolio,9
profugus,9
semel,9
differo,9
loco,9
demo,9
recubo,9
atrium,9
cera,9
titulus,9
optime,9
rapina,9
respiro,9
nouerca,9
renouo,9
consido,9
asto,9
ciuis,9
senectus,9
cumque,9
genialis,9
acuo,9
humanus,9
bacchus,9
romuleus,9
latinus,9
sidonius,9
columna,9
nascor,9
nilus,9
uernus,9
ossum,8
absisto,8
tergeo,8
apto,8
castigo,8
paulatim,8
tacite,8
exequia,8
moratus,8
transmissus,8
anceps,8
heres,8
discutio,8
impedio,8
aerius,8
commendo,8
aggredior,8
thorax,8
fundus,8
intonsus,8
concordia,8
inguen,8
puteo,8
glaucus,8
ingemino,8
reporto,8
circa,8
indignus,8
limus,8
poples,8
inuado,8
leuiter,8
superbio,8
quasso,8
reuello,8
mutuus,8
roro,8
occulto,8
praesagium,8
roseus,8
aspero,8
immemor,8
utor,8
expleo,8
infula,8
deuius,8
parce,8
armifer,8
prosterno,8
conspicio,8
expedio,8
prospecto,8
sublatus,8
diana,8
resto,8
facultas,8
uito,8
inmitto,8
regalis,8
struo,8
inferia,8
laeto,8
accingo,8
sucus,8
exoro,8
imploro,8
sententia,8
temerarius,8
modestus,8
speculum,8
purpura,8
excuso,8
suspicio,8
ignauus,8
communis,8
amitto,8
forsitan,8
diuido,8
minax,8
inserto,8
examen,8
caelicola,8
conuenio,8
emeritus,8
alimentum,8
creo,8
septimus,8
nubilus,8
centenus,8
fiducia,8
puluereus,8
taedeo,8
letalis,8
ferratus,8
iactus,8
intono,8
succedo,8
orgia,8
iro,8
pollex,8
inspicio,8
pandus,8
iudex,8
libet,8
fulgur,8
poenus,8
nouo,8
penes,8
cardo,8
tarde,8
praecipue,8
iugulum,8
receptus,8
languidus,8
fertus,8
uello,8
spiritus,8
cacumen,8
dudum,8
uocifero,8
aenus,8
macula,8
fodio,8
lito,8
quid,8
curo,8
haustus,8
potis,8
palaestra,8
auello,8
aditus,8
perfidus,8
concipio,8
cupressus,8
certatim,8
dubito,8
ursus,8
consto,8
nefastus,8
difficilis,8
facinus,8
curuo,8
pluma,8
progenies,8
oceanus,8
genius,8
stygius,8
alcides,8
dorsum,8
libycus,8
calor,8
messis,8
siculus,8
ausonia,8
adsuesco,8
incendium,8
arcas,8
obitus,8
agricola,8
legatus,8
offensus,7
accendo,7
abicio,7
propter,7
iugerum,7
sanies,7
intorqueo,7
inglorius,7
concieo,7
furto,7
impingo,7
datus,7
infectus,7
colonus,7
defigo,7
deuexus,7
emergo,7
tractus,7
aequoreus,7
pabulum,7
senium,7
natalis,7
cunabulum,7
inuidus,7
sicco,7
semideus,7
cruento,7
adultus,7
utroque,7
buxus,7
obsideo,7
torrens,7
perfodio,7
aereus,7
adytum,7
simulacrum,7
sollicitus,7
confiteor,7
uenator,7
uiolo,7
surdus,7
saeptum,7
mauors,7
pudicus,7
remotus,7
uirginitas,7
bellipotens,7
circumspicio,7
cutis,7
infundo,7
perspicuus,7
intus,7
ingredior,7
digero,7
bellicus,7
comitatus,7
absento,7
afflo,7
suimet,7
uittatus,7
procus,7
torreo,7
contendo,7
clangor,7
missus,7
cumulo,7
uulgaris,7
barbarus,7
princeps,7
iniustus,7
incutio,7
hedera,7
incoho,7
uentosus,7
tonitrus,7
lancea,7
laxus,7
letifer,7
praesagus,7
sidereus,7
hora,7
dehinc,7
canities,7
socio,7
aboleo,7
principium,7
aridus,7
iactura,7
fragilis,7
alte,7
praeuerto,7
terrigena,7
reposco,7
quinquaginta,7
uoueo,7
tenuo,7
expers,7
occiduus,7
chlamys,7
terrificus,7
nutrio,7
tres,7
cithara,7
proturbo,7
propinquo,7
cupido,7
lorum,7
exaudio,7
consanguineus,7
fibra,7
obstipesco,7
lambo,7
io,7
flamen,7
innecto,7
sat,7
desisto,7
liueo,7
promissum,7
incesso,7
exsilium,7
mansuesco,7
simulo,7
praeripio,7
transfero,7
pudeo,7
nectar,7
teucrus,7
ornus,7
discedo,7
effrenus,7
celebro,7
consulo,7
resumo,7
pulsus,7
extemplo,7
nudo,7
refugio,7
praemitto,7
libellus,7
perpetuus,7
forum,7
probitas,7
uetustus,7
curulis,7
musa,7
inscius,7
lucanus,7
latio,7
dito,7
boreas,7
exemplum,7
circus,7
arctos,7
arbiter,7
incuruus,7
fio,7
culpo,6
feritas,6
subtexo,6
lacrimo,6
impulsus,6
extimesco,6
unanimus,6
occulte,6
potentia,6
populo,6
corripio,6
glomero,6
emico,6
lucto,6
continuo,6
caelo,6
oppono,6
imbrifer,6
annosus,6
riuus,6
dotalis,6
admoneo,6
paco,6
salum,6
refundo,6
grando,6
gramineus,6
intercipio,6
delubrum,6
temero,6
amplus,6
destino,6
occursus,6
desolo,6
lanugo,6
cibus,6
infra,6
arcadia,6
tympanum,6
reliquus,6
praecedo,6
abscedo,6
tremor,6
olor,6
lacrimabilis,6
singultus,6
usquam,6
amplius,6
informis,6
perennis,6
agedum,6
quare,6
inlabor,6
gelo,6
iuuenca,6
prouoco,6
penetro,6
confido,6
inualidus,6
destituo,6
aestuo,6
reficio,6
rimor,6
debitum,6
heia,6
uixdum,6
condio,6
conclamo,6
damno,6
habito,6
nuntio,6
detineo,6
fauor,6
tueo,6
obliquo,6
chaos,6
peruius,6
praetexo,6
computo,6
produco,6
opimus,6
spuma,6
salio,6
resono,6
fabula,6
prodigus,6
affero,6
sudis,6
percello,6
inexpletus,6
ministro,6
orsus,6
uua,6
uelo,6
latebra,6
spondeo,6
supinus,6
immineo,6
obiecto,6
molaris,6
sus,6
inhonorus,6
colloquium,6
minuo,6
insomnis,6
redimio,6
uergo,6
fulgeo,6
clauus,6
subdo,6
infringo,6
acclino,6
testudo,6
intendo,6
ocius,6
prospicio,6
enumero,6
incola,6
patulus,6
salus,6
aro,6
stridor,6
omnipotens,6
gestamen,6
bacchor,6
herous,6
proauus,6
tepidus,6
saxeus,6
mico,6
adigo,6
indomitus,6
raresco,6
exsoluo,6
reus,6
seruitium,6
annuus,6
propello,6
scribo,6
polluo,6
imbuo,6
exitialis,6
aegaeus,6
atrides,6
centaurus,6
inermis,6
insequor,6
extendo,6
pergama,6
udus,6
honorus,6
eximius,6
puniceus,6
decor,6
subicio,6
luxus,6
carcer,6
aspergo,6
armo,6
celeber,6
instruo,6
obeo,6
radio,6
reses,6
ceres,6
uilla,6
romanus,6
senatus,6
pisaeus,6
modestia,6
umbro,6
focus,6
parthenope,6
senesco,6
meditor,6
delicia,6
toga,6
facundia,6
lyaeus,6
obsequium,6
educo,6
ianus,6
flammeus,6
color,6
uincio,6
generosus,6
quinquennium,6
circumfluus,6
lethe,6
primaeuus,6
succingo,6
orno,6
uindex,6
umbrosus,6
efferus,6
aduenio,6
insurgo,5
summe,5
incestus,5
maxime,5
tumet,5
hortatus,5
conuello,5
diffugio,5
obuerto,5
transabeo,5
cauo,5
phalanx,5
abduco,5
recenseo,5
protego,5
rapto,5
legens,5
cerastes,5
seminex,5
necopinus,5
alueus,5
repugno,5
flexus,5
consuesco,5
euado,5
ulmus,5
sorbeo,5
contemptor,5
nimbosus,5
expugno,5
adiuuo,5
discolor,5
moribundus,5
furibundus,5
offendo,5
umidus,5
frequens,5
obstrepo,5
aluus,5
suggero,5
instar,5
spumeus,5
arripio,5
mordeo,5
sido,5
commoueo,5
audacia,5
infitior,5
ephebus,5
purgo,5
cremo,5
ursa,5
multo,5
depono,5
thiasus,5
praeter,5
ardesco,5
cultor,5
oraculum,5
crudesco,5
luno,5
tunica,5
missa,5
interdum,5
intentus,5
retorqueo,5
gemino,5
glisco,5
hactenus,5
territus,5
gradiuus,5
pressus,5
martius,5
impatiens,5
capesso,5
igitur,5
irascor,5
largior,5
uiolentus,5
ei,5
plangor,5
duplex,5
squalidus,5
accessus,5
clementia,5
niuosus,5
sepelio,5
resulto,5
egenus,5
raptor,5
augustus,5
sagax,5
biga,5
uagor,5
suffundo,5
defectus,5
territo,5
compesco,5
foedo,5
uelamen,5
persto,5
retexo,5
reminiscor,5
exundo,5
conor,5
fragmen,5
cingulum,5
ilicet,5
praeuius,5
obtendo,5
libamen,5
commissum,5
tantum,5
quadriiugus,5
septeni,5
auersor,5
properatus,5
inuictus,5
recepto,5
bellator,5
prora,5
refugus,5
tremefacio,5
protero,5
ambages,5
absumo,5
renideo,5
attamen,5
eminus,5
subigo,5
marcidus,5
diuinus,5
calens,5
taxus,5
dissilio,5
uter,5
elementum,5
utilis,5
responsum,5
fatidicus,5
irrepo,5
conticesco,5
uago,5
capax,5
impiger,5
machina,5
supernus,5
aggero,5
pruina,5
patens,5
fraudo,5
inuito,5
frustror,5
aper,5
recumbo,5
prodo,5
dissonus,5
neglego,5
integro,5
apporto,5
immortalis,5
tabes,5
quattuor,5
crastinus,5
reditus,5
disicio,5
adueho,5
accommodus,5
mugitus,5
satus,5
cratera,5
patera,5
perhibeo,5
cohibeo,5
anteeo,5
reprimo,5
supersto,5
adflictus,5
canto,5
lucrum,5
perfringo,5
rubor,5
uictoria,5
honestus,5
dolosus,5
nobilitas,5
sollicito,5
obsisto,5
aspectus,5
consultum,5
piaculum,5
eruo,5
terrenus,5
lues,5
exterreo,5
promptus,5
tolero,5
pretium,5
uulgo,5
pastus,5
sata,5
recondo,5
uale,5
correpo,5
mas,5
feruidus,5
feralis,5
eicio,5
insido,5
saeta,5
effetus,5
cautus,5
migro,5
iniuria,5
diffundo,5
maiestas,5
penso,5
sollers,5
festino,5
indoles,5
confero,5
licentia,5
tingo,5
artifex,5
propius,5
creta,5
immunis,5
adorior,5
formo,5
troius,5
dego,5
grauidus,5
indus,5
aequaeuus,5
gesto,5
lucina,5
gemmo,5
erubesco,5
pauor,5
aurora,5
renascor,5
singulus,5
scriptum,5
gallicus,5
claudius,5
caminus,5
illinc,5
contemptus,5
salue,5
forus,5
aeolius,5
uocalis,5
ianitor,5
patricius,5
census,5
indulgentia,5
sibylla,5
intemeratus,5
consurgo,5
recessus,5
calidus,5
latro,5
argentum,5
epistola,5
eloquium,5
curia,5
iuuenilis,5
tholus,5
seges,5
theatrum,5
conuiuium,5
psittacus,5
uolumen,5
uxor,5
propago,5
pratum,5
exsequia,5
prosum,5
diripio,5
phoebeius,5
odoratus,5
phoenix,5
stemma,5
caueo,5
italus,5
insero,5
despecto,5
lethaeus,5
marcellus,5
sobrius,5
reuiso,5
sustineo,5
excidium,5
dictus,5
cycnus,5
decedo,5
implacidus,4
derigesco,4
macto,4
exosus,4
uoluntas,4
eiecto,4
infesto,4
noxa,4
admiror,4
inhumatus,4
captus,4
praecordia,4
extorris,4
meto,4
inruo,4
abscisus,4
uerbero,4
innubo,4
traicio,4
deceo,4
icio,4
confinis,4
algeo,4
nidus,4
insterno,4
tribuo,4
ubinam,4
ambitus,4
gelu,4
barba,4
restinguo,4
continuus,4
montanus,4
nebula,4
superuenio,4
dispello,4
crepido,4
fraxinus,4
radix,4
barathrum,4
occumbo,4
resido,4
astringo,4
extraho,4
exanimus,4
portendo,4
agrestis,4
uicissim,4
murex,4
neo,4
tremulus,4
gorytos,4
decido,4
circumuolo,4
pubesco,4
congressus,4
nemo,4
aequalis,4
maenalius,4
triuius,4
tempestiuus,4
contraho,4
inexpertus,4
munimen,4
recido,4
inlaesus,4
tentorium,4
conuexus,4
edico,4
posthabeo,4
speculor,4
noctiuagus,4
congredior,4
refoueo,4
debilis,4
innitor,4
adnumero,4
aegresco,4
ignoro,4
monitor,4
abdo,4
inuius,4
porrigo,4
casa,4
spiramen,4
lunaris,4
cultrix,4
fulgor,4
longinquus,4
attendo,4
aduena,4
sedo,4
indago,4
lauriger,4
bipennis,4
pelta,4
promoueo,4
declino,4
priusquam,4
inueho,4
solum,4
uitis,4
oleo,4
aratrum,4
implico,4
lis,4
insumo,4
saepio,4
documentum,4
exposco,4
secundum,4
aequum,4
hostia,4
securis,4
praetendo,4
respergo,4
grauo,4
sulco,4
eodem,4
iucundus,4
insuetus,4
praeterea,4
regia,4
liceor,4
aduolo,4
marceo,4
excubia,4
maius,4
nauigo,4
flagellum,4
onero,4
impastus,4
distinguo,4
apud,4
excito,4
detraho,4
funda,4
glans,4
turpo,4
collabor,4
findo,4
cerebrum,4
sponsa,4
semianimis,4
dependeo,4
inerro,4
effultus,4
miseresco,4
laetitia,4
extra,4
moderor,4
penetrabilis,4
deses,4
succiduus,4
effulgeo,4
imperfectus,4
exanimo,4
comperio,4
edoceo,4
exturbo,4
insuper,4
permuto,4
uasto,4
quartus,4
appareo,4
affecto,4
immo,4
insulto,4
adsilio,4
compendium,4
praeceptum,4
aeratus,4
obiectus,4
solamen,4
creditum,4
uipereus,4
meo,4
uigor,4
indecoris,4
accelero,4
seruator,4
consisto,4
concino,4
conditor,4
deuoueo,4
nimirum,4
nolo,4
respecto,4
accurro,4
rusticus,4
retego,4
hebeo,4
adloquium,4
ibis,4
inultus,4
finitimus,4
intrepidus,4
auspicium,4
comprimo,4
stata,4
stupefacio,4
ocior,4
hydra,4
effodio,4
illido,4
rudens,4
quieto,4
punio,4
infamis,4
senilis,4
serpo,4
eludo,4
terminus,4
alloquor,4
refert,4
undosus,4
triton,4
scopulosus,4
inclementia,4
infensus,4
quot,4
cogito,4
indocilis,4
arrepo,4
picturatus,4
electus,4
depositum,4
commercium,4
alligo,4
incus,4
pascuus,4
liquesco,4
congrego,4
troia,4
dispono,4
hirtus,4
cerua,4
uexo,4
aquosus,4
olympus,4
ambeo,4
pampineus,4
praeuenio,4
ratio,4
porricio,4
rumor,4
scythicus,4
mensura,4
carinus,4
paucus,4
pallas,4
multiplico,4
pelasgi,4
hymen,4
nimis,4
uastator,4
ceruus,4
seduco,4
morbus,4
illustris,4
stilus,4
dedico,4
littera,4
cena,4
strepo,4
memorabilis,4
lemnius,4
pharetratus,4
adamas,4
paphius,4
pierius,4
amomum,4
silex,4
moderator,4
marmor,4
sirius,4
pluuius,4
nais,4
pompa,4
decimus,4
facundus,4
glacialis,4
balneum,4
inexorabilis,4
fastus,4
arabs,4
auguro,4
pila,4
iocus,4
sal,4
lineus,4
eurus,4
cauea,4
capitolium,4
imputo,4
demens,4
risus,4
compositus,4
lasciuus,4
erus,4
ascisco,4
catenatus,4
attingo,4
exedo,4
nauita,4
exitus,4
gymnas,4
deligo,4
palmes,4
uinetum,4
diuitia,4
canorus,4
rutilus,4
querulus,4
tumesco,4
aduncus,4
cinnamum,4
fertilis,4
minerua,4
dumus,4
eburneus,4
trames,4
statuo,4
occasus,4
famulor,4
promereo,4
pyra,4
molliter,4
praeclarus,4
tarpeius,4
amplexor,4
lyricus,4
agilis,4
egero,4
iugo,4
aduoluo,4
numerosus,4
medeor,4
uer,4
fulcio,4
cyclops,4
eumenides,4
inmodicus,4
liuidus,4
presso,4
decerno,4
subsidium,4
finio,4
furtim,4
trisulcus,4
nubo,4
congero,4
inuoluo,4
fulguro,4
ornatus,4
aspecto,4
profano,3
procurro,3
index,3
sortitus,3
periurus,3
quanam,3
pio,3
uagina,3
caro,3
coram,3
inspecto,3
tumulo,3
feretrum,3
femina,3
iaculor,3
crinitus,3
cadauer,3
retraho,3
seditio,3
tormentum,3
desertor,3
reicio,3
effundo,3
impune,3
debello,3
commemoro,3
excubo,3
alipes,3
semifer,3
insilio,3
no,3
piscis,3
alga,3
merso,3
nodo,3
aestiuus,3
obduco,3
misereo,3
ineluctabilis,3
perrumpo,3
repo,3
spumifer,3
obliuiscor,3
reueho,3
hiulcus,3
assulto,3
arbustum,3
impar,3
obiectum,3
fallax,3
areo,3
superne,3
caenum,3
sinuosus,3
uorago,3
nutus,3
patesco,3
formidabilis,3
effringo,3
iactans,3
sagittifer,3
uenatus,3
proscindo,3
militia,3
frequento,3
remaneo,3
nemoralis,3
exsupero,3
frondeus,3
demergo,3
scelero,3
monile,3
saturo,3
cinctus,3
procax,3
prolabor,3
palpito,3
patefacio,3
amphion,3
lucror,3
mitra,3
mauortius,3
orion,3
uolatus,3
quo,3
accubo,3
regimen,3
resurgo,3
postremus,3
requiro,3
demonstro,3
piniger,3
uesanus,3
pastoralis,3
uario,3
circumfundo,3
soporifer,3
officium,3
lea,3
corusco,3
secedo,3
discordo,3
olea,3
grus,3
contemno,3
emendo,3
portitor,3
niualis,3
sitio,3
classicus,3
nouies,3
raptim,3
coeptus,3
anguicomus,3
peditum,3
hispidus,3
nodosus,3
uidua,3
claresco,3
asseruo,3
poto,3
amentia,3
affligo,3
dissipo,3
subtemen,3
arguo,3
compages,3
oborior,3
perduro,3
inlicitus,3
celero,3
corniger,3
paean,3
squalor,3
prosperus,3
inuigilo,3
inscribo,3
prodeo,3
firmus,3
licium,3
splendeo,3
oberro,3
illustro,3
relatus,3
uitalis,3
infodio,3
grassor,3
intercido,3
exter,3
perforo,3
lympha,3
tropaeum,3
merx,3
textus,3
sacrilegus,3
paelex,3
rebellis,3
contrarius,3
intempestus,3
dulcedo,3
uestibulum,3
spelunca,3
tenebrosus,3
piceus,3
pilum,3
lympho,3
instigo,3
flagello,3
moderamen,3
legio,3
inficio,3
accensi,3
denus,3
moto,3
quacumque,3
anhelitus,3
aliger,3
latex,3
concito,3
absilio,3
uenor,3
frendo,3
emo,3
delitesco,3
succendo,3
praefigo,3
exercitus,3
resupinus,3
dissensus,3
musso,3
orior,3
diduco,3
merces,3
reticeo,3
quoniam,3
affigo,3
insanio,3
permulceo,3
uallus,3
sis,3
peruenio,3
exorsa,3
plumbum,3
leniter,3
insania,3
perosus,3
uerum,3
abscido,3
conitor,3
pauidus,3
iniectus,3
tenus,3
potus,3
furialis,3
opprimo,3
incesto,3
incognitus,3
pererro,3
lamentabilis,3
decretum,3
uotiuus,3
intempestiuus,3
inhorresco,3
primitia,3
lenio,3
necesse,3
promineo,3
calcar,3
madesco,3
furio,3
pudibundus,3
conata,3
rescindo,3
costa,3
incurro,3
intellego,3
properus,3
suppleo,3
obnubo,3
baculum,3
impendo,3
coerceo,3
instinctus,3
miseret,3
blande,3
praedo,3
cauda,3
uictrix,3
commentum,3
detorqueo,3
salutifer,3
insidia,3
insum,3
incito,3
castor,3
pollux,3
abydenus,3
cynthia,3
faunus,3
emetior,3
litoreus,3
medulla,3
lacteus,3
fusco,3
limbus,3
mendacium,3
tactus,3
amazonius,3
digredior,3
excepto,3
rhea,3
naualis,3
uestio,3
lento,3
latratus,3
inhaereo,3
canistrum,3
insidiosus,3
inuiso,3
porticus,3
strepitus,3
discumbo,3
mane,3
recursus,3
insono,3
abnuo,3
achiuus,3
permissus,3
gaesum,3
immitto,3
iustitia,3
imperator,3
december,3
colossus,3
aeneus,3
iulius,3
troicus,3
ministra,3
rhenium,3
despectus,3
disto,3
petulans,3
edomo,3
detergeo,3
incedo,3
myrtus,3
laco,3
onyx,3
septemgeminus,3
inspiro,3
aster,3
quanto,3
ungo,3
praetorius,3
albeo,3
transcurro,3
gaza,3
detego,3
togatus,3
uigeo,3
praegressus,3
tributus,3
troianus,3
medicus,3
conexum,3
praecelsus,3
subuecto,3
conuiua,3
consero,3
statim,3
desidia,3
inseruio,3
acceptum,3
consortium,3
profusus,3
amata,3
honoro,3
uagitus,3
editus,3
immeritus,3
squama,3
interitus,3
insinuo,3
clemens,3
immergo,3
docilis,3
admirabilis,3
area,3
conscendo,3
dispendium,3
temperies,3
amicitia,3
recolo,3
tutor,3
hesternus,3
iunonius,3
gnarus,3
sabaeus,3
crucio,3
meatus,3
unctum,3
refluus,3
capillus,3
designo,3
senus,3
scrutator,3
largitor,3
accio,3
coquo,3
isthmus,3
nemorosus,3
degenero,3
infecundus,3
neptunus,3
mareoticus,3
summergo,3
retinacula,3
desido,3
animaequus,3
auctus,3
dimissus,3
aestifer,3
laquear,3
massa,3
cliens,3
umbratus,3
septimius,3
hercules,3
secreto,3
conspectus,3
saxosus,3
uiator,3
intercludo,3
ianua,3
ap,3
charta,3
praesignis,3
adulter,3
reclamo,3
experientia,3
concolor,3
circumsto,3
gryps,3
sutum,3
impressus,3
medium,3
intumesco,3
propere,3
culta,3
operosus,3
deterior,3
incomitatus,3
phoebe,3
arista,3
adhibeo,3
subnecto,3
castalius,3
transgredior,3
euerto,3
effingo,3
squameus,3
impauidus,3
confligo,3
ostium,3
adductus,3
duplico,3
chromis,3
crus,3
exilis,3
elabor,3
luxurio,3
galerum,3
refringo,3
uolantes,3
rogatus,3
fraxineus,3
demoror,3
hastile,3
lynx,3
defensa,3
procerus,3
nixus,3
genero,3
euolo,3
intepeo,3
perficio,3
pertempto,3
obliuium,3
compleo,3
intexo,3
manifesto,3
percussus,3
uomer,3
pineus,3
temno,3
perfuro,3
patruus,3
stabulo,3
decerto,3
discordia,3
cadmium,3
mycenae,3
obtestor,3
megaera,3
deripio,3
oppidum,3
hisco,2
ocrea,2
procido,2
profundo,2
emptum,2
denique,2
amoueo,2
arator,2
perstringo,2
circumfero,2
intermitto,2
praepes,2
conficio,2
lapso,2
aderro,2
praecerpo,2
femur,2
pedester,2
expertus,2
populeus,2
remigium,2
fluctuo,2
neuter,2
flumineus,2
amputo,2
naufragus,2
trano,2
uiolentia,2
depello,2
alludo,2
uestigo,2
reclino,2
respuo,2
resideo,2
muscus,2
spumosus,2
ulua,2
adoperio,2
ductus,2
liqueo,2
tegimen,2
possideo,2
abies,2
lorica,2
delabor,2
respondeo,2
scius,2
uindicta,2
fibula,2
ambrosius,2
dilectus,2
amyclae,2
derigo,2
tumor,2
desaeuio,2
harmonia,2
damma,2
euinco,2
neruus,2
dedignor,2
hebeto,2
draco,2
capulum,2
dispergo,2
specus,2
pernox,2
exstruo,2
haudquaquam,2
eris,2
libamentum,2
incolo,2
callis,2
escendo,2
innuptus,2
sponsus,2
uersor,2
aspiro,2
tabeo,2
haruspex,2
incisum,2
remugio,2
illumino,2
altor,2
praedator,2
renarro,2
fouea,2
prospectus,2
deposco,2
praefero,2
superstitio,2
tureus,2
secta,2
deuenio,2
laetificus,2
ferculum,2
insideo,2
stelliger,2
anus,2
permoueo,2
seruatrix,2
proclamo,2
angusto,2
reuincio,2
intento,2
pacificus,2
tepesco,2
atticus,2
dissimilis,2
promo,2
furuus,2
umbrifer,2
periurium,2
labes,2
seruus,2
perpetior,2
commaculo,2
deprecor,2
infidus,2
inutilis,2
hortamen,2
incurso,2
dilabor,2
aresco,2
sagus,2
praecino,2
moderatus,2
bos,2
tibia,2
cres,2
frux,2
creatrix,2
pugnax,2
praecipio,2
interpres,2
aceo,2
insolitus,2
pedes,2
actium,2
pluo,2
praegredior,2
ignorantia,2
eripio,2
transigo,2
diuiduus,2
aegis,2
saetiger,2
paciscor,2
immisceo,2
phalerae,2
flaueo,2
agna,2
mergus,2
fortiter,2
proculco,2
exhortor,2
circumligo,2
stridulus,2
duellum,2
pecco,2
inflecto,2
exprimo,2
tessera,2
ouile,2
sceptrifer,2
mirabile,2
dissocio,2
calathus,2
despondeo,2
atrius,2
puluinar,2
obtineo,2
exhalo,2
arrideo,2
zona,2
euigilo,2
euentus,2
tumefacio,2
sinuo,2
explico,2
adiunctus,2
consulto,2
tutela,2
famularis,2
ecqui,2
pecorosus,2
uere,2
imperiosus,2
gradior,2
inexhaustus,2
temere,2
stagno,2
redundo,2
moderatrix,2
subiectum,2
minitor,2
transuerbero,2
catulus,2
exquiro,2
taeter,2
specula,2
claudus,2
fenestra,2
falcatus,2
signifer,2
apis,2
mel,2
caesaries,2
truculentus,2
recurro,2
persoluo,2
accumulo,2
congemo,2
lustralis,2
conceptus,2
multifidus,2
emoueo,2
tabulatus,2
obicio,2
imprimo,2
sulphur,2
bibulus,2
absens,2
crinalis,2
rictus,2
soporo,2
retardo,2
praeualeo,2
attento,2
coactus,2
aggemo,2
resisto,2
proflo,2
obumbro,2
uocatus,2
spectator,2
dissuadeo,2
instratus,2
uirago,2
subsisto,2
surrepo,2
tonsa,2
concido,2
frigo,2
dicto,2
subtraho,2
anilis,2
indicium,2
habitabilis,2
assentio,2
augesco,2
praeludo,2
incautus,2
relego,2
augurius,2
proteus,2
inprobus,2
deleo,2
abundo,2
accubitus,2
crater,2
sereno,2
desuetus,2
lycius,2
adicio,2
leaena,2
conecto,2
uoluto,2
biiugus,2
praecludo,2
corrumpo,2
candor,2
tempore,2
mollio,2
procedo,2
suspectus,2
exserto,2
secludo,2
reflecto,2
uadosus,2
rostrum,2
munio,2
incuso,2
rudimentum,2
comis,2
eluctor,2
fluxus,2
lana,2
inaccessus,2
defluo,2
quonam,2
cyclas,2
crescentus,2
samos,2
opaco,2
carchesium,2
cynthus,2
indubitatus,2
interiaceo,2
praefor,2
perlustro,2
sepono,2
epulor,2
perdomo,2
inreuocatus,2
edisco,2
doricus,2
renuo,2
supprimo,2
socia,2
semiuir,2
uolito,2
torpor,2
glacies,2
ensifer,2
tortus,2
medicamen,2
quidam,2
editio,2
celeritas,2
biduus,2
posterus,2
hexameter,2
manilius,2
uindico,2
glorior,2
rutilius,2
defungor,2
kalendae,2
publicus,2
discindo,2
cattus,2
palatium,2
dedo,2
equester,2
aedes,2
caelifer,2
famosus,2
concessus,2
ciuilis,2
demigro,2
aeneius,2
rosa,2
lilium,2
profiteor,2
mendax,2
aueho,2
cognomen,2
columba,2
concha,2
auarus,2
crystallum,2
aethra,2
amyclaeus,2
cygnus,2
dalmaticus,2
reclinis,2
morum,2
permetior,2
camena,2
responso,2
feruor,2
uenum,2
fornax,2
enormis,2
testa,2
distantia,2
elido,2
tiburnus,2
uiduo,2
arcesso,2
alcinous,2
iuger,2
sanus,2
athenae,2
hortus,2
clotho,2
urbanus,2
ubicumque,2
confremo,2
iudicium,2
pompeius,2
brutus,2
alpinus,2
nouem,2
fugax,2
odorifer,2
pestis,2
transcendo,2
lasciuio,2
sodalis,2
corymbus,2
regula,2
labrum,2
aedis,2
ponticus,2
peruro,2
mappa,2
annona,2
comparo,2
uescor,2
nobiscum,2
numida,2
colluceo,2
spectaculum,2
licens,2
pagus,2
opusculum,2
affectus,2
superuacuus,2
eloquentia,2
quasi,2
mansuetus,2
consolatio,2
distraho,2
collecta,2
argutus,2
deflecto,2
uenalis,2
lacerna,2
uerecundus,2
transueho,2
anguifer,2
ternus,2
caducus,2
exitium,2
speculatrix,2
interuenio,2
innocuus,2
inamoenus,2
auspex,2
possessor,2
rado,2
autumnus,2
saepis,2
mobilis,2
praecordium,2
paeniteo,2
soporus,2
pellis,2
bromius,2
pendulus,2
genitalis,2
incorruptus,2
uocabulum,2
adoleo,2
crocus,2
dedisco,2
docte,2
uenabulum,2
flauius,2
hesperus,2
amoenus,2
auernalis,2
proserpina,2
oestrus,2
odorus,2
uagio,2
pharsalicus,2
fretum,2
splendidus,2
aliqui,2
ecloga,2
molorchus,2
thrax,2
acanthus,2
excolo,2
indigus,2
negantia,2
armipotens,2
praecingo,2
adnecto,2
transtrum,2
religo,2
allabor,2
lignum,2
subueho,2
oriens,2
filius,2
pacta,2
smyrna,2
culmus,2
ignobilis,2
octoni,2
siquidem,2
regressus,2
campanus,2
clamosus,2
hesperius,2
albanus,2
philomela,2
aestas,2
alluo,2
consulatus,2
neapolis,2
citra,2
interim,2
reprehendo,2
sin,2
reparo,2
indicus,2
decem,2
locatum,2
censor,2
statera,2
coacta,2
nestor,2
aestiuo,2
syrtis,2
adopto,2
tuscus,2
frondosus,2
perlabor,2
uenter,2
laborifer,2
auoco,2
mirabilis,2
claua,2
hannibal,2
fossor,2
orbitas,2
remetior,2
fumus,2
defenso,2
deueho,2
trinus,2
praeficio,2
religio,2
demereo,2
materia,2
circumsonus,2
modicus,2
inlacrimo,2
arbitrium,2
immotus,2
perlego,2
sacrarium,2
turmalis,2
commodus,2
falx,2
dispenso,2
eualesco,2
ultio,2
nouercalis,2
nubigena,2
crispus,2
accola,2
decerpo,2
magniloquus,2
homerus,2
lacrimosus,2
expendo,2
maeonides,2
explorator,2
achaemenius,2
olympiacus,2
achaei,2
scyllaeus,2
uector,2
compello,2
suspiro,2
incultus,2
congemino,2
monitum,2
opulentus,2
expugnabilis,2
inhospitus,2
reputo,2
obmutesco,2
pinguesco,2
insigne,2
concentus,2
roscidus,2
bellatrix,2
exin,2
harundineus,2
prehenso,2
lupatus,2
equa,2
subligo,2
ambitiosus,2
collido,2
transuersus,2
praestringo,2
collaudo,2
erebus,2
arte,2
appello,2
stellans,2
instimulo,2
refulgeo,2
regero,2
acheloius,2
trieteris,2
incursus,2
ancora,2
status,2
talus,2
scutum,2
interfor,2
ferax,2
habilis,2
sequestro,2
iaspis,2
conterminus,2
insisto,2
efferuo,2
exagito,2
coniuro,2
uaporo,2
euincio,2
tapes,2
disiecto,2
commisceo,2
lacero,2
praeteruehor,2
dirimo,2
siluestris,2
anfractus,2
adhaereo,2
discrimino,2
destringo,2
spatiosus,2
discretus,2
ilex,2
intego,2
inlaetabilis,2
rapum,2
corruo,2
indebitus,2
aeque,2
propugno,2
habitator,2
interplico,2
funereus,2
trifidus,2
odor,2
cedrus,2
uirgultum,2
nisus,2
expromo,2
affundo,2
percenseo,2
dumetum,2
ignesco,2
apparo,2
collustro,2
bicornis,2
interfusus,2
priuatus,2
funditus,2
progredior,2
hodie,2
incassum,2
impexus,2
uolcanius,2
uimen,2
cortex,2
depasco,2
ferrugineus,2
superiacio,2
perseus,2
regio,2
deuerto,2
diuisus,2
conspicuus,2
adamo,2
hymenaeus,2
astupeo,2
prae,2
ignauia,2
concretum,2
fuscus,2
dilacero,1
conqueror,1
hucusque,1
sospes,1
conlecta,1
protendo,1
inuoco,1
nobilito,1
irreuocabilis,1
balteus,1
degrauo,1
acerbo,1
ruricola,1
transfugio,1
resupino,1
adulo,1
sidonis,1
scrupeus,1
disiungo,1
surruo,1
maculo,1
lente,1
productum,1
merges,1
debellator,1
ineuitabilis,1
desacro,1
defessus,1
magus,1
gessius,1
tetricus,1
uenatrix,1
interpretor,1
fere,1
mutabilis,1
effatum,1
aduerbero,1
effugium,1
siluester,1
allium,1
thyias,1
deuincio,1
neco,1
exarmo,1
succido,1
primo,1
pacifer,1
destruo,1
coniugialis,1
ieiunus,1
segrego,1
contemptrix,1
suppono,1
pauesco,1
lamento,1
amissus,1
praeditus,1
indolesco,1
langueo,1
profectus,1
nanciscor,1
egressus,1
contractus,1
intremo,1
exordior,1
furtiuus,1
decolor,1
dissentio,1
aduiuo,1
consors,1
edax,1
semustus,1
altaria,1
confugium,1
requiesco,1
oblique,1
bimembris,1
iaculator,1
stabilis,1
casurus,1
monstruosus,1
armarium,1
languesco,1
uocito,1
peltifer,1
frustro,1
parate,1
multiplex,1
foramen,1
liuor,1
assumo,1
uanesco,1
finitor,1
remulceo,1
uendo,1
reseruo,1
commune,1
adorno,1
internecto,1
praescio,1
concors,1
consultor,1
grauida,1
gemmifer,1
eueho,1
ieiunium,1
domi,1
successor,1
quicum,1
futilis,1
immobilis,1
excursus,1
hinnitus,1
fumifer,1
praedico,1
manica,1
crispo,1
illudo,1
uitulus,1
innoxius,1
cunctatio,1
praepondero,1
gregatim,1
obliuio,1
apprehendo,1
inuro,1
proluo,1
mysticus,1
guberno,1
intercedo,1
balatus,1
peplum,1
secubitus,1
nebulosus,1
obtusus,1
superuolo,1
diurnus,1
fetura,1
inno,1
obsido,1
successus,1
stratus,1
proflatus,1
abluo,1
dedeceo,1
percieo,1
proditor,1
congeries,1
extero,1
natator,1
erudio,1
inaratus,1
torquis,1
remolior,1
uomo,1
luctificus,1
obsaepio,1
lymphatus,1
discursus,1
pumiceus,1
efflagito,1
glacio,1
repercussus,1
uetustas,1
permaneo,1
orichalcum,1
misereor,1
pango,1
configo,1
coitus,1
effloresco,1
nocte,1
captiua,1
oppugno,1
dissaepio,1
uertigo,1
grator,1
inlaudatus,1
fortunatus,1
dinosco,1
circumflo,1
hortator,1
suscito,1
insatiabilis,1
effor,1
subsum,1
caeles,1
faex,1
indefensus,1
ualete,1
adipiscor,1
adsertor,1
intellectus,1
crebro,1
propulso,1
unicus,1
exaestuo,1
expallesco,1
elanguesco,1
prodigium,1
nonnihil,1
tergus,1
noxius,1
paulo,1
malesuadus,1
specimen,1
audenter,1
discessus,1
praesente,1
inclemens,1
satelles,1
transporto,1
irrito,1
dedecoro,1
depleo,1
bellona,1
rhoeteus,1
grandaeuus,1
eheu,1
lanio,1
opperior,1
magicus,1
abstraho,1
undisonus,1
persona,1
sedulus,1
prouideo,1
consilio,1
aduoco,1
neptunium,1
contagium,1
deporto,1
iamiamque,1
puerpera,1
hac,1
mitesco,1
incessus,1
abnato,1
iurandum,1
conquestus,1
bimaris,1
isthmia,1
pisum,1
phoca,1
conspiro,1
thessalia,1
querella,1
graecia,1
contemplo,1
praestruo,1
tritonia,1
heius,1
dependo,1
turifer,1
euersor,1
intemptatus,1
carbasus,1
euito,1
leuitas,1
admissum,1
euhius,1
indictus,1
fortassis,1
mercatus,1
phryx,1
subrideo,1
secundo,1
amazon,1
suboles,1
obtexo,1
curetes,1
lacaena,1
infremo,1
pecto,1
eiuro,1
domitor,1
allego,1
xanthus,1
prolato,1
hebes,1
marito,1
turriger,1
ueritas,1
inexcitus,1
agenor,1
spissus,1
lupa,1
sector,1
sicubi,1
paeon,1
actor,1
biformis,1
eminens,1
auctoritas,1
poeta,1
aliquid,1
contineo,1
istic,1
sacrosanctus,1
iniungo,1
audacter,1
collega,1
uop,1
describo,1
conualesco,1
occasio,1
testimonium,1
balneolum,1
utique,1
conformo,1
efficio,1
catus,1
superfulgeo,1
uesta,1
tritonius,1
medusa,1
inuentor,1
nouenus,1
fultura,1
gestio,1
uiola,1
narratum,1
uehemens,1
praeluceo,1
transgressus,1
tepefacio,1
suggestus,1
rubesco,1
ideo,1
praenosco,1
latialis,1
hyle,1
transfuga,1
umbraculum,1
socialis,1
compitum,1
stola,1
lauinius,1
polleo,1
cous,1
nasus,1
miraculum,1
bruttius,1
suscipio,1
splendor,1
hamadryas,1
albulus,1
abiungo,1
dryades,1
pomarius,1
digressus,1
tiburs,1
catillus,1
splendesco,1
persido,1
damnosus,1
confugio,1
custodia,1
pirus,1
recreo,1
permereo,1
alpis,1
cannensis,1
regulus,1
dictamnus,1
benigne,1
segniter,1
paeonius,1
candentia,1
salinum,1
cyathus,1
satyrus,1
salmacis,1
ophites,1
nomas,1
camera,1
uitrum,1
circumplecto,1
narcissus,1
strata,1
hypocauston,1
lotus,1
feriatus,1
compes,1
bellaria,1
germino,1
gratuitus,1
amerinus,1
praegnas,1
contundo,1
panarium,1
pumilus,1
pugil,1
cymbalum,1
tinnulus,1
syrus,1
scaenicus,1
gregalis,1
sulfur,1
saturnalia,1
inemptus,1
ebrius,1
exolesco,1
familiaritas,1
condicio,1
infantia,1
plerumque,1
festinanter,1
indico,1
examino,1
diligens,1
epigramma,1
facilitas,1
amphitheatrum,1
libenter,1
qualiscumque,1
displiceo,1
affluo,1
doma,1
litura,1
praecox,1
ingenuus,1
fauus,1
affingo,1
bilis,1
incepto,1
matutinus,1
abitus,1
barbaricus,1
catasta,1
infigo,1
constringo,1
laena,1
murmuro,1
consolo,1
aduro,1
ascendo,1
impetro,1
prelum,1
stadium,1
large,1
sapio,1
diaeta,1
derecto,1
uindemia,1
refello,1
deseruio,1
suffragium,1
strangulo,1
faenus,1
cohaereo,1
incuruo,1
cacus,1
quirinalis,1
caelicus,1
iamiam,1
depromo,1
platanus,1
latebrosus,1
folium,1
enodis,1
ingeniosus,1
secrete,1
reuiresco,1
blaesus,1
imitator,1
argenteus,1
conuicium,1
sturnus,1
pica,1
perdix,1
addisco,1
salutator,1
gladiator,1
amissio,1
pignero,1
approbo,1
fidelis,1
seruilis,1
penis,1
repertor,1
euagor,1
uictima,1
baeticus,1
allocutio,1
detono,1
popularitas,1
culex,1
lucretius,1
transfiguro,1
simplicitas,1
comitas,1
persono,1
fulminatus,1
abrado,1
subministro,1
praeniteo,1
fideliter,1
temeritas,1
frequenter,1
itaque,1
consecro,1
libertus,1
quamdiu,1
desiderium,1
pyxis,1
persuadeo,1
destinatio,1
idus,1
siren,1
assidue,1
pieris,1
fauonius,1
immadesco,1
saturnius,1
distinctus,1
fundamentum,1
insudo,1
capra,1
echo,1
mulciber,1
pomum,1
hesperis,1
foede,1
auerta,1
tangens,1
maecius,1
antemna,1
caprea,1
stuppeus,1
praenato,1
supernato,1
assigno,1
funis,1
abscindo,1
gracilis,1
praetermitto,1
charybdis,1
blandior,1
mirator,1
pharos,1
sistrum,1
paludosus,1
lutum,1
animal,1
uiuax,1
babylon,1
deuinco,1
hilaro,1
iniussus,1
impendium,1
aurifer,1
afer,1
pecuarius,1
propugnaculum,1
moneta,1
pubens,1
laeua,1
morus,1
somnium,1
compareo,1
pinifer,1
eryx,1
auxiliator,1
palatinus,1
apprenso,1
formosus,1
olorinus,1
murra,1
sericum,1
pallium,1
interseco,1
lasciuia,1
lachesis,1
deterreo,1
alcyon,1
magnificus,1
interstinctus,1
capitolinus,1
indubito,1
quirinus,1
inuocatus,1
pertineo,1
beneficium,1
condiscipulus,1
dignitas,1
publico,1
municeps,1
gratulor,1
honesto,1
hendecasyllabus,1
una,1
palaris,1
lusio,1
nouissime,1
traduco,1
consul,1
dinumero,1
deciens,1
trabeatus,1
maurus,1
modeste,1
aethiopus,1
lictor,1
palladium,1
appius,1
peiero,1
inquietus,1
bellicosus,1
intereo,1
solido,1
crux,1
nauigatio,1
quadrupes,1
tensa,1
tofus,1
lacuna,1
massicus,1
uulturnus,1
seruitus,1
remex,1
uentilo,1
commeo,1
tiberis,1
uesper,1
cumae,1
praescius,1
auide,1
indium,1
prouisus,1
quindecim,1
abnepos,1
arctus,1
suburbanus,1
algidus,1
gallus,1
bonum,1
metallifer,1
retendo,1
proauitus,1
optato,1
arcitenens,1
k,1
aquilo,1
balo,1
laniger,1
uacca,1
leptus,1
romulus,1
africa,1
barbitos,1
inconsumptus,1
ludibrium,1
anser,1
conchylium,1
lapillus,1
stolidus,1
polio,1
alea,1
italicus,1
lenaeus,1
coepi,1
uestinus,1
baiae,1
liticen,1
tumulatus,1
gratulatio,1
auunculus,1
laetabilis,1
nuntia,1
cadus,1
abantius,1
actaea,1
mystes,1
iocosus,1
perseuero,1
bini,1
decoro,1
umbilicus,1
decussis,1
rodo,1
tinea,1
piper,1
continens,1
capsa,1
as,1
pilleum,1
mantele,1
luridus,1
caricus,1
bulbus,1
ouum,1
far,1
cochlea,1
lardum,1
perna,1
lucanica,1
faliscus,1
caseus,1
panis,1
nitido,1
psithius,1
recoquo,1
defrutum,1
cereus,1
cultellus,1
codicilli,1
patina,1
calix,1
cacabus,1
lepor,1
hendecasyllabi,1
publice,1
officiosus,1
amando,1
mediocritas,1
iampridem,1
medicina,1
matertera,1
cicatrix,1
uxorius,1
exsatio,1
inabruptus,1
nuptus,1
racemus,1
paupertas,1
nauus,1
iubatus,1
tractabilis,1
binominis,1
tribunus,1
pacatum,1
consanguinitas,1
inconcussus,1
adnubilo,1
remurmuro,1
auxilior,1
exorabilis,1
saluus,1
inrequietus,1
uitio,1
uelifer,1
phaselus,1
immodicus,1
turgeo,1
gutta,1
robustus,1
succumbo,1
trabea,1
sortior,1
fructus,1
luxuria,1
tiro,1
temptamen,1
calx,1
palmetum,1
britannus,1
indefessus,1
aquila,1
munia,1
aquilus,1
praedoctus,1
praeduco,1
halo,1
lacio,1
pyramis,1
cerberus,1
laqueus,1
praedulcis,1
heliades,1
sapientia,1
cothurnus,1
thalia,1
semirutus,1
supergredior,1
salii,1
lupercus,1
perses,1
impendeo,1
boeotus,1
cerealis,1
alba,1
seiungo,1
corneus,1
scipio,1
argus,1
nexo,1
numquid,1
papilla,1
taxeus,1
incomptus,1
solator,1
fomentum,1
linum,1
censeo,1
loquax,1
tenellus,1
biremis,1
stramen,1
strues,1
incanus,1
glaeba,1
supercilium,1
intertextus,1
credulus,1
accisus,1
incaeduus,1
ueternus,1
fagus,1
desideo,1
interrogo,1
crepito,1
exsudo,1
crocum,1
cymbium,1
marmoreus,1
cliuus,1
confercio,1
stellatus,1
inconstantia,1
interiungo,1
assimulo,1
canna,1
discingo,1
insibilo,1
exerro,1
sedile,1
recta,1
infligo,1
tumentia,1
deturbo,1
tisiphone,1
praeeo,1
maeonius,1
transluceo,1
indeprensus,1
oliuom,1
nitesco,1
perluceo,1
tegeaeus,1
iaculabilis,1
praeualidus,1
contorqueo,1
insperatus,1
intersero,1
restringo,1
rigor,1
oleum,1
uarus,1
sano,1
uillosus,1
breuitas,1
obtero,1
scitum,1
neglectus,1
obsequor,1
distineo,1
circumtono,1
recutio,1
compago,1
contristo,1
adnato,1
horrificus,1
adiuro,1
consterno,1
redimo,1
buxum,1
triumpho,1
rosarius,1
tridens,1
equinus,1
sarisa,1
arboreus,1
perpetuo,1
consequor,1
insuo,1
uuidus,1
subnixus,1
frigeo,1
resigno,1
populator,1
indigena,1
uirgeus,1
decursus,1
infamo,1
fortuitus,1
discurro,1
adnuntio,1
taedium,1
subsido,1
exsecrabilis,1
ecquis,1
utcumque,1
complexo,1
porro,1
frondesco,1
transilio,1
impes,1
indigestus,1
insidior,1
emaneo,1
instita,1
pilus,1
manicae,1
carbaseus,1
rasilis,1
fur,1
immolo,1
palo,1
nubifer,1
reflo,1
deuito,1
fluito,1
naris,1
ignifer,1
obscuro,1
pellitus,1
lemnias,1
transadigo,1
fremor,1
solaris,1
circumuenio,1
reluceo,1
uigilans,1
recordor,1
rigesco,1
uespera,1
uiolabilis,1
singulto,1
merum,1
claro,1
insula,1
indigenus,1
pecten,1
intersono,1
armamenta,1
arquatus,1
instabilis,1
cauerna,1
ingrauo,1
obtorqueo,1
nauifragus,1
excusabilis,1
monumentum,1
enitor,1
contego,1
increbresco,1
adaestuo,1
spira,1
dissulto,1
assibilo,1
siluicola,1
retracto,1
transfundo,1
sacrificium,1
prosectum,1
resorbeo,1
ingratiis,1
inuentrix,1
trabalis,1
crebresco,1
adhortor,1
turritus,1
oliuifer,1
obiaceo,1
induro,1
commodo,1
uulnificus,1
cratis,1
ducto,1
stipes,1
salignus,1
cubitum,1
ramosus,1
nigresco,1
nexilis,1
montosus,1
excello,1
milito,1
dispareo,1
ingenero,1
deprimo,1
electrum,1
heri,1
spectabilis,1
puerperium,1
candeo,1
recuruo,1
cassida,1
mature,1
clango,1
uulgatus,1
accresco,1
expugnator,1
lares,1
irriguus,1
petra,1
eloquor,1
innubus,1
subiecto,1
medico,1
funesto,1
triplex,1
fumidus,1
sacrificus,1
onustus,1
inuidiosus,1
umecto,1
condensus,1
cetera,1
paedor,1
uiresco,1
armentalis,1
biforis,1
recaleo,1
percurro,1
exhorresco,1
umor,1
duresco,1
macies,1
indigeo,1
uecto,1
maeror,1
succurro,1
fecundo,1
nutrix,1
nauticus,1
rapax,1
proruo,1
egestas,1
peruerto,1
praemonstro,1
quocumque,1
tartareus,1
sulfureus,1
inremeabilis,1
rogalis,1
hydrus,1
delphinus,1
cadmeus,1
impacatus,1
ambigo,1
conuecto,1
dissideo,1
immutabilis,1
delictum,1
urus,1
appeto,1
coptus,1
subuenio,1
praeterlabor,1
reuocabilis,1
cyllenius,1
illigo,1
recurso,1
repercutio,1
defundo,1
puluerulentus,1
actutum,1
exitiabilis,1
adaperio,1
tundo,1
dimoueo,1
implacabilis,1
iuuenalis,1
uestitus,1
obtutus,1
perplexus,1
dimetior,1
sopio,1
emunio,1
lychnus,1
armisonus,1
pallesco,1
perquiro,1
quini,1
montiuagus,1
arbuteus,1
fistula,1
acheron,1
biuium,1
proluuies,1
biuertex,1
pestifer,1
potitius,1
fortunate,1
digne,1
proinde,1
quotannis,1
pudens,1
hyperboreus,1
pataraeus,1
cometes,1
fastidium,1
frugifer,1
impenetrabilis,1
lugubris,1
cunctator,1
imperditus,1
dodona,1
inuiolatus,1
indiscretus,1
tantalis,1
binus,1
ob,1
aceruo,1
cristatus,1
exuro,1
suppliciter,1
desudo,1
uiuidus,1
filia,1
deferuesco,1
palearis,1
inflammo,1
improuisus,1
eluo,1
anteuolo,1
associo,1
maculosus,1
perterreo,1
amico,1
pernix,1
niliacus,1
consono,1
sequax,1
placabilis,1
uultur,1
accipiter,1
strix,1
bubo,1
recuruus,1
plumeus,1
prodigiosus,1
stillo,1
inardesco,1
prauus,1
robigo,1
gladius,1
recuro,1
iuuenesco,1
chalybs,1
rastrum,1
seclusus,1
moneris,1
prorsus,1
abstrusus,1
inertia,1
dementia,1
obex,1
plaustrum,1
angor,1
desino,1
uolubilis,1
proficio,1
styx,1
emigro,1
triformis,1
taurinus,1
conuallis,1
propexus,1
mentum,1
prouenio,1
inhio,1
dominor,1
praeconius,1
infrenis,1
tristitia,1
impense,1
consonus,1
adolesco,1
persequor,1
smaragdus,1
praecolo,1
adiuto,1
latrans,1
amburo,1
completus,1
circulus,1
dedoceo,1
conuoco,1
inimico,1
reuerens,1
triplico,1
importunus,1
applausus,1
abstineo,1
rutilo,1
contortus,1
deeo,1
occubo,1
decutio,1
inexpugnabilis,1
prorumpo,1
proterreo,1
interlabor,1
polliceor,1
trietericus,1
ouis,1
luxurior,1
delambo,1
praeuideo,1
priuo,1
comporto,1
hastatus,1
repexus,1
