,count
et,2431
in,1441
qui,1192
sum,1148
ut,801
is,795
ac,697
sui,683
ad,654
cum,553
ab,547
ex,538
non,510
etiam,440
nec,438
suus,416
per,403
sed,322
de,318
quam,308
num,295
atque,293
hic,288
omnis,284
ne,280
aut,263
quidam,262
quod,246
res,239
ipse,238
magnus,236
quisque,235
quidem,217
dies,208
inter,193
pro,188
multus,180
primus,176
senatus,170
post,168
alius,167
uel,164
pars,158
facio,149
dico,148
habeo,145
tempus,140
si,138
pater,137
nisi,135
quasi,135
ille,132
urbs,129
quis,128
causa,127
autem,126
do,124
nam,123
possum,120
tantus,115
idem,115
unus,115
edo,114
genus,113
annus,111
adeo,110
sine,108
modo,108
augustus,107
miles,107
mox,105
ita,105
populus,105
tamen,103
quisquam,103
ceterus,103
ago,102
nouus,101
publicus,100
liber,100
alter,98
iam,98
deinde,97
ante,97
imperium,96
apud,96
fero,95
duo,94
nomen,94
prouincia,93
quoque,92
bellum,90
saepe,90
ordo,89
caesar,88
nihil,87
filius,86
locus,84
nullus,83
princeps,83
uideo,82
manus,81
honor,77
ius,77
trado,77
consul,77
mos,76
modus,76
tam,75
mater,75
scribo,75
ob,74
statim,73
consulatus,73
uerus,73
sub,73
eques,73
domus,72
ullus,70
simul,69
uxor,69
uterque,68
homo,67
soleo,67
ego,67
usque,65
iubeo,65
parum,64
item,64
circa,63
frater,62
roma,62
uolo,62
peto,62
appello,61
caput,61
factum,61
opus,60
adhuc,60
singulus,60
uir,60
mors,60
prius,58
exercitus,58
amicus,58
rex,58
super,57
aetas,57
ludus,57
spectaculum,57
quoius,57
nox,56
pompeius,56
libertus,56
mille,56
solus,55
tunc,55
uetus,55
animus,54
totus,54
legio,54
mensis,53
gero,53
lex,53
gratia,53
magis,52
paruus,52
paucus,52
corpus,51
recipio,51
enim,51
tu,51
maxime,51
uerbum,51
uoco,50
quamquam,50
praeter,50
umquam,49
tres,49
munus,49
officium,49
uox,49
bonus,49
auctor,49
summa,49
postea,49
uarius,48
filia,48
refero,47
ciuilis,46
quondam,46
antonius,46
rursus,46
consularis,46
mitto,46
legatus,46
repente,46
puer,46
occido,46
usus,46
uita,45
medius,45
opera,45
quin,45
cena,45
natus,45
aduersus,45
suspicio,44
ciuitas,44
instituo,44
iulius,44
sestertius,44
iter,44
existimo,43
littera,43
aureus,43
proximus,43
teneo,43
senator,43
grauis,43
olim,42
dux,42
relinquo,42
paene,42
poena,42
posterus,41
deus,41
ualetudo,41
sic,41
spes,41
amplius,41
numerus,41
studium,41
duco,41
plebs,41
aedes,41
ostendo,41
plurimus,41
tertius,40
hostis,40
cognomen,40
dum,40
aliquis,40
talis,40
dimitto,40
suscipio,40
potestas,40
reliquus,40
uia,39
fere,39
epistula,39
gaius,39
capio,39
inquam,39
romanus,39
condicio,39
templum,39
semper,38
libellus,38
uero,38
ratio,38
reuoco,37
puto,37
memoria,37
claudius,37
certus,37
imperator,37
edictum,37
tribunus,37
magistratus,37
inde,37
cura,37
quamuis,37
initium,37
nonnullus,36
statua,36
pes,36
graecus,36
nego,36
uis,36
triumphus,36
reddo,36
redeo,36
excipio,36
uenio,36
plerus,36
sermo,35
aio,35
nepos,35
metus,35
nonnumquam,35
nemo,35
exigo,35
seruus,35
copia,35
restituo,34
breuis,34
palam,34
demum,34
numquam,34
forum,34
doceo,34
audio,34
cogo,34
terra,34
accipio,34
consuetudo,33
nunc,33
quia,33
uenenum,33
familia,33
equester,33
hora,33
familiaris,33
facile,33
an,33
insula,33
uix,33
uniuersus,33
uersus,32
germanicus,32
uictoria,32
cognosco,32
lego,32
assidue,32
curia,32
passus,32
at,32
occasio,32
reperio,32
signum,32
aliqui,32
consto,32
prope,32
iocus,32
quantus,32
datum,32
tandem,32
quotiens,32
transeo,32
comperio,32
pronuntio,32
credo,31
audeo,31
meus,31
satis,31
desum,31
secundus,31
respondeo,31
iuxta,31
theatrum,31
praetor,31
nuntio,31
negotium,31
paulus,31
pecunia,31
cunctus,31
addo,31
destino,31
tum,31
defungor,30
defero,30
uelut,30
caedes,30
iudex,30
cubiculum,30
reus,30
diu,30
proelium,30
equus,30
temere,30
amplus,29
castrum,29
praeterea,29
profiteor,29
contio,29
capitolium,29
sequor,29
concedo,29
uiuo,29
turba,29
praemium,29
conuerto,29
nex,29
propter,29
iuuenis,29
dono,29
oculus,29
liuius,28
oratio,28
interdum,28
testamentum,28
fides,28
propono,28
retineo,28
permitto,28
maneo,28
offero,28
reuertor,28
par,28
uulgo,28
nauis,27
species,27
priuatus,27
uerum,27
praebeo,27
pereo,27
diuersus,27
exemplum,27
ueto,27
augeo,27
redigo,27
omnino,27
titulus,27
adhibeo,27
contra,27
arma,27
soror,27
carmen,27
grammaticus,27
confero,27
nummus,27
latinus,26
toga,26
impero,26
sententia,26
absum,26
habitus,26
animaduerto,26
perpetuus,26
omitto,26
quare,26
exsto,26
uestis,26
tempto,26
imago,26
exsisto,26
transfero,26
interimo,26
ars,26
mora,26
mare,26
iuppiter,26
intra,25
ineo,25
superus,25
publice,25
minor,25
lectica,25
specto,25
bis,25
adicio,25
praedico,25
os,25
periculum,25
recuso,25
abstineo,25
gallus,25
matrimonium,25
scio,25
corona,25
insignis,25
dominus,25
gens,25
cedo,25
aliter,25
differo,25
quandoque,24
disciplina,24
natura,24
scriptum,24
nos,24
consilium,24
circensis,24
heres,24
cohors,24
antiquus,24
dictum,24
femina,24
leuis,24
italia,24
praecipuus,24
ultra,24
forma,24
exerceo,24
ulter,23
acies,23
similis,23
sicut,23
alienus,23
opinor,23
polliceor,23
confirmo,23
quintus,23
praesto,23
crimen,23
affirmo,23
comes,23
traicio,23
sedeo,23
fungor,23
iudicium,23
conuiuium,23
quisquis,23
fama,23
gallius,23
ornamentum,22
repeto,22
decerno,22
sentio,22
dubius,22
prosequor,22
decretum,22
parens,22
spatium,22
fraus,22
noto,22
iustus,22
conficio,22
auxilium,22
ciuis,22
diuido,22
praetorianus,22
oppidum,22
classis,22
adimo,22
libertinus,22
deduco,22
prior,22
iacto,22
praepono,22
praetorius,22
perseuero,22
tiberis,22
frequens,22
recito,22
cicero,22
quando,22
quo,22
hispania,22
malus,22
effero,22
expeditio,21
cunctor,21
compono,21
ibi,21
sors,21
tuus,21
placeo,21
constituo,21
sex,21
libertas,21
itaque,21
principatus,21
induco,21
moueo,21
longus,21
palatium,21
detraho,21
identidem,21
militaris,21
aeger,21
supplicium,21
tumultus,21
ingenium,21
ops,21
sumo,21
aurum,21
certe,20
uictor,20
prohibeo,20
triumphalis,20
praetura,20
status,20
diligo,20
dignitas,20
arguo,20
nota,20
euenio,20
uicis,20
summoueo,20
impono,20
communis,20
ferrum,20
positus,20
libido,20
editus,20
subinde,20
continuus,20
damnatus,20
regnum,20
sol,20
extremus,20
senex,20
uiginti,20
lucius,20
immensus,19
confestim,19
obeo,19
sto,19
laudo,19
dedico,19
coerceo,19
incoho,19
pono,19
noster,19
motus,19
loquor,19
patronus,19
iterum,19
censeo,19
incendium,19
amitto,19
quartus,19
accido,19
detego,19
foris,19
hinc,19
uenia,19
tribunal,19
condemno,19
praesens,19
maiestas,19
necessarius,19
committo,19
coepio,19
subitus,19
sustineo,19
queror,19
colloco,19
administro,19
plerumque,19
uirgo,19
praecipue,19
incertus,19
nobilis,19
lectus,19
adsum,19
donec,19
uoluntas,19
fortuna,19
collega,19
siquidem,19
uitium,19
scaena,19
secessus,19
cornelius,19
sacer,19
appellatio,19
discrimen,18
exitus,18
contentus,18
adopto,18
quicumque,18
gladiatorius,18
latus,18
dubito,18
triclinium,18
patior,18
ubi,18
appareo,18
opprimo,18
aboleo,18
insuper,18
casus,18
rumor,18
aliquanto,18
urbanus,18
muto,18
gigno,18
religio,18
denique,18
solum,18
maritus,18
ualeo,18
aqua,18
ager,18
profero,18
qualis,18
quaero,18
male,18
propior,18
caueo,18
inuidia,18
neo,18
igitur,18
ingressus,18
traho,18
laetus,18
decedo,18
regio,18
contineo,18
duplex,18
manumitto,18
undique,18
clarus,18
clam,18
campus,17
sollemnis,17
admoneo,17
praeficio,17
aquila,17
coniuratio,17
ignominia,17
centurio,17
circus,17
certamen,17
acta,17
auctoritas,17
intersum,17
compello,17
saeuitia,17
probo,17
coram,17
modicus,17
perficio,17
octauius,17
colo,17
impetro,17
galbus,17
capillus,17
regius,17
poeta,17
socius,17
consultum,17
mando,17
complus,16
unde,16
infans,16
liberalis,16
expono,16
eo,16
imito,16
ingredior,16
secerno,16
saluto,16
natalis,16
gratus,16
deprehendo,16
dissimulo,16
aduersarius,16
ordino,16
integer,16
plenus,16
moneo,16
diuus,16
adipiscor,16
tempestas,16
gladiator,16
absumo,16
lapis,16
remitto,16
ingens,16
ludo,16
aliquot,16
inferus,16
mereo,16
consulo,16
abeo,16
licentia,16
posthac,16
successor,16
uotum,16
opinio,16
donum,16
infero,16
funus,16
precor,15
statuo,15
flagito,15
abicio,15
extra,15
excuso,15
cibus,15
facies,15
suimet,15
coactus,15
transigo,15
annuus,15
marcus,15
auus,15
secum,15
amor,15
factio,15
mars,15
orno,15
quattuor,15
fio,15
cito,15
deficio,15
destinatum,15
aggredior,15
exstruo,15
tabula,15
corrigo,15
nomino,15
ubique,15
continuo,15
sulla,15
quies,15
conscius,15
ideo,15
clades,15
africa,15
gladius,15
facilis,15
summitto,15
ueteranus,15
subicio,15
simulacrum,15
crus,15
porticus,15
comitium,15
admitto,15
paro,15
insequor,14
colonia,14
obuius,14
germanus,14
uiuus,14
ara,14
rarus,14
semel,14
gradus,14
materia,14
sacerdos,14
ceno,14
eligo,14
aduenio,14
liberalitas,14
contumelia,14
rego,14
interrogo,14
falsus,14
aerarius,14
prae,14
fiducia,14
permaneo,14
sacrifico,14
orator,14
paenitentia,14
postquam,14
secor,14
afficio,14
argumentum,14
obicio,14
bene,14
sextus,14
pertinaciter,14
assiduus,14
euado,14
potius,14
lacus,14
aegyptus,14
historia,14
planus,14
liberi,14
amicitia,14
nihilum,14
cn,14
quinque,14
lingua,14
prosperus,14
forte,14
pax,14
seuerus,14
domitius,14
accedo,14
ultro,14
haud,14
ergo,14
contendo,14
praemitto,14
decimus,14
cassius,14
constans,14
canto,14
amphitheatrum,14
meritum,14
maturus,14
grandis,14
custos,14
brutus,14
dispono,14
prodeo,14
qua,14
custodia,14
neptis,14
alexandrinus,14
histrio,14
patria,14
circum,14
actus,13
desisto,13
barbarus,13
morbus,13
pristinus,13
arbitrium,13
uirilis,13
mediocris,13
commodus,13
curo,13
mons,13
rescribo,13
contubernium,13
serius,13
domesticus,13
lepidus,13
missus,13
taedium,13
insidiae,13
sufficio,13
mirus,13
interpello,13
inimicus,13
commeatus,13
excedo,13
seruo,13
conatus,13
uicus,13
conuicium,13
descendo,13
antea,13
edico,13
debeo,13
pugna,13
tribunicius,13
senatorius,13
quaestor,13
militia,13
stipendium,13
publico,13
expello,13
uirtus,13
tribuo,13
minister,13
simulo,13
pridie,13
mutuus,13
raptus,13
nuntius,13
increpo,13
decem,13
mathematicus,13
missa,13
inhibeo,13
uinco,13
affligo,13
cubo,13
laus,13
significo,13
procedo,13
exprobro,13
candidatus,13
inscribo,13
caelum,13
admoueo,13
ter,13
parco,13
monumentum,13
pretium,13
scaenicus,13
soluo,13
adulterium,12
efficio,12
caesum,12
excito,12
quotannis,12
honestus,12
acerbus,12
sordidus,12
alea,12
flumen,12
desidero,12
perduco,12
rapio,12
occupo,12
iuro,12
celebro,12
perago,12
parcus,12
nimius,12
rostrum,12
egressus,12
aequus,12
ostento,12
aeque,12
dignus,12
exhibeo,12
digitus,12
hortor,12
captus,12
allego,12
ingenuus,12
nuptiae,12
ualerius,12
britannicus,12
correpo,12
meditor,12
ictus,12
praetextatus,12
perdo,12
index,12
uos,12
punio,12
namque,12
abduco,12
galba,12
exprimo,12
mane,12
indicium,12
fames,12
siue,12
secreto,12
praecipio,12
statura,12
paternus,12
consecro,12
dehinc,12
harena,12
uultus,12
quoniam,12
incido,12
seu,12
attingo,12
uilla,12
inuenio,12
comparo,12
conspectus,12
pons,12
mulier,12
uectigal,12
mens,12
commentarius,12
ignotus,12
rhetor,12
humanus,11
deinceps,11
assumo,11
praesideo,11
produco,11
cur,11
codicilli,11
otium,11
infamia,11
subeo,11
perfero,11
umerus,11
commendo,11
praecipito,11
decido,11
suadeo,11
caedo,11
currus,11
mentio,11
licet,11
procurator,11
iudico,11
priuo,11
pugio,11
interuallum,11
perinde,11
contemptus,11
mortuus,11
detineo,11
famosus,11
depositum,11
sanguis,11
triumpho,11
naualis,11
excogito,11
gloria,11
emitto,11
dexter,11
sinister,11
congiarius,11
uenatio,11
deprecor,11
dimico,11
collegium,11
uisum,11
supra,11
iudaeus,11
diuortium,11
tracto,11
miror,11
nudus,11
gesto,11
omen,11
quaestorius,11
honoro,11
pulcher,11
ceruix,11
uinum,11
somnus,11
statio,11
adiuuo,11
uolumen,11
obtineo,11
corripio,11
aliquando,11
praefero,11
residuus,11
reliquiae,11
totidem,11
oro,11
germanium,11
epistola,11
delator,11
nouissime,11
ambo,11
fuga,11
idus,11
notus,11
origo,11
moror,11
marcellus,11
ascribo,11
sabinus,11
suffragium,11
metuo,11
uulnus,11
reduco,11
missio,11
apollo,11
barba,11
census,11
inopia,11
matrona,11
membrum,11
orbis,11
fabula,11
uisus,11
centum,11
admodum,11
curius,11
scipio,11
frequenter,10
decuria,10
martius,10
complures,10
adulescentia,10
absoluo,10
auia,10
artus,10
liceo,10
cotidie,10
inuito,10
hortus,10
necessitudo,10
aegre,10
cognitio,10
abdo,10
exsequor,10
sancio,10
diuinus,10
pompa,10
asinius,10
sacramentum,10
denuntio,10
beneficium,10
dilectus,10
togatus,10
propalam,10
iacio,10
censura,10
appono,10
graecia,10
ignarus,10
crassus,10
ardeo,10
fiscus,10
repraesento,10
merces,10
panis,10
hibernus,10
sumptus,10
nocturnus,10
prodo,10
apparatus,10
ibidem,10
postulo,10
sella,10
supero,10
societas,10
offendo,10
offensus,10
confodio,10
nata,10
gener,10
concubitus,10
claudus,10
triginta,10
exsilium,10
firmus,10
dolor,10
puella,10
pudor,10
industria,10
studiosus,10
quaestio,10
lux,10
requiro,10
somnium,10
salus,10
conscribo,10
interuenio,10
aedilis,10
cesso,10
adoptio,10
octo,10
campania,10
maternus,10
patricius,10
prex,10
finis,10
piso,10
sollicito,10
consuesco,10
consaluto,10
erga,10
condio,10
auspicium,10
oriens,10
praeparo,10
utor,10
fera,10
admissum,10
remedium,10
desino,10
somnio,10
faux,10
pronus,10
flaccus,10
magister,10
maecenas,10
triennium,10
cremo,10
optimas,10
medicus,10
instruo,10
seditio,10
iungo,10
neglego,10
capitolinus,10
paulatim,10
frequento,10
sinus,10
lenis,10
uehiculum,10
cultus,10
appeto,10
caprea,10
succedo,10
anulus,10
millies,10
lictor,10
gallicus,10
schola,10
tendo,9
summum,9
declamo,9
sacerdotium,9
legitimus,9
quadraginta,9
morior,9
obnoxius,9
genu,9
multitudo,9
deposco,9
pietas,9
creber,9
testor,9
etsi,9
fauor,9
expers,9
conspiro,9
proprius,9
oportet,9
discedo,9
indulgeo,9
notabilis,9
argenteus,9
arbor,9
britannia,9
praeses,9
annona,9
difficultas,9
altus,9
ignis,9
distribuo,9
orchestra,9
irrideo,9
lusus,9
rogo,9
praesidium,9
exolesco,9
demando,9
ala,9
tenus,9
neco,9
uiator,9
discordia,9
ueho,9
renuntio,9
ultio,9
portendo,9
conuiua,9
tormentum,9
sero,9
percussor,9
arcesso,9
iussus,9
grauiter,9
uendo,9
reprehendo,9
cogito,9
exclamo,9
libet,9
potentia,9
frustra,9
mimus,9
superstes,9
uiritim,9
orior,9
necdum,9
dominatio,9
facultas,9
bini,9
septem,9
silua,9
propinquus,9
color,9
sane,9
neapolis,9
experior,9
hactenus,9
suppleo,9
tamquam,9
tribus,9
stirps,9
taxo,9
possessor,9
introeo,9
recens,9
tueor,9
litus,9
cupiditas,9
uerto,9
praeterquam,9
inuado,9
nouem,9
designo,9
sexus,9
uito,9
digno,9
condo,9
sponte,9
assideo,9
hereditas,9
ducenti,9
bibo,9
epulum,9
obsonium,9
subito,9
porta,9
bibulus,9
quoad,9
illustris,9
cadauer,9
flauius,9
pario,8
quaestura,8
trans,8
interior,8
percipio,8
aestiuus,8
primoris,8
marmoreus,8
intercipio,8
paedagogus,8
consentio,8
adulescens,8
suburbanus,8
interim,8
legatio,8
signo,8
angustia,8
castra,8
tristis,8
necessitas,8
coniuro,8
elephantus,8
festus,8
praedium,8
saluus,8
excido,8
secundum,8
proclamo,8
mensa,8
prout,8
defendo,8
leuiter,8
censor,8
demo,8
splendidus,8
albus,8
innoxius,8
essedum,8
tumultuor,8
fastigium,8
obiectum,8
praeco,8
multiplex,8
egredior,8
subsellium,8
nondum,8
peregrinus,8
usurpo,8
delictum,8
commoueo,8
spons,8
uenus,8
repudio,8
osculum,8
faustus,8
gremium,8
prandium,8
peruenio,8
testis,8
tempero,8
particeps,8
asto,8
singularis,8
uicinus,8
promissum,8
conuenio,8
comitatus,8
repono,8
uictima,8
ruina,8
impatiens,8
epula,8
laeuus,8
celeriter,8
difficilis,8
insum,8
iucundus,8
chirographum,8
sublatus,8
praefectura,8
consensus,8
largus,8
institutum,8
tot,8
asper,8
promitto,8
aufero,8
flos,8
uiso,8
nascor,8
secedo,8
uaco,8
cano,8
conor,8
bracchium,8
celeber,8
tempore,8
contingo,8
infestus,8
molior,8
prospicio,8
proscribo,8
irritus,8
conseruo,8
obses,8
consterno,8
argentum,8
persona,8
bibliotheca,8
fulgur,8
scilicet,8
contractus,8
exemplar,8
quinquennium,8
pudicitia,8
frumentum,8
accusator,8
cliens,8
remoueo,8
gratuitus,8
agr,8
athleta,8
exitium,8
labor,8
pectus,8
spargo,8
exoro,8
denarius,8
instrumentum,8
balneum,8
eloquentia,8
quisnam,8
reditus,8
eadem,8
diripio,8
lumen,8
opto,8
rhodus,8
capto,8
principium,8
constitutum,8
centenus,8
salto,8
citharoedus,8
uindex,8
laelius,8
uitricus,7
procreo,7
tumulus,7
pueritia,7
tutela,7
appositus,7
experimentum,7
dictito,7
sulpicius,7
diligens,7
deporto,7
assurgo,7
depono,7
impensa,7
damnum,7
colligo,7
circumeo,7
incesso,7
potis,7
libero,7
agnosco,7
rector,7
biduus,7
iurandum,7
transmitto,7
rescindo,7
ratus,7
appropinquo,7
praeceps,7
accio,7
passim,7
litigator,7
altercatio,7
testimonium,7
euentus,7
probrum,7
creditum,7
fabrico,7
deditio,7
commeo,7
congero,7
cursus,7
ferus,7
plurifariam,7
frigidus,7
naumachia,7
sedes,7
adhortor,7
caerimonia,7
obseruo,7
delego,7
tutor,7
appius,7
aliquamdiu,7
progressus,7
tributus,7
dos,7
nupta,7
interpono,7
primipilaris,7
regina,7
adulescentulus,7
destituo,7
stomachus,7
uenter,7
profusus,7
excutio,7
usquam,7
inicio,7
fingo,7
graece,7
diuulgo,7
immo,7
diurnus,7
praesum,7
minuo,7
collaudo,7
terentius,7
uixdum,7
stuprum,7
comitas,7
acer,7
ambitio,7
aer,7
cado,7
desero,7
haruspex,7
resto,7
subscribo,7
postridie,7
expertus,7
incipio,7
sacrificium,7
urgeo,7
aduentus,7
educo,7
assero,7
fugio,7
memor,7
latine,7
poema,7
certo,7
uindico,7
priscus,7
interpretor,7
inuitus,7
luxuria,7
grex,7
desiderium,7
lauo,7
traduco,7
fatum,7
procul,7
anxius,7
partus,7
instar,7
occurro,7
calidus,7
iste,7
sperno,7
pridem,7
subsequor,7
inuisus,7
iniuria,7
continens,7
interficio,7
euoco,7
longe,7
adsuesco,7
detrecto,7
biennium,7
clementia,7
interdictum,7
recognosco,7
margarita,7
uestalis,7
facinus,7
confiteor,7
creo,7
auspicor,7
quadringeni,7
praeceptor,7
frango,7
coniunx,7
ordinarius,7
uerbero,7
subuerto,7
dictatura,7
potens,7
uester,7
contamino,7
insto,7
dea,7
supellex,7
tollo,7
catus,7
lacero,7
felicitas,7
responsum,7
catena,7
euidens,7
conuentus,7
subigo,7
destitutus,7
disicio,7
acerbitas,7
calumnia,7
praeda,7
exhaurio,7
locuples,7
scelus,7
purgo,7
agmen,7
uersiculus,7
patrius,7
uinculum,7
professor,7
discipulus,7
aurigo,7
rapina,7
aequalis,7
plebeius,7
cornutus,7
nauigo,6
scriba,6
spolium,6
suspectus,6
clare,6
auunculus,6
albanus,6
deligo,6
nuncupo,6
patruus,6
uicies,6
existimatio,6
lenocinium,6
inquieto,6
postremo,6
lateo,6
fors,6
sciscitor,6
tener,6
armatus,6
praenomen,6
exsul,6
antiquitus,6
religiosus,6
conuinco,6
cupidus,6
lis,6
indictus,6
accuso,6
abutor,6
apprehendo,6
neglegentia,6
redimo,6
huc,6
praetexo,6
conuoco,6
forus,6
poppaeus,6
effodio,6
fundo,6
magnificus,6
quadriga,6
saeptum,6
pariter,6
ilico,6
bellicus,6
ambitus,6
rhodium,6
auis,6
pontifex,6
coniungo,6
clauus,6
tribunatus,6
ingratus,6
dicio,6
percutio,6
onus,6
uetustas,6
reficio,6
dictator,6
aelius,6
duro,6
blanditia,6
suborno,6
incestus,6
strangulo,6
concipio,6
priuignus,6
paruulus,6
purus,6
felix,6
abundo,6
singillatim,6
enumero,6
trecenti,6
immineo,6
quiesco,6
impetus,6
apparo,6
desertum,6
supinus,6
interdiu,6
saeuus,6
speculator,6
expauesco,6
confugio,6
irrumpo,6
formo,6
compositus,6
praeceptum,6
inauditus,6
momentum,6
deformis,6
dedo,6
comminiscor,6
uentus,6
minae,6
moderatio,6
spero,6
magnitudo,6
onero,6
inspicio,6
proripio,6
muliebris,6
laxo,6
trucido,6
extum,6
temeritas,6
impar,6
superuenio,6
crebro,6
serus,6
octauus,6
utique,6
egregius,6
ualidus,6
turbo,6
foueo,6
coetus,6
fautor,6
fortuitus,6
unicus,6
pontificatus,6
porrigo,6
fleo,6
uergilius,6
epigramma,6
pecus,6
dimidius,6
succenseo,6
patrimonium,6
repentinus,6
tantum,6
auctus,6
obsideo,6
uoluntarius,6
murus,6
confisco,6
hiems,6
crimino,6
aemilius,6
doleo,6
quinquennalis,6
conspiratio,6
debitum,6
capitalis,6
ripa,6
uexillum,6
uestigium,6
glorior,6
indigeo,6
palatinus,6
fulmen,6
basilica,6
atrium,6
cumque,6
grassor,6
ambiguus,6
error,6
prouincialis,6
merus,6
assentio,6
improbo,6
taceo,6
praetereo,6
nemus,6
iuuentus,6
pantomimus,6
deuinco,6
alexander,6
intercedo,6
extorqueo,6
eripio,6
aestimo,6
absens,6
malo,6
gaudium,6
exquiro,6
numen,6
habito,6
resumo,6
eximius,6
auris,6
primo,6
abhorreo,6
stilus,6
persequor,6
pullus,6
philosophus,6
profectio,6
palma,6
uesper,6
iaceo,6
consisto,6
adoro,6
piscis,6
aeneus,6
frequentia,6
memini,6
deterreo,6
discerpo,6
memmius,6
pango,6
laurea,6
protraho,6
oppius,6
aspernor,6
aduerto,6
fortis,6
crux,6
contrucido,6
pudeo,6
iugum,6
excessus,6
iurgium,6
atrocitas,6
donatiuum,6
collum,6
doctrina,6
ennius,6
orbilius,6
nubo,5
fossa,5
sepelio,5
arcus,5
insector,5
africanus,5
industrius,5
arbitro,5
praesentia,5
acclamo,5
uestitus,5
obligo,5
uenalis,5
excludo,5
recedo,5
exterreo,5
commilito,5
trepidus,5
receptus,5
pernocto,5
dissensio,5
circumsto,5
nominatim,5
comoedia,5
quiuis,5
silentium,5
surgo,5
furius,5
laboriosus,5
formula,5
actio,5
uarietas,5
culpa,5
carnifex,5
intermitto,5
plancus,5
cautus,5
orans,5
dedecus,5
uber,5
demergo,5
profectus,5
hostilis,5
eodem,5
hodie,5
ductus,5
portus,5
compendium,5
circumduco,5
profundus,5
saecularis,5
carcer,5
auratus,5
ligneus,5
excolo,5
taurus,5
cornu,5
rudis,5
foedus,5
machina,5
pupillus,5
uereor,5
iniungo,5
securis,5
macedonia,5
popularis,5
expedio,5
hasta,5
defensio,5
auerto,5
turpis,5
agito,5
discumbo,5
conuiuor,5
indo,5
uigilo,5
noxius,5
iugulo,5
tutus,5
ulcisco,5
dormio,5
excubo,5
repello,5
aedilitas,5
rogus,5
describo,5
demereo,5
exortus,5
flagro,5
carus,5
proconsulatus,5
defectio,5
prodigus,5
obiurgo,5
corrumpo,5
reposco,5
sepono,5
distichon,5
successio,5
creditor,5
commissum,5
opperior,5
stringo,5
concilio,5
humus,5
concordia,5
suspicor,5
contrarius,5
aedificium,5
sollicitudo,5
desperatio,5
mendacium,5
exorior,5
pateo,5
potio,5
arripio,5
celo,5
odium,5
promptus,5
musicus,5
marcius,5
occubo,5
oraculum,5
duodecim,5
sagitta,5
diadema,5
festino,5
cunctanter,5
contraho,5
acquiesco,5
artifex,5
praeteritus,5
gestus,5
aduersum,5
consolo,5
suppeto,5
lenio,5
inquiro,5
licinius,5
pomum,5
rus,5
leuo,5
narro,5
bucolicus,5
triumuir,5
studeo,5
imperfectus,5
successus,5
efflagito,5
aes,5
brundisium,5
obitus,5
flamma,5
modulor,5
cupio,5
iuuo,5
ingero,5
december,5
argentarius,5
cella,5
stratum,5
prospere,5
ferreus,5
naufragium,5
approbo,5
imploro,5
multo,5
exuo,5
captiuus,5
quattuordecim,5
concursus,5
occulo,5
supplex,5
actium,5
potior,5
adigo,5
fuluius,5
urbicus,5
amplio,5
neue,5
quot,5
commuto,5
citer,5
fateor,5
colloquium,5
lustrum,5
diuturnus,5
paeniteo,5
adorno,5
hercules,5
september,5
effigies,5
supprimo,5
accommodo,5
parricidium,5
grauor,5
uerecundia,5
epulor,5
intendo,5
recenseo,5
tessera,5
treceni,5
interdico,5
quilibet,5
commemoro,5
dignatio,5
decurio,5
affinitas,5
maledictum,5
intellego,5
angustus,5
murena,5
tragoedus,5
obseruatus,5
athenae,5
seruilius,5
simultas,5
emo,5
nato,5
damnatio,5
legatum,5
clemens,5
mollis,5
ornatus,5
uictus,5
haereo,5
canis,5
medium,5
quinquaginta,5
caluus,5
terni,5
lucrum,5
raptim,5
rado,5
dextra,5
eicio,5
tunica,5
tragoedia,5
fastidium,5
circumfero,5
monitus,5
perperam,5
proficiscor,5
praeteruehor,5
publicum,5
catilina,5
prandeo,5
catulus,5
immolo,5
recido,5
desidia,5
accubo,5
uestibulum,5
quingeni,5
incolumis,5
prosterno,5
amita,5
incito,5
setius,5
pactum,5
extraho,5
arrepo,5
timeo,5
pharsalicus,5
alloquor,5
inops,5
iuba,5
stadium,5
elido,5
diruo,5
cor,5
purpureus,5
egeo,5
furor,5
conscendo,5
indulgentia,5
amoueo,5
flecto,5
commercium,5
substituo,5
arrogantia,5
epidius,5
disco,5
sensim,5
controuersia,5
peroro,5
coma,5
posco,5
minerua,5
quacumque,5
iudaicus,5
profugio,5
aemulatio,5
dictio,5
admonitus,5
punicus,5
septimus,5
immitto,5
fraudo,5
probrus,5
lucusta,5
solacium,5
mirmillo,5
iumentum,5
gemma,5
indico,5
caneo,5
litteratus,5
ateius,5
grauidus,4
uulgatus,4
ouo,4
ceterum,4
tropaeum,4
ap,4
conqueror,4
puluinar,4
frons,4
en,4
impertio,4
octingenti,4
gratulor,4
auspicatus,4
fascis,4
consido,4
sortitus,4
uarie,4
introitus,4
quinquagesimus,4
quantumuis,4
excubia,4
accitus,4
eximo,4
obliuio,4
inferia,4
carpentum,4
corono,4
ueneror,4
parricida,4
dirus,4
productum,4
demorior,4
moderatus,4
bestia,4
uacatio,4
documentum,4
aduocatus,4
tabella,4
uer,4
patientia,4
scortum,4
meritorius,4
inopinans,4
opulentus,4
sumptuosus,4
ciuicus,4
subuenio,4
hortatus,4
emissarium,4
ostiensis,4
moles,4
pilus,4
turris,4
nauigium,4
cauea,4
subduco,4
interiacio,4
turma,4
defessus,4
extraordinarius,4
uulgus,4
prouoco,4
triremis,4
achaia,4
lycius,4
deterior,4
atticus,4
collabor,4
sponsa,4
lollius,4
uicesimus,4
narcissus,4
libens,4
addictus,4
comprobo,4
adulter,4
uescor,4
quocumque,4
ascendo,4
decumbo,4
abscedo,4
prolabor,4
delecto,4
exploro,4
librarius,4
lacrima,4
salutatio,4
demonstro,4
attono,4
admiratio,4
distinguo,4
intemperans,4
coquo,4
popina,4
reticeo,4
persuadeo,4
miro,4
domina,4
fas,4
adultus,4
cotidianus,4
nedum,4
indoctus,4
flauus,4
auditorius,4
perlego,4
recitatio,4
cachinnus,4
procuratio,4
pertendo,4
aduersor,4
humilis,4
praeclarus,4
promoueo,4
recipero,4
insinuo,4
repetunda,4
paciscor,4
restitutio,4
mentior,4
inopinatus,4
exspecto,4
deciens,4
subsidium,4
properus,4
diploma,4
pauefactus,4
electus,4
lito,4
retardo,4
praecludo,4
uitellus,4
subsisto,4
alpis,4
castor,4
confido,4
concito,4
noxa,4
puluinus,4
expergefacio,4
funero,4
nequaquam,4
raritas,4
supersum,4
aula,4
haurio,4
amissum,4
compos,4
gratulatio,4
descisco,4
dicto,4
uiolentus,4
collatio,4
therma,4
memorabilis,4
popularitas,4
triduum,4
affectus,4
flagellum,4
aueho,4
cursor,4
praeuenio,4
hostia,4
praesagium,4
uirga,4
puerperium,4
inuitatus,4
sector,4
tardus,4
carpo,4
pastor,4
figo,4
columna,4
scriptor,4
nescius,4
senectus,4
iactatus,4
emendo,4
sino,4
geminus,4
elogium,4
infirmus,4
mecum,4
uulgaris,4
obscurus,4
conditio,4
magisterium,4
deleo,4
atius,4
sacrarium,4
conscriptus,4
peculiaris,4
conditor,4
praeualeo,4
indoles,4
distinctus,4
obtingo,4
adiutor,4
nitor,4
largitio,4
custodio,4
secta,4
nequeo,4
sortior,4
obtrectator,4
erumpo,4
aestas,4
aspicio,4
legens,4
deuius,4
refugio,4
terror,4
retraho,4
inualesco,4
comprimo,4
decipio,4
cinctus,4
externus,4
obsequium,4
seruio,4
ianus,4
clausum,4
claudo,4
philippensis,4
curulis,4
uoueo,4
addico,4
exauctoro,4
pasco,4
tunicatus,4
praeditus,4
commisceo,4
septendecim,4
nonus,4
proscriptio,4
conterreo,4
dimissus,4
reputo,4
fructus,4
insigne,4
musa,4
munio,4
lares,4
succingo,4
sordes,4
uoluptas,4
mutatio,4
kalendae,4
proconsul,4
celer,4
nolo,4
uicatim,4
no,4
clamito,4
gaza,4
deminuo,4
constantia,4
antecedo,4
quater,4
sanus,4
libra,4
commissio,4
pugil,4
priuilegium,4
compesco,4
suboles,4
reuiso,4
immodicus,4
adulatio,4
stips,4
questus,4
euocatus,4
antius,4
anceps,4
peragro,4
iuuenta,4
domi,4
rufus,4
proueho,4
floreo,4
pius,4
dispensator,4
quingenti,4
pondus,4
hirtius,4
pretiosus,4
uasum,4
conquiro,4
caelestis,4
pingo,4
procerus,4
digredior,4
ferculum,4
uendito,4
expleo,4
communico,4
perfundo,4
calceo,4
tenebrae,4
exiguus,4
coniunctus,4
candidus,4
dispergo,4
urina,4
prosum,4
langueo,4
spatior,4
lentus,4
marinus,4
exercitatio,4
ludibrium,4
affero,4
qualiscumque,4
saeculum,4
reuerens,4
sidus,4
explico,4
incredibilis,4
romulus,4
coniecto,4
impendo,4
missilis,4
effusus,4
gymnicus,4
comis,4
certatim,4
praecedo,4
fastus,4
diues,4
latebra,4
enixe,4
adorior,4
gnaeus,4
osculor,4
caecilius,4
coicio,4
idoneus,4
petitio,4
area,4
exspectatio,4
afranius,4
pulsus,4
sexaginta,4
congruo,4
doctor,4
libenter,4
pertineo,4
obuoluo,4
erepo,4
ementior,4
munitio,4
respicio,4
scutum,4
comito,4
perfidia,4
fascia,4
percrebesco,4
fatalis,4
maturo,4
necesse,4
uagus,4
pomponius,4
figura,4
gentilis,4
uena,4
exeo,4
mas,4
calx,4
mulio,4
detestabilis,4
odor,4
canticum,4
infensus,4
peregrinatio,4
coeptum,4
securus,4
quadringenti,4
tueo,4
seruitus,4
achaius,4
nutrix,4
chlamys,4
obtrecto,4
gallina,4
intro,4
uersor,4
miser,4
hilaris,4
oblittero,4
atrox,4
contemno,4
sustento,4
sescenti,4
iustitium,4
ministerium,4
cruor,4
dolus,4
mergo,4
auaritia,4
amputo,4
concubina,4
paries,4
nutrio,4
ser,4
paenula,4
eruo,4
capito,4
nauo,4
impulsus,4
olympia,4
uertex,4
auctio,4
superbia,4
litterator,4
philologus,4
sceleratus,3
municipium,3
deueho,3
gloriosus,3
equidem,3
praetermitto,3
tenax,3
progredior,3
indignus,3
detestor,3
articulus,3
derideo,3
delibero,3
conspicio,3
extraneus,3
exposco,3
sodalis,3
imbecillitas,3
paulo,3
ferula,3
indignor,3
fremo,3
uacuus,3
uelum,3
discurro,3
gregarius,3
diffugio,3
uicissim,3
miseror,3
insons,3
denus,3
exordium,3
infesto,3
culter,3
semenstris,3
praescribo,3
lenitas,3
supergredior,3
inconsultus,3
friuolus,3
utrimque,3
confessio,3
palliatus,3
aequitas,3
uocatus,3
lacinia,3
graeculus,3
morus,3
inquisitor,3
concido,3
uineus,3
morsus,3
principalis,3
acquiro,3
ostium,3
uehemens,3
domo,3
frugi,3
inueho,3
negotiator,3
repromitto,3
antiquitas,3
dedicatio,3
reseruo,3
meta,3
anniuersarius,3
sportula,3
numero,3
hilaritas,3
arcessitus,3
paludatus,3
mino,3
siculus,3
concurro,3
feriae,3
saturnus,3
tego,3
absento,3
mancipium,3
medeor,3
exitiabilis,3
praefatio,3
flagitium,3
quatenus,3
pellicio,3
coniugium,3
despondeo,3
allium,3
coepi,3
spado,3
ambulo,3
absurde,3
impunitas,3
abdico,3
facilitas,3
prolixus,3
risus,3
ira,3
patens,3
surripio,3
calix,3
alueus,3
confundo,3
uespera,3
nomenclator,3
diffido,3
lancea,3
uisito,3
citra,3
minax,3
contumax,3
indignitas,3
seduco,3
obuiam,3
stultitia,3
damno,3
ascisco,3
taberna,3
liberta,3
excandesco,3
uocifero,3
sedo,3
lector,3
auius,3
erudio,3
promiscuus,3
scriptura,3
industrie,3
naturalis,3
liburnicus,3
puluis,3
pareo,3
inualidus,3
aulicus,3
abstinentia,3
spondeo,3
quinquageni,3
calceus,3
deuenio,3
pollicitatio,3
quingenties,3
gemitus,3
auguro,3
curro,3
lamento,3
inundatio,3
improuisus,3
memoro,3
despicio,3
incubo,3
cohorto,3
exaro,3
paratus,3
intentus,3
sitis,3
adoperio,3
infra,3
papilla,3
plaga,3
exanimo,3
competo,3
promereo,3
modestia,3
nauigatio,3
bos,3
ritus,3
secus,3
delicatus,3
munificentia,3
exstructum,3
armatura,3
pestilentia,3
adiuro,3
serenus,3
egregie,3
coemo,3
pagus,3
praegnas,3
laureus,3
ramus,3
deuerto,3
adaequo,3
laboro,3
ballista,3
cieo,3
culex,3
fatigo,3
aestus,3
serpens,3
ambigo,3
uiolentia,3
homerus,3
effingo,3
commoror,3
quadriduum,3
philosophia,3
nanciscor,3
duodecimus,3
troius,3
pernego,3
summatim,3
aruum,3
colonus,3
uiscus,3
horatius,3
tecum,3
penis,3
scitum,3
proauus,3
ortus,3
fortitudo,3
fusus,3
pistrinum,3
pistor,3
auitus,3
semianimis,3
augurium,3
dissuadeo,3
que,3
tralaticius,3
dimicatio,3
saucius,3
fugo,3
orbo,3
calumnior,3
pendeo,3
suppliciter,3
sepultura,3
aemulus,3
honorificus,3
proscindo,3
partio,3
pellis,3
apparitor,3
compareo,3
remus,3
recingo,3
intuor,3
biremis,3
reconciliatio,3
abrumpo,3
gubernaculum,3
actiacus,3
exorno,3
careo,3
natio,3
pignus,3
nonnisi,3
propago,3
peritus,3
illido,3
maestus,3
pollex,3
publicanus,3
decimo,3
animaduersio,3
praetorium,3
caespes,3
porto,3
ambitiosus,3
torquis,3
emolumentum,3
piscor,3
undecimus,3
tirocinium,3
iunius,3
contionor,3
curiosus,3
afer,3
seruilis,3
latro,3
fundamentum,3
prouideo,3
tonans,3
separatim,3
rudus,3
pondo,3
basis,3
ambio,3
dialis,3
immortalis,3
pernicies,3
grassator,3
ergastulum,3
dissoluo,3
debitor,3
elabor,3
ignosco,3
splendor,3
lectio,3
arbitratus,3
supplico,3
october,3
tabernaculum,3
induo,3
faenus,3
uter,3
frumentatio,3
immunitas,3
uincio,3
nummarius,3
duplico,3
caritas,3
grauitas,3
lanista,3
seruitium,3
assiduitas,3
auriga,3
tensa,3
solutus,3
assigno,3
matutinus,3
cenaculum,3
pugno,3
foederatus,3
tenere,3
conflo,3
opprobrium,3
exsulto,3
reprimo,3
incedo,3
inedia,3
contumacia,3
refello,3
plausus,3
laudatio,3
strena,3
mercatus,3
delibo,3
genius,3
reconcilio,3
unice,3
conceptus,3
immaturus,3
modestus,3
s,3
conquestus,3
beneuolentia,3
incrementum,3
compes,3
perspicio,3
conduco,3
impudicitia,3
talus,3
laxitas,3
marmor,3
immanis,3
belua,3
praegrandis,3
torus,3
recta,3
fabulor,3
spongia,3
auersus,3
licitatio,3
cenito,3
tango,3
sextans,3
transgressus,3
uenustus,3
tondeo,3
senecta,3
dens,3
nasus,3
aluus,3
stella,3
periculosus,3
aperto,3
solium,3
campester,3
deambulo,3
inuoluo,3
syrus,3
elegans,3
auditor,3
syllaba,3
permuto,3
eruditio,3
repleo,3
priuatim,3
remaneo,3
uanus,3
demissus,3
laeto,3
deflecto,3
draco,3
macula,3
intestinum,3
altar,3
ostentus,3
nutricula,3
inscriptio,3
ora,3
pallium,3
labo,3
ecquis,3
cruciatus,3
tricies,3
sepulcrum,3
breuiarium,3
expugno,3
coniectura,3
desideo,3
requies,3
nuto,3
rogatio,3
ingemo,3
ignauia,3
seditiosus,3
competitor,3
immoderatus,3
comminor,3
tumultuosus,3
niger,3
uectigalis,3
absterreo,3
ianuarius,3
socer,3
detrudo,3
supplicatio,3
manubia,3
spectator,3
tiro,3
praefor,3
patruelis,3
curio,3
profligatus,3
regno,3
consequor,3
obsidio,3
pontus,3
oleum,3
pyrricha,3
biga,3
confligo,3
transmarinus,3
peregre,3
perscribo,3
depereo,3
distraho,3
fallo,3
perfodio,3
isthmus,3
comitialis,3
caluitium,3
tenuis,3
stabulum,3
aulius,3
adduco,3
penetro,3
hospes,3
patefacio,3
dubie,3
antepono,3
immeritus,3
criminatio,3
inuestigo,3
simplex,3
macer,3
imber,3
uerro,3
minime,3
comminus,3
seueritas,3
uetustus,3
innumerus,3
castellum,3
acilius,3
puppis,3
hospitium,3
suffigo,3
noceo,3
crudelis,3
criminosus,3
remotus,3
utinam,3
aditus,3
prodigium,3
aliquantus,3
scruto,3
ramulus,3
porricio,3
uulnero,3
iugulum,3
prosilio,3
utilis,3
profluo,3
breuiter,3
firmo,3
ueritas,3
piscator,3
rete,3
emptor,3
fallacia,3
aperio,3
indigne,3
cinis,3
porcius,3
a,3
datus,3
obtestatio,3
innocens,3
spintria,3
conscientia,3
exosculor,3
assisto,3
petulantia,3
uerber,3
peruigilium,3
uilis,3
pauo,3
phoenicopterus,3
condiscipulus,3
faenerator,3
coheres,3
exacerbo,3
largior,3
dilabor,3
factito,3
poto,3
seco,3
proicio,3
conuictus,3
achaicus,3
accumbo,3
abigo,3
parumper,3
assolo,3
sacro,3
classiarius,3
cursito,3
caelius,3
series,3
salarius,3
saluius,3
imperatorius,3
heluidius,3
cauillatio,3
clientela,3
dictus,3
fundus,3
occursus,3
percurro,3
gymnasium,3
percello,3
cubicularius,3
prudens,3
praesertim,3
impudens,3
rumpo,3
tarde,3
plumbeus,3
humanitas,3
faueo,3
ganea,3
superstitio,3
querela,3
prouerbium,3
rupes,3
monstruosus,3
inguen,3
nurus,3
uncus,3
molestus,3
rhetorica,3
amo,3
latrina,3
territus,3
tergum,3
historicus,3
annalis,3
paetus,3
castrensis,3
pauidus,3
luna,3
uehementer,3
scalpo,3
lanio,3
gracilitas,3
derigo,3
dis,3
mula,3
tusculum,3
attendo,3
atellanus,3
fauorabilis,3
laetitia,3
foramen,3
cithara,3
resideo,3
pulpitum,3
eburneus,3
sudarium,3
transfiguro,3
prostituo,3
purpura,3
antidotum,3
taeda,3
eneco,3
incendo,3
dissero,3
causor,3
lucanus,3
insectatio,3
medicamentum,3
lasciuia,3
smyrna,3
uerrius,3
solitudo,2
decurro,2
opimus,2
fabius,2
conflicto,2
habilis,2
socordia,2
stultus,2
internuntius,2
colloquor,2
martialis,2
sin,2
psyche,2
necne,2
affinis,2
incessus,2
auguralis,2
reuerentia,2
lacerna,2
ductor,2
praeteruolo,2
feliciter,2
palmula,2
flagrum,2
soccus,2
segnis,2
loco,2
pendo,2
solarium,2
praetendo,2
extractum,2
uallum,2
pignero,2
stabilio,2
haesito,2
neapolitanus,2
impense,2
nundina,2
consiliarius,2
consternatio,2
uenatorius,2
coruinus,2
diuinitus,2
sagax,2
amens,2
peregrinitas,2
causidicus,2
impotens,2
graphium,2
inaequabilis,2
erado,2
utcumque,2
rabirius,2
orbitas,2
egestas,2
inlaesus,2
sucus,2
decus,2
transfuga,2
ligurio,2
pedester,2
sollicitus,2
sterilitas,2
fragmen,2
posticus,2
gelidus,2
fons,2
caeruleus,2
curtius,2
anio,2
sicco,2
undecim,2
aduectus,2
superpono,2
commenticius,2
amburo,2
sileo,2
quini,2
promiscue,2
troia,2
condico,2
essedarius,2
excio,2
genero,2
ducenarius,2
abnepos,2
reprehensio,2
caecus,2
sterno,2
sponsus,2
gabinius,2
conualesco,2
arceo,2
consanguineus,2
immunis,2
immanitas,2
consobrinus,2
consigno,2
cognomino,2
sublimis,2
hiatus,2
ianua,2
polybius,2
suppono,2
immuto,2
dehonesto,2
umeo,2
naris,2
quantuluscumque,2
conscisco,2
scyphus,2
fictilis,2
crepitus,2
periclitor,2
distineo,2
penna,2
exonero,2
obdormisco,2
gestatio,2
palus,2
retiarius,2
meridianus,2
ciuilitas,2
culcita,2
praetento,2
contrecto,2
contumeliosus,2
obtempero,2
obuersor,2
iniustus,2
scapha,2
tempestiue,2
inquilinus,2
coercitio,2
alumnus,2
refrigero,2
obesitas,2
inepte,2
asinus,2
difficulter,2
comprehendo,2
propius,2
fauilla,2
propinquitas,2
absimilis,2
albius,2
cognominis,2
uagor,2
efficax,2
anus,2
misceo,2
moechus,2
dispensatio,2
obsto,2
respectus,2
miliarium,2
constitutus,2
febris,2
lecticarius,2
acclamatio,2
adhaereo,2
manes,2
propitio,2
cruentus,2
ubinam,2
profligo,2
ardor,2
cohorresco,2
manipularis,2
timor,2
amplexus,2
concremo,2
subdo,2
munditia,2
delicia,2
equito,2
scienter,2
amanuensis,2
britannus,2
femur,2
breui,2
perdomo,2
oppugnatio,2
onerarius,2
uenum,2
caecinus,2
comissatio,2
extendo,2
supersedeo,2
recordatus,2
curator,2
attribuo,2
fustis,2
perpetuo,2
affectatio,2
insidior,2
ubertim,2
aufugio,2
tono,2
opifex,2
magus,2
coalesco,2
excerno,2
refercio,2
subiectum,2
ineruditus,2
communio,2
probus,2
possideo,2
centiens,2
medicina,2
poetica,2
latrocinium,2
uarus,2
mediocriter,2
agrarius,2
ursa,2
digero,2
tibicen,2
cantor,2
mutus,2
focilo,2
dimidiatus,2
calor,2
languor,2
pascuus,2
rapidus,2
comburo,2
sensus,2
nisus,2
gracilis,2
ni,2
conuictor,2
irascor,2
infamis,2
satur,2
circuitus,2
uenerius,2
coitus,2
elegi,2
torquatus,2
finitimus,2
incursio,2
focus,2
defluo,2
municipalis,2
tranquillus,2
senesco,2
fugitiuus,2
iustitia,2
balbus,2
nummularius,2
crudus,2
bubulus,2
aedituus,2
nutrimentum,2
permodicus,2
horror,2
puerilis,2
imaguncula,2
aereus,2
gustus,2
prouisus,2
subterfugio,2
pactio,2
paludamentum,2
aquilifer,2
increbresco,2
cunctatio,2
praetextus,2
saeuio,2
indignatio,2
macto,2
reparo,2
ingrauesco,2
neptunus,2
trames,2
spolio,2
diffringo,2
abripio,2
conditorium,2
penetralis,2
aspergo,2
lixa,2
ianitor,2
consaucio,2
rebello,2
concerto,2
quirinus,2
detrimentum,2
quintilis,2
emptio,2
emeritus,2
discingo,2
caligatus,2
festinatio,2
sat,2
hamus,2
captura,2
hostiliter,2
reicio,2
capulus,2
paululum,2
exorabilis,2
paganus,2
torqueo,2
coniectus,2
coopto,2
festinato,2
sortitio,2
uicinia,2
uigil,2
repurgo,2
coarto,2
flaminius,2
donatio,2
fatidicus,2
ordinatio,2
compitalis,2
commentum,2
coeo,2
opportunus,2
nouember,2
diligentia,2
manifestus,2
insuo,2
signator,2
retracto,2
sumptuarius,2
marito,2
abolitio,2
eludo,2
inconditus,2
lorica,2
molestia,2
tus,2
refert,2
mulus,2
centumuiralis,2
decemuir,2
reclamo,2
laticlauius,2
intercapedo,2
transueho,2
senium,2
admonitio,2
pugillaris,2
usura,2
mutuor,2
attero,2
theatralis,2
auoco,2
incorruptus,2
pullatus,2
indignabundus,2
duplus,2
duceni,2
salubris,2
cultura,2
arator,2
confector,2
decorus,2
notesco,2
ludicer,2
nonius,2
lapsus,2
cognitus,2
cubitum,2
cuneus,2
postulatus,2
minium,2
xysticus,2
trinus,2
duodetriginta,2
terreo,2
obsigno,2
necubi,2
adolesco,2
resipisco,2
adnuntio,2
incolumitas,2
nouo,2
deiectus,2
exhorresco,2
uexo,2
antistius,2
quispiam,2
lacesso,2
consentiens,2
iudicialis,2
curtus,2
aceruus,2
oppidatim,2
expostulo,2
socrus,2
as,2
rudimentum,2
elaboro,2
anteeo,2
adequito,2
congressus,2
phoebe,2
imprecor,2
uomica,2
perpetior,2
inlacrimo,2
taciturnitas,2
morosus,2
pensito,2
licinus,2
incurro,2
aper,2
obiectus,2
timiditas,2
adultero,2
effemino,2
nux,2
mango,2
amarus,2
penuria,2
comedo,2
corinthius,2
refuto,2
lautitia,2
uitio,2
autographus,2
silus,2
heri,2
clamor,2
pauimentum,2
syracusae,2
persaepe,2
parsimonia,2
restrictus,2
forensis,2
acroama,2
triuialis,2
ioculariter,2
alias,2
cilicium,2
pictura,2
pisciculus,2
uiridis,2
bucca,2
senus,2
aridus,2
paulisper,2
oppositus,2
uigilia,2
incuriosus,2
tonsor,2
transitus,2
simulatio,2
propello,2
gaudeo,2
fulgor,2
sufflauus,2
eminens,2
aquilus,2
comparatio,2
maculosus,2
genetiuus,2
callis,2
harundo,2
salutaris,2
frigus,2
circulus,2
iocur,2
tolero,2
quaterni,2
pinguis,2
thorax,2
neruus,2
albula,2
hispanicus,2
alternus,2
amabilis,2
maurus,2
dulcis,2
sonus,2
phonascus,2
concionor,2
tredecim,2
exorsus,2
ineptia,2
recondo,2
itero,2
obscuritas,2
exagito,2
insanus,2
crispus,2
excerpo,2
asiaticus,2
moleste,2
largiter,2
monitio,2
dialogus,2
formidulosus,2
dependo,2
emendico,2
cauus,2
enascor,2
penates,2
conualo,2
ceres,2
parturio,2
emico,2
exuuia,2
obstrepo,2
rana,2
tanquam,2
incognitus,2
aequipero,2
obtego,2
durus,2
pergula,2
tentorium,2
eruptio,2
uector,2
nauta,2
f,2
fruor,2
quadrageni,2
merx,2
ephebus,2
ioco,2
uario,2
perspecto,2
aggrauo,2
succumbo,2
speculum,2
clausula,2
uale,2
efflo,2
anima,2
bouillus,2
iulus,2
caudex,2
quinquies,2
mediocritas,2
complexus,2
quartanus,2
aurelius,2
talentum,2
uasto,2
actor,2
polleo,2
polluo,2
obuenio,2
mandatus,2
autronius,2
deicio,2
transpadanus,2
pollux,2
sicarius,2
impedio,2
disquisitio,2
promulgo,2
resisto,2
intercessio,2
confluens,2
lucceius,2
tantundem,2
abnuo,2
accenseo,2
pone,2
obnuntio,2
releuo,2
deploro,2
calpurnius,2
impugno,2
suffragor,2
opportunitas,2
cisalpinus,2
gemo,2
proinde,2
absentia,2
prorogo,2
transalpinus,2
incolo,2
abloco,2
sicubi,2
mensura,2
seruulus,2
auditus,2
consummo,2
probabilis,2
c,2
uiolo,2
dissimulatio,2
considero,2
occasus,2
tuba,2
classicus,2
iniquitas,2
pello,2
discindo,2
inuoco,2
frumentarius,2
moenia,2
refoueo,2
excellens,2
ponticus,2
lychnuchus,2
pedes,2
uiceni,2
modius,2
depugno,2
exaduersum,2
defodio,2
aegyptius,2
confluo,2
intercalo,2
autumnus,2
intercalarius,2
intericio,2
quindecim,2
contubernalis,2
possessio,2
exulo,2
portorium,2
complano,2
deformitas,2
nemorensis,2
amplitudo,2
laedo,2
dicax,2
istic,2
facetus,2
patrocinium,2
euerto,2
expilo,2
impendium,2
accusatio,2
generosus,2
ualde,2
praeripio,2
charta,2
struo,2
saepis,2
celeritas,2
innitor,2
detexo,2
gubernator,2
obruo,2
uaticinatio,2
perterreo,2
findo,2
alo,2
genetrix,2
madefacio,2
exactor,2
terribilis,2
punitor,2
coniueo,2
blandus,2
uiaticum,2
ocius,2
configo,2
scaeuus,2
transilio,2
quiris,2
circumago,2
occulto,2
culpo,2
suffragator,2
stigma,2
oporteo,2
administratio,2
neuter,2
abusus,2
intolerabilis,2
praeligo,2
conclamatus,2
cascus,2
maius,2
uitupero,2
bolus,2
bulla,2
inflatus,2
orsus,2
oculatus,2
sapio,2
demitto,2
consurgo,2
impius,2
luo,2
cestius,2
rhetoricus,2
uerginius,2
st,2
surculus,2
subsido,2
progenies,2
arteria,2
uelo,2
oct,2
stagnum,2
petronius,2
uenetus,2
gula,2
unio,2
persuasio,2
deuersorium,2
aduolo,2
corruo,2
circumdo,2
prorsus,2
magnifice,2
optime,2
marius,2
plaudo,2
constupro,2
profugus,2
accepta,2
clipeus,2
far,2
chaldaeus,2
delectus,2
explorator,2
rebellio,2
quadragesimus,2
pollus,2
auersor,2
thrax,2
perosus,2
constanter,2
quercus,2
exilis,2
lutum,2
oppleo,2
canus,2
radicitus,2
prouenio,2
plurimum,2
dissipo,2
syriacus,2
assimilis,2
audacia,2
nutus,2
oboleo,2
italicus,2
cynicus,2
inimicitia,2
rapax,2
siccus,2
colossus,2
dica,2
euigilo,2
amicio,2
dicacitas,2
desilio,2
pensio,2
ei,2
strenuus,2
hannibal,2
infantia,2
circumplecto,2
asticus,2
angor,2
dissideo,2
inquietus,2
exin,2
satietas,2
digressus,2
exsero,2
repudium,2
corroboro,2
enimuero,2
crepida,2
consultatio,2
uestimentum,2
sapientia,2
carinus,2
peculium,2
acceptum,2
incumbo,2
debello,2
interpres,2
ducatus,2
trepidatio,2
cogitatum,2
regressus,2
spiro,2
maxilla,2
ignoro,2
diritas,2
succurro,2
homericus,2
allocutio,2
callidus,2
aequo,2
capesso,2
coarguo,2
occupatio,2
odi,2
disputo,2
constitutio,2
mullus,2
exsoluo,2
cottius,2
concino,2
nusquam,2
perrarus,2
merum,2
correctio,2
boletus,2
lasciuus,2
ceu,2
acerra,2
hirsutus,2
subleuo,2
lentulus,2
augur,2
praediues,2
metallum,2
uesta,2
tabidus,2
adoptiuus,2
eleuo,2
damnosus,2
multifariam,2
laqueus,2
attraho,2
lupanar,2
immitis,2
bellus,2
infectus,2
surrepo,2
uepris,2
interitus,2
lugeo,2
abrogo,2
tractus,2
inseruio,2
contus,2
fidiculae,2
arca,2
deuoueo,2
robustus,2
occipitium,2
adductus,2
lamia,2
mire,2
poeticus,2
musca,2
portentosus,2
triplex,2
fuscus,2
pannus,2
diligenter,2
centumuiri,2
reciperator,2
probrosus,2
impunis,2
irrito,2
depingo,2
pensum,2
bonum,2
trabeatus,2
ferio,2
tactus,2
lana,2
repugno,2
titius,2
hebes,2
lectito,2
meretrix,2
stemma,2
galbeus,2
gibber,2
nobilitas,2
menstruus,2
dito,2
testificor,2
segnities,2
carthago,2
similiter,2
legumen,2
raro,2
concessus,2
maleficus,2
displiceo,2
monstrum,2
tremor,2
monile,2
expio,2
tepidus,2
atratus,2
oblino,2
ignorantia,2
signifer,2
claresco,2
rutilus,2
consulto,2
transfugio,2
iurgo,2
saltator,2
meridio,2
premo,2
decursio,2
domicilium,2
nescio,2
iuuenalis,2
aeternitas,2
proscaenium,2
respergo,2
pyxis,2
alleuo,2
denego,2
dilatio,2
seuere,2
quadrigarius,2
oborior,2
imbuo,2
iactans,2
urna,2
prasinus,2
agitator,2
liceor,2
malignitas,2
oboedio,2
tragicus,2
praeconium,2
occulte,2
cloaca,2
iocularis,2
piscina,2
pudicus,2
spiculum,2
armillatus,2
phaleratus,2
circumsaepio,2
concha,2
cenatio,2
unguentum,2
fluo,2
specus,2
bustum,2
praemunio,2
adueho,2
constringo,2
uxorius,2
stupro,2
horreum,2
labefacio,2
quantum,2
crinis,2
organum,2
inermis,2
pelta,2
lucror,2
nuncupatio,2
miseratio,2
scrinium,2
cogitatio,2
obsolesco,2
dimetior,2
formido,2
indutus,2
cupido,2
remmius,2
annaeus,2
caesius,2
bassus,2
lucilius,2
liuor,2
quantuscumque,2
sicunde,2
maeror,2
luctus,2
densus,2
persoluo,2
electissimus,2
ignobilitas,2
rideo,2
galea,2
flagello,2
agger,2
cerebrum,2
abscisus,2
fuscina,2
battuo,2
discido,2
gemmo,2
equitatus,2
amatorius,2
calo,2
umbra,2
fenestella,2
conducticius,2
saltem,2
adelphi,2
postpono,2
praelego,2
lenaeus,2
edoceo,2
professio,2
institutio,2
diana,2
soloecismus,2
septemtrionalis,1
penitus,1
hebeto,1
palliolatus,1
assequor,1
affor,1
moneris,1
aestuo,1
siluanus,1
aliquid,1
fluctuo,1
misellus,1
admiror,1
instanter,1
saturnalia,1
delitesco,1
segnitia,1
ebrietas,1
primitus,1
partim,1
addormisco,1
olea,1
sterto,1
confrico,1
octogies,1
impendeo,1
praediatorius,1
mirabilis,1
insidiator,1
diaeta,1
fluctuor,1
augustinus,1
inhonoratus,1
precario,1
exsecratio,1
dolo,1
praestolor,1
conuello,1
duritia,1
circumspectus,1
expungo,1
praecido,1
machaera,1
contentio,1
euilesco,1
interrogatio,1
confingo,1
exprobratio,1
gena,1
perstringo,1
recognitio,1
corruptela,1
aetatula,1
litura,1
inscius,1
prouentus,1
dolium,1
uipera,1
taxus,1
oceanus,1
mercatura,1
riuus,1
lapideus,1
canalis,1
intermissio,1
opero,1
stabilis,1
obeliscus,1
pharos,1
dirigo,1
usitatus,1
anticipo,1
uaticanus,1
insilio,1
cenula,1
immisceo,1
palumbes,1
salubriter,1
expugnatio,1
direptio,1
aueo,1
duodeni,1
bucina,1
triton,1
emergo,1
sedulo,1
aduocata,1
obsecratio,1
praeeo,1
operarius,1
diuisus,1
obrogo,1
quoquo,1
imaginarius,1
adfectus,1
gentilicius,1
impulsor,1
simplicitas,1
dira,1
ico,1
porca,1
fetialis,1
barbatus,1
auspex,1
illecebra,1
exiguitas,1
consortium,1
insciens,1
consocer,1
canities,1
poples,1
remisse,1
indecens,1
spumo,1
rictus,1
tremulus,1
sesceni,1
summergo,1
fulcrum,1
flatus,1
continentia,1
nidor,1
salii,1
madeo,1
hio,1
sanguinarius,1
cultellus,1
meridies,1
persedeo,1
faber,1
pegma,1
timidus,1
stragulum,1
salutator,1
scrutator,1
graphiarius,1
theca,1
otiosus,1
uociferatio,1
scrupulus,1
iracundia,1
uilicus,1
oratiuncula,1
inconsiderantia,1
somniculosus,1
lanius,1
uinarius,1
offula,1
abundantia,1
suffragatio,1
ornatrix,1
infacundus,1
defringo,1
reminiscor,1
ineleganter,1
integritas,1
remeo,1
cresco,1
nubilis,1
arruntius,1
procax,1
potulentus,1
sagus,1
gratiosus,1
decrepitus,1
congruentia,1
introduco,1
riualis,1
enotesco,1
affirmatio,1
litigans,1
arbiter,1
emancipo,1
instigo,1
praemoneo,1
architectus,1
excusatio,1
praesente,1
uergo,1
concurso,1
piaculum,1
deturbo,1
consors,1
internecio,1
perrumpo,1
impigre,1
praepropere,1
ancile,1
infaustus,1
plango,1
decerto,1
consalutatio,1
diffidentia,1
quippe,1
conicio,1
consolatorius,1
coepto,1
desertor,1
nonagesimus,1
pedo,1
uello,1
galericulum,1
uituperatio,1
perparuus,1
afflicto,1
ebur,1
exsplendesco,1
robur,1
docilitas,1
psallo,1
uelociter,1
paphius,1
minaciter,1
rapacitas,1
nundinor,1
saltatio,1
beneuolus,1
cauillor,1
conflagratio,1
opitulor,1
subex,1
ueneo,1
praestes,1
ferramentum,1
figulus,1
mercenarius,1
substantia,1
apis,1
contactus,1
mitis,1
populeus,1
depango,1
eualesco,1
lucretius,1
aquilo,1
rusticanus,1
asconius,1
tectum,1
exsulo,1
impubes,1
cooperio,1
prorepo,1
prouolo,1
aculeus,1
sepulchrum,1
alfenus,1
distributio,1
indemnis,1
lambo,1
particulatim,1
solidus,1
offensio,1
suauitas,1
montanus,1
inuolo,1
sono,1
inanis,1
ilias,1
affectio,1
subiungo,1
accendo,1
parthenope,1
re,1
huiusmodi,1
phrygius,1
infelix,1
priusquam,1
auena,1
agricola,1
insulsus,1
tityrus,1
fagus,1
exactio,1
coactor,1
emungo,1
ninnius,1
strigosus,1
parasiticus,1
recte,1
septimius,1
superbus,1
ecloga,1
italus,1
pecco,1
corpusculum,1
speculor,1
declaro,1
proseco,1
patriciatus,1
restio,1
diuisor,1
innutrio,1
uigintiuiri,1
unguentaria,1
collybus,1
decoloro,1
mensarius,1
donarium,1
penuarius,1
uicinitas,1
caste,1
cubitus,1
exturbo,1
cognominatus,1
probatio,1
inclutus,1
quadrimus,1
quadriennium,1
conuenienter,1
necopinans,1
extorris,1
mico,1
alteruter,1
cateno,1
fraternus,1
discrucio,1
dediticius,1
compectum,1
intercludo,1
stupidus,1
effugio,1
superbio,1
armamenta,1
aspis,1
ferax,1
nilus,1
oblimo,1
detergeo,1
fannius,1
mentum,1
dementia,1
suebus,1
uenundo,1
indus,1
alibi,1
lugubris,1
grauate,1
interuiso,1
immodestus,1
hordeum,1
itidem,1
decempeda,1
rhenium,1
pecuniosus,1
phalerae,1
uallaris,1
muralis,1
penso,1
sagulum,1
triumuiratus,1
pertinacia,1
pinarius,1
malignus,1
regimen,1
rationarium,1
sospes,1
sisto,1
latericius,1
ultor,1
praestringo,1
praeluceo,1
philippus,1
cornificius,1
sortito,1
completus,1
prolatio,1
desumo,1
manubialis,1
sedecim,1
sibyllinus,1
foruli,1
conturbo,1
sextilis,1
compitalicius,1
imberbis,1
exuro,1
adiudico,1
maleficium,1
coleus,1
absolutorius,1
affluo,1
chordus,1
perrogo,1
imminuo,1
protinus,1
trauectio,1
labes,1
poenus,1
traditio,1
tribulis,1
sincerus,1
colluuio,1
tributarius,1
differentia,1
tortus,1
superfluo,1
duodecies,1
admetior,1
turpitudo,1
impudentia,1
uenalicius,1
magnificentia,1
sedile,1
cauo,1
debilito,1
inuidiose,1
bipedalis,1
inuisitatus,1
rhinoceros,1
tigris,1
anguis,1
uotiuus,1
compages,1
consessus,1
pontificalis,1
corollarium,1
cateruarius,1
oppidanus,1
certatio,1
togatarius,1
tonsa,1
conspicuus,1
colonicus,1
commendatio,1
denuo,1
latinitas,1
alienigena,1
contribuo,1
conciliator,1
prouinciatim,1
armiger,1
astringo,1
definio,1
sphinx,1
uiolens,1
cortina,1
o,1
indecorus,1
submoneo,1
sponsalius,1
redarguo,1
inuidiosus,1
petulans,1
iudiciarius,1
praedamno,1
scutarius,1
castricius,1
uiuatim,1
sandaliarius,1
repentino,1
laureatus,1
lacrimo,1
priuigna,1
intactus,1
peruersitas,1
perseueranter,1
nuptus,1
circumspicio,1
assuefacio,1
fido,1
duodeuiginti,1
curiatus,1
casu,1
suspendium,1
cicatrix,1
tractabilis,1
transporto,1
saepio,1
ingemesco,1
agamus,1
maleuolus,1
denuntiatio,1
antefero,1
pupillaris,1
polus,1
superbe,1
auare,1
suburo,1
cinaedus,1
rubeo,1
auricula,1
incomptus,1
denudo,1
familiariter,1
abhinc,1
arrigo,1
choragus,1
mallius,1
phoebus,1
thronus,1
plane,1
tortor,1
praecupidus,1
castitas,1
simpliciter,1
oblectamentum,1
senio,1
quinquatrus,1
iucunde,1
aleatorius,1
calefacio,1
effuse,1
benignitas,1
scalae,1
anularius,1
conclaue,1
hiemo,1
interpellatio,1
operosus,1
profuse,1
xystus,1
gigas,1
heros,1
elegantia,1
modice,1
instratus,1
calciamentum,1
altiusculus,1
ingenuitas,1
abundanter,1
ludius,1
aretalogus,1
rutabulum,1
forpex,1
inaequalis,1
frustro,1
iactura,1
secundarius,1
caseus,1
pressus,1
ficus,1
bifer,1
uncia,1
acinus,1
uua,1
duracinus,1
ieiunium,1
manduco,1
unguis,1
inobseruantia,1
initus,1
cucumis,1
frustum,1
lactucula,1
thyrsus,1
uinosus,1
retego,1
conquiesco,1
lecticula,1
lucubratorius,1
expergiscor,1
interrumpo,1
fabulator,1
condormio,1
formus,1
como,1
remollio,1
praecipitium,1
nitidus,1
uigor,1
contueor,1
scaber,1
inflexus,1
supercilium,1
dodrans,1
commoditas,1
strigilis,1
concretum,1
impetigo,1
claudico,1
imbecillus,1
torpeo,1
corneus,1
supplementum,1
uesica,1
calculus,1
destillatio,1
fomentum,1
recurro,1
praecordium,1
inflatio,1
austrinus,1
grauedo,1
quasso,1
subucula,1
laneus,1
feminal,1
tibialis,1
peristylum,1
salio,1
uentilo,1
petasatus,1
infirmitas,1
ungo,1
sudo,1
egelidus,1
tepefacio,1
insideo,1
pila,1
folliculus,1
uecto,1
subsultim,1
segestre,1
lodicula,1
ocellatus,1
garrulitas,1
pumilus,1
extemporalis,1
edisco,1
infirmo,1
rescriptum,1
hortatio,1
scriptus,1
hexameter,1
temperatus,1
concinnitas,1
fetor,1
obturbo,1
praepositio,1
coniunctio,1
cacozelus,1
antiquarius,1
uitiosus,1
aucupor,1
inconstans,1
annius,1
uolubilitas,1
notabiliter,1
asparagus,1
baceolus,1
pulleiaceus,1
cerritus,1
uacerrosus,1
uapidus,1
simus,1
menda,1
ixon,1
pergamenum,1
expedite,1
imperitus,1
euoluo,1
saluber,1
proles,1
benigne,1
patienter,1
obsolefio,1
uitulus,1
concamaratus,1
transcursus,1
cultor,1
tintinnabulum,1
redimio,1
longinquus,1
iunctura,1
compluuium,1
ilex,1
deuito,1
initio,1
discepto,1
subtexo,1
belligero,1
irrepo,1
uterus,1
iubar,1
infundo,1
mortalis,1
sceptrum,1
radio,1
candor,1
planum,1
for,1
coaxo,1
campanus,1
leniter,1
delabor,1
contuitus,1
munda,1
matrix,1
columba,1
nidus,1
adhortatio,1
thema,1
capricornus,1
uultur,1
replico,1
intrinsecus,1
fibra,1
praesentio,1
coruus,1
praesagio,1
asellus,1
diuinitas,1
praecognosco,1
circumuolo,1
transgredior,1
effluo,1
etruscus,1
interpellator,1
relatus,1
aura,1
eueho,1
profluuium,1
libo,1
exhilaratus,1
cautio,1
munusculum,1
uicina,1
percontor,1
commode,1
chara,1
alieno,1
deminutio,1
appuleius,1
septuagesimus,1
nenia,1
exsequia,1
ossum,1
bifariam,1
circumiectus,1
ambulatio,1
triens,1
finio,1
quaterdecies,1
flamen,1
cossutius,1
declino,1
praedo,1
cubicularis,1
sertorius,1
sanctitas,1
coniector,1
designatio,1
idcirco,1
actorius,1
perduellio,1
municipatim,1
pigeo,1
interpretatio,1
intento,1
protego,1
refectio,1
curatio,1
propugnator,1
mulco,1
interuentus,1
sponsor,1
pacatum,1
adiungo,1
centuria,1
concors,1
instinctus,1
nuper,1
remissio,1
locatio,1
dilargior,1
despero,1
aduerso,1
insulto,1
alludo,1
praeiudicium,1
securitas,1
petitor,1
propugno,1
syngrapha,1
lucas,1
uocabulum,1
saltus,1
pyrenaeus,1
aurunculeius,1
domesticatim,1
enitor,1
dictata,1
obstringo,1
allicio,1
quorsum,1
incisum,1
intercessor,1
permisceo,1
circumpono,1
errabundus,1
regredior,1
ponticulus,1
aeneator,1
copiosus,1
sollers,1
imparatus,1
bello,1
praeferox,1
imbellis,1
desperatus,1
uelabrum,1
axis,1
habitatio,1
regionatim,1
d,1
laberius,1
gyrus,1
euripus,1
desultorius,1
triceni,1
laxus,1
quadriremis,1
pugnator,1
aduena,1
messis,1
uindemia,1
nudo,1
censorius,1
recensio,1
subsortitio,1
octoginta,1
pecuarius,1
aestimatio,1
dirimo,1
conchyliatus,1
macellum,1
tarpeius,1
excelsus,1
teres,1
uegetus,1
linquo,1
iniquus,1
fimbriatus,1
cingo,1
cinctura,1
praecingo,1
subura,1
obaeratus,1
tessellatus,1
sectilis,1
animosus,1
pudet,1
sagatus,1
perennis,1
paedicator,1
paelex,1
sponda,1
fornix,1
cyathus,1
satelles,1
tute,1
ecce,1
postumius,1
mucius,1
sexagies,1
uilitas,1
emptum,1
effutuo,1
thalamegus,1
aethiopius,1
heluius,1
sobrius,1
indifferens,1
rusticitas,1
imperatum,1
fanum,1
promercalis,1
diuendo,1
inauro,1
adnumero,1
strabo,1
diuinatio,1
acuo,1
uenustas,1
actuo,1
africus,1
ineptus,1
fortasse,1
calamistrum,1
inuro,1
emendate,1
analogia,1
pagina,1
memorialis,1
transuersus,1
elementum,1
raeda,1
inflo,1
insidiosus,1
perspeculor,1
situs,1
accessus,1
obsessio,1
fluctus,1
inceptum,1
inuictus,1
fataliter,1
spurcus,1
ungula,1
sessor,1
inclino,1
obsisto,1
contortus,1
cuspis,1
uectorius,1
nauicula,1
rostratus,1
mordicus,1
pluuius,1
subtraho,1
defatigo,1
amplifico,1
lasciuio,1
unguentatus,1
polio,1
herba,1
transfigo,1
perforo,1
umbo,1
sons,1
stipendiarius,1
siluester,1
pirata,1
admirabilis,1
iulianus,1
acerbe,1
praegrauo,1
suggestus,1
lupercus,1
semibarbarus,1
moneta,1
impotentia,1
considerate,1
exceptio,1
arroganter,1
inmodicus,1
caesetius,1
migro,1
ile,1
quindecimuir,1
dispersim,1
monstro,1
braca,1
utrum,1
uasculum,1
prognatus,1
fabulosus,1
pabulum,1
regaliolus,1
uolucris,1
illucesco,1
nubes,1
uolito,1
imaginor,1
dudum,1
renuo,1
clamo,1
tardo,1
nonnunquam,1
lotus,1
ito,1
quapropter,1
declamito,1
contradico,1
declamatio,1
praeclare,1
apologus,1
narratio,1
presse,1
perniciosus,1
superuacaneus,1
thesis,1
collecta,1
sporta,1
formosus,1
portitor,1
synthesis,1
ostiarius,1
calumniator,1
acumen,1
tento,1
philippicus,1
compotor,1
iuger,1
albucius,1
impleo,1
scholasticus,1
circumcido,1
cohibeo,1
u,1
declamator,1
quirinalis,1
adulator,1
faunus,1
aboriginus,1
latio,1
ianiculum,1
sutor,1
sectio,1
uberius,1
discrepo,1
alioqui,1
interfector,1
scalprum,1
perinfamis,1
saliua,1
mel,1
adulo,1
circumuerto,1
paralysis,1
sextilius,1
ignobilis,1
norbanus,1
affingo,1
innocentia,1
orichalcum,1
galerius,1
elinguis,1
interuerto,1
percussus,1
animo,1
ructus,1
ignominiosus,1
caminus,1
alluceo,1
cupide,1
lustro,1
gallinaceus,1
tabes,1
oleo,1
uanitas,1
insolentia,1
alliensis,1
dubium,1
dominicus,1
trifarius,1
quadrifarius,1
dispertio,1
ientaculum,1
uomito,1
aduenticius,1
exsupero,1
patina,1
scarus,1
phasianus,1
cerebellum,1
lacto,1
fretus,1
nauarchus,1
intempestiuus,1
allicefacio,1
stipulor,1
uernaculus,1
uaticinor,1
firmiter,1
oppono,1
diluculum,1
sordidatus,1
gestatorius,1
coquus,1
zona,1
ordior,1
heluetius,1
manceps,1
camerinus,1
incunabulum,1
pocillum,1
extundo,1
creta,1
insepultus,1
reciperatorius,1
uectis,1
rapum,1
labefacto,1
k,1
instrenuus,1
humilitas,1
frutex,1
arefacio,1
praeualidus,1
haruspicium,1
deliro,1
proculco,1
perturbatio,1
extrarius,1
triuium,1
decusso,1
procido,1
cupressus,1
euello,1
resurgo,1
uoluo,1
asseuero,1
uictrix,1
binus,1
obscure,1
sagittarius,1
claustrum,1
firmitas,1
uerbena,1
panificium,1
debilis,1
serapis,1
inspuo,1
fragro,1
incursus,1
tabulatus,1
conflagro,1
funditus,1
destruo,1
maledicus,1
diiudico,1
ancilla,1
extrinsecus,1
plecto,1
oblatro,1
doto,1
admissio,1
insolens,1
merito,1
negotiatio,1
absolutio,1
bubulcus,1
quadringenties,1
cous,1
mechanicus,1
apollinaris,1
dapsilis,1
macellarius,1
quadratum,1
compactum,1
sphaeristerium,1
defrico,1
pallaca,1
scurrilis,1
plaustrum,1
adamo,1
improbus,1
affecto,1
diluo,1
colosseus,1
atta,1
russus,1
uadum,1
reuiuesco,1
adsertor,1
iniussu,1
leuitas,1
irrogo,1
hirtus,1
exercitatus,1
uagitus,1
muliercula,1
circumductus,1
fibula,1
adito,1
funalis,1
auctoramentum,1
milium,1
tumeo,1
concorditer,1
perueho,1
comata,1
alpinus,1
enauigo,1
amoenitas,1
salubritas,1
obambulo,1
aequum,1
conuiciator,1
mediterraneus,1
praedictio,1
ouum,1
ministra,1
insigniter,1
colluceo,1
patauium,1
aponius,1
culmen,1
transmigro,1
delegatus,1
paco,1
frux,1
praeualens,1
perseuerantia,1
cumulus,1
acerrime,1
uenatus,1
lucubro,1
extinguo,1
circumcludo,1
communiter,1
desiderabilis,1
perpendo,1
stomachor,1
fidius,1
continuatio,1
exspiro,1
obsecro,1
derepente,1
congemo,1
spiritus,1
procumbo,1
suspendo,1
onerosus,1
lupus,1
libum,1
offirmo,1
nouitas,1
adiectio,1
hereditarius,1
dynastes,1
satisfacio,1
suffugio,1
suasor,1
implico,1
fenestra,1
dissentio,1
haterius,1
monopolium,1
discriptio,1
legator,1
discessio,1
exequia,1
subscriptio,1
sabbatum,1
seruolus,1
utilitas,1
eatenus,1
iuxtim,1
quaesitor,1
exardo,1
macellus,1
consuo,1
euito,1
matronalis,1
refugium,1
coacta,1
sedulus,1
asylum,1
comminatio,1
itus,1
spelunca,1
saxum,1
superne,1
praeruptus,1
altitudo,1
profundum,1
profundo,1
auiditas,1
libidinosus,1
ministro,1
epoto,1
propino,1
amphora,1
ostrea,1
turdus,1
arcanus,1
repertor,1
conecto,1
incesto,1
aspectus,1
sigillum,1
schema,1
pubes,1
nympha,1
teneritudo,1
lac,1
morigeror,1
illudo,1
euidenter,1
rea,1
olidus,1
hircus,1
uetulus,1
cibarius,1
comoedus,1
hortensius,1
deflagro,1
mitigo,1
antiochia,1
intolerans,1
familiaritas,1
antlia,1
fluxus,1
superuacuus,1
dominor,1
filiola,1
gusto,1
praestruo,1
conuicior,1
diduco,1
nefastus,1
alimentum,1
tomentum,1
circumuenio,1
sermocinor,1
dialectos,1
doricus,1
perquiro,1
sagaciter,1
aptus,1
macero,1
eluceo,1
scurra,1
impressus,1
saeue,1
atrociter,1
dispereo,1
fastidio,1
sitio,1
auidus,1
redux,1
bilis,1
perfrico,1
crudelitas,1
furo,1
crudeliter,1
agamemnon,1
uexatio,1
palpito,1
nefas,1
maturitas,1
nanus,1
intemperantia,1
carnificina,1
ueretrum,1
distendo,1
obsuo,1
astus,1
apto,1
speculabundus,1
uro,1
malum,1
quid,1
peritia,1
inconstantia,1
agilis,1
terebro,1
talitrum,1
tumor,1
hebesco,1
rigidus,1
obstipus,1
tricesimus,1
adiumentum,1
mathematica,1
pubertas,1
uas,1
sacrificulus,1
licenter,1
alanus,1
discutio,1
consecratio,1
obliquus,1
deperdo,1
discidium,1
aequabilis,1
puerulus,1
maecius,1
computo,1
proxime,1
septeni,1
iuno,1
quinquatria,1
panarius,1
sportella,1
deuro,1
resoluo,1
clangor,1
accisus,1
apporto,1
castro,1
ubertas,1
gemino,1
ternus,1
assertio,1
eu,1
corruptor,1
stuprator,1
iuuencus,1
ruscum,1
subsiciuus,1
carptim,1
fiscalis,1
castigo,1
tenor,1
cerealis,1
membrana,1
rusticus,1
exodium,1
questio,1
distorqueo,1
impudicus,1
nequam,1
cras,1
praedor,1
obex,1
nonagenarius,1
circumseco,1
albatus,1
sura,1
formalis,1
fungus,1
tragus,1
destitutio,1
inertia,1
procella,1
superstitiose,1
infitior,1
accurate,1
semustus,1
crastinus,1
aquarius,1
cruento,1
exulcero,1
uerruca,1
quanto,1
suffodio,1
colluctor,1
quadragensimus,1
sandapila,1
uespillo,1
exporto,1
rubor,1
decet,1
obiecto,1
conficiens,1
scopulus,1
innocuus,1
liberalia,1
nosco,1
inelegans,1
incanus,1
nix,1
mulsum,1
oblecto,1
profestus,1
ampulla,1
ueientanus,1
laurus,1
ales,1
decerpo,1
elanguesco,1
exaresco,1
intereo,1
prosapia,1
pronepos,1
oppugno,1
inlino,1
galbanum,1
fax,1
succendo,1
praepinguis,1
animal,1
aesculus,1
illustro,1
actito,1
corinthus,1
superpositus,1
sinistrorsus,1
nouerca,1
buccula,1
procuro,1
frugifer,1
cubitalis,1
limen,1
aestiuo,1
salueo,1
uiduo,1
caelebs,1
pulso,1
discus,1
prorumpo,1
stimulo,1
triticum,1
extabesco,1
proprietas,1
reuelo,1
potus,1
canesco,1
affigo,1
dealbo,1
assertor,1
manumissio,1
prudentia,1
onustus,1
angiportus,1
fonteius,1
destructio,1
remex,1
fidelis,1
commodum,1
paropsis,1
sedulitas,1
choraules,1
loculus,1
exorsa,1
laco,1
marcianus,1
praefinio,1
determino,1
despectus,1
conata,1
mugitus,1
excurro,1
catinus,1
uitreus,1
peruerse,1
pergo,1
legionarius,1
mucro,1
elicio,1
gratulabundus,1
dimoueo,1
inserto,1
strepitus,1
hemistichium,1
consessor,1
tyrannicida,1
deuoluo,1
impietas,1
permulceo,1
atauus,1
subrogo,1
trux,1
haustus,1
euomo,1
cognatio,1
redintegro,1
fidenter,1
amica,1
arrogans,1
obtero,1
radius,1
infelicitas,1
emano,1
ceruical,1
armilla,1
includo,1
subditiuus,1
gratifico,1
postulatio,1
excubitor,1
accommodatus,1
cumulo,1
ostentatio,1
translatio,1
memoriter,1
camelus,1
penus,1
mansuetus,1
inno,1
iuuenca,1
podium,1
adaperio,1
nubilus,1
deuexus,1
tiara,1
caninus,1
holus,1
christianus,1
inuetero,1
uago,1
pertundo,1
linum,1
cera,1
testator,1
resido,1
caligo,1
dispicio,1
rastellus,1
phalanga,1
uigeo,1
uomitus,1
officio,1
blandior,1
concupio,1
tinnio,1
condisco,1
bombus,1
imbrex,1
testa,1
personatus,1
herous,1
herois,1
similitudo,1
matricida,1
excaeco,1
abacus,1
multiplico,1
mappa,1
agon,1
grate,1
rogatus,1
helium,1
furtim,1
infamo,1
tristitia,1
exscreo,1
sudor,1
baculum,1
hypocrita,1
exsultatio,1
succlamatio,1
perduro,1
decursus,1
isthmia,1
olympiacus,1
pythia,1
cantio,1
plausor,1
crocum,1
lemniscus,1
bellaria,1
applico,1
credulitas,1
iuuenilis,1
crepusculum,1
pilleum,1
galerum,1
ludibundus,1
quintanus,1
rixa,1
attrecto,1
ambubaia,1
quadragies,1
rosarius,1
paedagogium,1
acte,1
peiero,1
exseco,1
flammeus,1
inscitus,1
ferox,1
contego,1
stipes,1
affatim,1
denubo,1
heiulor,1
callide,1
diuitia,1
uere,1
prodigo,1
credibilis,1
erogo,1
cercopithecus,1
paneros,1
locupleto,1
punctum,1
piscatus,1
coccum,1
funis,1
necto,1
carruca,1
solea,1
aedifico,1
transitorius,1
pedum,1
triplico,1
uinetum,1
lino,1
laqueatus,1
uersatilis,1
fistulatus,1
desuper,1
rotundus,1
mundus,1
longitudo,1
latitudo,1
quinqueremis,1
dido,1
uastus,1
semis,1
amethystinus,1
pauculus,1
adiaceo,1
dissimulanter,1
insipiens,1
delirus,1
consaepio,1
maceria,1
uelox,1
haedus,1
recoquo,1
porcellus,1
camara,1
trierarchus,1
confringo,1
furia,1
initiatio,1
durities,1
lanugo,1
abneptis,1
uestinus,1
sterilis,1
tuscus,1
persancte,1
burrus,1
toxicum,1
exter,1
crinitus,1
astrologus,1
procer,1
depello,1
prouulgo,1
imputo,1
dedecoro,1
caro,1
scindo,1
significatio,1
moene,1
stuppa,1
inflammo,1
saxeus,1
construo,1
ardesco,1
prospecto,1
pulchritudo,1
decanto,1
libitina,1
cantito,1
ballium,1
permoueo,1
inscitia,1
rogito,1
recreo,1
insculpo,1
exsilio,1
intermorior,1
conuerbero,1
luxus,1
aggrego,1
defector,1
epinicium,1
amazonicus,1
pusulatus,1
obrussa,1
accresco,1
luctator,1
cirrus,1
pinnatus,1
formica,1
simia,1
hinnitus,1
canorus,1
proserpina,1
clauis,1
concerpo,1
caelo,1
fidus,1
tergiuersor,1
aperte,1
stragulus,1
procurro,1
superinduo,1
inscendo,1
deuerticulum,1
fruticetum,1
harundinetum,1
semita,1
clandestinus,1
lacuna,1
decocta,1
sentes,1
cauerna,1
instructus,1
scrobis,1
modulus,1
lignum,1
iudicatus,1
insero,1
furca,1
turpiter,1
trepidanter,1
effor,1
rigeo,1
intexo,1
hortulus,1
supersto,1
lunensis,1
fetidus,1
languesco,1
ligo,1
superscribo,1
cantus,1
leo,1
claua,1
nexus,1
aprilis,1
contemptor,1
puellaris,1
praenosco,1
extispicium,1
pilleatus,1
uernus,1
instauro,1
fusio,1
aequaeuus,1
acriter,1
magnes,1
aemulatus,1
summe,1
peregrinor,1
cognata,1
arrius,1
uirginalis,1
septingenti,1
scriptito,1
satura,1
spuma,1
tingo,1
praecellens,1
humo,1
comporto,1
diuexo,1
ueneficium,1
deuotio,1
effundo,1
lapido,1
intestinus,1
indutia,1
regulus,1
uenor,1
megistanes,1
reuello,1
gestio,1
festiuitas,1
femininus,1
diuersitas,1
audenter,1
plinius,1
puera,1
abunde,1
bimulus,1
praelatus,1
ablego,1
aliquotiens,1
natrix,1
inauguro,1
desolo,1
misericordia,1
abiecto,1
pupus,1
permissus,1
turbidus,1
emineo,1
uenerabundus,1
praefigo,1
subueho,1
relatio,1
postmodum,1
conueho,1
obtestor,1
curiose,1
ducentesimus,1
excrucio,1
totiens,1
conchylium,1
caterua,1
multifarius,1
panarium,1
epulatio,1
auidius,1
ancora,1
superiacio,1
terrenus,1
querceus,1
caetra,1
curriculum,1
biiugis,1
scius,1
contabulo,1
territo,1
miscellus,1
facundia,1
latiaris,1
generatim,1
fulgeo,1
insusurro,1
transmissus,1
funestus,1
calamitosus,1
aufidius,1
nouacula,1
utroque,1
praecaueo,1
nausea,1
tussis,1
capital,1
discerno,1
dedux,1
nuptialis,1
caesonius,1
ardenter,1
semen,1
feritas,1
pluteus,1
linteus,1
obliuiscor,1
insisto,1
fremitus,1
paegniarius,1
debilitas,1
sagina,1
adnoto,1
deformo,1
serra,1
putrefacio,1
satio,1
relego,1
elleborus,1
defensa,1
gregatim,1
secutor,1
defleo,1
exsecror,1
calamitas,1
insignio,1
prosperitas,1
decollo,1
lamina,1
sica,1
altaria,1
popa,1
alte,1
malleus,1
blande,1
praedulcis,1
amicula,1
aeuum,1
uerbosus,1
scientia,1
mehercule,1
abolla,1
comatus,1
deturpo,1
hoplomachus,1
calco,1
lente,1
acetum,1
liquefacio,1
sorbeo,1
deceo,1
uersicolor,1
uitis,1
pomifer,1
discumbens,1
chorus,1
symphonia,1
exstructio,1
posthabeo,1
concupisco,1
silex,1
fossura,1
septies,1
derisor,1
uenenatus,1
dormito,1
nonagies,1
uadimonium,1
exubero,1
edulis,1
ubicumque,1
litigo,1
gerulus,1
quaestus,1
meretricius,1
districtus,1
faenebris,1
periurium,1
collusor,1
paupertas,1
alimonium,1
incensus,1
diffundo,1
uoluto,1
festinanter,1
segniter,1
delicate,1
octophoron,1
uerres,1
conspergo,1
recepto,1
monitum,1
trunco,1
litterarius,1
loricatus,1
proelior,1
tempestiuus,1
amoenus,1
perpetro,1
gnarus,1
rutilo,1
addisco,1
barbaricus,1
terrestris,1
nefandus,1
capulum,1
commigro,1
enormis,1
concauus,1
toruus,1
capra,1
exitialis,1
horridus,1
taeter,1
suffero,1
potiono,1
insomnium,1
placidus,1
pelagus,1
confidentia,1
miraculum,1
fumus,1
murmur,1
impedimentum,1
stipo,1
sericatus,1
speculatorius,1
caliga,1
caduceum,1
facundus,1
iro,1
pronuntiatio,1
exaudio,1
lucubratio,1
telum,1
tibia,1
scabellum,1
palla,1
talaris,1
docilis,1
insania,1
columbus,1
praesaepe,1
tegumentum,1
bacchor,1
destringo,1
meridie,1
denoto,1
atriensis,1
immemor,1
uomo,1
marceo,1
crypta,1
algeo,1
caesim,1
asser,1
accurro,1
asporto,1
tumultuarius,1
consumo,1
obseruabilis,1
numida,1
inhio,1
philus,1
lectulus,1
aequaliter,1
dinumeratio,1
eunuchus,1
propterea,1
prologus,1
adiuto,1
pol,1
proterue,1
cosconius,1
arcadia,1
implicitus,1
sarcina,1
iugerum,1
comicus,1
naeuius,1
atilius,1
limus,1
municeps,1
decenter,1
caute,1
bellicosus,1
magnopere,1
cratis,1
acroasis,1
commentor,1
podagra,1
perungo,1
praemortuus,1
incresco,1
lutatius,1
acute,1
uocito,1
absolute,1
discretus,1
problema,1
ethologia,1
adolescentulus,1
alternis,1
rutilius,1
diua,1
nundinus,1
alicubi,1
pompilius,1
desidiosus,1
grammatica,1
cumae,1
opusculum,1
elenchus,1
corniculum,1
pauper,1
tegula,1
plagosus,1
scutica,1
artificium,1
centesimus,1
adiutorium,1
processus,1
peridoneus,1
siren,1
pauperies,1
gurgustium,1
assula,1
priapus,1
selibra,1
racemus,1
iecur,1
erus,1
catasta,1
honestas,1
expendo,1
criticus,1
mollitia,1
tellus,1
inuerecundus,1
popino,1
fur,1
gratis,1
exercito,1
hemicyclium,1
inclaresco,1
hispanus,1
studiose,1
notitia,1
educator,1
sexagesimus,1
aduocatio,1
uerna,1
textrinus,1
metrum,1
porcus,1
