,count
et,5593
in,2867
qui,2636
sum,2050
is,1646
ut,1320
ad,1092
nec,1089
non,1069
ac,1053
sed,883
ab,740
aut,736
per,732
cum,732
ipse,666
ex,664
sui,629
quam,621
suus,606
res,592
hic,575
si,557
multus,542
quisque,535
miles,508
ille,496
ne,490
legio,489
alius,485
apud,445
quod,443
idem,437
omnis,436
bellum,428
magnus,427
inter,416
princeps,416
atque,377
exercitus,356
ceterus,346
urbs,345
pars,335
dies,333
animus,323
quis,321
de,318
senatus,317
etiam,315
iam,303
arma,298
habeo,298
primus,297
publicus,295
hostis,289
dux,275
simul,272
nam,271
mox,267
nomen,267
pater,266
pro,257
nullus,254
quia,249
locus,246
uis,243
tamen,241
aduersus,239
quidem,237
ago,236
populus,230
tantus,230
ita,229
tempus,229
domus,228
bonus,227
annus,227
imperium,226
tum,226
haud,222
quidam,222
eques,220
possum,219
fama,218
iubeo,216
prouincia,209
unus,209
manus,208
romanus,207
nihil,202
nisi,197
causa,196
ubi,196
uel,194
metus,192
cunctus,190
mos,189
castrum,188
accipio,187
cohors,187
ego,186
nouus,185
corpus,185
an,184
uideo,182
do,182
legatus,181
modus,181
rex,181
fortuna,179
edo,178
spes,177
post,176
uetus,176
noster,176
at,175
deinde,174
consul,174
dico,172
fero,171
enim,171
consilium,169
proelium,169
num,166
paucus,165
dum,165
credo,164
gens,164
ciuitas,163
mors,162
honor,160
caesar,160
magis,159
igitur,158
peto,158
ars,156
sine,156
quamquam,155
fides,155
ob,154
uir,152
parum,151
addo,151
studium,151
modo,151
audio,151
cura,150
filius,150
pax,149
adeo,146
ciuilis,145
gloria,145
tamquam,143
plerus,141
deus,140
uirtus,139
ingenium,139
facio,139
centurio,137
imperator,136
liber,136
paro,135
uita,135
trado,134
ante,134
acies,133
pecunia,132
contra,132
caedes,130
periculum,130
ius,130
aetas,130
frater,129
mitto,129
praeficio,129
donec,128
ops,127
malus,126
auxilium,126
uelut,124
eo,124
odium,123
lex,123
traho,122
nos,122
uoco,121
tribunus,120
species,118
finis,117
promptus,117
copia,117
satis,116
uenio,116
adsum,116
uox,116
ualidus,114
postquam,113
sermo,113
diuersus,113
inde,113
nox,113
quippe,112
omitto,112
mare,112
amicus,111
par,111
grauis,111
interficio,110
socius,110
proximus,110
agmen,109
uterque,109
super,109
statim,109
libertas,108
quantus,108
sic,107
retineo,106
crimen,106
ordo,105
scelus,105
maneo,103
relinquo,103
duo,103
posterus,103
ira,102
femina,102
iter,101
uerbum,100
solus,100
tot,100
mater,100
uictoria,99
terra,99
sententia,98
tam,98
interim,98
laetus,97
signum,97
pugna,97
uerto,96
insignis,96
usus,95
eloquentia,95
libertus,95
labor,95
inuidia,94
germanicus,94
numerus,94
capio,93
exemplum,93
longus,92
adhuc,92
memoria,92
datum,91
reus,91
incertus,91
saepe,90
nunc,90
augeo,90
uictor,89
quasi,89
soleo,89
amicitia,89
sequor,89
sub,89
seditio,89
equus,89
prior,89
offero,88
initium,88
piso,88
uxor,88
homo,87
quaero,87
praesens,87
talis,87
auctor,87
nauis,87
tu,87
recens,86
memoro,86
iuuenis,86
exitium,86
seu,86
neo,86
templum,85
flagitium,85
rursus,85
classis,85
augustus,85
concedo,85
propinquus,85
militia,84
refero,84
audeo,83
littera,83
pello,83
mille,83
siue,83
praetorius,82
potentia,82
seruus,82
placeo,82
reperio,82
unde,82
prex,82
misceo,81
plebs,80
familia,80
deligo,80
meus,80
uerus,79
oratio,79
duco,79
quoque,78
hinc,78
ignarus,78
quin,78
firmo,78
uos,78
discordia,77
quisquam,77
superus,77
regnum,77
tunc,77
diuus,77
praecipuus,76
latus,76
ultra,76
genus,76
iudicium,75
olim,75
nuntius,75
singulus,75
orator,75
compositus,74
insula,74
integer,74
uulnus,74
spatium,74
antiquus,74
muto,73
cedo,73
poena,73
praesidium,73
atrox,73
honestus,72
quamuis,72
excipio,72
parens,72
reddo,72
turbo,72
uinco,71
uia,71
desum,71
acer,71
prosperus,71
forma,71
occulo,71
clarus,71
foedus,71
factum,71
saeuitia,70
sanguis,70
praeda,70
praemium,70
nemo,70
colonia,70
censeo,70
falsus,70
aurum,70
rumor,70
externus,70
cupido,69
telum,69
modicus,69
ager,69
alter,69
uultus,68
ceterum,68
ni,68
tolero,68
extremus,68
uolo,68
opus,68
creber,68
decus,68
sedes,67
senex,67
statuo,67
barbarus,67
coniunx,67
infensus,67
casus,67
maxime,67
libido,67
postremo,67
sumo,66
tergum,66
propior,66
seruitium,65
aduersum,65
magistratus,65
proprius,65
militaris,65
laus,65
corrumpo,65
medius,64
sperno,64
procul,64
amor,64
ingens,64
ualeo,64
laudo,64
discrimen,63
secerno,63
accusator,63
bellus,63
italia,63
potius,63
teneo,63
redeo,62
illustris,62
imago,62
oculus,62
alienus,62
quoius,62
compono,61
gratia,61
senator,61
ambiguus,61
tuus,61
exerceo,61
quies,60
intra,60
consularis,60
clades,60
auctus,60
flumen,60
natio,60
ferrum,60
uallum,60
cognosco,60
os,60
licentia,59
egregius,59
adulatio,59
posco,59
secor,59
iuxta,59
certo,59
ala,59
usque,59
ignis,59
permitto,58
obsequium,58
campus,58
consulo,58
dissero,58
formido,58
orior,58
consulatus,57
ciuis,57
certamen,57
uarius,57
magnitudo,57
auctoritas,57
pretium,57
obtineo,57
subsidium,57
consultum,57
silentium,56
amnis,56
missa,56
robur,56
gigno,56
mando,56
mons,56
filia,56
incedo,55
iuuo,55
praetor,55
cado,55
ostento,55
germanus,55
impono,55
impetus,55
ripa,55
affero,55
oro,55
leuis,55
respondeo,55
caecinus,55
plurimus,54
uulgus,54
epistula,54
ulter,54
necessitas,54
rarus,54
diu,54
inuado,54
postulo,53
coerceo,53
motus,53
uniuersus,53
facile,53
clamor,53
totus,53
facinus,53
nondum,52
intentus,52
maritus,52
arguo,52
uiuo,52
uacuus,52
luxus,52
abnuo,52
nuper,52
specto,52
mora,52
aspicio,52
habitus,51
modestia,51
certus,51
iulius,51
natura,51
defendo,51
moneo,51
tres,51
lego,51
utor,51
gero,51
appello,51
obuius,51
reliquus,50
perinde,50
nobilitas,50
celebro,50
primoris,50
castellum,50
occido,50
adicio,50
uulgo,50
supplicium,49
pudor,49
palam,49
donum,49
metuo,49
multitudo,49
tempto,49
sino,48
summa,48
uitium,48
expedio,48
erga,48
quo,48
quando,48
terror,48
infero,48
sacer,48
tutus,48
saxum,48
secundus,48
ullus,48
pergo,48
fuga,48
prohibeo,48
nosco,48
namque,48
priuatus,47
officium,47
constantia,47
malo,47
raptus,47
paruus,47
gallus,47
suspicio,47
immensus,47
ratio,47
agito,47
effigies,47
matrimonium,47
praebeo,46
exsilium,46
rego,46
fidus,46
litus,46
inquam,46
uester,46
incipio,46
mens,46
uiso,46
armatus,45
remedium,45
regius,45
adipiscor,45
pons,45
contio,45
plerumque,45
aduerto,45
caput,45
ostendo,45
munus,45
uenenum,45
iuuenta,44
sto,44
loquor,44
tertius,44
arceo,44
insidiae,44
nimius,44
ignotus,44
patior,44
intellego,44
nobilis,44
humanus,44
accedo,44
opperior,44
breuis,44
aliqui,44
scribo,43
otium,43
paulatim,43
accio,43
potestas,43
fessus,43
aequus,43
nuntio,43
repente,43
moles,43
interrogo,43
gnarus,43
quondam,43
forum,42
auaritia,42
principatus,42
fingo,42
repeto,42
impello,42
uito,42
supersum,42
batauus,42
missus,42
irrumpo,42
ratus,42
fortis,42
claudius,42
silua,42
quisquis,42
ideo,42
quotiens,42
exitus,42
cultus,42
uoluptas,42
negotium,42
accendo,41
ultio,41
decerno,41
aggredior,41
uagus,41
uerro,41
uix,41
gladius,41
aspernor,41
comperio,41
suscipio,41
carmen,41
maiestas,41
ultro,40
uisum,40
uicis,40
exuo,40
continuus,40
contumelia,40
inanis,40
patria,40
ibi,40
recipio,40
mereo,40
frustra,40
assisto,40
increpo,40
seruo,40
dolor,40
defero,40
trucido,39
exsoluo,39
capesso,39
probo,39
destino,39
transfero,39
iussus,39
incuso,39
desero,39
fraus,39
stipendium,39
inuenio,39
struo,39
uinculum,39
aqua,39
aperio,39
saeuus,39
intendo,39
penes,38
rapio,38
occupo,38
cunctor,38
tristis,38
sufficio,38
remitto,38
hibernus,38
antonius,38
dolus,38
egredior,38
claudo,38
irritus,38
uisus,38
tueor,38
uincio,38
conscientia,38
ferox,38
ictus,38
artus,38
iacio,38
munia,38
salus,38
conuerto,38
decimus,38
differo,38
decretum,38
municipium,37
dubius,37
turbidus,37
diuido,37
adigo,37
uexillum,37
communis,37
disciplina,37
illic,37
consulto,37
ingredior,37
uestis,37
dictum,37
caelum,37
ruo,37
principium,37
uenia,37
numen,37
circa,37
assumo,37
properus,37
fauor,37
mortalis,37
pulcher,37
taceo,36
moueo,36
accuso,36
eligo,36
exspecto,36
circumdo,36
colo,36
hostilis,36
superbia,36
inuisus,36
culpa,36
consensus,36
timeo,36
lacrima,36
acceptum,36
gaudium,36
dubito,36
spectaculum,36
quartus,36
auris,36
disicio,36
ascisco,36
conuiuium,36
iniuria,35
materia,35
aperto,35
segnis,35
fortuitus,35
ambitio,35
insto,35
tributus,35
trepidus,35
ignauus,35
munimentum,35
fatum,35
pauor,35
praepono,35
seueritas,35
religio,35
ambitus,35
dignus,35
ergo,35
dominus,34
minor,34
altus,34
euenio,34
uotum,34
dominatio,34
uocabulum,34
origo,34
dispergo,34
assequor,34
sacramentum,34
tormentum,34
facilis,34
subitus,34
coeptum,34
forte,34
defensio,34
sacerdos,34
consto,34
foris,34
uetustus,34
eximo,34
sors,33
denique,33
hortus,33
minister,33
audacia,33
opprimo,33
obicio,33
ueteranus,33
promissum,33
minae,33
mirus,33
exterreo,33
damnum,33
hortor,33
caesum,33
curia,33
iste,33
huc,33
profero,33
nepos,33
dehinc,33
occulto,32
prodo,32
erumpo,32
custodia,32
praetura,32
cur,32
haurio,32
anxius,32
ingressus,32
decorus,32
infamia,32
societas,32
sane,32
euentus,32
prouideo,32
castra,32
obsideo,32
manifestus,32
murus,32
insum,32
depello,32
transeo,32
uero,32
nex,32
potior,32
flecto,32
priscus,32
palus,32
bene,32
clementia,32
erigo,32
positus,32
cunctatio,32
interior,32
largitio,32
qua,32
praemitto,31
uentus,31
pono,31
supra,31
circumuenio,31
epula,31
patrius,31
quattuor,31
abeo,31
proinde,31
ineo,31
commeatus,31
pernicies,31
damnatus,31
prope,31
aufero,31
subuenio,31
classicus,31
aemulatio,31
semper,31
theatrum,31
aliquis,31
lasciuia,30
dignitas,30
caedo,30
ortus,30
frons,30
ludibrium,30
indicium,30
percello,30
impedio,30
scio,30
ualetudo,30
conscius,30
afficio,30
equester,30
ueho,30
intersum,30
nitor,30
adhibeo,30
acta,30
claritudo,30
humus,30
clamito,30
coram,30
impar,29
obscurus,29
orbis,29
punio,29
natus,29
accusatio,29
testis,29
sinus,29
pridem,29
soror,29
efficio,29
inferus,29
insero,29
paenitentia,29
doceo,29
cubiculum,29
usurpo,29
extollo,29
quiesco,29
autem,29
eadem,29
praeceps,29
foueo,29
sestertius,29
pompeius,29
securitas,29
cupio,29
potis,29
editus,29
festino,29
exsisto,29
exsequor,29
summum,29
puto,29
procurator,29
agnosco,29
urbanus,29
deterior,29
attineo,29
fungor,29
absum,28
quoniam,28
infestus,28
urgeo,28
utilitas,28
legatio,28
auus,28
transmitto,28
iuuentus,28
immineo,28
seruitus,28
facies,28
insuper,28
sex,28
pugno,28
securus,28
nescius,28
meritum,28
hiems,28
obiecto,28
probrum,28
pereo,28
dedecus,28
deduco,28
roma,28
celeber,28
paratus,28
misericordia,28
suesco,28
arduus,28
abdo,27
extinguo,27
designo,27
sapientia,27
suadeo,27
inclino,27
male,27
seruilis,27
ora,27
laetitia,27
effusus,27
proditio,27
perfidia,27
terreo,27
experior,27
prorumpo,27
excuso,27
lux,27
fateor,27
sentio,27
pectus,27
sabinus,27
tutor,27
reor,27
pariter,27
custos,27
aduenio,27
auidus,27
potens,27
tempestas,27
longe,27
oppidum,27
cohibeo,27
comes,27
longinquus,27
gladiator,27
passim,26
clausum,26
attollo,26
occurro,26
institutum,26
ignauia,26
maestus,26
paulus,26
tendo,26
porta,26
pronus,26
pario,26
impleo,26
septimus,26
familiaris,26
funus,26
auxiliaris,26
uestigium,26
aedes,26
praeuenio,26
abrumpo,26
meditor,26
mitis,26
pes,26
exigo,26
aestas,26
muliebris,26
fallo,26
nota,26
inimicus,26
prout,26
ueto,26
caritas,26
iudex,26
onus,25
iustus,25
utrimque,25
tracto,25
descisco,25
popularis,25
inualidus,25
numquam,25
peditum,25
iugum,25
accido,25
moenia,25
captiuus,25
spero,25
frumentum,25
circum,25
neue,25
coetus,25
uetustas,25
transgredior,25
aliquando,25
precor,25
ferme,25
subeo,25
impero,25
manipulus,25
senectus,25
forus,25
regredior,25
ara,25
offensio,25
fors,24
turba,24
stuprum,24
adulterium,24
pauidus,24
suimet,24
solacium,24
triumphalis,24
frango,24
dissimulo,24
tego,24
uena,24
perrumpo,24
dimitto,24
legionarius,24
responsum,24
exstruo,24
agger,24
inopia,24
uocula,24
imperito,24
demum,24
tenebrae,24
rector,24
senatorius,24
sponte,24
duro,24
nuptiae,24
praetorianus,24
excio,24
patro,24
superstitio,24
accingo,24
adiungo,24
aestimo,24
intercipio,24
aquila,24
comito,24
lacus,24
sicut,24
aditus,24
cliens,24
ulcisco,24
rudis,24
ludus,24
patruus,24
tribuo,24
paetus,24
coepio,23
tempero,23
dedo,23
trux,23
proueho,23
protego,23
status,23
turma,23
undique,23
opera,23
recito,23
obses,23
insigne,23
questus,23
egressus,23
patefacio,23
aboleo,23
floreo,23
mutuus,23
concordia,23
incautus,23
fas,23
tectum,23
cognomentum,23
defectio,23
adoptio,23
praefero,23
intro,23
uerber,23
graecus,23
domitius,23
expleo,22
simulo,22
magnificus,22
extra,22
delectus,22
moderatio,22
anteeo,22
innocens,22
imbuo,22
memini,22
flagito,22
aduento,22
dilectus,22
praesum,22
tumultus,22
iungo,22
compleo,22
collis,22
glisco,22
praeter,22
amissum,22
instruo,22
uilla,22
saeuio,22
cogo,22
simulatio,22
prauus,22
praedico,22
cremo,22
perfero,22
interpretor,22
arbitro,22
condicio,22
gratus,22
abstineo,22
frequens,22
propero,22
ingruo,22
fugio,22
irrideo,22
defungor,22
seuerus,22
aemulus,22
inops,22
occasio,22
saltus,22
scientia,22
commoueo,22
lepidus,22
arbitrium,21
premo,21
discors,21
proditor,21
testor,21
cognitio,21
similis,21
comitatus,21
gallius,21
ferocia,21
spons,21
sin,21
fossa,21
spiritus,21
indo,21
effero,21
patientia,21
effundo,21
perdo,21
umquam,21
molior,21
excedo,21
deditio,21
profugus,21
antequam,21
sisto,21
destinatum,21
triumphus,21
promiscuus,21
inermis,21
conficio,21
aeger,21
caerimonia,21
ardor,21
spargo,21
luctus,21
transigo,21
poppaeus,21
cassius,21
scruto,20
expers,20
conspicuus,20
aeque,20
admoneo,20
uilis,20
excidium,20
scutum,20
pateo,20
uiginti,20
uarus,20
expugno,20
aduentus,20
conduco,20
tribunal,20
paueo,20
uasto,20
temeritas,20
edictum,20
fundo,20
euado,20
insido,20
pietas,20
mitigo,20
quintus,20
solum,20
praesideo,20
abscedo,20
recipero,20
exprobro,20
contrarius,20
miseratio,20
quicumque,20
finio,20
gradus,20
ludicer,20
laeto,20
testamentum,20
incolumitas,20
paternus,20
histrio,20
plenus,19
beneficium,19
pulsus,19
queror,19
lapis,19
inicio,19
absoluo,19
praetendo,19
onero,19
alo,19
contineo,19
hasta,19
omen,19
dispono,19
primo,19
uanus,19
regressus,19
adimo,19
africa,19
iunius,19
miraculum,19
terminus,19
caelestis,19
obstringo,19
conuenio,19
angustia,19
dictito,19
colligo,19
induco,19
simulacrum,19
obnoxius,19
antiquitas,19
dexter,19
fiducia,19
somnus,19
saeculum,19
anceps,19
postea,19
necessitudo,19
priuo,19
aegre,19
mutatio,19
obeo,19
solutus,19
hercule,19
auius,19
cibus,19
adulter,19
burrus,19
dono,18
admodum,18
constans,18
publice,18
flagro,18
domesticus,18
britannicus,18
nequeo,18
certe,18
imbellis,18
obsidio,18
statio,18
minitor,18
praesto,18
affectus,18
affirmo,18
creditum,18
angustus,18
dirimo,18
interea,18
grates,18
exsul,18
conscribo,18
distraho,18
percussor,18
contingo,18
coniuratio,18
fax,18
detraho,18
arrogantia,18
latebra,18
taedium,18
subigo,18
secum,18
separo,18
notus,18
cogitatio,18
comitas,18
promitto,18
cognitus,18
permisceo,18
patronus,18
effugio,18
nomino,18
progressus,18
eludo,18
prouisus,18
incolumis,18
cornelius,18
cn,18
delictum,18
exprimo,18
sulla,18
antea,17
loco,17
iacto,17
firmus,17
gener,17
iuro,17
penetro,17
fruor,17
marcellus,17
miror,17
aequo,17
aerarius,17
noceo,17
fusus,17
conquiro,17
pueritia,17
perpello,17
incendo,17
transgressus,17
miser,17
oriens,17
cumulo,17
absumo,17
discretus,17
turris,17
uulnero,17
pareo,17
imperitus,17
incuriosus,17
totiens,17
fames,17
mollis,17
fatigo,17
proficiscor,17
reuoco,17
foedo,17
satio,17
rufus,17
interfector,17
exitiosus,17
reuertor,17
uicinus,17
uirgo,17
diuinus,17
argentum,17
cano,17
stirps,17
polluo,17
galba,17
innocentia,17
sileo,17
utilis,17
deprehendo,17
tandem,17
colloquium,17
facultas,17
reuerentia,17
pedes,17
contentus,17
cieo,17
sustineo,17
fabius,17
ministerium,17
aegyptus,17
fastigium,17
comminus,17
admoueo,17
mulier,17
scriptor,17
requiro,17
statua,17
infamis,17
penitus,17
durus,17
lucus,17
blaesus,17
supplex,17
miseror,17
cruentus,16
resisto,16
dis,16
expeditio,16
assentio,16
promo,16
socer,16
debeo,16
praeceptum,16
trans,16
illuc,16
flaccus,16
natalis,16
digredior,16
uictus,16
reputo,16
cornu,16
nego,16
propinquo,16
situs,16
accurro,16
frux,16
munio,16
corripio,16
exploro,16
incendium,16
constituo,16
ignoro,16
temere,16
incoho,16
exardeo,16
nudus,16
affinitas,16
festus,16
gaudeo,16
procer,16
corona,16
pontifex,16
perfugio,16
infringo,16
consido,16
ueneror,16
documentum,16
aeternus,16
liceo,16
proicio,16
imber,16
passus,16
octo,16
argumentum,16
sordidus,16
uirilis,16
partus,16
bello,16
sepono,16
semel,16
penas,16
imperatorius,16
libellus,16
quaestor,16
numero,16
amitto,16
celsus,16
scilicet,16
etsi,16
uersus,16
codicilli,16
insons,16
adulescens,16
index,16
posthac,16
usquam,15
praefectura,15
abicio,15
offensus,15
qualis,15
regio,15
deprecor,15
iurgium,15
discerno,15
inimicitia,15
paupertas,15
malum,15
obuiam,15
spolium,15
uigeo,15
animal,15
effugium,15
donatiuum,15
suppleo,15
transitus,15
obruo,15
subiectum,15
strages,15
tentorium,15
gregarius,15
furor,15
obsidium,15
galbus,15
kalendae,15
hispania,15
rogo,15
oppono,15
sacerdotium,15
retraho,15
sagitta,15
aspectus,15
resto,15
asseuero,15
continuo,15
agrestis,15
confero,15
contractus,15
altitudo,15
sublatus,15
incorruptus,15
maturo,15
fido,15
ignominia,15
coeo,15
monumentum,15
facundia,15
auspicium,15
expono,15
contemptus,15
arbor,15
infectus,15
ardesco,15
discedo,15
alacer,15
uigilia,15
pecco,15
senecta,15
collega,15
successor,15
grandis,15
adultus,15
industria,15
maternus,15
degredior,15
festinatio,15
aptus,15
repetunda,15
dictator,15
narro,15
sexus,15
damno,15
complexus,15
asinius,15
introeo,15
praeualeo,15
globus,15
uiolentia,15
quaestio,15
amoueo,15
cicero,15
monstro,14
condio,14
occulte,14
turpis,14
irrito,14
instituo,14
modestus,14
nemus,14
ingratus,14
auditus,14
comprimo,14
improuisus,14
cantus,14
incubo,14
exposco,14
innoxius,14
densus,14
quinque,14
lacesso,14
conatus,14
uadum,14
uicus,14
nuto,14
eodem,14
largior,14
ultor,14
segnitia,14
offendo,14
alloquor,14
actus,14
contendo,14
accola,14
fecundus,14
celer,14
delubrum,14
iuppiter,14
magnificentia,14
possessio,14
idoneus,14
uarie,14
digressus,14
prosequor,14
notabilis,14
obsto,14
condo,14
commilito,14
solitudo,14
profectus,14
moror,14
sacro,14
sidus,14
prius,14
nedum,14
peritus,14
coepto,14
trepidatio,14
sextus,14
elicio,14
remeo,14
simplex,14
opportunus,14
inscitia,14
concieo,14
immotus,14
experimentum,14
rumpo,14
facilitas,14
maestitia,14
socordia,14
disco,14
dilabor,14
complector,14
commendo,14
incitamentum,14
iaceo,14
tumulus,14
sollemnis,14
permoueo,14
insisto,14
deiectus,14
superstes,14
concessus,14
congressus,14
cingo,14
prospere,14
etenim,14
subdo,14
tabula,14
sensus,14
scaurus,14
disertus,14
antistius,14
contumacia,13
iterum,13
incido,13
delator,13
uoluntas,13
suspendo,13
obliuio,13
sancio,13
excubia,13
mancipium,13
exquiro,13
ritus,13
lingua,13
nudo,13
cuneus,13
alimentum,13
fremo,13
adolesco,13
britannia,13
seditiosus,13
acte,13
exhaurio,13
assideo,13
conuello,13
excido,13
circumfundo,13
quantum,13
fretus,13
cerno,13
resumo,13
induo,13
concupisco,13
ambigo,13
trepido,13
nolo,13
felix,13
dissimulatio,13
alpis,13
pignus,13
demoueo,13
maturus,13
desertor,13
detrecto,13
cautus,13
iniquus,13
aduersor,13
auunculus,13
praetexo,13
affligo,13
obtendo,13
insector,13
mensis,13
genu,13
asto,13
morbus,13
aureus,13
totidem,13
astus,13
populo,13
comparo,13
odi,13
impatiens,13
callidus,13
antepono,13
tristitia,13
maereo,13
contubernium,13
expostulo,13
tribunicius,13
oblittero,13
hactenus,13
explorator,13
similitudo,13
prorsus,13
duodecim,13
obiectum,13
interiacio,13
moderor,13
reticeo,13
plebeius,13
scaena,13
poeta,13
adflictus,12
superbus,12
respicio,12
uelo,12
diduco,12
excito,12
pertineo,12
secundum,12
illudo,12
splendidus,12
inueho,12
profiteor,12
imputo,12
rebellis,12
diripio,12
congrego,12
honoro,12
prouenio,12
sinister,12
semen,12
haereo,12
tenuis,12
subuerto,12
caterua,12
appono,12
prodigium,12
coniungo,12
ductus,12
epulor,12
sonus,12
securis,12
error,12
soluo,12
sarcina,12
egestas,12
circumsedeo,12
incruentus,12
lorica,12
annona,12
aer,12
figo,12
regulus,12
diues,12
conuinco,12
dispar,12
absurdus,12
secreto,12
quisnam,12
polliceor,12
spolio,12
libens,12
dea,12
commercium,12
uoluntarius,12
paeniteo,12
congredior,12
inultus,12
detineo,12
dictus,12
morior,12
grauitas,12
assiduus,12
planum,12
captiuitas,12
alibi,12
circus,12
uenalis,12
regimen,12
luxuria,12
quonam,12
comitium,12
rostrum,12
liberalitas,12
triginta,12
relatus,12
cotidie,12
annuus,12
merces,12
strenuus,12
operio,12
oblino,12
saucius,12
immitto,12
impetro,12
inuitus,12
cito,12
liberi,12
prudens,12
egeo,12
carcer,12
libertinus,12
sustento,12
saluto,12
praescribo,12
rogito,12
candidatus,12
ingenuus,12
aper,12
campania,12
decedo,12
aio,12
consector,11
perfringo,11
infelix,11
gesto,11
sapio,11
ruina,11
sterno,11
minax,11
antiquitus,11
exolesco,11
reseruo,11
intercedo,11
adiuuo,11
amplector,11
nequaquam,11
no,11
capito,11
catena,11
pagus,11
perpetior,11
raptim,11
inertia,11
procax,11
fera,11
eminus,11
fluxus,11
lectus,11
instinctus,11
consumo,11
uinum,11
pondus,11
concipio,11
cursus,11
impedimentum,11
adueho,11
uehiculum,11
ambitiosus,11
famosus,11
proturbo,11
appeto,11
periclitor,11
coepi,11
octauius,11
lenio,11
obtestor,11
percontor,11
perpetro,11
decem,11
retro,11
carus,11
desertum,11
obliuiscor,11
inconditus,11
annius,11
octauus,11
caueo,11
fiscus,11
adulescentulus,11
approbo,11
ingero,11
territus,11
largus,11
gemitus,11
cupidus,11
momentum,11
regno,11
septem,11
inlicitus,11
iners,11
solidus,11
cruor,11
arcanus,11
centum,11
ornatus,11
uigil,11
triremis,11
erepo,11
progredior,11
dominor,11
uereor,11
infaustus,11
lubricus,11
colloco,11
perago,11
dignatio,11
sumptus,11
temulentus,11
aggrego,11
assigno,11
auitus,11
confiteor,11
subtraho,11
conuicium,11
impudicitia,11
propius,11
nonus,11
ignosco,11
conecto,11
lentus,11
impunis,11
armo,11
horridus,11
uersor,11
tiberis,11
indulgeo,11
notitia,11
ambio,11
eripio,11
minuo,11
amplexus,11
fluctus,11
heres,11
orans,11
concursus,11
missio,11
immo,11
repentinus,11
perficio,11
degener,11
annalis,11
nurus,11
prolabor,11
enimuero,11
apiscor,11
ordior,11
damnatio,11
coniugium,11
uerum,11
ueneficium,11
ubique,10
desidero,10
impunitas,10
restituo,10
heluidius,10
rubor,10
iracundia,10
apparatus,10
iudico,10
supero,10
grassor,10
cogito,10
prodeo,10
incensus,10
concurro,10
exsurgo,10
insolitus,10
informis,10
affluo,10
d,10
abripio,10
diuersitas,10
educo,10
montanus,10
iurandum,10
adloquium,10
peruenio,10
circumeo,10
memor,10
remaneo,10
nocturnus,10
repono,10
priuatim,10
certatim,10
delatio,10
intento,10
puer,10
conscriptus,10
prauitas,10
reditus,10
deformis,10
prehenso,10
timor,10
praesentia,10
multo,10
neuter,10
late,10
quadraginta,10
fons,10
adnuo,10
pango,10
tantum,10
incurso,10
emo,10
deficio,10
crinis,10
nobiscum,10
uectigal,10
consuetudo,10
affecto,10
licet,10
britannus,10
amo,10
monitus,10
lumen,10
pontus,10
neglego,10
praecipio,10
congruo,10
consentio,10
uastus,10
conditor,10
prospecto,10
uber,10
unda,10
mensa,10
sol,10
arx,10
porticus,10
secus,10
noxius,10
labo,10
alueus,10
bracchium,10
felicitas,10
tardus,10
claustrum,10
difficilis,10
unicus,10
deterius,10
priuignus,10
hodie,10
concilio,10
faenus,10
sector,10
speculator,10
stimulo,10
desiderium,10
necdum,10
pilum,10
strepo,10
parsimonia,10
fremitus,10
marius,10
locuples,10
asper,10
remotus,10
amoenus,10
consequor,10
crudelitas,10
prouincialis,10
uicesimus,10
porro,10
luo,10
maeror,10
peruerto,10
cruciatus,10
incesso,10
lictor,10
arruntius,10
quanto,10
meditatio,10
probrosus,10
infans,10
conuictus,10
exercitatio,10
pomponius,10
deuincio,10
aedilis,10
caelius,10
obtempero,10
caluus,10
saepio,9
insulto,9
circumiectus,9
quaestus,9
serus,9
expeto,9
placo,9
magister,9
incessus,9
cultor,9
ministro,9
umerus,9
lixa,9
negotiator,9
derigo,9
remex,9
palor,9
inceptum,9
perfuga,9
testudo,9
propello,9
intus,9
dubie,9
congero,9
pugio,9
accenseo,9
onustus,9
socors,9
primanus,9
cupiditas,9
fulgeo,9
discessus,9
tribunatus,9
laedo,9
capax,9
cluuius,9
itus,9
redigo,9
pellis,9
produco,9
osculum,9
flauius,9
proconsul,9
macer,9
satelles,9
pecus,9
latrocinium,9
capitolium,9
haruspex,9
internus,9
abhorreo,9
miseria,9
displiceo,9
noxa,9
profanus,9
inclutus,9
arbiter,9
ueneratio,9
uecors,9
incursus,9
missilis,9
intutus,9
conglobo,9
adiunctus,9
accepta,9
aequalis,9
medicus,9
fortasse,9
oraculum,9
medeor,9
ambages,9
coniecto,9
immisceo,9
prouoco,9
iudaeus,9
incestus,9
sitis,9
datus,9
uergo,9
iactus,9
tenus,9
limen,9
expello,9
neptis,9
concido,9
polleo,9
nubes,9
reuoluo,9
flexus,9
humilis,9
feralis,9
ueritas,9
fio,9
obligo,9
leuamentum,9
subicio,9
illecebra,9
nascor,9
distinguo,9
desperatio,9
nescio,9
leuo,9
procedo,9
succedo,9
prouoluo,9
admiratio,9
peruado,9
sollicitudo,9
immitis,9
tractus,9
contego,9
illicio,9
praesumo,9
moene,9
impudicus,9
subnixus,9
blandimentum,9
circumsisto,9
beatus,9
interpretatio,9
inglorius,9
assimulo,9
aestus,9
fulgor,9
delibero,9
curo,9
lasciuio,9
rebellio,9
toga,9
acerbus,9
portus,9
coniunctus,9
accitus,9
pactum,9
brutus,9
introspicio,9
reprimo,9
suspecto,9
requies,9
flagitiosus,9
sedecim,9
fabula,9
scriptum,9
aedificium,9
remigium,9
fluo,9
orno,9
permissus,9
fructus,9
sedeo,9
s,9
scipio,9
domi,9
uterus,9
egenus,8
lamentum,8
indigeo,8
pilus,8
nominatim,8
pauesco,8
redintegro,8
consanguineus,8
propugnator,8
ango,8
obsisto,8
scalae,8
cratis,8
intellectus,8
ferio,8
eruptio,8
peritia,8
murmur,8
indomitus,8
cubile,8
crassus,8
hortatus,8
africanus,8
crispus,8
prosterno,8
intectus,8
aemulor,8
ualerius,8
nauigatio,8
attingo,8
reliquiae,8
fatalis,8
furo,8
concilium,8
disto,8
aliter,8
effodio,8
medium,8
traduco,8
egregie,8
deterreo,8
contemno,8
inuoco,8
queo,8
coalesco,8
transueho,8
insideo,8
incuria,8
auerto,8
afflicto,8
auersus,8
inclinatio,8
uanitas,8
triennium,8
auersor,8
temperamentum,8
adductus,8
decor,8
experientia,8
captus,8
sacrifico,8
naualis,8
implico,8
laeuus,8
dirus,8
interrumpo,8
stringo,8
mucro,8
stagnum,8
quotus,8
aeuum,8
posteritas,8
contumax,8
inauditus,8
praepotens,8
infirmitas,8
administro,8
comiter,8
praefor,8
arcesso,8
praeclarus,8
acquiro,8
bis,8
pauper,8
nummus,8
audax,8
imito,8
indecorus,8
immodicus,8
saltem,8
uexillarius,8
truncus,8
sepultura,8
properatus,8
quinquaginta,8
sordes,8
detego,8
uoluo,8
prodigus,8
desidia,8
inhonestus,8
orbitas,8
resurgo,8
perstringo,8
diffido,8
obseruo,8
proruo,8
deminuo,8
opinio,8
profundus,8
umbra,8
mollio,8
adnoto,8
hospes,8
sexaginta,8
languesco,8
uentito,8
uenus,8
accelero,8
opulentus,8
reduco,8
compello,8
praeualidus,8
citus,8
acriter,8
sepelio,8
intempestiuus,8
fabulosus,8
probrus,8
pudeo,8
clientela,8
recludo,8
dissentio,8
contraho,8
degenero,8
illigo,8
taurus,8
tribus,8
quadringenti,8
laqueus,8
munificentia,8
specus,8
nupta,8
publico,8
ancilla,8
delinquo,8
maecenas,8
modice,8
oppidanus,8
demonstro,8
libet,8
seruilius,8
apronius,8
arcus,8
exanimis,8
census,8
fecunditas,8
relatio,8
defleo,8
supplicatio,8
quinquennium,8
exturbo,8
desino,7
indignus,7
saluus,7
alacritas,7
peruicax,7
suffragium,7
oportet,7
instrumentum,7
peruicacia,7
circumspecto,7
qualiscumque,7
seruio,7
contentio,7
sortior,7
testimonium,7
incalesco,7
orsus,7
pellicio,7
claritas,7
transrhenanus,7
oceanus,7
abduco,7
obuerto,7
procumbo,7
germanium,7
praecipito,7
scindo,7
uerbero,7
delego,7
detrudo,7
declino,7
demissus,7
reposco,7
suspectus,7
quintanus,7
mercor,7
propalam,7
delabor,7
careo,7
suppedito,7
expertus,7
uindico,7
flamma,7
ceruix,7
siluanus,7
attono,7
animaduerto,7
consternatio,7
destringo,7
maurus,7
mendacium,7
iudaicus,7
amplius,7
portendo,7
distineo,7
infidus,7
allicio,7
furtim,7
persto,7
transfuga,7
hora,7
exequia,7
opulentia,7
socio,7
diurnus,7
conterminus,7
edico,7
transcendo,7
adnecto,7
intrepidus,7
patens,7
lacero,7
elabor,7
apollo,7
inuideo,7
perhibeo,7
duodecimus,7
bos,7
ater,7
cinis,7
demo,7
uulgatus,7
perfugium,7
intuor,7
factio,7
hostia,7
obiectus,7
subdolus,7
exhortatio,7
obuersor,7
obuenio,7
intactus,7
electio,7
necessarius,7
malignitas,7
quattuordecim,7
formidulosus,7
fastidium,7
tarde,7
ter,7
industrius,7
stultus,7
infirmus,7
adopto,7
suboles,7
comis,7
praegrauis,7
fallax,7
uiritim,7
manipularis,7
euerto,7
coniuro,7
galea,7
uexo,7
expugnatio,7
penates,7
collegium,7
paganus,7
conqueror,7
cunctanter,7
stratum,7
profectio,7
criminatio,7
propter,7
faux,7
assulto,7
palatium,7
intercido,7
sciscitor,7
occidens,7
proloquor,7
uigor,7
crimino,7
citra,7
dulcedo,7
prudentia,7
recuso,7
eminens,7
quaestura,7
patricius,7
saepis,7
propulso,7
asperitas,7
recedo,7
laboro,7
elegantia,7
conflicto,7
insumo,7
limes,7
proconsularis,7
anima,7
ignobilis,7
interitus,7
regina,7
peregrinus,7
mas,7
achaia,7
calpurnius,7
factito,7
maritimus,7
occurso,7
quingenti,7
receptus,7
tueo,7
tuba,7
aspero,7
rogus,7
irrepo,7
petronius,7
euinco,7
uictima,7
agr,7
amoenitas,7
uolito,7
fautor,7
impune,7
possido,7
peruius,7
planus,7
affinis,7
decet,7
fletus,7
dedico,7
concors,7
framea,7
paries,7
adaequo,7
serius,7
asseueratio,7
haterius,7
censorius,7
frumentarius,7
interdictum,7
quandoque,7
uindicta,7
insuesco,7
obtego,7
paelex,7
flamen,7
praematurus,7
fomentum,7
uiolentus,7
perscribo,7
grauidus,7
silus,7
gentilis,7
laudatio,7
obsigno,7
orbus,7
antius,7
annaeus,7
senecio,7
augesco,6
obtrunco,6
plausus,6
abstraho,6
anulus,6
insectatio,6
doctor,6
fortitudo,6
scando,6
adnitor,6
renouo,6
corruptor,6
colus,6
crebresco,6
attero,6
primipilaris,6
k,6
intereo,6
refert,6
obstupefacio,6
sollertia,6
excutio,6
ardeo,6
emitto,6
ualesco,6
eiuro,6
accensi,6
strepitus,6
dissonus,6
prosum,6
fodio,6
promoueo,6
trabs,6
saeptum,6
confido,6
confodio,6
terrestris,6
absentia,6
redimo,6
praesente,6
actio,6
admissum,6
postremus,6
marcus,6
adulo,6
simultas,6
placabilis,6
imminuo,6
fundamentum,6
commeo,6
discepto,6
parco,6
pacta,6
erro,6
aemilius,6
nauo,6
paruulus,6
puerilis,6
sanctus,6
sincerus,6
resoluo,6
remus,6
clemens,6
iactans,6
obstruo,6
ascendo,6
ouo,6
penso,6
solor,6
speciosus,6
moderatus,6
obtero,6
uer,6
reparo,6
intolerans,6
tumidus,6
electus,6
pone,6
atheniensis,6
reueho,6
emetior,6
expromo,6
perdomo,6
tertianus,6
primordium,6
tabes,6
torpeo,6
obstino,6
neco,6
persuasio,6
saluber,6
proceritas,6
odor,6
egero,6
habito,6
uanesco,6
harena,6
domo,6
centenus,6
propugnaculum,6
adiaceo,6
persulto,6
stimulus,6
debello,6
intermitto,6
uelum,6
rabies,6
praesagium,6
indefensus,6
mobilis,6
amolior,6
uocatus,6
idus,6
mathematicus,6
persuadeo,6
enitor,6
innitor,6
consaluto,6
sella,6
necesse,6
refoueo,6
uixdum,6
praeeo,6
togatus,6
familiaritas,6
uacatio,6
iustitia,6
detestor,6
populatio,6
auiditas,6
decipio,6
audenter,6
pernicitas,6
umidus,6
mollitia,6
licinius,6
alumnus,6
prouidus,6
uulgaris,6
expendo,6
propinquitas,6
crebro,6
uro,6
pulchritudo,6
placidus,6
administratio,6
currus,6
infra,6
proficio,6
aequalitas,6
aestuarium,6
liberalis,6
antefero,6
balneum,6
tollo,6
sacrificium,6
dissensio,6
tener,6
paene,6
defigo,6
lacer,6
satietas,6
iuuenilis,6
utcumque,6
otiosus,6
prae,6
perueho,6
profligo,6
trierarchus,6
credulitas,6
nexus,6
numida,6
surgo,6
uerginius,6
curulis,6
defector,6
exitiabilis,6
spado,6
adrogans,6
aquilus,6
sonitus,6
nempe,6
conflictor,6
clementer,6
alioqui,6
rescribo,6
partio,6
aggero,6
rus,6
peruinco,6
uiolo,6
habilis,6
infinitus,6
decido,6
suffugium,6
pudicitia,6
tutela,6
ascribo,6
beneuolentia,6
latiaris,6
cestius,6
notesco,6
caluisius,6
inquies,6
proauus,6
distinctus,6
pabulum,6
abscessus,6
acerronius,6
firmitudo,6
deporto,6
uarietas,6
exanimo,6
tegmen,6
profluo,6
nouerca,6
infantia,6
discordo,6
membrum,6
dextra,6
creo,6
eueho,6
constitutum,6
flauus,6
discidium,6
congiarius,6
dialis,6
testificor,6
lucanus,6
aduocatus,6
eruditio,6
oratorius,6
auditorius,6
controuersia,6
rhetor,6
utique,6
auditor,6
implacabilis,5
protraho,5
procerus,5
lustro,5
quaestorius,5
recingo,5
ambeo,5
exercitium,5
praedor,5
uindex,5
mutus,5
deleo,5
lupercus,5
consisto,5
aueho,5
herennius,5
ductor,5
merito,5
oppugno,5
praeferox,5
proelior,5
surruo,5
ballista,5
uineus,5
celero,5
exemplar,5
penuria,5
lignum,5
effulgeo,5
restinguo,5
inconsultus,5
umbo,5
hostiliter,5
adsuesco,5
immanis,5
mars,5
absento,5
iulianus,5
citer,5
fastus,5
secta,5
sulpicius,5
creditor,5
gaius,5
u,5
innecto,5
credulus,5
horreum,5
ramus,5
caespes,5
metallum,5
series,5
descendo,5
inlectus,5
incognitus,5
pudet,5
quirinus,5
intemeratus,5
iumentum,5
herba,5
depono,5
deformitas,5
duplico,5
diruo,5
conubium,5
incustoditus,5
internuntius,5
porto,5
uictrix,5
cresco,5
rapidus,5
impunitus,5
patesco,5
circumsto,5
digno,5
respergo,5
eximius,5
denuntio,5
benignitas,5
interuenio,5
uocito,5
purgo,5
rupes,5
penetralis,5
infernus,5
superfundo,5
autumnus,5
sero,5
conluuies,5
leuitas,5
stabilis,5
tabernaculum,5
luce,5
insequor,5
extorris,5
assuefacio,5
destruo,5
introitus,5
inexpertus,5
commodus,5
censor,5
contactus,5
adulescentia,5
principalis,5
indoles,5
postpono,5
praeteritus,5
tumeo,5
exsulto,5
significo,5
millies,5
duritia,5
perduco,5
praedium,5
opto,5
adorior,5
irascor,5
exclamo,5
suggestus,5
protendo,5
lenitas,5
corrigo,5
recordatio,5
contus,5
appareo,5
pendeo,5
septuaginta,5
alleuo,5
hospitium,5
cohorto,5
biduus,5
piaculum,5
interritus,5
titulus,5
uelox,5
ignorantia,5
nouitas,5
nusquam,5
destinatio,5
pontificatus,5
successus,5
inhabilis,5
lancea,5
aurelius,5
uelocitas,5
discursus,5
deposco,5
parricida,5
taberna,5
particeps,5
inritamentum,5
modeste,5
philosophia,5
diligens,5
segniter,5
erudio,5
indigenus,5
traicio,5
credibilis,5
officio,5
incola,5
itero,5
longinquitas,5
castigo,5
sapienter,5
iactantia,5
edoceo,5
conspiratio,5
pasco,5
exuro,5
tributum,5
equidem,5
conexum,5
insurgo,5
conitor,5
minime,5
celebritas,5
praeditus,5
interuallum,5
acerbitas,5
imbecillus,5
tenere,5
rhodus,5
uoueo,5
offundo,5
purus,5
assolo,5
circumspicio,5
cithara,5
occipio,5
coactus,5
amphitheatrum,5
municipalis,5
castus,5
percrebesco,5
sanitas,5
grator,5
signifer,5
dimoueo,5
uoluto,5
claresco,5
refercio,5
iugulo,5
probitas,5
haudquaquam,5
discumbo,5
procido,5
altar,5
quid,5
prolato,5
alexander,5
diligo,5
correpo,5
occursus,5
temperantia,5
consurgo,5
obturbo,5
fatisco,5
riuus,5
interrogatio,5
arrepo,5
defensor,5
speculor,5
diuturnus,5
socialis,5
fabrico,5
praepedio,5
pompa,5
blandus,5
maius,5
asylum,5
confessio,5
decurro,5
exter,5
intericio,5
inlacrimo,5
opinor,5
inscribo,5
armentum,5
uenatus,5
magus,5
quatenus,5
publicanus,5
impotentia,5
ducenti,5
liceor,5
porrigo,5
adsuetudo,5
caprea,5
detorqueo,5
exorsus,5
irrogo,5
geminus,5
reficio,5
perimo,5
labefacio,5
tardo,5
albanus,5
rubellus,5
balbus,5
commentarius,5
faustus,5
catus,5
consocio,5
obtrectator,5
poenus,5
lentulus,5
communio,5
sagittarius,5
deuotio,5
medicamen,5
recondo,5
lamento,5
nauigium,5
astringo,5
sons,5
circumgredior,5
dehonesto,5
pronepos,5
facetia,5
confingo,5
periculosus,5
fascis,5
oboedio,5
nihilum,5
decuma,5
indico,5
tiro,5
mutuor,5
planities,5
utensilis,5
dedignor,5
ponticus,5
frequento,5
torquatus,5
iniurius,5
aduersarius,5
liberta,5
disputatio,5
poeticus,5
denego,5
compositio,5
inuidiosus,4
petulantia,4
ignobilitas,4
patibulum,4
contumeliosus,4
honorificus,4
mentio,4
contemptor,4
asiaticus,4
transmissus,4
dehonestamentum,4
nouo,4
enumero,4
stolidus,4
uibro,4
subsum,4
imperitia,4
puppis,4
gubernator,4
transfugio,4
ululatus,4
duplex,4
subito,4
rapum,4
penna,4
desuper,4
machina,4
aquilifer,4
culpo,4
contundo,4
ferratus,4
machinamentum,4
sublimis,4
callide,4
immortalis,4
uirga,4
en,4
conspectus,4
incompositus,4
obsessor,4
instigo,4
arrius,4
confugio,4
aduoco,4
censura,4
facesso,4
ambo,4
impotens,4
pulso,4
planctus,4
illuuies,4
abrogo,4
instabilis,4
interuentus,4
indiscretus,4
euincio,4
extum,4
temero,4
proclamo,4
praegredior,4
horreo,4
optime,4
octingenti,4
excepto,4
uirgultum,4
calo,4
coorior,4
existimo,4
iuuenalis,4
salutaris,4
nouem,4
necto,4
undecimus,4
sextilius,4
deturbo,4
mulceo,4
concupio,4
compages,4
precarius,4
gallicus,4
deprimo,4
commemoro,4
aduoluo,4
incredibilis,4
caecus,4
aegyptius,4
simplicitas,4
subduco,4
proles,4
indigus,4
que,4
grex,4
blandior,4
genitalis,4
nefas,4
umor,4
nix,4
pelagus,4
uolucer,4
uapor,4
fulmen,4
praepolleo,4
mobilitas,4
obliquus,4
introrsus,4
sinuo,4
emptum,4
amburo,4
colluceo,4
pedester,4
ignominiosus,4
fluito,4
continens,4
torqueo,4
affundo,4
oppleo,4
concutio,4
trudo,4
obsido,4
obtrectatio,4
procuratio,4
sterilis,4
licens,4
impulsus,4
maculosus,4
aula,4
facundus,4
iro,4
ambitiose,4
uaco,4
caelebs,4
scortum,4
blanditia,4
libenter,4
libro,4
immanitas,4
intueor,4
nuncupo,4
breuitas,4
rigor,4
exactio,4
successio,4
paucitas,4
aduerso,4
terentius,4
praeripio,4
completus,4
prospectus,4
deripio,4
iugulum,4
lanio,4
confundo,4
dimissus,4
inoffensus,4
proconsulatus,4
integre,4
parcus,4
obtentus,4
atrocitas,4
impius,4
centuria,4
fastidio,4
mensura,4
profusus,4
quatio,4
scitum,4
pigeo,4
compesco,4
phalerae,4
augurium,4
lenis,4
meatus,4
rixa,4
uenundo,4
constanter,4
delenimentum,4
cumulus,4
propono,4
impenetrabilis,4
ornamentum,4
eualesco,4
frequentia,4
torus,4
martius,4
insolens,4
deses,4
improuidus,4
supergredior,4
profecto,4
excelsus,4
licenter,4
iurisdictio,4
abundantia,4
despondeo,4
inspicio,4
accresco,4
coma,4
auriga,4
propugno,4
commune,4
frigus,4
ruber,4
biennium,4
excusatio,4
custodio,4
ostentatio,4
commodo,4
excursus,4
nonanus,4
liburnicus,4
illustro,4
fugax,4
emineo,4
trecenti,4
formo,4
absens,4
insignio,4
pertraho,4
erubesco,4
achaius,4
dissimilis,4
perosus,4
iaculor,4
senesco,4
adhaereo,4
orbo,4
fleo,4
italicus,4
arbustum,4
identidem,4
nimis,4
mecum,4
parce,4
anquiro,4
specimen,4
amputo,4
consterno,4
uigilantia,4
praescius,4
alluo,4
inuito,4
neruus,4
intolerandus,4
iniquitas,4
aruum,4
abscisus,4
temperatus,4
funestus,4
impudentia,4
interfluo,4
inedia,4
rapto,4
luna,4
flebilis,4
tegula,4
dilato,4
ostium,4
iucundus,4
subsisto,4
adfectus,4
amictus,4
paulo,4
exeo,4
aura,4
irruptio,4
aemulatus,4
rescriptum,4
uertex,4
concentus,4
praecipue,4
consecro,4
exsto,4
confirmo,4
color,4
caenum,4
finitimus,4
torquis,4
receptaculum,4
como,4
nubo,4
ubertas,4
lusus,4
quadragesimus,4
alienigena,4
antecedo,4
pererro,4
carnifex,4
atticus,4
trio,4
liuius,4
sextius,4
maleficus,4
quiuis,4
marcius,4
quindecimuir,4
discessio,4
ser,4
rogatio,4
chaldaeus,4
uiuidus,4
auis,4
despicio,4
diadema,4
uenum,4
interdum,4
persequor,4
repertor,4
inhio,4
secessus,4
uaecordia,4
reporto,4
coeptus,4
confercio,4
postulatus,4
latro,4
sacrarium,4
diuisio,4
aes,4
frustror,4
nisus,4
incultus,4
munitio,4
gladiatorius,4
tuscus,4
sectator,4
pendo,4
alarius,4
uxorius,4
rite,4
o,4
repello,4
iustitium,4
theatralis,4
obnitor,4
pernotesco,4
reicio,4
impense,4
sexagesimus,4
adorno,4
permeo,4
uter,4
muliercula,4
deciens,4
macedonia,4
lectica,4
gestamen,4
armatura,4
oppugnatio,4
hibernaculum,4
amita,4
armenus,4
uinolentia,4
accommodatus,4
explico,4
circensis,4
funditus,4
dissolutus,4
florus,4
exorior,4
praemineo,4
emercor,4
gestus,4
oblectamentum,4
rusticus,4
gemma,4
educator,4
classiarius,4
auratus,4
abauus,4
eniteo,4
tragoedia,4
dictio,4
recitatio,4
forensis,4
dulcis,4
iucunditas,4
honestas,4
fere,4
formus,4
praeceptor,4
schola,4
immobilis,3
hiemo,3
expio,3
adnumero,3
urna,3
difficultas,3
rimor,3
alfenus,3
fonteius,3
sollers,3
retento,3
protero,3
arripio,3
sono,3
tumultuarius,3
amplitudo,3
sudis,3
pila,3
supersto,3
lectulus,3
flammo,3
uocifero,3
permaneo,3
prouidentia,3
incutio,3
absisto,3
tero,3
circumfero,3
lapsus,3
multiplex,3
instantia,3
ianuarius,3
confusio,3
exonero,3
calamitas,3
acerrime,3
curtius,3
intestabilis,3
exortus,3
elanguesco,3
renideo,3
pertinax,3
reconcilio,3
paulisper,3
manlius,3
alieno,3
mapalia,3
uendo,3
mandatus,3
committo,3
lucius,3
serenus,3
uitta,3
f,3
uestalis,3
area,3
iuno,3
minerua,3
ligo,3
funis,3
stipes,3
concitor,3
ferociter,3
sollicitus,3
cor,3
rhenium,3
admitto,3
exspectatio,3
nata,3
ferus,3
auidius,3
refugio,3
transnato,3
auspex,3
auia,3
obex,3
praeuehor,3
eruo,3
confinius,3
miserabilis,3
profligatus,3
quot,3
debilitas,3
salubris,3
octoginta,3
quaeso,3
terribilis,3
nauigo,3
aduectus,3
columen,3
exundo,3
coniectura,3
immolo,3
stella,3
quoquo,3
circumcido,3
effingo,3
domitor,3
septentrio,3
exubero,3
balsamum,3
intumesco,3
influo,3
abscindo,3
frugifer,3
flos,3
inficio,3
seges,3
admixtus,3
euersio,3
dicio,3
tripertitus,3
eos,3
uiceni,3
obstinatio,3
cunctator,3
latitudo,3
auxiliarius,3
gloriosus,3
glans,3
praelongus,3
supprimo,3
uado,3
linter,3
semisomnus,3
triceni,3
sagulum,3
prorogo,3
nobilito,3
sanus,3
hio,3
faueo,3
a,3
aestimatio,3
assentatio,3
hereditas,3
reuerens,3
fulgur,3
pronuntio,3
senus,3
quadriduum,3
uicies,3
portio,3
prodigo,3
inquietus,3
exauctoro,3
obseruatio,3
querela,3
pertempto,3
sobrius,3
significatio,3
doleo,3
comparatio,3
inlaesus,3
ianua,3
nimirum,3
repugno,3
minaciter,3
recordor,3
adhortor,3
haesitatio,3
lugubris,3
solium,3
euocatus,3
impressus,3
feritas,3
transuerbero,3
exosculor,3
pensum,3
deinceps,3
uastitas,3
infructuosus,3
accolo,3
impigre,3
squalor,3
spectator,3
raro,3
sagina,3
benigne,3
gratuitus,3
uelamentum,3
treceni,3
possessor,3
mutabilis,3
moratus,3
decurio,3
delicia,3
reconciliatio,3
admiror,3
praeparo,3
obscure,3
recolo,3
acclamo,3
tegimen,3
ferreus,3
periculose,3
perniciosus,3
obsequor,3
splendor,3
praestringo,3
congestus,3
malignus,3
obstrepo,3
naturalis,3
muluius,3
nouellus,3
immuto,3
capitalis,3
triumuir,3
inquisitio,3
quindecim,3
professio,3
indulgentia,3
iactatio,3
uerecundia,3
remissio,3
conuentus,3
enormis,3
dispicio,3
piger,3
caelus,3
calidus,3
mitesco,3
auello,3
iniungo,3
subinde,3
quantulum,3
numerosus,3
inuictus,3
commendatio,3
peccatum,3
opportunitas,3
percurro,3
incolo,3
uescor,3
muliebriter,3
inuiolatus,3
raptor,3
ueneo,3
domina,3
remoueo,3
extrudo,3
recenseo,3
torpor,3
adduco,3
respecto,3
concito,3
praelego,3
tranquillitas,3
pius,3
quinquagesimus,3
quadriennium,3
lugeo,3
marmor,3
miro,3
narratus,3
iactatus,3
adoleo,3
pandus,3
complus,3
scelestus,3
clam,3
bini,3
incomptus,3
sido,3
indutia,3
barba,3
grauo,3
pluteus,3
suffodio,3
configo,3
defensa,3
praue,3
improsper,3
respectus,3
uenter,3
transfugium,3
ancora,3
firmitas,3
extendo,3
desilio,3
mergo,3
diiudico,3
aridus,3
impingo,3
praeruptus,3
relabor,3
ementior,3
circumstrepo,3
pubes,3
distribuo,3
uesperasco,3
laudabilis,3
deueho,3
alienatio,3
probatio,3
tempestiuus,3
insimulo,3
truculentus,3
tabum,3
strues,3
insepultus,3
marinus,3
camerinus,3
effectus,3
imitatio,3
hebesco,3
signo,3
incito,3
mire,3
candidus,3
splendeo,3
ciuiliter,3
obsaepio,3
permunio,3
contemptim,3
bassus,3
laxo,3
equitatus,3
uespera,3
dolabra,3
linquo,3
septimani,3
conclamo,3
abluo,3
propere,3
amplus,3
diuello,3
defodio,3
ducentesimus,3
colonus,3
emptio,3
ostentui,3
imprudentia,3
pridie,3
funebris,3
aluus,3
prora,3
illinc,3
paciscor,3
irreuerentia,3
procella,3
capto,3
dilargior,3
immunitas,3
permulceo,3
abscondo,3
congruentia,3
hostilius,3
promineo,3
persono,3
praeposterus,3
prolatio,3
merx,3
affectio,3
uario,3
puella,3
hercules,3
consultatio,3
computo,3
robustus,3
bellator,3
inlino,3
pictura,3
belua,3
coniugalis,3
educatio,3
dego,3
pomum,3
describo,3
audentia,3
oblectatio,3
triumpho,3
nodus,3
canities,3
euoluo,3
conuersatio,3
coarguo,3
radius,3
fustis,3
considius,3
aegritudo,3
deridiculus,3
omnino,3
dilacero,3
minucius,3
ianitor,3
senilis,3
anus,3
insolentia,3
romulus,3
latinus,3
coruinus,3
uates,3
efflagito,3
prodigentia,3
peregrinatio,3
uenditio,3
obaeratus,3
deruptus,3
dimetior,3
extractum,3
immeritus,3
persoluo,3
interdico,3
mam,3
macedonus,3
infenso,3
senium,3
interiectus,3
dubitatio,3
contiguus,3
grauesco,3
laelius,3
consortium,3
locatum,3
mediocris,3
diuulgo,3
immodestia,3
indolesco,3
moderator,3
praeuerto,3
stipator,3
alias,3
forsitan,3
coniunctio,3
recepto,3
prehendo,3
belligero,3
populator,3
appugno,3
sonor,3
coacta,3
sobrina,3
macto,3
impatientia,3
probus,3
undecim,3
ephesius,3
icio,3
exanimus,3
debilito,3
aduena,3
promunturium,3
honorus,3
aueo,3
reuenio,3
sanctitas,3
dictatura,3
nouercalis,3
excessus,3
pessum,3
aestiuus,3
histrionalis,3
exercito,3
denarius,3
desolo,3
unetuicesimani,3
denus,3
uiolator,3
eicio,3
includo,3
infigo,3
demitto,3
dispertio,3
uicesimani,3
utinam,3
compendium,3
metor,3
imprudens,3
ateius,3
intercessio,3
fluuius,3
claudus,3
peroro,3
actor,3
collabor,3
salubritas,3
fauorabilis,3
progenies,3
tarditas,3
petitio,3
centiens,3
libero,3
corruptio,3
decursus,3
indictus,3
praefluo,3
hospitalis,3
uenerabilis,3
augur,3
imitamentum,3
triduum,3
diluo,3
antehac,3
tullius,3
cesso,3
decuria,3
suburbanus,3
pecuniosus,3
diana,3
lustrum,3
neapolis,3
respuo,3
extimesco,3
stoicus,3
aequitas,3
libo,3
lentitudo,3
pressus,3
dissuadeo,3
parricidium,3
perfungor,3
gymnasium,3
celeritas,3
infrequentia,3
tarquitius,3
memmius,3
innumerus,3
adminiculum,3
praeuideo,3
cotidianus,3
elaboro,3
litigator,3
delecto,3
disputo,3
itaque,3
scholasticus,3
philosophus,3
elementum,3
instructus,3
antiquarius,3
percipio,3
assurgo,3
ceres,3
paululum,3
quinquagies,3
tempore,3
pomerium,3
gustus,3
quadratum,3
suillus,3
conclamatio,2
affigo,2
posthabeo,2
altercatio,2
reformido,2
bonum,2
impugno,2
impensa,2
permuto,2
quadragensimus,2
sertorius,2
exsecratio,2
nauta,2
depromo,2
ministra,2
rota,2
desperatus,2
ineuitabilis,2
conscendo,2
siccitas,2
meditamentum,2
circumago,2
alpinus,2
exiguus,2
inuolo,2
pando,2
subsignanus,2
uastatio,2
depositum,2
frumentator,2
quintadecimani,2
sedo,2
dissocio,2
inexplebilis,2
desisto,2
diuerto,2
praetorium,2
diuturnitas,2
consobrinus,2
carthago,2
innotesco,2
inaccessus,2
prospero,2
fornax,2
pertinacia,2
infrequens,2
ruptor,2
maculo,2
pugnax,2
iaculus,2
debilis,2
conicio,2
gratulor,2
segrego,2
ambigue,2
resipisco,2
poeninus,2
instinctor,2
deprecator,2
circumuecto,2
gremium,2
consalutatio,2
possideo,2
laudator,2
palo,2
alexandrinus,2
caecitas,2
serapis,2
excrementum,2
calco,2
superabilis,2
exedo,2
proserpina,2
pastus,2
opacus,2
herbidus,2
aries,2
ieiunium,2
concubitus,2
agnatus,2
genero,2
concino,2
hedera,2
termino,2
meridies,2
obiaceo,2
occasus,2
fragmen,2
piscis,2
bitumen,2
liquor,2
undo,2
fetus,2
inexhaustus,2
progener,2
sexageni,2
cauo,2
piscina,2
pio,2
praealtus,2
porricio,2
perfidus,2
ossum,2
quocumque,2
tredecim,2
curso,2
opero,2
cooperio,2
biremis,2
quadrageni,2
uersicolor,2
aequor,2
aequinoctium,2
paluster,2
assentor,2
liuor,2
trinus,2
scopulus,2
fortiter,2
adedo,2
destituo,2
sinistre,2
adsuetus,2
metior,2
indignor,2
recta,2
apprehendo,2
curiatus,2
elegi,2
quantuluscumque,2
substituo,2
rapax,2
onerosus,2
cena,2
festinanter,2
arrogo,2
glorior,2
comissatio,2
consentiens,2
contionor,2
exarmo,2
indignatio,2
euoco,2
refringo,2
castor,2
decimo,2
emendo,2
armamentarium,2
appropinquo,2
basilica,2
armarium,2
proculco,2
crus,2
poples,2
uere,2
memorabilis,2
praecurrentia,2
temperans,2
perpetuitas,2
laco,2
praelatus,2
proscribo,2
neglectus,2
auarus,2
fataliter,2
direptio,2
auguro,2
inexorabilis,2
uiaticum,2
balteus,2
frustro,2
cruento,2
uicensima,2
ales,2
placamentum,2
intemperies,2
infamo,2
infula,2
statiuus,2
uendito,2
pactio,2
transpadanus,2
ubicumque,2
exultatio,2
diffidentia,2
concubina,2
magistra,2
rixor,2
insidiator,2
auguratus,2
immemor,2
lapso,2
lamina,2
corium,2
ostiensis,2
affectatio,2
martialis,2
lymphatus,2
imprecor,2
obscuritas,2
inanimus,2
aeternitas,2
auspicato,2
stagno,2
impiger,2
luxuriosus,2
sectio,2
saluius,2
usitatus,2
castitas,2
rudimentum,2
exercitatus,2
recognosco,2
conquisitio,2
sacrilegium,2
strenue,2
subtilitas,2
obtusus,2
calliditas,2
persona,2
abstinentia,2
septentrionalis,2
remigo,2
rutilus,2
procurro,2
positio,2
emollio,2
internosco,2
olea,2
uitis,2
margarita,2
uiuus,2
didius,2
misereor,2
eluctor,2
laureatus,2
adsido,2
diuortium,2
lucrosus,2
praetento,2
aequum,2
inlacessitus,2
humanitas,2
summoueo,2
praedo,2
crudus,2
uiridis,2
dissoluo,2
spectabilis,2
rebello,2
couinarius,2
collum,2
seminex,2
cliuus,2
transuersus,2
indago,2
sicubi,2
uitabundus,2
ploratus,2
praecedo,2
inclaresco,2
luctuosus,2
extraneus,2
circulus,2
cursor,2
suspirium,2
subscribo,2
denoto,2
pallor,2
contemplatio,2
figura,2
intemperantia,2
titius,2
paphius,2
antecello,2
fibra,2
altaria,2
discrepo,2
inconcussus,2
syriacus,2
cohortatio,2
quartadecumani,2
pernix,2
uterum,2
uallaris,2
solido,2
indutus,2
conflagro,2
regero,2
plumbum,2
fragor,2
refugium,2
fronto,2
superbe,2
despecto,2
gula,2
redundo,2
decerto,2
mentum,2
festinato,2
haustus,2
insomnis,2
sepulchrum,2
reualesco,2
plaudo,2
aro,2
uernilis,2
circumpono,2
paludamentum,2
opertum,2
galerius,2
fanaticus,2
intestatus,2
flaminius,2
deuerto,2
profugio,2
taurinus,2
supplementum,2
inhumanus,2
deflecto,2
canto,2
coarto,2
querimonia,2
popina,2
detero,2
uerso,2
antiochia,2
affluentia,2
ostentator,2
officina,2
cunctabundus,2
artifex,2
scurra,2
atrociter,2
coniunctum,2
resero,2
aperte,2
inclementer,2
commilitium,2
reuiresco,2
conscisco,2
magnifice,2
transitio,2
uiolens,2
lucilius,2
recurro,2
lues,2
semianimis,2
attribuo,2
exspiro,2
mercatus,2
inhibeo,2
tepor,2
trunco,2
adnexus,2
suggero,2
marceo,2
accidens,2
perseuero,2
inturbidus,2
trames,2
uagor,2
nutrio,2
cassus,2
ostentus,2
superfluens,2
causor,2
insidior,2
extemplo,2
defectus,2
crebra,2
urbanitas,2
mimus,2
actito,2
noto,2
concubius,2
strata,2
propitius,2
competo,2
aedituus,2
lineus,2
sacellum,2
consors,2
nubilis,2
dotalis,2
expugnabilis,2
tremo,2
anfractus,2
incompertus,2
contueor,2
appellatio,2
constitutus,2
refello,2
ferax,2
argenteus,2
uasum,2
uilitas,2
efficax,2
pertracto,2
auspicatus,2
distinctio,2
sudor,2
caementum,2
lineamentum,2
macula,2
uestitus,2
lacertus,2
dos,2
rideo,2
nutrix,2
pubertas,2
satisfactio,2
extraho,2
iocus,2
retracto,2
alligo,2
usura,2
consero,2
sepulcrum,2
commigro,2
summitto,2
exsanguis,2
columna,2
inquiro,2
cognatio,2
capillus,2
lenocinor,2
niger,2
exceptio,2
emergo,2
sucinum,2
sudo,2
nonnihil,2
plaustrum,2
aelius,2
grauor,2
disquisitio,2
abolitio,2
ganea,2
uirilitas,2
conuiualis,2
consultor,2
recido,2
tarquinius,2
lucretius,2
feriae,2
caninius,2
notio,2
geminius,2
large,2
praescriptio,2
deicio,2
assector,2
fallacia,2
intemptatus,2
denubo,2
phoenix,2
arabs,2
uolucris,2
humo,2
aedilitas,2
gaza,2
perses,2
uaniloquentia,2
genticus,2
auster,2
saltuosus,2
parthicus,2
granius,2
diuisus,2
praeses,2
deuro,2
aedificatio,2
perdisco,2
repudio,2
criminator,2
percenseo,2
uectigalis,2
infecunditas,2
diligentia,2
ademptio,2
adiutor,2
imbecillitas,2
potio,2
poculum,2
excrucio,2
antehabeo,2
insociabilis,2
sacrum,2
anteuenio,2
detrimentum,2
stipendiarius,2
singillatim,2
consenesco,2
semirutus,2
eburneus,2
pingo,2
clandestinus,2
munditia,2
conquestus,2
eloquor,2
scriptura,2
optimas,2
temperanter,2
malefactum,2
rependo,2
auspicor,2
scius,2
tacita,2
restauro,2
decoro,2
oppeto,2
praeustus,2
afer,2
resido,2
temperies,2
salutatio,2
toruus,2
atilius,2
pestis,2
quintilis,2
disiungo,2
importuosus,2
fauonius,2
compositum,2
abstrudo,2
obduco,2
propatulus,2
ei,2
oblique,2
proscriptio,2
aspecto,2
spiro,2
legatum,2
quadringenties,2
quingeni,2
machinator,2
euito,2
suspicax,2
deminutio,2
uligo,2
as,2
obtrecto,2
superbio,2
instar,2
cadauer,2
abstrusus,2
ingigno,2
pertimesco,2
turbator,2
uernaculus,2
mulco,2
digitus,2
contamino,2
immunis,2
commaculo,2
unetuicesimus,2
ludificor,2
dissideo,2
medicina,2
languidus,2
peruasto,2
incurro,2
africus,2
molliter,2
norbanus,2
conciliator,2
attrecto,2
limosus,2
indefessus,2
uallis,2
plinius,2
siccus,2
aquilo,2
tumesco,2
summergo,2
taciturnitas,2
reciperator,2
renuo,2
pantomimus,2
hispanus,2
centesima,2
naris,2
defenso,2
gubernaculum,2
subueho,2
ilico,2
auguralis,2
fuco,2
funditor,2
libritor,2
capulus,2
mano,2
nouies,2
somnium,2
uestibulum,2
uiscus,2
supellex,2
designatio,2
exsatio,2
postumius,2
magnes,2
actiacus,2
mansuetudo,2
ebur,2
suebus,2
uenor,2
semustus,2
proeliator,2
defessus,2
intemperanter,2
lycius,2
emptor,2
occupatio,2
liberator,2
contrecto,2
subleuo,2
auare,2
absolutio,2
infitior,2
exactor,2
feliciter,2
rogatus,2
praetereo,2
uipsanius,2
ciuicus,2
lamentatio,2
gratis,2
coercitio,2
accumulo,2
imperuius,2
dedecorus,2
adhaeresco,2
chordus,2
philippus,2
praedabundus,2
uisellius,2
lollius,2
maleficium,2
pensito,2
inuoluo,2
fetialis,2
taedeo,2
copiosus,2
sanctimonia,2
praefulgeo,2
quinquennalis,2
diuitia,2
assero,2
sedile,2
praecaueo,2
uidua,2
pestilentia,2
depopulo,2
monitum,2
adiumentum,2
neglegentia,2
troianus,2
tragicus,2
quindecimuiralis,2
disceptator,2
obscuro,2
impollutus,2
inseruio,2
magicus,2
intentio,2
praenuntia,2
peruulgo,2
pallantis,2
crepereius,2
reclinis,2
dissolutio,2
descensus,2
exstinguo,2
hebes,2
puluinar,2
anguis,2
tango,2
publicum,2
actium,2
exstructum,2
impertio,2
acilius,2
strabo,2
subitarius,2
perpetuus,2
cometes,2
diffamo,2
ummidius,2
caesennius,2
exscindo,2
condemno,2
incumbo,2
causidicus,2
excogito,2
grauiter,2
aduocatio,2
inuidus,2
centumuiri,2
negotiosus,2
subsellium,2
propitio,2
secedo,2
oblecto,2
cothurnus,2
praesertim,2
hilaris,2
differentia,2
determino,2
perquam,2
admirator,2
narratio,2
formula,2
uolumen,2
praecurro,2
simpliciter,2
risus,2
bibliotheca,2
excerpo,2
fabulor,2
anxietas,2
copiose,2
inuicem,2
liueo,2
salto,2
inscientia,2
accommodo,2
discipulus,2
commemoratio,2
academicus,2
geometria,2
musicus,2
grammaticus,2
dialecticus,2
ornate,2
studeo,2
ingenuitas,2
fidelis,2
condiscipulus,2
clientulus,2
exstimulo,2
contemptio,2
locusta,2
hiberno,2
catapulta,2
infirmo,2
alaris,2
peditatus,2
capitolinus,2
cincius,2
puerperium,2
multiplico,2
piraticus,2
dissimilitudo,2
uesta,2
abusque,2
lupanar,2
peruagor,2
rudus,2
doctrina,2
uestinus,2
restrictus,2
afranius,2
gauius,2
emolumentum,2
escendo,2
propago,2
albeo,2
frigidus,2
inuiso,2
saecularis,2
hisco,2
dilanio,2
delenio,2
narcissus,2
disserto,2
importunus,2
pharetra,2
regia,2
interpono,2
occidio,2
absterreo,2
ratis,2
quaestuosus,2
pallas,2
derogo,2
exprobratio,2
conspicio,1
uigilans,1
procliuis,1
aequabilis,1
incertum,1
existimatio,1
perrogo,1
sagax,1
stipo,1
cinctus,1
circumluo,1
impubes,1
hortamentum,1
ciuile,1
conueho,1
uallus,1
leniter,1
incussus,1
traditor,1
superuenio,1
enixe,1
uallo,1
asser,1
haesito,1
ordino,1
quartanus,1
fraternus,1
cynicus,1
periurium,1
praetextatus,1
morsus,1
hiatus,1
sagino,1
nequitia,1
prolixe,1
separatim,1
separatio,1
commanipularis,1
carptim,1
extenuo,1
pauperies,1
sumptuosus,1
papirius,1
indiligentia,1
baebius,1
massa,1
speculabundus,1
caetronius,1
patrimus,1
matrimus,1
perluo,1
primitia,1
transalpinus,1
commentum,1
misereo,1
internascor,1
uello,1
occubo,1
propexus,1
fatidicus,1
detexo,1
inhonorus,1
antecapio,1
campanus,1
impulsor,1
impetrabilis,1
singularis,1
nauus,1
sterilitas,1
sopio,1
dediticius,1
gena,1
obsecratio,1
integro,1
reluceo,1
antistes,1
pythicus,1
allego,1
aduocata,1
conuenae,1
asinus,1
leuamen,1
scabies,1
turpo,1
panis,1
fermentum,1
septeni,1
peremptor,1
imitabilis,1
tibia,1
tympanum,1
palma,1
palmetum,1
testa,1
perfluo,1
sapor,1
pestifer,1
acetum,1
concerno,1
innato,1
inaresco,1
discindo,1
torridus,1
sata,1
halitus,1
putresco,1
inlabor,1
nitrum,1
uitrum,1
excoquo,1
taeter,1
firmamentum,1
deuexus,1
perennis,1
cisterna,1
sescenti,1
secundani,1
madeo,1
procursus,1
abigo,1
incisum,1
armamenta,1
indecoris,1
obseruantia,1
primum,1
opimus,1
interimo,1
expedite,1
inscius,1
uiduus,1
incuriose,1
petulanter,1
sus,1
era,1
moneris,1
obseruatus,1
lenocinium,1
praetextus,1
inconstantia,1
donatio,1
coalo,1
contubernalis,1
turbamentum,1
animosus,1
tesserarius,1
optio,1
architectus,1
redemptor,1
miliarium,1
atrium,1
acclamatio,1
thorax,1
inruo,1
mino,1
adoro,1
seruiliter,1
horror,1
instigator,1
resono,1
diffugium,1
langueo,1
fluctuor,1
suppliciter,1
foede,1
insatiabilis,1
praefigo,1
scyphus,1
fictilis,1
seuere,1
dispensator,1
suffigo,1
uenditator,1
reprehensio,1
moderate,1
utraque,1
instigatrix,1
bonitas,1
ingrate,1
peculator,1
dirumpo,1
nonius,1
animaduersio,1
immoderatus,1
exoro,1
cumque,1
iugis,1
torpesco,1
pertinaciter,1
nouacula,1
frustratio,1
epulum,1
adiectio,1
baeticus,1
gelu,1
praedurus,1
fuluus,1
manipulatim,1
quini,1
detrectatio,1
considerate,1
intempestus,1
grate,1
coacto,1
habena,1
inundatio,1
sublicius,1
refundo,1
cottius,1
ancile,1
galerum,1
stimulatio,1
professor,1
dissociabilis,1
lente,1
uehementer,1
tenor,1
patrimonium,1
decessor,1
incresco,1
breui,1
communico,1
imprimo,1
castrensis,1
misericors,1
integritas,1
oblongus,1
scutula,1
bipennis,1
tenuo,1
resorbeo,1
coloro,1
nebula,1
suffuscus,1
legens,1
binus,1
arroganter,1
exorabilis,1
inmitto,1
prosperitas,1
intolerantia,1
inuitamentum,1
despero,1
iniucundus,1
agricola,1
regula,1
nauticus,1
profundum,1
inuius,1
magniloquus,1
uenumdo,1
hodiernus,1
recessus,1
emunio,1
contero,1
conseruus,1
famulatus,1
aruus,1
iniuste,1
cogitate,1
furto,1
caetra,1
inaequalis,1
circumuehor,1
derisus,1
siler,1
salarium,1
irreuocabilis,1
coheres,1
ominor,1
spiramentum,1
perfundo,1
amissus,1
comploro,1
placide,1
plango,1
quantuscumque,1
praesagus,1
corinthus,1
perlustro,1
aerius,1
cinyra,1
haedus,1
madesco,1
meta,1
affingo,1
dispositus,1
insolesco,1
luxuries,1
contextus,1
aufugio,1
discutio,1
toruitas,1
collecta,1
noscito,1
improuide,1
braca,1
ostrum,1
casu,1
uinea,1
nequiquam,1
milito,1
oporteo,1
uiennensis,1
deflagro,1
contremesco,1
euanesco,1
obumbro,1
stultitia,1
dirigo,1
praelabor,1
diremptus,1
intercursus,1
turbulentus,1
temptamentum,1
reputatio,1
uernus,1
confluens,1
languor,1
cognomen,1
adiutrix,1
benignus,1
timidus,1
requiesco,1
gelidus,1
promisce,1
tantundem,1
consilior,1
superuentus,1
diploma,1
demereo,1
immoderate,1
lucrum,1
dissimulator,1
lucceius,1
iuba,1
liberaliter,1
squalidus,1
fatigatio,1
caecilius,1
inemptus,1
adsertor,1
aquinas,1
gratulatio,1
hilarus,1
fraudator,1
lenimentum,1
indispositus,1
peruigilium,1
puluis,1
conclamatus,1
coactor,1
infesto,1
collaudo,1
puter,1
rosa,1
exhorresco,1
instauro,1
fugitiuus,1
expauesco,1
sopor,1
praeproperus,1
desiderabilis,1
recurso,1
cupressus,1
uireo,1
amplio,1
caligo,1
militariter,1
brundisium,1
aponius,1
largitor,1
dalmaticus,1
fuscus,1
paludatus,1
alliensis,1
publilius,1
concitator,1
procinctus,1
suasor,1
erus,1
fidenter,1
submisse,1
interceptor,1
stratus,1
singultus,1
crudesco,1
procacitas,1
accessio,1
inumbro,1
praemunio,1
acquiesco,1
algor,1
sextadecimani,1
illido,1
libramentum,1
abscido,1
neutro,1
labes,1
consilio,1
fungus,1
circumicio,1
falx,1
conuecto,1
saxeus,1
glomero,1
petulans,1
grandaeuus,1
direptor,1
octogesimus,1
enotesco,1
redempto,1
municeps,1
umbraculum,1
eblandior,1
epularis,1
criminosus,1
inutilis,1
increbresco,1
armiger,1
rapina,1
temno,1
camara,1
nutatio,1
umeo,1
moto,1
clauarium,1
scriptito,1
euilesco,1
ingrauesco,1
circumduco,1
exploratio,1
superuolito,1
renascor,1
induresco,1
scite,1
probe,1
findo,1
torpedo,1
surdus,1
pullus,1
lecticula,1
reclamo,1
intercludo,1
conuentio,1
praeteruehor,1
indireptus,1
lutatius,1
sacricola,1
delitesco,1
calumnior,1
acerbe,1
saeue,1
laurea,1
admonitus,1
maceria,1
eruum,1
confligo,1
consummo,1
inquieto,1
sellula,1
inhorresco,1
indigena,1
barditus,1
repercussus,1
caeruleus,1
aliquanto,1
uentosus,1
improcerus,1
permutatio,1
serratus,1
bigatus,1
cassis,1
gyrus,1
definio,1
conglobatio,1
uagitus,1
plaga,1
hortamen,1
lito,1
animalis,1
liburnus,1
figuro,1
surculus,1
uolatus,1
hinnitus,1
praeiudicium,1
condico,1
bellicosus,1
hebeo,1
cohaereo,1
aedifico,1
delectatio,1
subterraneus,1
fimum,1
tegumen,1
sagus,1
fibula,1
spina,1
focus,1
neglegenter,1
uelamen,1
purpura,1
manicae,1
freno,1
irritatio,1
excresco,1
dinosco,1
gratiosus,1
homicidium,1
utiliter,1
apparo,1
monstrator,1
lauo,1
poto,1
uinolentus,1
astutus,1
hordeum,1
lac,1
concretum,1
ebrietas,1
alea,1
lucror,1
dumtaxat,1
pomarius,1
pratum,1
rigo,1
digero,1
operosus,1
utrum,1
collatio,1
animo,1
decumates,1
siquidem,1
raresco,1
ferramentum,1
uotiuus,1
reuelo,1
mansuesco,1
sescentesimus,1
obliquo,1
substringo,1
religo,1
augurius,1
horrendus,1
regnator,1
amata,1
campester,1
latissime,1
diffundo,1
tingo,1
protinus,1
rotundus,1
precario,1
eduro,1
hebeto,1
eiectamentum,1
sucus,1
terrenus,1
interluceo,1
duresco,1
tus,1
taeda,1
pinguis,1
oleo,1
pix,1
resina,1
lentesco,1
domicilium,1
ingemo,1
inlaboro,1
uas,1
factura,1
triumuiralis,1
oblido,1
praefestino,1
aegaeus,1
piraeus,1
isthmus,1
retundo,1
interluo,1
sellarius,1
spintria,1
foeditas,1
latinius,1
dilatio,1
libidinosus,1
marcidus,1
crudelis,1
incesta,1
nouendialis,1
reuinco,1
tyrannus,1
laniatus,1
infimus,1
quadratus,1
incelebratus,1
indistinctus,1
perca,1
aceruatim,1
ap,1
appius,1
exsors,1
fufius,1
indiuiduus,1
spurius,1
cilnius,1
ea,1
commonefacio,1
samos,1
fabatus,1
deuius,1
auctito,1
faenebris,1
unciarius,1
semuncia,1
uersura,1
nummarius,1
diuendo,1
concursatio,1
faenerator,1
debitor,1
duplus,1
achaei,1
tarpeius,1
aurarius,1
putrefacio,1
degusto,1
sollerter,1
immutabilis,1
inconsulte,1
tomentum,1
attius,1
dementia,1
exspes,1
confidentia,1
prouiuo,1
strangulo,1
nouember,1
cocceius,1
tiburs,1
lamia,1
aduolo,1
nidus,1
conterreo,1
cilicium,1
despectus,1
adulatorius,1
sceptuchus,1
flatus,1
etesia,1
adequito,1
mercenarius,1
dominatus,1
instanter,1
suouetaurilia,1
auxiliator,1
tigris,1
circumfluus,1
altor,1
fulcinius,1
marcianus,1
moribundus,1
exsecror,1
praepollens,1
surena,1
concelebro,1
paedor,1
nominatio,1
ennius,1
tricesimus,1
acutius,1
impietas,1
innutrio,1
cursim,1
rostratus,1
meo,1
impendium,1
sis,1
precatio,1
refuto,1
auditio,1
auide,1
exagito,1
peridoneus,1
perstimulo,1
samius,1
seditiose,1
confarreo,1
demuto,1
flaminica,1
impatienter,1
immodice,1
sosius,1
plecto,1
reluctor,1
receptor,1
coopto,1
percutio,1
praedatorius,1
obsolesco,1
callis,1
adumbro,1
aspere,1
agrarius,1
euentum,1
perniciabilis,1
peruigeo,1
septuagesimus,1
crepitus,1
diuum,1
sacrosanctus,1
insatiabiliter,1
inclementia,1
albus,1
erado,1
sculpo,1
innocenter,1
optumas,1
proripio,1
dorsum,1
tripudium,1
opportune,1
contexo,1
sanies,1
imbecillis,1
nimbus,1
manualis,1
muralis,1
ignoratio,1
repercutio,1
transfundo,1
quanam,1
distantia,1
addubito,1
praegracilis,1
incuruus,1
ulcerosus,1
interstinctus,1
natiuus,1
quoad,1
canus,1
ligneus,1
superstruo,1
nequedum,1
appellito,1
etruscus,1
condemnator,1
peramoenus,1
percolo,1
laquearia,1
foramen,1
rima,1
affatim,1
matertera,1
urus,1
imploro,1
grauida,1
dicax,1
inuetero,1
frenum,1
decemuiralis,1
gemino,1
flagranter,1
stolide,1
tranquillus,1
regnatrix,1
lubido,1
permodestus,1
tricies,1
quinquies,1
mula,1
extorqueo,1
obtestatio,1
idcirco,1
expostulatio,1
ambulo,1
celebratio,1
contionabundus,1
deni,1
sempiternus,1
effringo,1
quicum,1
emeritus,1
consus,1
septimius,1
dens,1
curuo,1
cicatrix,1
duplicarius,1
inausus,1
amanter,1
eluo,1
discurro,1
centurionatus,1
cauillor,1
caesius,1
concaedes,1
bellicus,1
siculus,1
sempronius,1
subiectus,1
pedum,1
undeuicesimus,1
accisus,1
antefixus,1
scrobis,1
tenax,1
munitor,1
resulto,1
oberro,1
peruigil,1
decumanus,1
inopinus,1
nocte,1
interuiso,1
gregalis,1
uadosus,1
inno,1
reciprocus,1
allabor,1
gurges,1
pernocto,1
uago,1
redux,1
erogo,1
sibyllinus,1
lucar,1
morus,1
fundus,1
carina,1
erratum,1
transpono,1
minitabundus,1
ferinus,1
coniectus,1
addico,1
enascor,1
denseo,1
uimen,1
textus,1
hastatus,1
inaequaliter,1
trano,1
conor,1
tropaeum,1
superne,1
capitium,1
internecio,1
congeries,1
grando,1
intempestiue,1
truculentia,1
elido,1
secundo,1
monstrum,1
laureus,1
interpres,1
libum,1
manciparius,1
sericus,1
antesto,1
uiolarium,1
prospicio,1
quinquiplico,1
efflagitatio,1
duceni,1
mature,1
onerarius,1
angor,1
dedeceo,1
collustro,1
inlibatus,1
firmator,1
here,1
inreligiose,1
subrogo,1
furius,1
manubia,1
athenae,1
uiolenter,1
areo,1
pauo,1
graecia,1
septingenti,1
memnon,1
uocalis,1
pyramis,1
nilus,1
penetrabilis,1
pyrrhus,1
duodeuiginti,1
quieto,1
cudo,1
remmius,1
recreo,1
sacrificalis,1
plumbeus,1
insculpo,1
renuntio,1
circumiacens,1
sentes,1
percarus,1
cous,1
inexpiabilis,1
processus,1
prodico,1
sentus,1
occano,1
leuiter,1
affirmatio,1
saliaris,1
querceus,1
inscriptio,1
clipeus,1
modius,1
atratus,1
trabeatus,1
incallidus,1
arrigo,1
satin,1
succenseo,1
consimilis,1
immolatio,1
nefandus,1
perfodio,1
dehortor,1
cacus,1
interfectrix,1
rado,1
obitus,1
transfodio,1
heluius,1
decemuir,1
scisco,1
subuersor,1
priuilegium,1
uigintiuiratus,1
uitricus,1
satisfacio,1
manceps,1
constringo,1
nonne,1
oppositus,1
auoco,1
caesium,1
complementum,1
conciliabulum,1
continuatio,1
indus,1
uenabulum,1
culter,1
gladiatura,1
cruppellarii,1
consensio,1
trudis,1
furca,1
nefarius,1
bibulus,1
sumptuarius,1
recte,1
quantulus,1
talus,1
quirinalis,1
merula,1
peragro,1
triuius,1
persicus,1
cyprius,1
amathusia,1
perspecto,1
pergama,1
neptunus,1
septemuir,1
sodalis,1
pedarius,1
opprobrium,1
litterarius,1
gellius,1
atius,1
popularitas,1
ancharius,1
binoctium,1
exuuia,1
inexplicabilis,1
concessio,1
sullanus,1
praecellens,1
philippensis,1
cohonesto,1
quinctius,1
later,1
lustralis,1
resideo,1
detergeo,1
coniueo,1
phoebus,1
calx,1
differtus,1
barium,1
interuerto,1
fortunatus,1
eiulatus,1
proxime,1
asporto,1
uiator,1
aprilis,1
mortalitas,1
appropero,1
restringo,1
traditio,1
inspecto,1
anicius,1
ganeo,1
profligator,1
adfluentia,1
cumae,1
immortalitas,1
silesco,1
nuncupatio,1
nuperus,1
secessio,1
rigidus,1
iulus,1
intestinus,1
expurgo,1
perorno,1
intercessor,1
genetrix,1
nimium,1
compos,1
uiduo,1
monile,1
perfidiosus,1
dissociatio,1
queritor,1
specio,1
pupillus,1
lasciuus,1
naufragium,1
cubito,1
lenunculus,1
scapha,1
imperatum,1
patrona,1
naufragus,1
nefastus,1
curriculum,1
quadriga,1
concerto,1
uaticanus,1
conuenticulum,1
caupona,1
intemperans,1
praemeditor,1
phonascus,1
ibidem,1
thesaurus,1
diutinus,1
abiudico,1
morum,1
caestus,1
perite,1
discumbens,1
praecolo,1
potus,1
lotus,1
spelunca,1
sarmentum,1
feruidus,1
demeto,1
perpopulor,1
tremor,1
concertator,1
perduellis,1
adno,1
intercurso,1
furia,1
rebellatio,1
consono,1
praeduco,1
crux,1
uirginitas,1
intorqueo,1
abitus,1
fraudo,1
confector,1
praeuaricor,1
calumnia,1
mansito,1
contradictio,1
indubius,1
oleum,1
scapula,1
fabricius,1
lectito,1
palatum,1
suppeto,1
commuto,1
dictatorius,1
uanum,1
adusque,1
percontatio,1
subtiliter,1
probabilis,1
studiose,1
semoueo,1
institutio,1
editio,1
ecce,1
historia,1
perturbo,1
patrocinium,1
assiduitas,1
lis,1
fructuosus,1
inexercitatus,1
accuro,1
extemporalis,1
clauus,1
mediocritas,1
tunicatus,1
abiecte,1
substantia,1
uitupero,1
excudo,1
elucubro,1
praecerpo,1
genius,1
heroicus,1
lyricus,1
iambus,1
amaritudo,1
epigramma,1
tecum,1
discus,1
patrocinor,1
efferuesco,1
subrideo,1
inprobus,1
profano,1
deiungo,1
sanguinans,1
abundo,1
insanus,1
palleo,1
anhelo,1
scriba,1
corono,1
suspicor,1
exhortor,1
declamatorius,1
tractatus,1
dudum,1
culus,1
nongenti,1
quaterni,1
copulo,1
impolituas,1
inflatus,1
eneruis,1
elumbis,1
praeparatio,1
alte,1
odoratus,1
cortina,1
descriptio,1
inuitatus,1
impexus,1
incus,1
argutus,1
ueternus,1
inquino,1
niteo,1
radio,1
furnius,1
ualetudinarius,1
macies,1
oratiuncula,1
studiosus,1
redoleo,1
decius,1
accius,1
uobiscum,1
excolo,1
attento,1
expolio,1
robigo,1
structura,1
fugito,1
insulsus,1
scurrilitas,1
clausula,1
horatius,1
aufidius,1
inuentio,1
planitas,1
proprie,1
inserto,1
maturitas,1
tinnitus,1
hirtus,1
meretricius,1
exclamatio,1
diserte,1
bilis,1
lepos,1
cellula,1
graeculus,1
dicacitas,1
peculiaris,1
introduco,1
philo,1
moralis,1
admirabilis,1
pulchre,1
apte,1
declamo,1
iniustus,1
deliberatio,1
concludo,1
peripateticus,1
pugnacitas,1
plato,1
informo,1
comprehendo,1
uniformis,1
excello,1
legitimus,1
derideo,1
artificium,1
academia,1
ineptia,1
stulte,1
electissimus,1
dimico,1
corroboro,1
c,1
incredibiliter,1
declamatio,1
tyrannicida,1
uitio,1
incestum,1
perturbatio,1
reuereor,1
breuiter,1
tabella,1
elinguis,1
curio,1
furtum,1
expilo,1
subministro,1
catilina,1
uerres,1
desumo,1
centumuiralis,1
paco,1
ridiculus,1
dica,1
humilitas,1
paenula,1
tabularium,1
stilus,1
frequenter,1
effrenatus,1
temerarius,1
rhodium,1
superuacuus,1
arbitratus,1
arrideo,1
infitiae,1
subuectus,1
fugo,1
tugurium,1
calauius,1
semifactus,1
percurso,1
suggredior,1
camelus,1
samnis,1
elephantus,1
subuecto,1
sexcenties,1
creta,1
malitia,1
liquefacio,1
bouillus,1
diua,1
aegresco,1
conductum,1
bucina,1
roscius,1
neapolitanus,1
sutrinus,1
scurrilis,1
interscindo,1
reuiso,1
imaginatio,1
superpositus,1
crepido,1
obscenus,1
flammeus,1
genialis,1
palatinus,1
mercimonium,1
longitudo,1
interiaceo,1
terni,1
fanum,1
arcas,1
stator,1
sextilis,1
inflammo,1
squaleo,1
patulus,1
sibylla,1
supplico,1
uolcanus,1
matrona,1
pilatus,1
confluo,1
canis,1
nuntia,1
biceps,1
uitulus,1
adsimulatio,1
succurro,1
st,1
uenetus,1
caneo,1
nauarchus,1
confuto,1
deprecabundus,1
uagina,1
affluenter,1
initus,1
ligamentum,1
surrepo,1
colloquor,1
recordatus,1
fascia,1
scaenicus,1
intromitto,1
unice,1
inuerto,1
supersedeo,1
praediues,1
citharoedus,1
tragoedus,1
inquisitor,1
effemino,1
amarus,1
incendiarius,1
dido,1
opacitas,1
spiceus,1
spica,1
pampineus,1
folium,1
insomnium,1
quindecies,1
elegans,1
praeuaricatio,1
stadium,1
distermino,1
uenatio,1
octingentesimus,1
praetermitto,1
ludicrum,1
draco,1
detractor,1
litteratura,1
inuentor,1
alimonium,1
immunio,1
cis,1
obtingo,1
residuus,1
inueterasco,1
fraternitas,1
sublego,1
discubitus,1
conuiua,1
inhorreo,1
molitor,1
nuptialis,1
uindemia,1
prelum,1
insanio,1
thyrsus,1
chorus,1
purgamentum,1
io,1
obstreperus,1
praemoneo,1
reminiscor,1
praegressus,1
improbo,1
prouisor,1
marito,1
cupitor,1
sponsus,1
anhelitus,1
misere,1
iniectus,1
adripio,1
beneficentia,1
boarius,1
aereus,1
aratrum,1
sulcus,1
dedux,1
praedatio,1
carpo,1
praestruo,1
difficulter,1
ferentarius,1
spatha,1
praeiaceo,1
pabulor,1
carpentum,1
circumuado,1
tento,1
pollex,1
suffundo,1
lambo,1
compes,1
commutatio,1
eluuies,1
pastor,1
conseruo,1
mercator,1
nauicularius,1
quadriremis,1
undeuiginti,1
chlamys,1
effluuium,1
facunde,1
curius,1
uberius,1
extrinsecus,1
ico,1
transmeo,1
fertilis,1
subter,1
examen,1
apis,1
biformis,1
accipiter,1
unguis,1
impendo,1
tabidus,1
infundo,1
delectabilis,1
boletus,1
euomo,1
demoror,1
consecratio,1
calleo,1
caelo,1
designata,1
commodum,1
laurus,1
asconius,1
december,1
absurde,1
adoptiuus,1
professorius,1
manes,1
saturnus,1
uenefica,1
decoquo,1
uescus,1
praecalidus,1
feruor,1
diffugio,1
comitialis,1
emico,1
oct,1
exsequia,1
solaris,1
uigilo,1
labefacto,1
relego,1
palla,1
nutus,1
deuerticulum,1
efflagitatus,1
constitutio,1
impudenter,1
centesimus,1
aliunde,1
immodestus,1
comprobo,1
laena,1
nonaginta,1
uenditor,1
lurius,1
transmoueo,1
nitidus,1
glacies,1
praerigesco,1
astutia,1
insteius,1
attributus,1
escensus,1
refugus,1
diuidus,1
peculatus,1
lupus,1
causarius,1
sancte,1
simulator,1
emendatio,1
syracusae,1
flagitatio,1
portorium,1
erogatio,1
transmarinus,1
subuectio,1
