,count
sum,267
et,257
ego,203
tu,199
qui,126
ille,120
nec,119
hic,119
non,115
in,96
meus,71
tuus,70
sed,68
deus,67
cum,66
quis,64
at,57
si,57
ut,56
ipse,52
do,52
puella,51
nunc,50
fero,49
possum,49
amor,49
uenio,47
iam,43
magnus,43
per,43
ante,42
noster,41
seu,38
dico,37
pes,37
ad,36
num,36
manus,33
ab,32
tener,31
terra,31
sui,30
multus,30
uerbum,30
uolo,30
iuuenis,29
doceo,29
coma,29
ne,28
aqua,27
suus,27
ex,26
cura,26
domus,25
nox,25
aut,25
tum,25
puer,25
cano,25
nam,24
tamen,24
primus,24
malus,24
nullus,24
nos,24
dies,24
alius,23
teneo,23
semper,23
quam,23
tristis,23
carmen,23
quicumque,22
tunc,22
solus,22
uia,22
durus,22
sacer,22
uideo,22
miser,22
atque,22
tempus,21
de,21
dum,21
caput,21
unda,21
longus,20
uir,20
uel,20
adsum,19
precor,19
quisque,19
sic,19
uos,18
modo,18
sinus,18
facio,18
liceo,18
procul,18
quisquis,18
eo,18
ars,18
etiam,18
heu,18
uotum,18
ager,17
annus,17
foris,17
saeuus,17
uiuo,17
urbs,17
caelum,17
uro,17
bene,17
factum,17
munus,16
edo,16
fleo,16
fatum,16
omnis,16
uestis,16
turba,16
mens,16
habeo,15
felix,15
paruus,15
compono,15
iuuo,15
mare,15
quisquam,15
leuis,15
uinco,15
corpus,15
credo,15
os,15
candidus,15
uenus,15
saepe,15
bonus,14
refero,14
neue,14
uentus,14
domina,14
totus,14
orbis,14
herba,14
celer,14
senex,14
carus,14
gero,14
capillus,14
sub,13
o,13
sto,13
mollis,13
tellus,13
prosum,13
opus,13
niueus,13
dulcis,13
ullus,12
uinculum,12
laedo,12
dux,12
merus,12
dolor,12
sono,12
faueo,12
duco,12
cantus,12
ago,12
equus,12
usque,12
niger,12
laus,12
pro,12
castus,12
qualis,12
inter,12
quod,12
siue,12
aurum,11
sol,11
labor,11
plenus,11
rus,11
cado,11
tardus,11
placidus,11
diues,11
formosus,11
signum,11
cupidus,11
ops,11
furtim,11
fallo,11
fortis,11
timeo,11
nego,11
arma,11
sine,11
sanctus,11
mitto,11
bellus,11
amans,11
uua,11
ubi,11
quamuis,11
alter,11
quin,11
uita,10
uetus,10
nouus,10
bos,10
pecus,10
peto,10
purus,10
uincio,10
tecum,10
lacrima,10
canus,10
iubeo,10
canis,10
nihil,10
capio,10
ludo,10
lentus,10
causa,10
placeo,10
post,10
hinc,10
tantus,10
colo,9
somnus,9
lapis,9
agricola,9
custos,9
auis,9
rusticus,9
pudet,9
mater,9
pater,9
seges,9
satis,9
sequor,9
uoco,9
maneo,9
parce,9
lumen,9
noceo,9
nomen,9
ossum,9
ferus,9
laetus,9
collum,9
fingo,9
taurus,9
mors,9
iuro,9
ualeo,9
aptus,9
loquor,9
taceo,9
uerus,9
fera,9
regnum,9
focus,8
serus,8
spes,8
messis,8
umbra,8
praeda,8
membrum,8
torus,8
deficio,8
aetas,8
unus,8
uox,8
limen,8
tempto,8
sonus,8
is,8
sentio,8
coniunx,8
castrum,8
lingua,8
soror,8
aer,8
dea,8
celebro,8
uagus,8
ratis,8
ualidus,8
iaceo,8
crinis,8
curuus,8
uterque,8
comes,8
claudo,8
latus,8
ueho,8
amnis,8
gloria,8
sancio,8
seruo,8
poculum,8
relinquo,8
frustra,8
fallax,8
opto,8
flamma,8
festus,8
qua,8
pars,8
ignis,7
facilis,7
lacus,7
templum,7
pauper,7
lac,7
diuus,7
mensa,7
antiquus,7
sedeo,7
misceo,7
ferrum,7
gena,7
miles,7
securus,7
fessus,7
bacchus,7
ianua,7
nota,7
rapidus,7
uerto,7
libet,7
ter,7
idem,7
pasco,7
uiolo,7
numen,7
poena,7
certus,7
audeo,7
pius,7
tus,7
aruum,7
mille,7
super,7
campus,7
tenuis,7
fugio,7
proles,7
porto,7
pectus,7
erro,7
aeternus,7
paro,7
mitis,7
rogo,7
currus,7
uanus,7
gaudium,7
bibo,7
liquor,7
ara,7
oculus,7
moneo,7
gaudeo,7
fides,7
densus,7
audax,7
lux,7
dignus,7
assiduus,6
uitis,6
frux,6
ueneror,6
pono,6
flauus,6
quondam,6
uinum,6
aestiuus,6
soleo,6
lectus,6
hibernus,6
fundo,6
pereo,6
potius,6
quaeso,6
iungo,6
timor,6
quaero,6
fulgeo,6
nata,6
magicus,6
sidus,6
soluo,6
absum,6
mutuus,6
ferreus,6
adeo,6
mereo,6
ignotus,6
lego,6
maestus,6
sors,6
quotiens,6
tectum,6
iugum,6
ouis,6
culta,6
huc,6
rota,6
pello,6
homo,6
purpureus,6
altus,6
senecta,6
intonsus,6
uendo,6
amo,6
torqueo,6
uerber,6
asper,6
lex,6
donum,6
ac,6
liquidus,6
an,6
disco,6
moueo,6
clam,6
telum,6
laurus,6
honor,6
lympha,6
parens,6
muto,6
iro,6
cupio,6
superbus,6
pretium,6
priscus,6
reddo,6
laeuus,6
adnuo,6
phoebus,6
pontus,6
charta,6
uersus,6
aduersum,6
uicinus,5
terreo,5
pomum,5
aceruus,5
quoque,5
uester,5
lustro,5
exiguus,5
circum,5
ortus,5
lupus,5
requiesco,5
gelidus,5
quantus,5
auris,5
laudo,5
ardeo,5
osculum,5
cor,5
siccus,5
sino,5
tenebrae,5
decet,5
frango,5
difficilis,5
pateo,5
memini,5
figo,5
dens,5
abdo,5
ueto,5
modus,5
femina,5
occulo,5
iter,5
stultus,5
lacertus,5
humus,5
fletus,5
sedes,5
artus,5
utinam,5
memor,5
cunctus,5
numquam,5
discedo,5
rex,5
praebeo,5
periurium,5
sedulus,5
anus,5
pareo,5
sagitta,5
color,5
premo,5
male,5
fabula,5
morbus,5
demens,5
daps,5
facies,5
queror,5
euenio,5
gemma,5
tango,5
uictor,5
iste,5
triumphus,5
nitidus,5
alo,5
aratrum,5
frons,5
desino,5
dispono,5
palleo,5
inficio,5
madeo,5
tego,5
noto,5
fauus,5
natus,5
celeber,5
seruitium,5
canto,5
indomitus,5
redeo,5
genus,5
impius,5
sollicitus,5
fama,5
hostis,4
iners,4
maturus,4
grandis,4
pendeo,4
falx,4
agna,4
pubes,4
dedo,4
grex,4
spargo,4
sperno,4
agrestis,4
auus,4
audio,4
cubo,4
contingo,4
furor,4
hora,4
positus,4
solutus,4
amarus,4
blanditia,4
postis,4
tuba,4
uerso,4
aperto,4
perago,4
raptus,4
frigus,4
parco,4
celo,4
fax,4
aspicio,4
sepulcrum,4
rogus,4
caterua,4
dictum,4
mons,4
incultus,4
pingo,4
rideo,4
caueo,4
detineo,4
seruio,4
acerbus,4
ater,4
effusus,4
omen,4
dirus,4
persoluo,4
caeruleus,4
rego,4
acies,4
ira,4
caedes,4
passim,4
acer,4
pudor,4
grauis,4
subito,4
fretus,4
summum,4
crudelis,4
areo,4
saeculum,4
urgeo,4
locus,4
dolus,4
turpis,4
namque,4
furtiuus,4
eripio,4
prex,4
tero,4
uernus,4
spica,4
arbor,4
talis,4
lena,4
uolito,4
uiolentus,4
fidus,4
blandus,4
tacita,4
quidem,4
sucus,4
pecco,4
fluo,4
propter,4
puto,4
uellus,4
animus,4
bracchium,4
litus,4
uastus,4
uiridis,4
iucundus,4
chorus,4
palla,4
tingo,4
perfidus,4
caelestis,4
tergum,4
uestigium,4
conuiuium,4
queo,4
res,4
gratus,4
placo,4
casa,4
opero,4
fertilis,4
rubeo,4
palam,4
malo,4
irritus,4
propior,4
mos,4
addo,4
iuppiter,4
uates,4
mars,4
somnium,4
langueo,4
geminus,4
ergo,4
aruus,4
falsus,4
natalis,4
certamen,4
silua,4
fuluus,3
pulso,3
pinguis,3
mustus,3
desero,3
hostia,3
io,3
contentus,3
praetereo,3
interdum,3
pigeo,3
pastor,3
leuo,3
immitis,3
specto,3
interea,3
rixa,3
uulnus,3
dis,3
fames,3
compesco,3
infelix,3
custodia,3
dominus,3
imber,3
imperium,3
querela,3
plurimus,3
timidus,3
resero,3
nutus,3
loquax,3
obscurus,3
surgo,3
uagor,3
anxius,3
occurro,3
tutus,3
digitus,3
strepitus,3
uerax,3
findo,3
infernus,3
depello,3
nix,3
cerno,3
conspicio,3
licet,3
supplex,3
medius,3
cinis,3
reditus,3
mora,3
inuitus,3
scio,3
repello,3
tabella,3
debeo,3
patrius,3
nondum,3
externus,3
finis,3
mel,3
fatalis,3
notus,3
consumo,3
odoratus,3
proelium,3
rapax,3
insignis,3
flumen,3
iugerum,3
stamen,3
pensum,3
remitto,3
niteo,3
iustus,3
habena,3
forte,3
collis,3
lucidus,3
uicis,3
cito,3
arcus,3
puppis,3
uallis,3
umerus,3
rete,3
dextra,3
nudus,3
affero,3
poeta,3
supero,3
error,3
magister,3
callidus,3
citus,3
torquis,3
horridus,3
foedus,3
utor,3
caleo,3
linter,3
uelox,3
detraho,3
nefandus,3
piscis,3
iniustus,3
agmen,3
efficio,3
deduco,3
amicus,3
potis,3
prospicio,3
recurro,3
nescius,3
tendo,3
foueo,3
tam,3
abeo,3
laxus,3
traho,3
uelut,3
pario,3
suppono,3
fateor,3
clauis,3
insum,3
recuso,3
toga,3
crimen,3
sacerdos,3
diripio,3
aureus,3
pronus,3
sis,3
merito,3
dissoluo,3
gens,3
uictus,3
aequor,3
miror,3
semen,3
flos,3
redimio,3
conscius,3
stillo,3
lenis,3
orno,3
como,3
forma,3
albus,3
nimius,3
aio,3
promitto,3
odi,3
doleo,3
aequus,3
admoneo,3
permitto,3
credulus,3
uxor,3
lasciuus,3
arx,3
uulgus,3
cultus,3
aliquis,3
libum,3
filia,3
aduersus,3
agnus,3
pax,3
aro,3
lucus,3
sobrius,3
ministro,3
cornu,3
suspendo,3
cesso,3
hesternus,3
sumo,3
fons,3
ingero,3
satur,3
colonus,3
extum,3
glans,3
annuus,3
colus,3
exuro,3
cithara,3
rarus,3
olim,3
cogo,3
barbarus,3
abduco,3
catena,3
insanus,3
concha,3
auarus,3
tumulus,3
quiesco,3
signo,3
postquam,3
habito,3
ordo,3
minor,3
uis,3
madefactus,3
renouo,3
kalendae,3
dono,3
marmoreus,3
uoueo,3
mundus,3
figura,3
par,3
cognosco,3
supersum,3
parum,3
decurro,3
cedo,3
fecundus,3
testis,3
congero,2
fugo,2
paupertas,2
traduco,2
luceo,2
stipes,2
floridus,2
corona,2
ruber,2
hortus,2
innumerus,2
iuuencus,2
bidens,2
fetus,2
oblino,2
fur,2
fictilis,2
lutum,2
diuitia,2
condio,2
contineo,2
pluuius,2
smaragdus,2
deceo,2
praefero,2
retineo,2
curo,2
segnis,2
superus,2
morior,2
silex,2
uirgo,2
parcus,2
adoperio,2
surrepo,2
tracto,2
despicio,2
sopor,2
firmus,2
fulmen,2
dementia,2
en,2
praemium,2
insidiae,2
piger,2
decido,2
taciturnus,2
fio,2
furtum,2
sanguis,2
sagus,2
tepidus,2
perdomo,2
abstineo,2
nempe,2
serenus,2
careo,2
contextus,2
deripio,2
dubito,2
procumbo,2
tundo,2
malum,2
subdo,2
tremulus,2
aeger,2
odor,2
consulo,2
tollo,2
respicio,2
mando,2
porta,2
prohibeo,2
totiens,2
lauo,2
resoluo,2
repeto,2
nauita,2
subeo,2
domo,2
ensis,2
letum,2
expleo,2
inscribo,2
chorea,2
uigeo,2
benignus,2
myrteus,2
anguis,2
illic,2
serpens,2
aeratus,2
nouem,2
poto,2
sitis,2
cauus,2
dolium,2
circa,2
affigo,2
nuntio,2
missus,2
turbo,2
nudo,2
curro,2
nitor,2
umbrosus,2
certe,2
barba,2
angustus,2
gratia,2
ineptus,2
impunis,2
populus,2
infirmus,2
prior,2
iuuentas,2
torreo,2
praetexo,2
remus,2
pellis,2
paeniteo,2
rapio,2
pugno,2
ni,2
seco,2
praeceptum,2
longe,2
adsuetus,2
praecino,2
uelo,2
sileo,2
fruor,2
saluus,2
numero,2
seligo,2
deuoueo,2
narro,2
amator,2
cruentus,2
fel,2
anima,2
inguen,2
percutio,2
quidam,2
crebro,2
simulo,2
mox,2
no,2
induco,2
offero,2
uiso,2
probo,2
ignosco,2
nescio,2
suspiro,2
agito,2
caedo,2
inultus,2
saucius,2
euentus,2
fas,2
uitta,2
metus,2
senectus,2
tot,2
sublimis,2
infidus,2
maledictum,2
eburneus,2
partus,2
leniter,2
serpo,2
aetherius,2
nubes,2
sollicito,2
inexpertus,2
palus,2
adiungo,2
sapor,2
requies,2
compes,2
luctus,2
uarius,2
luteus,2
tibia,2
fibra,2
dissimulo,2
amictus,2
colligo,2
posco,2
frigidus,2
amplexus,2
candeo,2
concumbo,2
anhelo,2
reuoco,2
studium,2
demo,2
tumeo,2
displiceo,2
semel,2
instabilis,2
captus,2
subsum,2
minister,2
liber,2
confido,2
laqueus,2
languidus,2
pecto,2
prodeo,2
uitium,2
casus,2
horrendus,2
profero,2
uere,2
gener,2
breuis,2
uallus,2
myrtus,2
infra,2
pallidus,2
sector,2
filius,2
calidus,2
testa,2
paternus,2
uomer,2
occupo,2
plaustrum,2
perfringo,2
conqueror,2
ornatus,2
quater,2
sudis,2
exsto,2
uenum,2
cingo,2
arator,2
corono,2
impono,2
exstruo,2
nuntia,2
consul,2
aspiro,2
aestus,2
depono,2
compleo,2
modulor,2
auena,2
fusus,2
pollex,2
aliqui,2
equa,2
pudeo,2
afflo,2
pone,2
iocosus,2
ala,2
incertus,2
nardus,2
nascor,2
coniugium,2
uilla,2
fortiter,2
sero,2
rumpo,2
medicus,2
stabulum,2
expello,2
uacca,2
oraculum,2
discors,2
dubius,2
immensus,2
columna,2
neglego,2
mina,2
lubricus,2
nemesis,2
cous,2
auratus,2
fuscus,2
admoueo,2
certo,2
excludo,2
obnoxius,2
elegi,2
auctor,2
apollo,2
musa,2
caneo,2
aditus,2
facinus,2
sacrilegus,2
murex,2
incendium,2
centum,2
uer,2
titulus,2
uenenum,2
uultus,2
alias,2
uocalis,2
chordus,2
flecto,2
deuincio,2
induo,2
memoro,2
concino,2
sustineo,2
lar,2
roma,2
humilis,2
fistula,2
harundo,2
regio,2
frater,2
ecce,2
uictoria,2
tandem,2
murus,2
ceres,2
praemoneo,2
horreum,2
sollemnis,2
potus,2
accendo,2
taedeo,2
caespes,2
ploro,2
phoebe,2
cupido,2
bellum,2
oppidum,2
otium,2
linquo,2
extinguo,2
sulcus,2
crus,2
mutus,2
manes,2
sopio,2
excelsus,2
foedo,2
neco,2
occulte,2
promissum,2
discurro,2
undique,2
libellus,2
tondeo,2
littera,2
defluo,2
inde,2
summitto,2
accipio,2
magis,2
aufero,2
supra,2
maereo,2
annosus,2
clarus,2
pondus,2
inuidia,2
ignauus,2
quies,2
auerto,2
uisus,2
temerarius,2
inferus,2
garrulus,2
lyra,2
imago,2
diuersus,2
iocus,2
similis,2
meditor,2
gigno,2
uoluo,2
leaena,2
euerro,2
arbitrium,2
conuenio,2
aerius,2
tempero,2
quamquam,2
nequeo,2
subsisto,2
incipio,2
acta,2
praeter,2
camena,2
ulter,2
contendo,2
decus,2
quando,2
utrimque,2
ternus,2
cursus,2
impetus,2
pascuus,2
ceruus,2
obuius,2
conuerto,2
consisto,2
duplex,2
dexter,2
egero,2
uolucer,2
perlabor,2
struo,2
duo,2
inceptum,2
rigeo,2
calor,2
propero,2
exsurgo,2
nimium,2
tribuo,2
committo,2
proximus,2
aper,2
uenor,2
cogito,2
aeque,2
euinco,2
iuger,1
classicus,1
destituo,1
triuium,1
educo,1
uitula,1
caesum,1
uito,1
riuus,1
stimulus,1
increpo,1
capella,1
quotannis,1
fructus,1
requiro,1
ius,1
ob,1
bello,1
hostilis,1
exuuia,1
ianitor,1
praecordia,1
funus,1
percussus,1
uerbero,1
missa,1
cardo,1
adiuuo,1
derepo,1
coram,1
confero,1
tardo,1
prope,1
imprudens,1
ministerium,1
deuoco,1
stridor,1
aspergo,1
nubila,1
conuoco,1
tenere,1
despuo,1
ceterus,1
taeda,1
pullus,1
argentum,1
recubo,1
secundus,1
uigilo,1
pluma,1
stragulus,1
sonitus,1
luo,1
incestus,1
sacro,1
genu,1
perrepo,1
saeuio,1
forum,1
circumtero,1
cohors,1
auidus,1
peruro,1
usquam,1
trinus,1
deterreo,1
solator,1
causor,1
ingressus,1
egressus,1
quid,1
pure,1
secubo,1
succurro,1
medeor,1
uotiuus,1
linum,1
menstruum,1
priusquam,1
patefacio,1
pinus,1
contemno,1
compendium,1
merx,1
mordeo,1
quercus,1
ultro,1
securis,1
uber,1
faber,1
repente,1
guttur,1
casia,1
rosa,1
series,1
immisceo,1
assidue,1
sceleratus,1
profundus,1
excubo,1
noxius,1
uiscus,1
stagnum,1
militia,1
fabella,1
lucerna,1
uenia,1
roseus,1
sollertia,1
produco,1
bruma,1
respondeo,1
quia,1
audacia,1
primo,1
paulatim,1
leo,1
saxum,1
peredo,1
apricus,1
maturo,1
eris,1
remeo,1
deperdo,1
carcer,1
exuo,1
obsequium,1
ferrugo,1
anticipo,1
imbrifer,1
insuetus,1
adsuesco,1
ebur,1
robur,1
stella,1
uilis,1
magisterium,1
discidium,1
planum,1
doma,1
defessus,1
sulphur,1
procuro,1
deueneror,1
mola,1
filum,1
tunica,1
renuo,1
consuesco,1
tantum,1
epula,1
ministra,1
deseruio,1
freno,1
exitium,1
sanguineus,1
strix,1
stimulo,1
furo,1
ululo,1
triuius,1
praesto,1
patesco,1
persto,1
refugio,1
transeo,1
deinde,1
exscreo,1
saeuitia,1
mecum,1
pernego,1
pactum,1
liuor,1
imprimo,1
incautus,1
sermo,1
decipio,1
exeo,1
prudens,1
contra,1
absento,1
condoleo,1
detrecto,1
diuinus,1
uaticinor,1
motus,1
amens,1
bipennis,1
praefigo,1
custodio,1
attingo,1
labo,1
admitto,1
adduco,1
diu,1
proprius,1
contribuo,1
amabo,1
ligo,1
stola,1
appeto,1
proripio,1
fidelis,1
inops,1
conductum,1
adnecto,1
licium,1
exalto,1
neo,1
tremo,1
euincio,1
uictrix,1
uadum,1
uertex,1
creber,1
intactus,1
columba,1
prospecto,1
turris,1
abundo,1
nilus,1
quanam,1
postulo,1
supplico,1
plango,1
sollers,1
inflecto,1
conficio,1
tristitia,1
adflictus,1
mortalis,1
corymbus,1
cista,1
unguentum,1
hodiernus,1
succresco,1
monumentum,1
glarea,1
inoffensus,1
religo,1
nodus,1
succumbo,1
fucus,1
splendeo,1
unguis,1
subseco,1
comprimo,1
auxilium,1
femur,1
inuenio,1
consero,1
umidus,1
cortex,1
nux,1
stirps,1
floreo,1
sonticus,1
obrepo,1
euigilo,1
desisto,1
lacrimo,1
fastidium,1
ultor,1
fastus,1
lucrum,1
habilis,1
puluis,1
decor,1
inualidus,1
polluo,1
urus,1
intorqueo,1
emitto,1
umeo,1
nisi,1
exemplum,1
insperans,1
lateo,1
intereo,1
stulte,1
cautus,1
attono,1
deleo,1
corrumpo,1
lasso,1
usus,1
interpono,1
emereo,1
prouoco,1
orior,1
perdisco,1
persuadeo,1
podagra,1
accumbo,1
trux,1
palma,1
asto,1
scyphus,1
mico,1
forsitan,1
incolo,1
ligneus,1
aedes,1
libo,1
spiceus,1
compos,1
porcus,1
hara,1
canistrum,1
arcesso,1
uinea,1
comparo,1
candesco,1
condo,1
situs,1
progenies,1
scindo,1
subtusus,1
rescindo,1
beatus,1
scutum,1
almus,1
ritus,1
trado,1
praesaepium,1
lanificus,1
oleum,1
purgo,1
limes,1
eludo,1
lignum,1
uirga,1
significo,1
fumosus,1
cadus,1
rubor,1
singulus,1
intondeo,1
caeles,1
compositus,1
tigillum,1
frondeo,1
operio,1
pomus,1
irriguus,1
merum,1
apis,1
alueus,1
satio,1
minium,1
suffundo,1
datus,1
memorabilis,1
ouile,1
curtus,1
augeo,1
hircus,1
exhibeo,1
ouum,1
femineus,1
appono,1
textrix,1
minerua,1
tela,1
armentum,1
indoctus,1
exerceo,1
gestio,1
transgredior,1
praetento,1
exploro,1
caecus,1
grauiter,1
sancte,1
obstrepo,1
furuus,1
circumdo,1
mulier,1
decoro,1
destillo,1
auguro,1
reor,1
edisco,1
strepito,1
aduolo,1
ruga,1
nouellus,1
migro,1
subigo,1
sterilis,1
gracilis,1
sano,1
saluber,1
coagulum,1
lacteus,1
obrigesco,1
fiscella,1
detexo,1
uimen,1
iuncus,1
nexus,1
uitulus,1
gesto,1
erubesco,1
mugitus,1
trepidus,1
horreo,1
admiror,1
nouerca,1
prius,1
inornatus,1
impero,1
cruor,1
gemino,1
periculum,1
bellicus,1
rostrum,1
praedator,1
obsido,1
tumultus,1
moles,1
intra,1
samius,1
luxuria,1
incedo,1
texo,1
indium,1
africa,1
puniceus,1
gypsatus,1
catasta,1
consitor,1
haud,1
impune,1
aperte,1
uillosus,1
clausum,1
copia,1
sulco,1
libertas,1
uale,1
remoueo,1
naufragus,1
flagito,1
uerro,1
luna,1
flebilis,1
fanum,1
suadeo,1
denique,1
infamis,1
lugeo,1
exsequia,1
construo,1
auitus,1
lares,1
circe,1
hippomanes,1
ingredior,1
impello,1
triumphalis,1
cumulo,1
pulcher,1
sepono,1
augur,1
prouidus,1
praesentio,1
haruspex,1
romanus,1
frustror,1
sibylla,1
aeneus,1
formo,1
moenia,1
consors,1
herbosus,1
palatium,1
pan,1
ilex,1
pales,1
siluestris,1
decresco,1
calamus,1
cera,1
uelabrum,1
caseus,1
impiger,1
troicus,1
profugus,1
assigno,1
hospitus,1
numicius,1
indiges,1
troianus,1
rutula,1
praedico,1
nex,1
lauinius,1
uestalis,1
carpo,1
septem,1
abluo,1
uescor,1
uirginitas,1
iacto,1
graius,1
tiburs,1
perfero,1
cometes,1
fuga,1
defectus,1
nubilus,1
simulacrum,1
tepeo,1
prodigium,1
mergus,1
distendo,1
ferio,1
madidus,1
stipula,1
transilio,1
matrona,1
comprehendo,1
aduigilo,1
nepos,1
balbus,1
discumbo,1
umbraculum,1
calix,1
postmodo,1
inermis,1
praecipue,1
reperio,1
diuum,1
tutela,1
plaudo,1
perpetuo,1
castra,1
macer,1
iterum,1
galea,1
excutio,1
cras,1
faenus,1
uolucris,1
capto,1
hamus,1
cibus,1
solor,1
spondeo,1
ei,1
immaturus,1
cliens,1
praeceps,1
delabor,1
fenestra,1
sanguinolentus,1
agnosco,1
extimesco,1
perdo,1
quot,1
uiuus,1
quotuscunque,1
pagus,1
exorior,1
pompa,1
quonam,1
inuoluo,1
membrana,1
pumex,1
fastigium,1
indico,1
etenim,1
comptus,1
oportet,1
oro,1
sicut,1
largus,1
salus,1
medulla,1
erepo,1
patientia,1
ingenium,1
perpetior,1
taedium,1
fauilla,1
incomptus,1
comito,1
praefor,1
perfundo,1
incingo,1
collecta,1
lyaeus,1
carbaseus,1
umor,1
uelum,1
merces,1
eodem,1
demonstro,1
conspicuus,1
socio,1
permetior,1
defungor,1
innitor,1
nemus,1
trabs,1
lana,1
preterea,1
auersus,1
aurifer,1
luridus,1
pauidus,1
far,1
salio,1
sal,1
utcumque,1
moneris,1
mendacium,1
pertimesco,1
emetior,1
quadriga,1
utilis,1
heroum,1
ceruix,1
ros,1
candor,1
maritus,1
contexo,1
amarantus,1
lilium,1
autumnus,1
illudo,1
testudo,1
plectrum,1
rite,1
nosco,1
aeuum,1
quare,1
nocturnus,1
nupta,1
mutabilis,1
patior,1
sonorus,1
perluceo,1
adhibeo,1
querella,1
contrarius,1
anguineus,1
tres,1
tergeminus,1
uirgineus,1
succingo,1
concipio,1
amabilis,1
mano,1
autem,1
denuntio,1
immerito,1
temero,1
mortifer,1
iurgium,1
fraudo,1
cresco,1
sortior,1
tertius,1
rugosus,1
nequiquam,1
quini,1
mysticus,1
hedera,1
pariter,1
medico,1
generosus,1
fundus,1
ales,1
propono,1
ferox,1
contundo,1
tigris,1
toruus,1
seuerus,1
imito,1
mendax,1
risus,1
ebrius,1
ingratus,1
refert,1
sordidus,1
etsi,1
ocellus,1
serius,1
peruigilo,1
inimicus,1
suspirium,1
dudum,1
uirtus,1
conditor,1
intexo,1
respuo,1
hospes,1
testor,1
ascendo,1
mica,1
inauro,1
mirabilis,1
desideo,1
confluo,1
igneus,1
aether,1
pendo,1
abnuo,1
index,1
uolumen,1
forus,1
libra,1
inaequatus,1
onus,1
nato,1
alternus,1
fremo,1
inconstantia,1
sedo,1
iudex,1
mitesco,1
extremus,1
includo,1
lotos,1
coepi,1
incola,1
rupes,1
nobilis,1
irrigo,1
accedo,1
appareo,1
confinis,1
conterreo,1
rabidus,1
fluctus,1
consurgo,1
interrumpo,1
gurges,1
facundia,1
praeduco,1
fossa,1
qualiter,1
defigo,1
ducto,1
erumpo,1
arduus,1
iacio,1
pilus,1
frenum,1
dirigo,1
passus,1
gyrus,1
parma,1
tueor,1
illac,1
hasta,1
amplus,1
funda,1
simul,1
concurro,1
desum,1
pugna,1
quadratum,1
recingo,1
aequo,1
seiunctim,1
sinister,1
experior,1
disicio,1
moderator,1
subicio,1
insto,1
comperio,1
subtemen,1
oriens,1
splendidus,1
effero,1
flamen,1
consto,1
aura,1
quadrupes,1
depasco,1
largior,1
silentium,1
inanis,1
intentus,1
eluceo,1
hortor,1
insisto,1
remoror,1
obsideo,1
regia,1
profluo,1
finio,1
rigo,1
moror,1
oceanus,1
inuictus,1
interiacio,1
circumfundo,1
quinque,1
uasto,1
abscondo,1
duro,1
glacies,1
quippe,1
umquam,1
subiectum,1
igitur,1
presso,1
pabulum,1
animal,1
uicinia,1
conscendo,1
ramus,1
confindo,1
praeconius,1
praescribo,1
accingo,1
fatigo,1
dito,1
deficientia,1
desiderium,1
nouo,1
spolio,1
solum,1
turma,1
paruulus,1
inerro,1
statuo,1
rigidus,1
percurro,1
penna,1
quandocumque,1
recipio,1
subtexo,1
sapa,1
miro,1
turpiter,1
lampas,1
subsequor,1
procedo,1
decenter,1
bis,1
possideo,1
meto,1
oleo,1
cultor,1
testudineus,1
deuius,1
aceo,1
incolumis,1
indago,1
uello,1
latebra,1
intro,1
hamatus,1
rubus,1
arguo,1
plaga,1
inlaesus,1
incido,1
concedo,1
properus,1
macies,1
informis,1
pelagus,1
eueho,1
metuo,1
uix,1
secum,1
restituo,1
debitum,1
certatim,1
mane,1
libens,1
posthac,1
quoniam,1
hodie,1
diua,1
relego,1
diuello,1
uigilans,1
deprehendo,1
perlucidus,1
praecipio,1
studiosus,1
altar,1
sanus,1
sulpicius,1
magus,1
exoro,1
exsoluo,1
nemo,1
molestus,1
studiose,1
tempestiuus,1
propinquus,1
sensus,1
sublatus,1
opinor,1
pressus,1
quasillum,1
scortum,1
uexo,1
aliter,1
feruidus,1
paucus,1
iuuenta,1
ardor,1
subduco,1
erus,1
sapio,1
secerno,1
humanus,1
pignus,1
consido,1
surdus,1
rumor,1
domitius,1
regius,1
