,count
qui,1633
sum,1560
et,1560
is,1376
in,1344
suus,776
cum,728
ab,659
ut,621
sui,618
non,607
ad,573
hic,498
ille,483
quam,448
sed,373
magnus,365
enim,335
ac,320
num,308
ipse,306
etiam,303
ex,303
quod,286
nec,282
res,261
ne,261
idem,260
animus,250
possum,241
omnis,238
romanus,222
si,211
quidem,211
quis,197
tam,197
urbs,192
habeo,183
populus,182
atque,182
aut,181
quia,179
pater,177
de,176
uir,174
senatus,170
publicus,170
facio,164
filius,161
dico,154
uideo,154
consul,154
noster,153
tantus,153
pars,151
nam,146
autem,145
rex,144
imperium,143
uolo,142
do,142
unus,139
multus,136
inter,136
quoius,135
uita,135
edo,134
ita,130
manus,125
hostis,125
tempus,122
ago,121
uirtus,119
alter,118
factum,115
pro,112
corpus,112
iam,112
quoque,111
homo,110
peto,108
ciuitas,108
tamen,108
bonus,107
per,107
uis,107
exemplum,106
iubeo,104
deus,102
honor,102
nomen,101
mors,101
totus,101
inquam,101
fero,100
refero,99
locus,99
genus,99
ineo,99
patria,98
consilium,98
quisque,97
ego,96
ciuis,96
causa,96
caput,96
itaque,94
tu,93
scipio,93
mos,90
bellum,90
gero,89
debeo,88
apud,87
clarus,87
nullus,87
opus,87
domus,87
uictoria,86
fortuna,86
fides,85
exercitus,85
alius,84
lex,84
quidam,83
parum,81
capio,81
aduersus,81
modus,81
duo,79
reddo,79
dux,79
deinde,78
uenio,78
gloria,77
ulter,77
uero,76
miles,76
spiritus,76
laus,75
primus,75
cogo,74
arma,74
usus,74
credo,73
ante,73
gens,72
an,72
uox,72
oculus,70
summa,70
sine,70
circa,67
adicio,67
nihil,67
trado,66
certus,66
tuus,66
sanguis,66
tribunus,66
mitto,65
imperator,64
propter,64
grauis,64
uterque,64
respondeo,64
numerus,63
salus,63
gratia,63
existimo,63
iudicium,63
annus,63
quoniam,62
amicus,62
igitur,61
prius,61
occido,60
ius,60
superus,59
dies,59
beneficium,57
namque,57
patior,57
dum,57
ceterus,56
studium,56
pompeius,56
consulatus,55
praesto,55
humanus,55
pecunia,55
magis,55
memoria,54
relinquo,54
fortis,54
cn,54
tum,53
ratio,53
nisi,53
legatus,53
seruus,53
par,52
liber,52
ullus,52
quantus,52
iste,52
aliquis,51
accipio,51
ubi,51
iuuenis,51
alienus,51
acies,51
ergo,51
crimen,51
nunc,51
meus,50
pectus,50
propono,50
protinus,50
tunc,50
reus,50
uerus,49
hannibal,49
equus,49
paruus,49
animaduerto,48
fabius,48
poena,48
quasi,48
littera,47
amplus,47
triumphus,47
summum,46
duco,46
uictor,46
supplicium,46
sustineo,45
castrum,45
aetas,45
dictum,44
post,44
speciosus,44
uerbum,44
terra,43
bene,43
princeps,43
at,43
officium,43
punicus,43
filia,43
caesar,43
uniuersus,43
quaero,43
finis,43
ualerius,42
solum,42
religio,42
marius,42
potestas,42
gladius,42
ingenium,42
ordo,42
libertas,42
cognosco,41
felix,41
opprimo,41
proelium,41
frater,41
mens,40
sub,40
obtineo,40
interrogo,40
fatum,40
postquam,40
africanus,40
sententia,40
modo,40
domesticus,39
inde,39
mater,39
recipio,39
uultus,39
solus,39
amicitia,39
dignus,38
sic,38
condicio,38
eques,38
exigo,38
aeque,38
sequor,38
metus,38
auctoritas,37
soleo,37
paene,37
iniuria,37
excipio,37
curia,37
pugna,37
uxor,37
militaris,37
os,37
interimo,37
impetus,37
pietas,37
mereo,37
amor,37
uel,36
caelestis,36
iustus,36
audio,36
talis,36
consto,36
casus,36
uinco,36
utor,36
tamquam,36
adulescens,36
praebeo,35
conspectus,35
iaceo,35
spes,35
loquor,35
regnum,35
alexander,35
femina,35
natura,35
iudex,35
auctor,34
sacer,34
status,34
parens,34
ira,34
ops,34
hispania,34
plurimus,34
athenae,34
proximus,34
periculum,34
dextra,34
retineo,34
pariter,34
dignitas,34
cultus,33
cedo,33
usque,33
nolo,33
clades,33
dolor,33
acer,33
auxilium,33
adeo,33
gratus,33
diu,33
excellens,32
templum,32
tutus,32
prouincia,32
praetor,32
cornelius,32
aliqui,32
abicio,32
paulus,32
exitus,32
audeo,32
aliquanto,32
subicio,32
aurum,32
imago,32
posterus,32
habitus,32
atheniensis,32
iudico,32
labor,31
numen,31
consimilis,31
immortalis,31
extinguo,31
maiestas,31
classis,31
gradus,31
admodum,31
exsisto,31
puer,31
continuo,31
potius,31
malo,31
iussus,30
natus,30
regius,30
praecipuus,30
admiratio,30
inimicus,30
interficio,30
uiuo,30
seueritas,30
cupiditas,30
meritum,30
cunctus,29
traho,29
eximius,29
opera,29
perinde,29
ciuilis,29
graecia,29
nimius,29
spectaculum,29
conuerto,29
praesidium,29
prosterno,29
error,29
iungo,29
ferrum,29
miser,29
ualeo,29
diuinus,28
perago,28
semper,28
nego,28
tot,28
postea,28
sermo,28
nos,28
defero,28
munus,28
dono,28
quisnam,28
uinculum,28
libero,28
saeculum,28
ceterum,28
uerecundia,28
quin,28
sentio,28
cura,27
disciplina,27
numquam,27
fio,27
aedes,27
reperio,27
ara,27
ob,27
familia,27
prosequor,27
malus,27
auris,27
cognomen,27
puto,27
plebs,27
constans,27
cupio,27
uulnus,27
senectus,27
ars,27
moderatio,27
uindico,26
uotum,26
abeo,26
nox,26
uix,26
decus,26
dubito,26
descendo,26
peruenio,26
ager,26
uerum,26
uelut,26
transfero,26
ibi,26
roma,26
procedo,26
tristis,26
sulla,26
brutus,26
intra,26
nouus,26
quaestio,26
sacrificium,25
africa,25
passus,25
pono,25
quisquam,25
tertius,25
censor,25
ministerium,25
efficio,25
decretum,25
iuppiter,25
paucus,25
perses,25
italia,25
collega,25
satis,25
pax,25
dominus,25
forum,25
damnatus,25
robur,25
similis,25
contio,25
simul,24
latus,24
illustris,24
longus,24
custodia,24
nescius,24
tribuo,24
tyrannus,24
perduco,24
admirabilis,24
quies,24
certamen,24
careo,24
quo,24
necessarius,24
aestimo,24
nota,24
occupo,24
proprius,24
beneuolentia,24
heres,24
sors,23
orior,23
uter,23
oportet,23
coniunx,23
priuo,23
altus,23
captiuus,23
motus,23
moenia,23
impetro,23
excedo,23
inferus,23
eo,23
inuenio,23
offero,23
eloquentia,23
positus,23
coepio,23
ludus,23
repono,23
secor,23
ultio,23
tres,23
repello,23
secum,23
odium,23
indicium,23
claudius,23
plenus,23
dimico,23
dimitto,23
catus,23
comprehendo,22
oppidum,22
desum,22
uirgo,22
impono,22
paruulus,22
humanitas,22
sapientia,22
deduco,22
uestis,22
repeto,22
antonius,22
pondus,22
inicio,22
uestigium,22
indignus,22
felicitas,22
dubius,22
militia,22
mortalis,22
pes,22
laetus,22
narro,22
specto,22
mille,22
rogus,22
funus,22
philippus,22
reuoco,22
uacuus,22
scelus,22
fiducia,22
coactus,22
socius,22
affectus,22
accuso,22
testamentum,22
gallus,21
iter,21
missus,21
datum,21
penas,21
constantia,21
aureus,21
efficax,21
supero,21
consumo,21
restituo,21
debitum,21
utilis,21
obicio,21
affero,21
silentium,21
ornamentum,21
externus,21
hostilis,21
necessitas,21
mulier,21
carcer,21
industria,21
egregius,21
culpa,21
contingo,21
accusator,21
oratio,21
sumo,20
uitium,20
accedo,20
subito,20
marcellus,20
diuus,20
caritas,20
latinus,20
miserabilis,20
senex,20
poenus,20
contrarius,20
nefarius,20
adhuc,20
conscriptus,20
magnitudo,20
conuenio,20
secundus,20
affirmo,20
inuidia,20
fortitudo,20
deformis,20
conor,20
taceo,20
legio,20
moneo,20
ingens,20
nemo,20
conatus,20
scio,20
cupidus,20
finio,20
contentus,20
liceo,20
continentia,20
luxuria,20
ingratus,20
uos,20
crudelitas,20
rostrum,20
proscribo,20
seuerus,19
paternus,19
apollo,19
saepe,19
comitium,19
redeo,19
mirus,19
testor,19
acta,19
teneo,19
donum,19
flaccus,19
taeter,19
defendo,19
colloco,19
praedico,19
corona,19
uiuus,19
euentus,19
aqua,19
supplex,19
mons,19
crassus,19
attingo,19
somnus,19
intersum,19
orbis,19
suspicio,19
salutaris,19
caedes,19
uoluntarius,19
exhibeo,19
euado,19
monumentum,19
intueor,19
publice,19
forma,19
appello,19
ideo,19
nobilitas,19
redigo,19
punio,19
exsilium,19
remitto,19
diuitia,19
seruo,18
egredior,18
consularis,18
momentum,18
effectus,18
quapropter,18
attineo,18
syracusae,18
gigno,18
ruina,18
praeclarus,18
fugio,18
ictus,18
cruor,18
praefero,18
contineo,18
aditus,18
caelum,18
intro,18
concito,18
dos,18
copia,18
comes,18
comparo,18
damno,18
titulus,18
assequor,18
auspicium,18
consuetudo,18
capitolium,18
abundo,18
patrius,18
queror,18
erga,18
emo,18
actus,18
absumo,18
includo,18
pateo,18
triumuir,18
mare,17
initium,17
institutum,17
singulus,17
graecus,17
lego,17
aeternus,17
custos,17
aemilius,17
uindicta,17
insidiae,17
reuertor,17
decerno,17
humilis,17
abscisus,17
nauis,17
spolio,17
recipero,17
libenter,17
signum,17
sedes,17
telum,17
temeritas,17
armatus,17
uoluntas,17
uetus,17
apprehendo,17
unde,17
sinus,17
exsequor,17
perseuero,17
tribunal,17
quisquis,17
permitto,17
cerno,17
etsi,17
trucido,17
pristinus,17
testimonium,17
possideo,17
praecipue,17
persona,17
magistratus,17
aerarius,17
splendor,17
inopia,17
stipendium,17
scaurus,17
aequus,17
nimis,17
destringo,17
carbo,17
furor,17
iustitia,17
priscus,16
uetustus,16
pertineo,16
reprehensio,16
pertinax,16
prodigium,16
impendo,16
pius,16
priuatus,16
aspicio,16
tempestas,16
atilius,16
corrumpo,16
qua,16
detraho,16
super,16
deuinco,16
exitium,16
pario,16
incolumis,16
comperio,16
tollo,16
grauitas,16
sto,16
multitudo,16
conscendo,16
fuga,16
celebro,16
tendo,16
aspectus,16
humus,16
diligens,16
appareo,16
abunde,16
doctrina,16
augustus,16
campus,16
regio,16
scribo,16
interpono,16
porta,16
occurro,16
praemium,16
erubesco,16
nobilis,16
transgredior,16
uenenum,16
refert,16
quaestor,16
tabula,16
patientia,16
gaudium,16
contundo,16
amitto,16
uester,16
lacero,16
promptus,16
consensus,15
instituo,15
item,15
significo,15
uisum,15
indulgentia,15
consecro,15
quamuis,15
currus,15
curo,15
cannensis,15
depositum,15
rubor,15
subitus,15
uoluptas,15
omen,15
centurio,15
prosperus,15
muto,15
tectum,15
parricidium,15
creo,15
conuello,15
moueo,15
aduersum,15
muliebris,15
lux,15
cicero,15
pereo,15
cassius,15
haurio,15
memor,15
subiectum,15
potens,15
familiaris,15
celer,15
prex,15
capitalis,15
noceo,15
patrimonium,15
summoueo,15
respectus,15
sedeo,15
depono,15
conuiuium,15
imito,15
lingua,15
perdo,15
censeo,15
locuples,15
supersum,15
nimirum,15
fructus,15
complexus,15
incrementum,15
pretium,15
attentus,14
reliquus,14
soluo,14
ostendo,14
discedo,14
admoueo,14
ignis,14
custodio,14
accido,14
potentia,14
uersor,14
omitto,14
aequo,14
medius,14
iuro,14
interitus,14
assigno,14
decedo,14
grauiter,14
facinus,14
quamquam,14
ortus,14
mensa,14
dedecus,14
incido,14
maneo,14
transeo,14
neglego,14
cursus,14
insula,14
praecipio,14
tempore,14
infelix,14
barbarus,14
aestimatio,14
spatium,14
deleo,14
cena,14
uinum,14
species,14
uiolentia,14
uehementer,14
manlius,14
immineo,14
uito,14
tenebrae,14
pestifer,14
facile,14
confero,14
excito,14
maxime,14
actio,14
transitus,14
uia,14
nonne,14
strenuus,14
ratus,14
stuprum,14
indignatio,14
interpello,14
cinis,14
arbitro,14
honestus,14
querella,14
communis,14
propinquus,14
iuuentus,14
senator,14
hinc,14
curius,14
artus,14
animosus,14
tego,14
sufficio,14
uirilis,14
prudentia,14
arx,14
asper,14
suffragium,14
triumpho,14
falsus,14
censorius,14
uehemens,14
dominatio,14
praetura,14
libido,14
neco,14
testis,14
absoluo,14
praesens,13
percipio,13
pulcher,13
collegium,13
uarius,13
aufero,13
recte,13
obruo,13
impero,13
ueneratio,13
sordidus,13
tarquinius,13
infestus,13
profecto,13
saeuitia,13
insignis,13
acerbitas,13
fuluius,13
censura,13
equester,13
praeda,13
recognosco,13
mortuus,13
damnatio,13
morior,13
matrimonium,13
obsideo,13
monstrum,13
propior,13
hostia,13
nitor,13
placeo,13
timeo,13
excelsus,13
consido,13
consentaneus,13
iterum,13
argentum,13
solidus,13
alimentum,13
adipiscor,13
somnium,13
insigne,13
cubiculum,13
ueto,13
afficio,13
sepultura,13
refercio,13
decipio,13
lectus,13
mano,13
amplitudo,13
ueneror,13
incolumitas,13
cumque,13
sincerus,13
nescio,13
extra,13
acceptum,13
anulus,13
seditio,13
laudo,13
infero,13
campanus,13
hasta,13
excogito,13
succurro,13
beatus,13
spolium,13
ductus,13
persequor,13
absum,12
complector,12
pontifex,12
consultum,12
dea,12
desertum,12
missa,12
statuo,12
magister,12
partio,12
triumphalis,12
merito,12
expers,12
soror,12
lacrima,12
uindex,12
exspiro,12
aio,12
euenio,12
puella,12
alioqui,12
uictus,12
dirigo,12
flumen,12
oraculum,12
continuus,12
perseuerantia,12
foedus,12
dissideo,12
alacer,12
placidus,12
experior,12
claudo,12
torquatus,12
neuter,12
solutus,12
demum,12
lectulus,12
traicio,12
macedonia,12
longe,12
poeta,12
ignotus,12
inusitatus,12
frustra,12
hospitium,12
expleo,12
bis,12
quid,12
fabricius,12
anceps,12
adsum,12
mentio,12
perfidia,12
consulo,12
percutio,12
subnecto,12
pagus,12
penetro,12
uidelicet,12
utpote,12
iugum,12
tributus,12
iuuenta,12
administro,12
tropaeum,12
tueor,12
adduco,12
expeto,12
praeceptum,12
sicut,12
satius,12
rego,12
desero,12
negotium,12
probo,12
nascor,12
delecto,12
doceo,12
truculentus,12
habito,12
erogo,12
nummus,12
constituo,11
fauor,11
laudabilis,11
quattuor,11
dictatura,11
admoneo,11
potior,11
lictor,11
uoco,11
memorabilis,11
statio,11
indico,11
cremo,11
effero,11
matrona,11
ultra,11
luctus,11
dirus,11
saeuio,11
iuno,11
contemptus,11
consisto,11
morbus,11
litus,11
ignoro,11
scriptum,11
bonum,11
fortuitus,11
delicia,11
aliquamdiu,11
uersus,11
proelior,11
flamma,11
intolerabilis,11
lacus,11
adiuuo,11
duplex,11
praetorius,11
cado,11
quemadmodum,11
intercipio,11
indoles,11
sperno,11
implico,11
editus,11
tutela,11
plato,11
diues,11
frango,11
intercedo,11
instruo,11
cingo,11
creber,11
argumentum,11
nuntio,11
misericordia,11
unicus,11
furius,11
protego,11
impello,11
accenseo,11
fungor,11
egressus,11
collabor,11
materia,11
licentia,11
pudicitia,11
horridus,11
sancio,11
reduco,11
toga,11
conspicuus,11
gloriosus,11
mirificus,11
contumelia,11
constringo,11
diuido,11
necesse,11
committo,11
expedio,11
uulgus,11
tribus,11
confundo,11
reliquiae,11
dissimulo,11
prudens,11
impius,11
exequia,11
securis,11
repraesento,11
amarus,11
clementia,11
redimo,11
desidero,11
suimet,11
certe,11
cunctatio,11
deficio,11
hortensius,11
defensio,11
eadem,11
inuisus,11
liberalitas,11
malum,11
uolumen,10
benignus,10
opinio,10
sidus,10
caerimonia,10
sacerdos,10
postumius,10
nasica,10
impedio,10
religiosus,10
umerus,10
septem,10
complures,10
crudelis,10
uenerabilis,10
induo,10
aliquot,10
lumen,10
stultus,10
appellatio,10
rogo,10
procul,10
patefacio,10
macedonicus,10
effigies,10
paenitentia,10
immolo,10
caesum,10
haruspex,10
nouitas,10
lapis,10
audacia,10
societas,10
temere,10
insequor,10
nocturnus,10
adulescentia,10
contraho,10
statua,10
iulius,10
subtraho,10
apparatus,10
inuado,10
ualetudo,10
conficio,10
correpo,10
expono,10
incertus,10
scruto,10
sepulcrum,10
mando,10
nex,10
arcesso,10
tiberis,10
hortor,10
honoro,10
romulus,10
aliquando,10
excessus,10
diligo,10
undique,10
conscribo,10
exspecto,10
prior,10
splendidus,10
fidus,10
siue,10
legatio,10
cautus,10
potio,10
catulus,10
uber,10
patronus,10
probabilis,10
osculum,10
insolens,10
obsidio,10
o,10
nihilum,10
seruilis,10
praeteritus,10
insolentia,10
licet,10
miror,10
glorior,10
alo,10
interim,10
uendo,10
iucundus,10
sanctitas,10
experimentum,10
iniquus,10
ceruix,10
uenia,10
torqueo,10
sestertius,10
centum,10
fax,10
perpetuus,10
ingenuus,10
pignus,10
benigne,10
industrius,10
stilus,9
facundia,9
prouidentia,9
foueo,9
orator,9
claritas,9
sollemnis,9
scientia,9
opulentus,9
captus,9
sacrifico,9
prolabor,9
licinius,9
sex,9
constanter,9
incipio,9
ueho,9
colo,9
conseruo,9
totidem,9
urbanus,9
manifestus,9
uiolo,9
uiolentus,9
sordes,9
uentus,9
prouideo,9
forte,9
confirmo,9
incommodus,9
multo,9
sol,9
deinceps,9
castra,9
forus,9
cruentus,9
domitius,9
subsequor,9
denuntio,9
magus,9
aeger,9
contendo,9
inuictus,9
fastigium,9
sella,9
exquiro,9
responsum,9
insero,9
praeter,9
uigor,9
uerber,9
membrum,9
confugio,9
illic,9
introduco,9
fluctus,9
cesso,9
potis,9
tempto,9
catena,9
turba,9
promissum,9
haud,9
altitudo,9
quartus,9
iugulo,9
quinque,9
laetitia,9
lentulus,9
concordia,9
origo,9
ianua,9
philosophus,9
aequalis,9
recreo,9
conplus,9
tormentum,9
prosum,9
priuatim,9
uenus,9
temperatus,9
pudor,9
umquam,9
scilicet,9
fruor,9
incoho,9
epula,9
compono,9
genu,9
leuis,9
cibus,9
spargo,9
gaudeo,9
facilis,9
quaestus,9
decoro,9
praesentia,9
inceptum,9
merces,9
laedo,9
difficilis,9
samnis,9
piso,9
crux,9
iniustus,9
uaco,9
pugno,9
columen,9
minor,9
lutatius,9
commemoro,9
ultro,9
celeriter,9
moror,9
confiteor,9
rapio,9
exprimo,9
uolsci,9
prudenter,9
profundus,9
illinc,9
ardeo,9
exhaurio,9
obliuiscor,9
feritas,9
uigeo,9
accusatio,9
innocens,9
exerceo,9
insto,9
liberalis,9
optime,9
arbitrium,9
saluber,9
incursus,9
togatus,9
specimen,9
paupertas,9
pauper,9
onus,9
aequitas,9
hereditas,9
occasio,9
expertus,9
cogitatio,9
ordior,8
obseruatio,8
extum,8
nondum,8
sulpicius,8
auditus,8
excubo,8
remotus,8
conspicio,8
plaustrum,8
ignarus,8
creditum,8
praeficio,8
euerto,8
simulacrum,8
perfero,8
domicilium,8
osculor,8
fessus,8
mora,8
profectus,8
alienigenus,8
carus,8
imploro,8
relatio,8
tullius,8
admiror,8
debilito,8
exploro,8
interpres,8
raptus,8
hortatus,8
bos,8
pendeo,8
sepelio,8
turpis,8
latebra,8
caueo,8
hospes,8
inspicio,8
secundum,8
speculor,8
circumuenio,8
iactura,8
equitatus,8
respergo,8
cadauer,8
inhibeo,8
propitius,8
erumpo,8
sensus,8
uanus,8
incunabulum,8
supra,8
recens,8
comparatio,8
periculosus,8
fraternus,8
caelius,8
discutio,8
attono,8
proinde,8
carmen,8
donec,8
nepos,8
cognitus,8
dictator,8
appeto,8
circumdo,8
iocus,8
ingredior,8
tardus,8
uallum,8
praetereo,8
discrimen,8
dulcedo,8
indignor,8
lacesso,8
regina,8
praeceptor,8
nutrio,8
legitimus,8
centesimus,8
inuicem,8
nefas,8
adhibeo,8
excutio,8
rusticus,8
cito,8
exsulto,8
bellicus,8
census,8
magnificus,8
conscientia,8
pedes,8
affligo,8
liuius,8
focus,8
fidelis,8
contemplo,8
delictum,8
permuto,8
subinde,8
fortiter,8
commoueo,8
securus,8
erigo,8
uirga,8
tribunicius,8
amaritudo,8
indigeo,8
aer,8
pertinaciter,8
expugno,8
porcius,8
seruitus,8
inimicitia,8
sempronius,8
repetunda,8
exiguus,8
frons,8
obuiam,8
aggredior,8
timor,8
postulo,8
deprehendo,8
ruo,8
proficiscor,8
huc,8
pertinacia,8
exprobro,8
generosus,8
umbra,8
nuntius,8
robustus,8
consternatio,8
laelius,8
late,8
possessio,8
candidatus,8
adulescentulus,8
exter,7
modicus,7
compos,7
fulgor,7
inclutus,7
portendo,7
etruscus,7
explico,7
decem,7
fascis,7
quintus,7
dinosco,7
seruio,7
agrestis,7
scriba,7
continens,7
expio,7
uexo,7
maeror,7
aedilis,7
milito,7
sceleratus,7
auaritia,7
animaduersio,7
uincio,7
pertraho,7
coacta,7
onustus,7
sublatus,7
aptus,7
porrigo,7
tametsi,7
effugio,7
penso,7
fretus,7
augeo,7
iudicatus,7
resto,7
gemitus,7
adnoto,7
hodie,7
uicinus,7
diutinus,7
pareo,7
anguis,7
scutum,7
obtrunco,7
monitus,7
abrumpo,7
exeo,7
maestus,7
clamor,7
pilus,7
agmen,7
sonus,7
abdo,7
uarietas,7
abstineo,7
dis,7
index,7
flos,7
medicus,7
aduerto,7
desisto,7
uereor,7
firmitas,7
uilla,7
profusus,7
diuturnus,7
strages,7
aspergo,7
auus,7
obscurus,7
ceno,7
demonstro,7
miraculum,7
inuito,7
comprobo,7
prae,7
ubique,7
amplius,7
praecurro,7
integer,7
incendium,7
proclamo,7
tenax,7
percello,7
adimo,7
mutus,7
eripio,7
breuis,7
calliditas,7
cotidie,7
aperto,7
infinitus,7
nequeo,7
nuptiae,7
maritus,7
gener,7
quantum,7
affinis,7
affigo,7
aduentus,7
nutrimentum,7
uallo,7
illecebra,7
contemno,7
caecus,7
disco,7
aes,7
forensis,7
rursus,7
resisto,7
paulatim,7
minuo,7
praetexo,7
tunica,7
iro,7
obtempero,7
minime,7
sustento,7
rescindo,7
turpiter,7
coniugium,7
edico,7
fugitiuus,7
sanctus,7
prouoco,7
minucius,7
papirius,7
concedo,7
fatigo,7
ferox,7
mansuetus,7
gesto,7
marcius,7
dispergo,7
ualenter,7
paries,7
ualidus,7
taurus,7
claustrum,7
inprobus,7
inops,7
lepidus,7
catilina,7
foris,7
corripio,7
stirps,7
blandus,7
cruciatus,7
praedo,7
flecto,7
tyrannis,7
saluto,7
defectus,7
immemor,7
risus,7
qualis,7
temerarius,7
paro,7
maritimus,7
flagro,7
mendacium,7
sane,7
suspectus,7
mundus,7
accepta,7
innocentia,7
obsto,7
incestus,7
citer,7
admitto,7
minae,7
socrates,7
lateo,7
assumo,7
rus,7
disputo,7
infamia,7
perquam,7
pomponius,7
miseria,7
constitutum,7
proueho,7
affecto,7
porto,7
memini,7
fames,7
fallacia,7
pronuntio,7
acerbus,7
interdum,7
regno,7
eligo,6
documentum,6
spero,6
penes,6
colligo,6
ritus,6
antiquus,6
suscipio,6
mars,6
tabernaculum,6
diuersus,6
flaminius,6
sacerdotium,6
separo,6
albanus,6
uerso,6
regulus,6
nuper,6
interfector,6
candidus,6
canna,6
appius,6
hercule,6
proserpina,6
dictio,6
duplico,6
orno,6
argenteus,6
utrum,6
cohors,6
auerto,6
instinctus,6
premo,6
moene,6
successus,6
exopto,6
educo,6
misceo,6
confligo,6
portus,6
lucanus,6
repente,6
inflammo,6
immobilis,6
sino,6
pulso,6
fera,6
fulmen,6
tristitia,6
terror,6
concurro,6
oro,6
mox,6
cor,6
agito,6
semel,6
disertus,6
calpurnius,6
praesertim,6
induco,6
inuoluo,6
ornatus,6
tribunatus,6
sollicitudo,6
color,6
capillus,6
respicio,6
remaneo,6
laeto,6
uasto,6
intentus,6
tranquillitas,6
obsecro,6
penitus,6
insuper,6
fons,6
remedium,6
rarus,6
celeber,6
mitis,6
tractus,6
lusus,6
tero,6
condo,6
tergum,6
haustus,6
secedo,6
uterus,6
inuitus,6
praecipito,6
macedonus,6
tolerabilis,6
tantum,6
schola,6
facundus,6
praepotens,6
usurpo,6
munimentum,6
socer,6
circumspicio,6
doctor,6
parcus,6
canis,6
senatorius,6
munio,6
obsequor,6
theatrum,6
praeualidus,6
mucro,6
insum,6
formo,6
sanus,6
oblittero,6
ingenero,6
delabor,6
saluus,6
fors,6
scaena,6
adorno,6
munificentia,6
frequentia,6
curulis,6
protraho,6
immoderatus,6
inritamentum,6
exuo,6
scelestus,6
feliciter,6
miserabiliter,6
proicio,6
eodem,6
fossa,6
ignominia,6
urgeo,6
progressus,6
piaculum,6
amissum,6
comprimo,6
iniquitas,6
mutuor,6
corrigo,6
male,6
principatus,6
faux,6
aduersarius,6
mirifice,6
repudio,6
adflictus,6
moderatus,6
magistra,6
alligo,6
posteritas,6
pondo,6
quiris,6
perstringo,6
pello,6
secessus,6
emergo,6
stringo,6
porro,6
celeritas,6
auunculus,6
facultas,6
agnosco,6
proscriptio,6
contamino,6
pactum,6
puerilis,6
pons,6
irrumpo,6
denique,6
succumbo,6
cogito,6
naris,6
morsus,6
solacium,6
acerrime,6
ardor,6
consector,6
depello,6
prouentus,6
profiteor,6
conscius,6
patens,6
exsul,6
polliceor,6
haereo,6
parco,6
sortitus,6
consequor,6
amplector,6
absolutio,6
insisto,6
numero,6
gestus,6
perseueranter,6
profundo,6
summitto,6
iuxta,6
iuuo,6
ambitus,6
tempero,6
terribilis,6
iuger,6
infligo,6
conuicium,6
libidinosus,6
immo,6
familiaritas,6
excusatio,6
sapio,6
demissus,6
fingo,6
desiderium,6
diadema,6
iugulum,6
genucius,6
orbitas,6
dedo,6
uulgaris,6
astutia,6
insidiosus,6
cupido,5
aeuum,5
principium,5
auitus,5
augur,5
amplifico,5
ceres,5
martius,5
obsequium,5
uesta,5
examino,5
impedimentum,5
tenor,5
hospitalis,5
collis,5
asseruo,5
parricida,5
extendo,5
hercules,5
nudo,5
destinatum,5
similiter,5
dens,5
adueho,5
natio,5
perpendo,5
barbaria,5
quot,5
pallium,5
precor,5
exsoluo,5
aliter,5
decimus,5
incito,5
migro,5
lapsus,5
regressus,5
caecilius,5
accommodo,5
asellus,5
procurro,5
expromo,5
datus,5
iactus,5
tantummodo,5
utique,5
praedictio,5
contionor,5
admonitum,5
auctus,5
infans,5
antius,5
praeceps,5
ingressus,5
uictima,5
perfidus,5
inermis,5
octauius,5
augurium,5
euidens,5
iacio,5
obscuro,5
eleuo,5
confringo,5
murus,5
macto,5
opimus,5
partus,5
animal,5
tandem,5
abundantia,5
eloquium,5
suauitas,5
oborior,5
atrocitas,5
mutatio,5
conspiratio,5
pulsus,5
obuius,5
reditus,5
palam,5
aperte,5
rufus,5
detestor,5
fragor,5
propius,5
maternus,5
solium,5
otium,5
uocifero,5
siculus,5
dissensio,5
subuenio,5
arduus,5
propugnator,5
salubritas,5
salubris,5
lenis,5
alacritas,5
pergo,5
ripa,5
excidium,5
consors,5
capesso,5
arrepo,5
edictum,5
sacrarium,5
persto,5
concido,5
inuiolatus,5
fere,5
inseruio,5
oblino,5
inopinatus,5
contumeliosus,5
demens,5
ludibrium,5
nata,5
aliquotiens,5
possido,5
conuictus,5
epulum,5
intemperantia,5
stola,5
mutuus,5
hilaritas,5
quocirca,5
diligenter,5
senium,5
consurgo,5
defungor,5
fulgeo,5
rigor,5
progredior,5
abstinentia,5
altar,5
usurpatio,5
uetustas,5
rutilius,5
scaenicus,5
octo,5
quasso,5
decorus,5
notitia,5
eos,5
uelum,5
funebris,5
uiso,5
clandestinus,5
quondam,5
simulatio,5
frequens,5
aestus,5
frugalitas,5
retraho,5
delicatus,5
uegetus,5
libertus,5
aestimator,5
lamentatio,5
indulgeo,5
cognitio,5
nequiquam,5
sinceritas,5
grex,5
obstupefacio,5
deuerticulum,5
auarus,5
superiacio,5
medium,5
inhonestus,5
acquiesco,5
ambitiosus,5
supercilium,5
gratulor,5
clausum,5
titius,5
sons,5
abscido,5
bracchium,5
insulto,5
pellis,5
prauus,5
largior,5
claudus,5
imperatorius,5
auidus,5
postis,5
cumulus,5
increpo,5
noto,5
inquino,5
abrogo,5
intellego,5
tener,5
deripio,5
ulcisco,5
squalor,5
publicanus,5
clientela,5
interiacio,5
rogatus,5
minitor,5
dilabor,5
horatius,5
extremus,5
laudatio,5
tueo,5
inclino,5
inutilis,5
numida,5
turpitudo,5
laqueus,5
conuoco,5
paratus,5
clam,5
insolenter,5
laeuus,5
inhaereo,5
incubo,5
neptunus,5
ueritas,5
infirmus,5
stabilio,5
similitudo,5
equuleus,5
opportunus,5
aemulus,5
occulo,5
fastidio,5
nequitia,5
infamis,5
malignitas,5
asiaticus,5
utilitas,5
suadeo,5
consterno,5
gallicus,5
discipulus,5
approbo,5
pingo,5
pictor,5
lineamentum,5
amplexus,5
seditiosus,5
contextus,5
dementia,5
superuenio,5
recuso,5
angustus,5
quiesco,5
carnifex,5
iurandum,5
terminus,5
expello,5
subuerto,5
praefor,5
tolero,5
percurro,5
quoad,5
irritus,5
intus,5
arbiter,5
idcirco,5
uastus,5
angustia,5
anxius,5
fundus,5
exstruo,5
terentius,5
impotens,5
demitto,5
obitus,5
uilis,5
solitudo,5
laetorius,5
exanimis,5
simulo,5
pronuntiatio,5
compleo,5
propemodum,5
cohibeo,5
accendo,5
mansuetudo,5
trux,5
asseuero,5
addico,5
stimulus,5
saeuus,5
licens,5
accessio,5
castitas,5
securitas,5
fallo,5
trecenti,5
callidus,5
impudentia,5
octogesimus,5
memoro,4
diffundo,4
breuiter,4
historia,4
series,4
condio,4
regimen,4
uates,4
precatio,4
gratulatio,4
foculus,4
cella,4
praecedo,4
flamen,4
uestalis,4
antecedo,4
diligentia,4
petronius,4
quanto,4
exsecrabilis,4
absterreo,4
infeliciter,4
histrio,4
illido,4
nauigatio,4
manubia,4
barba,4
pendo,4
infundo,4
satio,4
obuenio,4
adultus,4
fannius,4
interpretor,4
aedificium,4
admissum,4
oppugno,4
diuinitus,4
adiutorium,4
dormio,4
eueho,4
bini,4
renuntio,4
prospicio,4
ser,4
nimbus,4
auis,4
odor,4
decido,4
hostilius,4
uesanus,4
emitto,4
silua,4
uisus,4
paludamentum,4
laniatus,4
relatus,4
palma,4
faueo,4
uelo,4
congero,4
caducus,4
singularis,4
dulcis,4
naturalis,4
iulus,4
struo,4
terrestris,4
promitto,4
decius,4
deposco,4
pompa,4
sopio,4
obuersor,4
confodio,4
pronus,4
immensus,4
serpens,4
tacita,4
admonitus,4
extorqueo,4
imprudens,4
destino,4
considero,4
fallax,4
contego,4
nubes,4
fundo,4
multiplex,4
nauigium,4
dispello,4
aeneus,4
amictus,4
interior,4
atticus,4
acilius,4
malignus,4
fas,4
narratio,4
defensa,4
prodeo,4
omnino,4
permisceo,4
artifex,4
respuo,4
pecus,4
prohibeo,4
elido,4
ponderosus,4
gurges,4
polluo,4
praepono,4
olim,4
quotiens,4
contentio,4
placo,4
affinitas,4
cognatus,4
uerecundus,4
modestus,4
caelus,4
geminus,4
exercitatio,4
ambulo,4
inuitatus,4
mandatus,4
stabilimentum,4
fastidiosus,4
ambiguus,4
uasum,4
sacramentum,4
tracto,4
remissio,4
quingenti,4
quinquaginta,4
permulceo,4
fabula,4
tibicen,4
italicus,4
desperatio,4
laboro,4
uicus,4
bibo,4
inscribo,4
lautitia,4
pictura,4
auratus,4
ancilla,4
exsto,4
sumptus,4
unguentum,4
neruus,4
occulto,4
etenim,4
sapienter,4
nonagesimus,4
hilaris,4
poculum,4
uiscus,4
aduenio,4
lamento,4
peruideo,4
deformitas,4
maturus,4
uictrix,4
septimus,4
serenus,4
tranquillus,4
proficio,4
repleo,4
haesito,4
imbecillitas,4
detego,4
bellus,4
abripio,4
cincinnatus,4
substerno,4
fusus,4
renouo,4
praesum,4
flagitiosus,4
opto,4
immanis,4
eneruis,4
caedo,4
identidem,4
blanditia,4
laurea,4
plebeius,4
sponsio,4
instar,4
consummo,4
probitas,4
stabilis,4
recordor,4
iunius,4
inuidiosus,4
frenum,4
neo,4
centuria,4
periurium,4
postmodum,4
introitus,4
exhorresco,4
oriens,4
astringo,4
perficio,4
puluinar,4
aliquantus,4
leuo,4
praetextatus,4
municipium,4
secreto,4
minerua,4
finitimus,4
fluctuo,4
oporteo,4
stupeo,4
alueus,4
prospere,4
obnoxius,4
praecordia,4
posco,4
mucius,4
equitius,4
sextus,4
innumerabilis,4
timidus,4
mecum,4
eruo,4
diurnus,4
adigo,4
audax,4
commemoratio,4
nouem,4
armilla,4
lacedaemon,4
molitio,4
prodo,4
praeditus,4
professio,4
tecum,4
dilato,4
consummatio,4
captura,4
prorogo,4
uagor,4
tragicus,4
patruus,4
cicereius,4
flagitium,4
exheredo,4
gymnasium,4
naualis,4
uicesimus,4
expendo,4
spiro,4
calumnia,4
successor,4
contra,4
assurgo,4
tragoedia,4
homerus,4
transgressus,4
palus,4
sinister,4
recedo,4
procella,4
ostento,4
senilis,4
satietas,4
fleo,4
frigus,4
impotentia,4
dimidius,4
applico,4
tenus,4
peroro,4
deporto,4
aegyptus,4
intuor,4
amo,4
postremo,4
commendatio,4
piscis,4
illustro,4
deflecto,4
scriptor,4
consortio,4
recito,4
frugifer,4
comitatus,4
mancipium,4
penates,4
defensor,4
lucrum,4
pulchritudo,4
concupisco,4
quorsum,4
auspicatus,4
fastus,4
instrumentum,4
aelius,4
uas,4
maritalis,4
nubo,4
subsidium,4
eniteo,4
blossius,4
hora,4
considius,4
clemens,4
sublimis,4
confessio,4
ueturius,4
oppius,4
separatim,4
manilius,4
strangulo,4
inualidus,4
iniurius,4
persicus,4
destitutus,4
curiosus,4
siquidem,4
imbellis,4
notus,4
dissimulatio,4
perfundo,4
agrarius,4
supprimo,4
atrox,4
memmius,4
rebello,4
rector,4
publicius,4
sullanus,4
sollicitus,4
ludicer,4
sertorius,4
puluis,4
en,4
uiator,4
flauius,4
balneum,4
deligo,3
incedo,3
coeptum,3
inuoco,3
dissero,3
inquiro,3
denuntiatio,3
peritus,3
antistes,3
uacatio,3
ascendo,3
quilibet,3
cinctus,3
baebius,3
cultor,3
tus,3
potitius,3
hereditarius,3
prope,3
intereo,3
sacrilegus,3
impunis,3
tegula,3
lacinia,3
adfectus,3
reporto,3
thesaurus,3
nauigo,3
fanum,3
eburneus,3
insculpo,3
rideo,3
patera,3
disicio,3
praesumo,3
concubius,3
confluo,3
dissimulanter,3
natalis,3
philippensis,3
rhodium,3
samos,3
puerulus,3
pauidus,3
amnis,3
socialis,3
expeditio,3
fundamentum,3
dissipo,3
tumultus,3
gallius,3
fluo,3
mino,3
funero,3
pullus,3
deditio,3
funestus,3
allabor,3
arceo,3
detrimentum,3
purpureus,3
accurro,3
extractum,3
apis,3
necessitudo,3
sponte,3
concilium,3
equa,3
infantia,3
adumbro,3
radix,3
furca,3
mediocris,3
pressus,3
ecquis,3
retiarius,3
ferio,3
roboro,3
elegans,3
successio,3
erepo,3
amoueo,3
urina,3
genitalis,3
lustro,3
ferreus,3
insons,3
effusus,3
opertum,3
taberna,3
orans,3
caupo,3
superuacuus,3
curro,3
uigilans,3
tenebra,3
aceruus,3
castor,3
pollux,3
albus,3
sudor,3
propensus,3
pestilentia,3
triduum,3
triremis,3
emetior,3
uestibulum,3
supplicatio,3
nomino,3
cano,3
seruilius,3
concubitus,3
samius,3
athleta,3
elabor,3
rumpo,3
ineptus,3
saxum,3
quadriga,3
indus,3
sentina,3
circuitus,3
communio,3
coniunctus,3
liberi,3
tantopere,3
proprietas,3
cauda,3
procumbo,3
elementum,3
desino,3
cubo,3
uirginitas,3
comitas,3
metuo,3
iurgium,3
cotidianus,3
lauo,3
ualua,3
meditatio,3
feruor,3
obiurgo,3
labefacto,3
dica,3
commissum,3
quantopere,3
corono,3
serus,3
transfuga,3
aceo,3
dumtaxat,3
colloquium,3
amens,3
luxus,3
maius,3
antea,3
spons,3
remus,3
largus,3
idus,3
cognominatus,3
humilitas,3
dilectus,3
contagio,3
subtilis,3
maculo,3
uirilitas,3
rudis,3
concentus,3
calidus,3
lar,3
deueho,3
fumus,3
euoco,3
lectisternium,3
egero,3
nuncupo,3
mas,3
indutus,3
dedico,3
simplicitas,3
prandeo,3
area,3
adnecto,3
lenio,3
luxuriosus,3
hebeto,3
calor,3
inertia,3
supersedeo,3
ter,3
noxius,3
arca,3
aspernor,3
innitor,3
spectator,3
superstes,3
persuadeo,3
deuoueo,3
remoueo,3
nupta,3
indicus,3
torus,3
uitupero,3
uacuefacio,3
exuro,3
secta,3
perrumpo,3
neglegentia,3
aurelius,3
lugubris,3
alloquor,3
offundo,3
inultus,3
degenero,3
deuoco,3
nudus,3
adductus,3
acriter,3
defectio,3
distraho,3
aliquid,3
perpetior,3
recingo,3
descisco,3
gnaeus,3
attero,3
neue,3
odi,3
leniter,3
imputo,3
ponticus,3
alpis,3
casa,3
tempestiuus,3
ouo,3
factio,3
pigeo,3
castrensis,3
bubulcus,3
annius,3
ascribo,3
meretrix,3
obstipesco,3
coerceo,3
profero,3
praeco,3
administratio,3
contemplatio,3
appropinquo,3
latro,3
gestio,3
exulo,3
incutio,3
atrium,3
paedagogus,3
confusio,3
exsecratio,3
feretrius,3
hactenus,3
coruinus,3
luctuosus,3
tumulus,3
dirimo,3
arcessitus,3
ubinam,3
probus,3
uulnero,3
praeripio,3
globus,3
largitio,3
dictito,3
corruo,3
trepidatio,3
u,3
sagulum,3
mergo,3
praeconium,3
femur,3
unda,3
scopulus,3
affluo,3
umbo,3
ora,3
prouocatio,3
cicatrix,3
obiectus,3
incendo,3
impietas,3
certatim,3
concutio,3
dispicio,3
particeps,3
ignauia,3
cyprius,3
dicio,3
duro,3
erudio,3
crucio,3
subeo,3
reuoluo,3
tugurium,3
lustrum,3
extundo,3
punitor,3
luna,3
surgo,3
petitor,3
adhaereo,3
pugio,3
scortum,3
obscenus,3
lupanar,3
naufragium,3
nouo,3
agitatio,3
quotienscumque,3
illuc,3
badius,3
circumsedeo,3
percontor,3
iumentum,3
discerpo,3
minister,3
supplico,3
fido,3
produco,3
frumentum,3
emendo,3
obstrepo,3
quaeso,3
tenuis,3
sterno,3
procuratio,3
inuro,3
effundo,3
uicissitudo,3
paciscor,3
funditus,3
aperio,3
praeterea,3
irascor,3
eludo,3
consero,3
irrito,3
turbulentus,3
miseror,3
perturbo,3
moneris,3
enimuero,3
aspiro,3
misericors,3
rigidus,3
scitum,3
ordino,3
torpor,3
transuersus,3
uerbero,3
destruo,3
festinatio,3
questus,3
patienter,3
improbo,3
temperamentum,3
strictim,3
aemulatio,3
popularis,3
impunitus,3
exardeo,3
cur,3
sero,3
uagus,3
aduocatus,3
instructus,3
piscator,3
offensus,3
annalis,3
gabinius,3
patrocinium,3
epistola,3
supergredior,3
floreo,3
socrus,3
patricius,3
accuro,3
reicio,3
assideo,3
pretiosus,3
deprecor,3
sarcina,3
portio,3
scius,3
furiosus,3
profugus,3
talentum,3
superbia,3
diuiduus,3
pessum,3
agrellus,3
nuptus,3
concilio,3
plurimum,3
fauorabilis,3
modestia,3
calamitas,3
decor,3
lector,3
durus,3
obscuritas,3
assuefacio,3
concipio,3
commodus,3
sacrosanctus,3
abstraho,3
inexpugnabilis,3
ambo,3
creditor,3
quinquagies,3
praecordium,3
obsero,3
brundisium,3
furo,3
aegyptius,3
percieo,3
satelles,3
publicum,3
pilleum,3
postulatio,3
prouisus,3
onero,3
crudeliter,3
fluctuor,3
attento,3
rependo,3
commercium,3
armo,3
grauor,3
aspere,3
aemulatus,3
ignorantia,3
imprimo,3
superbus,3
famularis,3
moles,3
aristoteles,3
insideo,3
nouerca,3
anhelitus,3
suspendium,3
conquiro,3
seduco,3
adoptio,3
denego,3
procreo,3
permaneo,3
pudicus,3
qualiscumque,3
adulterium,3
capto,3
impunitas,3
euidenter,3
iuuenilis,3
acclamo,3
crus,3
libertinus,3
mentior,3
galbus,3
formula,3
perpes,3
faliscus,3
extraho,3
subduco,3
asinus,3
sagax,3
iudicialis,3
moleste,3
aedilitas,3
sagacitas,3
resoluo,3
utiliter,3
plerumque,3
uacca,3
diana,3
acumen,3
uafer,3
uehiculum,3
adiutor,3
uaframentum,3
otacilius,3
daps,3
centumuiri,3
adopto,3
innoxius,3
impudicus,3
latratus,3
tortus,3
roscius,3
cultura,3
senesco,3
amentia,3
operio,3
iracundia,3
cliens,3
digero,2
diuinitas,2
summatim,2
sacrum,2
monitum,2
sibyllinus,2
propitio,2
duodecim,2
figulus,2
abdico,2
cloelius,2
emico,2
admonitio,2
fraudo,2
salii,2
quirinalis,2
sublicius,2
cliuus,2
ianiculum,2
perueho,2
infringo,2
sancte,2
capax,2
interrumpo,2
uictimarius,2
secerno,2
sabinus,2
describo,2
coleus,2
mitigo,2
abstergeo,2
circensis,2
exuuia,2
diuisus,2
fragmentum,2
ultor,2
doleo,2
arbor,2
luo,2
casu,2
pleo,2
quinqueremis,2
sacrilegium,2
amiculus,2
laneus,2
frigidus,2
imberbis,2
bonitas,2
porricio,2
argumentor,2
innecto,2
delibero,2
exclamo,2
signifer,2
ueientanus,2
certo,2
arripio,2
nuptialis,2
sacellum,2
congruo,2
paulisper,2
nauicula,2
pharsalicus,2
designo,2
homericus,2
letum,2
adhortatio,2
absurde,2
insperatus,2
marcus,2
mugitus,2
exterreo,2
diripio,2
boarius,2
lupus,2
uagina,2
fugo,2
lauinius,2
territus,2
scapha,2
consideratus,2
euito,2
occulte,2
instauro,2
flauus,2
delitesco,2
trunco,2
auello,2
aquilus,2
obtero,2
promiscuus,2
castigo,2
delubrum,2
strepitus,2
pergama,2
priusquam,2
inserto,2
uecors,2
phrygius,2
formica,2
granum,2
triticum,2
gaza,2
fragilis,2
cuna,2
mel,2
re,2
redoleo,2
musa,2
lectica,2
immortalitas,2
subtiliter,2
differo,2
mus,2
circus,2
deuersor,2
conflictor,2
niger,2
perterreo,2
inclamo,2
sciscitor,2
haterius,2
gladiatorius,2
mirmillo,2
uigilia,2
protero,2
praeparo,2
armamentarium,2
aper,2
olympus,2
sus,2
frustror,2
praeualens,2
uulgo,2
conceptus,2
obsido,2
irruptio,2
insepultus,2
arcas,2
saucius,2
saltem,2
contemptor,2
abluo,2
fatalis,2
disto,2
nauta,2
uescus,2
moneta,2
rite,2
cornu,2
pauor,2
tuscus,2
bruttius,2
scalae,2
galea,2
alba,2
f,2
proles,2
praefatio,2
minax,2
pythicus,2
achaius,2
specus,2
bestia,2
intactus,2
reuiuo,2
perfruor,2
interuenio,2
uocalis,2
genetrix,2
sano,2
scopa,2
thessalia,2
triclinium,2
professor,2
opinatio,2
cauillor,2
capulus,2
rapidus,2
aequaliter,2
febris,2
epicurus,2
fecundus,2
sagitta,2
sitis,2
quare,2
usitatus,2
perforo,2
afflo,2
cubile,2
experientia,2
repudium,2
coniugalis,2
matronalis,2
tactus,2
subsido,2
palatium,2
sacro,2
fautor,2
cumulo,2
tibia,2
pubertas,2
actuosus,2
taciturnitas,2
abiecto,2
germanicus,2
quinquies,2
assiduus,2
subscribo,2
ueneo,2
sincere,2
persoluo,2
transueho,2
septeni,2
reor,2
delectatio,2
stolo,2
intestinus,2
ludius,2
indo,2
actor,2
nixus,2
magnopere,2
sitio,2
gubernator,2
contractus,2
spongia,2
furuus,2
semita,2
ebur,2
perimo,2
septuaginta,2
serius,2
merus,2
puls,2
panis,2
far,2
simplex,2
auersus,2
effemino,2
mollio,2
cohortatio,2
honestas,2
totiens,2
mimus,2
mendax,2
robigo,2
nobiscum,2
termino,2
cubitum,2
cohorto,2
distribuo,2
mercurius,2
mortifer,2
anima,2
philosophia,2
gloriose,2
flebiliter,2
callide,2
genialis,2
siccus,2
institor,2
lixa,2
conitor,2
copulo,2
propinquitas,2
cohaereo,2
penetralis,2
propago,2
blandimentum,2
maecius,2
trepidus,2
scindo,2
refreno,2
mane,2
interdico,2
funditor,2
transcribo,2
cruento,2
elephantus,2
castigatio,2
orsus,2
binus,2
expugnatio,2
lugeo,2
suffigo,2
fulcio,2
uere,2
necne,2
controuersia,2
fateor,2
lis,2
opimius,2
obseruo,2
myoparo,2
piraticus,2
decerpo,2
reseruo,2
caelebs,2
constitutio,2
aduocatio,2
stips,2
numerosus,2
luscinius,2
credibilis,2
impudenter,2
firmus,2
alteruter,2
integritas,2
cera,2
congressus,2
grauo,2
praestringo,2
comminuo,2
fauonius,2
ambitio,2
pueritia,2
perfacile,2
officina,2
procursus,2
conditor,2
cocles,2
uertex,2
obses,2
acquiro,2
difficultas,2
planum,2
occasus,2
magnificentia,2
cursor,2
calcar,2
sepono,2
puppis,2
cultellus,2
reseco,2
tonsor,2
progenies,2
uexillum,2
achilles,2
bellator,2
cantus,2
oceanus,2
britannicus,2
ratis,2
uadum,2
regredior,2
pila,2
incredibilis,2
tragula,2
lorica,2
phalerae,2
nedum,2
fuluus,2
plaga,2
opportunitas,2
orbus,2
sospes,2
harmonia,2
nutrix,2
conuenienter,2
aegre,2
uerto,2
assisto,2
uro,2
polleo,2
publico,2
eiulatus,2
laxo,2
maledictum,2
tortor,2
lamina,2
criminatio,2
cupide,2
uiuidus,2
planus,2
pasco,2
corinthus,2
quater,2
caligo,2
peregrinor,2
ignobilis,2
oratorius,2
reprehendo,2
deuoro,2
uoluo,2
crepida,2
segnis,2
recessus,2
chlamydatus,2
crepidatus,2
teutonicus,2
traduco,2
speculator,2
prandium,2
quadragies,2
refello,2
clauus,2
quicumque,2
annona,2
profectio,2
peregrinatio,2
uocatus,2
praestantia,2
postulatus,2
supplementum,2
confido,2
adrogans,2
meta,2
postpono,2
repraesentatio,2
obtrecto,2
comito,2
productum,2
toruus,2
abigo,2
improuisus,2
sollicito,2
iacto,2
oppositus,2
exoro,2
gemo,2
necto,2
percalefacio,2
diruo,2
coarto,2
emereo,2
conicio,2
permultus,2
dissentio,2
concitatio,2
altercatio,2
proxime,2
uilicus,2
adiudico,2
nubilus,2
inclinatio,2
despondeo,2
tutor,2
leuitas,2
sponsus,2
redemptio,2
norma,2
ligneus,2
miro,2
idoneus,2
unusquisque,2
samnium,2
praediues,2
detestatio,2
fabrico,2
fictilis,2
permissus,2
libra,2
haedinus,2
as,2
transmarinus,2
putus,2
petulantia,2
inuideo,2
districtus,2
senecta,2
temperantia,2
moratus,2
meretricula,2
facetus,2
flagito,2
proprie,2
adulo,2
disputatio,2
menenius,2
patella,2
animose,2
aratrum,2
aestuosus,2
glaeba,2
assero,2
loco,2
pondero,2
propero,2
desumo,2
quantulus,2
aridus,2
exsurgo,2
carpo,2
competitor,2
discerno,2
interuentus,2
eicio,2
castus,2
concupio,2
ossum,2
habena,2
fama,2
auersor,2
agamemnon,2
sodalicius,2
subdo,2
periculose,2
adnuo,2
nefandus,2
opero,2
pythagoricus,2
stultitia,2
statura,2
quantuscumque,2
infula,2
quatenus,2
pactio,2
calculus,2
addictus,2
centiens,2
opportune,2
acte,2
s,2
immunis,2
modius,2
ducenti,2
inexorabilis,2
benignitas,2
liberaliter,2
concursus,2
fletus,2
machina,2
alleuo,2
pontus,2
imperatum,2
intellectus,2
gregarius,2
sobrius,2
ebrius,2
urna,2
commeatus,2
paeniteo,2
optabilis,2
infelicitas,2
significatio,2
libet,2
distinguo,2
salutariter,2
collecta,2
calidius,2
egregie,2
excuso,2
magnifice,2
circumeo,2
uibro,2
domina,2
obtrectatio,2
maelius,2
proscindo,2
repulsus,2
gratiosus,2
sextilius,2
detestabilis,2
amputo,2
uixdum,2
effreno,2
domo,2
amans,2
garrulus,2
praeses,2
obstringo,2
suboles,2
genero,2
frequenter,2
trepido,2
detrecto,2
ueteranus,2
uiritim,2
repugno,2
murmur,2
ignosco,2
inedia,2
copiosus,2
recordatio,2
consanguineus,2
germanus,2
curtius,2
promoueo,2
caesetius,2
balbus,2
uena,2
excido,2
rabies,2
gellius,2
cogitatum,2
suppliciter,2
dedicatio,2
molior,2
ingemesco,2
surruo,2
quonam,2
efficaciter,2
firmamentum,2
lucretius,2
decemuir,2
coinquino,2
defigo,2
intercessio,2
impudicitia,2
aquila,2
pannus,2
heluius,2
defleo,2
indemnatus,2
tragoedus,2
uenditio,2
temulentus,2
immerens,2
oscitans,2
resipisco,2
nefarie,2
tellus,2
fidenter,2
foedo,2
figo,2
curiatus,2
fustis,2
fastidium,2
salutatio,2
suspendo,2
inexpiabilis,2
petitio,2
adsuetus,2
demolio,2
consentio,2
diuerto,2
catenatus,2
tarpeius,2
tacite,2
longinquus,2
fraus,2
fetialis,2
ancillula,2
plancus,2
rapina,2
beneuolus,2
egeo,2
urus,2
lucidus,2
reprimo,2
proconsularis,2
horror,2
subigo,2
stolidus,2
salebra,2
tabidus,2
situs,2
marcidus,2
pinguis,2
fimbria,2
aquilonius,2
pullarius,2
alienigena,2
densus,2
labrum,2
maledicus,2
comoedia,2
attraho,2
auditor,2
pernicies,2
furtum,2
baculum,2
neapolitanus,2
seco,2
abutor,2
suborno,2
inconcessus,2
asinarius,2
equiso,2
hinnitus,2
penuria,2
affulgeo,2
rebellatio,2
hortus,2
dolus,2
audaciter,2
repentinus,2
urbanitas,2
catonium,2
gubernaculum,2
uenditor,2
attribuo,2
agger,2
congeries,2
inuerecundus,2
anneius,2
tullianus,2
impie,2
imber,2
caenum,2
poeticus,2
cosconius,2
proditio,2
impugno,2
uillius,2
caro,2
amb,2
infensus,2
inexplicabilis,2
inanis,2
afranius,2
fremitus,2
mature,2
studiosus,2
laboriosus,2
apto,2
requiro,2
musicus,2
uiuacitas,2
sumministro,2
iners,2
ludo,2
anio,2
insolitus,2
aculeus,2
languidus,2
mollis,2
insatiabilis,2
ephesius,2
aboleo,2
gymnicus,2
gula,2
liquo,2
culina,2
coetus,2
columna,2
sexagies,2
arbuscula,2
succido,2
tricies,2
nequam,2
probrosus,2
lasciuus,2
gremium,2
superpositus,2
emineo,2
uescor,2
animalis,2
uiolens,2
proculco,2
colonia,2
gymnasiarchus,2
substituo,2
receptus,2
prout,2
coma,2
obeo,2
cuneus,2
inquisitio,1
peregrinus,1
paruitas,1
exposco,1
fulgur,1
procuro,1
martialis,1
oboedientia,1
apex,1
sorex,1
flagrum,1
discipula,1
adoro,1
scrupulosus,1
adiectio,1
tempestiue,1
scriptura,1
pompilus,1
recondo,1
auoco,1
duumuir,1
insuo,1
irrogo,1
uiolatio,1
tricesimus,1
iniectus,1
tensa,1
facies,1
pubes,1
ap,1
lucus,1
immunitas,1
multiplico,1
marmoreus,1
aegritudo,1
retexo,1
potenter,1
iocosus,1
gelus,1
amiculum,1
hiems,1
demos,1
barbatus,1
lentus,1
tarditas,1
cratera,1
contactus,1
filiola,1
catellus,1
persido,1
matertera,1
resideo,1
pabulum,1
quantuluscumque,1
peruello,1
rapax,1
tumor,1
inconsideratus,1
derisus,1
uerro,1
tanaquil,1
eluceo,1
inundatio,1
stagnum,1
carnis,1
praepes,1
semenstris,1
elephantinus,1
pluo,1
uigil,1
meto,1
spica,1
corbis,1
caeres,1
cauus,1
inauspicatus,1
effodio,1
mancus,1
adedo,1
iecur,1
infigo,1
refigo,1
carrus,1
ei,1
strues,1
obiectum,1
excandesco,1
omnipotens,1
examen,1
antiochia,1
tympanum,1
uiridis,1
coagmentum,1
enascor,1
pedester,1
fugax,1
labellum,1
emano,1
uireo,1
depasco,1
implicitus,1
perspicio,1
reformido,1
mulco,1
latinius,1
instauratio,1
debilitas,1
lecticula,1
inuius,1
uago,1
actium,1
squalidus,1
inmitto,1
lineus,1
consessor,1
pone,1
caliginosus,1
uastitas,1
sileo,1
praemonitus,1
inhumatus,1
aeternitas,1
harena,1
agilitas,1
culta,1
detorqueo,1
homicidium,1
praenuntius,1
uitis,1
inumbro,1
ibidem,1
uterum,1
satyriscus,1
amica,1
euidentia,1
meritorius,1
deuerto,1
prosilio,1
stercus,1
cooperio,1
interdiu,1
mamilius,1
praefectura,1
coniectus,1
resero,1
triennium,1
labes,1
paueo,1
conuoluo,1
superimmineo,1
trano,1
miliarium,1
profugio,1
siluanus,1
clamito,1
confercio,1
uallaris,1
distinctus,1
laureatus,1
troius,1
refugio,1
primordium,1
lignum,1
comburo,1
uaticinatio,1
horrendus,1
interiaceo,1
deuro,1
lituus,1
lamia,1
basis,1
suinus,1
era,1
biduus,1
obmutesco,1
uagitus,1
uomicus,1
epulor,1
conuiua,1
sophistes,1
mordax,1
irrideo,1
proturbo,1
deludo,1
absento,1
disiungo,1
boeotius,1
caelo,1
remex,1
hexeris,1
repercussus,1
sidonius,1
siluester,1
caprea,1
creta,1
herba,1
dictamnus,1
capra,1
sedo,1
inebrio,1
ballista,1
silex,1
belua,1
uiginti,1
auspex,1
cenito,1
incorruptus,1
quinquagesimus,1
caruilius,1
sterilitas,1
consuesco,1
purpura,1
concinnus,1
rutilo,1
concors,1
caristia,1
breui,1
discubitus,1
pango,1
arcanus,1
enuntio,1
imprudentia,1
allego,1
limen,1
latine,1
uolubilitas,1
subex,1
opinor,1
molo,1
rhetor,1
pridem,1
inflo,1
inruo,1
senaculum,1
subsellium,1
commodum,1
compesco,1
palatinus,1
educator,1
caper,1
ioco,1
annuus,1
feriae,1
trabeatus,1
discribo,1
compello,1
mallius,1
ueles,1
excursio,1
incuruus,1
tegumen,1
uelox,1
saltus,1
incesso,1
discretus,1
intolerandus,1
consualia,1
pernicitas,1
curetes,1
obtundo,1
atellanus,1
accio,1
absurdus,1
saecularis,1
linter,1
suppeto,1
calix,1
fumo,1
calefacio,1
pertergeo,1
fodio,1
antiquitus,1
ater,1
cresco,1
consessus,1
umbraculum,1
aestiuus,1
uersatilis,1
argentatus,1
choragium,1
completus,1
ueneficium,1
factito,1
tiburs,1
festus,1
propatulus,1
mola,1
sal,1
primitia,1
libamentum,1
benefacio,1
inmodicus,1
anapaestus,1
strenue,1
languor,1
marceo,1
facinorosus,1
olea,1
conexum,1
obseruantia,1
manumissio,1
fucosus,1
superstitio,1
exedo,1
planctus,1
cicuta,1
destituo,1
stratum,1
recubo,1
hortator,1
auiditas,1
defundo,1
inuocatus,1
infernus,1
eloquor,1
aduoco,1
suffundo,1
bracatus,1
palliatus,1
lycius,1
lycium,1
iunctura,1
amissio,1
albinius,1
coquo,1
uenalis,1
fungus,1
iniussu,1
turbo,1
imperiosus,1
nutus,1
dictatorius,1
ignominiosus,1
nodosus,1
discingo,1
turma,1
ala,1
effeminate,1
uiriliter,1
rebellis,1
firmo,1
humiliter,1
damnum,1
peditum,1
tentorium,1
recursus,1
munusculum,1
rescribo,1
caesius,1
quinquageni,1
inculco,1
ni,1
restipulor,1
praecerpo,1
ramulus,1
c,1
taedeo,1
laureus,1
sempiternus,1
domi,1
odiosus,1
iniuriose,1
pensum,1
fidius,1
pomerium,1
duronius,1
frugi,1
munitio,1
philus,1
transcendo,1
apparitor,1
expostulo,1
admirator,1
lares,1
paulo,1
opperior,1
tremo,1
mima,1
definio,1
cunabulum,1
gustus,1
bullatus,1
incingo,1
discursus,1
aduento,1
extimesco,1
faustus,1
colaphus,1
lacertus,1
deiectus,1
nato,1
propugno,1
stipo,1
antiquitas,1
maturitas,1
demoueo,1
laxamentum,1
stimulo,1
obstino,1
no,1
lubricus,1
pelagus,1
corrodo,1
thrax,1
smyrna,1
sica,1
incumbo,1
tonsorius,1
unguis,1
egomet,1
laeua,1
spiculum,1
aquilifer,1
trans,1
obequito,1
quando,1
decuma,1
uerbosus,1
classicus,1
castellum,1
perfodio,1
scaeuus,1
foramen,1
centurionatus,1
proeliator,1
dentatus,1
uicies,1
inspecto,1
ciuicus,1
muralis,1
torquis,1
compes,1
incola,1
intrepidus,1
clipeus,1
dubitanter,1
renideo,1
propino,1
existimatio,1
ferocitas,1
incisum,1
perosus,1
mucus,1
lucerna,1
digitus,1
turibulum,1
increpito,1
timiditas,1
mentum,1
amputatio,1
commanduco,1
exspuo,1
fidiculae,1
tyrannicidium,1
cardo,1
obstinate,1
fetus,1
uernus,1
macellarius,1
merx,1
tusculum,1
obstetrix,1
immerito,1
indoctus,1
abduco,1
precarius,1
macula,1
obsolefio,1
sculpo,1
praeterquam,1
auide,1
abdomen,1
prosto,1
neapolis,1
funalis,1
cereus,1
fidicen,1
celebratio,1
myrteus,1
cantharus,1
poto,1
uadimonium,1
manipulus,1
reposco,1
millies,1
promus,1
naeuius,1
puluinarium,1
deuito,1
uenerator,1
murex,1
plumbo,1
cacumen,1
eruptio,1
incresco,1
curiatius,1
palor,1
displiceo,1
insector,1
recurro,1
capena,1
arrogans,1
cunctor,1
elucubror,1
lenocinium,1
arrogo,1
alludo,1
fabrica,1
uitulinus,1
caruncula,1
copiose,1
iocur,1
artificium,1
impar,1
rumor,1
caleo,1
frustro,1
furialis,1
ambeo,1
indignitas,1
imperitus,1
maeuius,1
factura,1
grassor,1
undecimus,1
aduoluo,1
praegrauo,1
cilicium,1
liquor,1
interfluo,1
exanimatio,1
tarsus,1
medicamentum,1
ardea,1
operosus,1
praeproperus,1
moderate,1
proauus,1
diffido,1
capitolinus,1
clementer,1
uario,1
tingo,1
praeeo,1
perpetuo,1
lucrifacio,1
periclitor,1
circumfundo,1
conclamo,1
proripio,1
enumero,1
campester,1
bibulus,1
reuiso,1
nequaquam,1
forsitan,1
restitutio,1
obliuio,1
praeopto,1
pittacium,1
euerriculum,1
ephorus,1
sicuti,1
articulus,1
caninius,1
procurator,1
pestis,1
dominor,1
obligo,1
uitricus,1
uiduitas,1
consenesco,1
cominius,1
electio,1
centenarius,1
scamnum,1
catillus,1
dito,1
assignatio,1
supellex,1
praeclare,1
legatum,1
stragulum,1
langueo,1
mercor,1
uenerius,1
istinc,1
peruigilium,1
accumbo,1
derideo,1
formosus,1
pellicio,1
uer,1
labefacio,1
academia,1
adnumero,1
hesternus,1
cynicus,1
crepido,1
holus,1
hospita,1
dominium,1
sextans,1
salinum,1
corneus,1
pediculus,1
abalieno,1
sterilis,1
semen,1
arantius,1
stiua,1
consolo,1
mercenarius,1
ilico,1
latifundium,1
subsigno,1
arantium,1
anguste,1
domuncula,1
scripulum,1
ieiunus,1
doto,1
indotatus,1
indigentia,1
comitialis,1
antefero,1
circum,1
praesente,1
sessus,1
canus,1
plausus,1
sexaginta,1
ungo,1
calceo,1
aedilicius,1
conquisitor,1
tonsa,1
lenimentum,1
lemnius,1
uicis,1
immisceo,1
commuto,1
adulatio,1
contabesco,1
trigeminus,1
saepio,1
fideliter,1
familiariter,1
adhaeresco,1
hucusque,1
suffragor,1
agr,1
sortior,1
uobiscum,1
candor,1
initio,1
sponsor,1
mansuefacio,1
aedis,1
pauo,1
inaestimabilis,1
praerogo,1
munificus,1
deminuo,1
faenus,1
usura,1
faenerator,1
negotiatio,1
dudum,1
reuiresco,1
amoenus,1
tuba,1
obticesco,1
itero,1
hordeum,1
uestio,1
occupatio,1
septingenti,1
dimissus,1
inhonoratus,1
quingeni,1
etiamsi,1
conduco,1
alexandrinus,1
congredior,1
admixtus,1
fibula,1
laticlauius,1
hispanus,1
exhortor,1
misereor,1
nusquam,1
niualis,1
capital,1
inuitatio,1
sputum,1
crapula,1
milium,1
uitta,1
segmentum,1
cluuius,1
facula,1
subministro,1
mensis,1
ignauus,1
magisterium,1
probabiliter,1
pilleatus,1
dupliciter,1
exaudio,1
adaperio,1
adiuto,1
cornutus,1
hirtus,1
gratuitus,1
extenuo,1
intercido,1
excepto,1
pie,1
praecurrentia,1
neglectus,1
foede,1
exsanguis,1
accola,1
peculatus,1
raptor,1
necdum,1
sextilis,1
studiose,1
tarquiniensis,1
deploro,1
aggrego,1
uicatim,1
pubesco,1
perfugio,1
ingeniosus,1
elinguis,1
hac,1
discors,1
luceo,1
nempe,1
colus,1
infirmitas,1
tirocinium,1
pertimesco,1
nanciscor,1
commendabilis,1
euilesco,1
exsero,1
lac,1
inauditus,1
inclaresco,1
praesideo,1
seruator,1
proditor,1
antequam,1
germanium,1
equidem,1
transuerbero,1
impendio,1
excello,1
frux,1
cippus,1
paludatus,1
inaudio,1
aereus,1
raudusculum,1
picus,1
deuotio,1
labo,1
ingenuitas,1
uoueo,1
percrebesco,1
falx,1
percussus,1
utrimque,1
citra,1
maturo,1
gressus,1
iuuenalis,1
rugosus,1
strata,1
ubertas,1
aura,1
habilis,1
perula,1
posticum,1
uicinia,1
medulla,1
tabes,1
moribundus,1
mathematicus,1
increbresco,1
infra,1
cohorresco,1
comicus,1
lenitas,1
asperitas,1
religo,1
populariter,1
deuincio,1
peculium,1
pontificalis,1
inflecto,1
aliquantum,1
celo,1
asseueratio,1
suspicor,1
recta,1
exsupero,1
puluillus,1
nuncupatio,1
clausula,1
quadriduum,1
sollemne,1
gryllus,1
inexspectatus,1
nuntia,1
incolo,1
uerginius,1
probrum,1
maenius,1
nubilis,1
inlibatus,1
silus,1
pecco,1
nexus,1
mergus,1
corruptor,1
lusius,1
musca,1
flagellum,1
perna,1
castratus,1
excludo,1
exaspero,1
segnitia,1
uiolenter,1
contumeliose,1
crispus,1
praes,1
tabella,1
assentio,1
fascia,1
cauillatio,1
obtestor,1
exsecror,1
obduco,1
municipalis,1
maledico,1
apollinaris,1
castricius,1
spondeo,1
fiscus,1
contumax,1
matutinus,1
importunus,1
deterior,1
dissimilis,1
cantharis,1
purpuratus,1
putresco,1
duritia,1
pagina,1
penis,1
perhorresco,1
prouincialis,1
honeste,1
bona,1
pastor,1
uenabulum,1
exturbo,1
latrocinium,1
adsensor,1
egnatius,1
reprehensor,1
sobrietas,1
praefinio,1
irritatio,1
antistius,1
sophus,1
exporto,1
lectio,1
imbuo,1
intendo,1
satisfacio,1
filum,1
exaequo,1
galba,1
denoto,1
circulus,1
terreo,1
rogatio,1
obsolesco,1
d,1
nobilito,1
adaequo,1
camerinus,1
liquidus,1
aedifico,1
renascor,1
perduellio,1
obtentus,1
sin,1
scrinium,1
signo,1
reclamo,1
reformo,1
deliberatio,1
adulter,1
euinco,1
legislator,1
paco,1
indictus,1
praetermitto,1
apronius,1
accensi,1
uxorius,1
domitor,1
camera,1
lanterna,1
fugito,1
candeo,1
arguo,1
cuniculus,1
commorior,1
uocito,1
adiungo,1
odoratus,1
posticus,1
restio,1
intempestus,1
furtiuus,1
emolumentum,1
intento,1
praedamno,1
hebes,1
quaestura,1
subtexo,1
aufidius,1
particula,1
alternus,1
decoctor,1
scala,1
luctatio,1
inconstans,1
mutabilis,1
delibutus,1
redimio,1
perlucidus,1
lasciuia,1
conuiualis,1
medicina,1
ganeo,1
abdicatio,1
iniungo,1
stupor,1
uarie,1
perplexus,1
aequum,1
succussus,1
puter,1
crepundia,1
flatus,1
recutio,1
uolubilis,1
fecunditas,1
praetextus,1
inflatus,1
aula,1
aruum,1
uorax,1
onerosus,1
crebro,1
desidia,1
nonnihil,1
promulgo,1
nonnumquam,1
inhio,1
praedicatio,1
exprobratio,1
maereo,1
circumfero,1
consolatio,1
consaeptum,1
queo,1
uaticinor,1
purus,1
mercator,1
persica,1
araneus,1
transmitto,1
cres,1
inutiliter,1
trames,1
excerpo,1
cauo,1
uafre,1
aueho,1
demonstratio,1
improbus,1
praestigia,1
uectigal,1
icio,1
pudens,1
imbecillus,1
deperdo,1
paululum,1
excursor,1
insanus,1
piger,1
fortasse,1
uelocitas,1
anicula,1
sibilus,1
perior,1
duilius,1
ludifico,1
adumbratio,1
munia,1
subsum,1
apte,1
strategema,1
indigne,1
compositus,1
allicio,1
eximie,1
papauer,1
fluctuatio,1
absisto,1
reflecto,1
transitio,1
poples,1
ce,1
punicanus,1
pellicula,1
circumsto,1
scurra,1
profligatus,1
achaia,1
industrie,1
consequus,1
abominor,1
propulso,1
pastoralis,1
pera,1
conuenientia,1
lorum,1
ferueo,1
aruus,1
denarius,1
emptor,1
care,1
roboreus,1
sudis,1
uallus,1
salio,1
otiosus,1
acerbe,1
signator,1
scriptus,1
niteo,1
procreatio,1
effetus,1
pollingo,1
educatio,1
naeuus,1
anus,1
mam,1
iurisdictio,1
leno,1
insania,1
aebutius,1
transalpinus,1
coarguo,1
pridie,1
barrus,1
exheres,1
intempestiuus,1
scurrilis,1
punitio,1
subiectus,1
aliquod,1
fomentum,1
coorior,1
attollo,1
dubitatio,1
septies,1
amplio,1
octauus,1
subnixus,1
ostium,1
reuiuesco,1
neglegenter,1
porcinus,1
omasum,1
bubula,1
necator,1
auius,1
consideranter,1
areopagites,1
offendo,1
officio,1
edoceo,1
uisellius,1
coloro,1
stipulatio,1
liqueo,1
assidue,1
sexus,1
abscissa,1
argentarius,1
insimulo,1
atinius,1
sexies,1
octies,1
lucius,1
occursus,1
norbanus,1
pudet,1
absentia,1
hoplomachus,1
festinanter,1
emancipo,1
hibridus,1
perrogo,1
haesitatio,1
oppono,1
lectito,1
uiuax,1
publilius,1
debello,1
meditor,1
promo,1
exilitas,1
scando,1
uadosus,1
declamatio,1
obluctor,1
commentarius,1
stella,1
docilis,1
olympicus,1
amator,1
peragro,1
geometria,1
flexuosus,1
philosophor,1
recumbo,1
elleborus,1
purgo,1
praedium,1
fructuosus,1
machinatio,1
formus,1
praedor,1
inuestigo,1
disturbo,1
peruicax,1
quinquennium,1
subtilitas,1
undecentesimus,1
addisco,1
edisco,1
monitor,1
euanesco,1
intermissio,1
communiter,1
umbilicus,1
harundo,1
filiolus,1
canorus,1
relaxo,1
digredior,1
perpolio,1
lepus,1
decrepitus,1
oppeto,1
musica,1
fistula,1
gallium,1
chirographum,1
rhodus,1
suauis,1
coniecto,1
utinam,1
ango,1
uolcanus,1
claudicatio,1
leuiter,1
marmor,1
excusabilis,1
clamo,1
madeo,1
spuma,1
disputator,1
praediatorius,1
consultor,1
commendo,1
calleo,1
uerecunde,1
conductor,1
geometres,1
elegantia,1
architectus,1
philo,1
institutio,1
sutor,1
ansula,1
planta,1
adminiculum,1
tremulus,1
auguratus,1
metior,1
orbo,1
apparo,1
rutilus,1
quindecim,1
diuturnitas,1
moto,1
adsuesco,1
biennium,1
asinius,1
neruosus,1
aethiops,1
cnosius,1
duceni,1
trecentesimus,1
quingentesimus,1
octingenti,1
sescenti,1
ennius,1
impolituas,1
accius,1
adseruio,1
traditio,1
labienus,1
tango,1
imitatio,1
inquietus,1
fertilis,1
heu,1
innotesco,1
redundo,1
ascensus,1
declaro,1
coruus,1
subiungo,1
ominor,1
libo,1
assensio,1
deminutio,1
conuentus,1
humo,1
cortina,1
dodona,1
olympia,1
emendatio,1
sergius,1
pensilis,1
aequor,1
peculiaris,1
aestuarium,1
ferculum,1
spatiosus,1
conchylium,1
erro,1
ostrea,1
auicula,1
ficedula,1
acetum,1
unio,1
abrogatio,1
semuncia,1
sumptuosus,1
affectatio,1
porticus,1
palmatus,1
lacunar,1
bellicosus,1
curio,1
sescenties,1
famosus,1
frugalis,1
corruptela,1
sequester,1
gemellus,1
prostituo,1
damnosus,1
relanguesco,1
uiduus,1
ostentatio,1
textilis,1
sigillum,1
stupro,1
succlamo,1
construo,1
uolito,1
lamentabilis,1
diluo,1
nomenclator,1
inexplebilis,1
bustum,1
aruina,1
patibulum,1
palpebra,1
praeacutus,1
carinus,1
spado,1
cista,1
chlamys,1
natalicius,1
efferuesco,1
coniuratio,1
saeptum,1
tignum,1
promineo,1
defodio,1
configo,1
pollex,1
inuentor,1
resono,1
calamitosus,1
putrefacio,1
mortalitas,1
pacatum,1
praelatus,1
horreum,1
cibarius,1
granius,1
decurio,1
refectio,1
cunctanter,1
euomo,1
sexagesimus,1
leo,1
altaria,1
commilitium,1
suscito,1
crinis,1
babylon,1
indagatrix,1
uorago,1
plumbum,1
esurio,1
reueho,1
tyrannicus,1
interfor,1
obtorqueo,1
despicio,1
temero,1
ascisco,1
taedium,1
arroganter,1
contubernium,1
credulitas,1
pacta,1
allobrox,1
opprobrium,1
uapor,1
euocatus,1
profundum,1
puteus,1
apiscor,1
tabernula,1
latito,1
gratidius,1
adorior,1
dissolutus,1
impulsus,1
infidus,1
impatiens,1
iactatus,1
propello,1
recido,1
lars,1
tessera,1
collusor,1
taxillus,1
triceni,1
drachma,1
denus,1
uapulo,1
exspectatio,1
carpentum,1
succutio,1
secus,1
restinguo,1
quaestorius,1
diiudico,1
sorbeo,1
immoror,1
immanitas,1
alliensis,1
uigilo,1
placide,1
euagor,1
conflagro,1
exanimo,1
iuuentius,1
legens,1
eneco,1
calx,1
inlino,1
dialis,1
madesco,1
herennius,1
macer,1
caluus,1
diribeo,1
maenianum,1
sudarium,1
perridiculus,1
fragilitas,1
quanam,1
acuo,1
apricus,1
resido,1
testudo,1
ficus,1
cachinnus,1
guttur,1
unice,1
claudeo,1
attributus,1
uua,1
sucus,1
exilis,1
morum,1
quercus,1
findo,1
diuello,1
spelunca,1
hebesco,1
abnuo,1
aluus,1
lucto,1
dictus,1
aerumnosus,1
mediocriter,1
caninus,1
compungo,1
anteeo,1
stipator,1
duodequadraginta,1
tondeo,1
putamen,1
aduro,1
illigo,1
cubicularis,1
extrinsecus,1
conceptio,1
quocumque,1
obuerto,1
coquus,1
impingo,1
opitulor,1
compar,1
petulans,1
ocularius,1
intemptatus,1
calco,1
asseueranter,1
centumuiralis,1
credulus,1
suffragatio,1
dementer,1
