,count
et,1016
qui,450
hic,383
in,376
iam,335
nec,324
tu,280
ille,259
ego,250
non,238
ipse,211
atque,166
do,162
per,159
ad,158
cum,157
uir,144
omnis,142
nunc,139
sum,138
ab,136
uideo,133
primus,132
ut,127
manus,121
magnus,113
fero,109
sui,108
sic,106
suus,106
medius,104
saeuus,104
tum,102
tuus,101
aut,101
sed,101
talis,100
pater,99
aequor,98
arma,97
noster,94
deus,93
quis,92
ac,89
rex,88
nox,86
hinc,85
litus,84
ratis,81
si,81
tantus,80
fatum,80
unda,78
labor,78
aio,77
ago,76
eo,76
uirgo,75
terra,74
altus,72
peto,71
socius,71
tunc,71
at,71
pectus,69
ubi,69
meus,68
ora,67
dux,67
ingens,67
os,67
sto,66
uox,66
urbs,64
ira,64
alius,64
patrius,62
miser,62
superus,62
uolo,60
solus,60
longus,59
simul,59
contra,59
unus,59
moueo,58
domus,57
cura,57
puppis,57
iuppiter,57
quisque,57
metus,56
umbra,55
uenio,55
sub,55
tempus,54
bellus,54
parens,54
procul,54
totus,54
ullus,53
pontus,53
teneo,53
dico,53
super,52
nullus,52
quam,51
cunctus,51
mons,51
sacer,51
sequor,50
haud,50
uia,50
ignis,50
dextra,50
uellus,49
ante,48
inde,48
dies,48
natus,47
gens,47
mare,47
iubeo,47
mens,47
ruo,47
nouus,47
uoco,46
possum,45
de,45
traho,45
precor,45
etiam,45
agmen,45
locus,45
fretus,44
tandem,44
animus,44
amor,44
inter,43
lumen,43
adsum,43
redeo,43
o,42
grauis,42
dictum,42
pariter,42
hasta,42
tamen,42
proles,41
ex,41
dum,41
aurum,40
laetus,40
cerno,40
equus,40
mater,39
uos,39
rapio,39
pugna,39
pars,38
uultus,38
sanguis,38
mox,38
heu,38
coniunx,38
tergum,38
quantus,38
ecce,38
turbo,38
maestus,38
iterum,38
frater,37
caput,37
reddo,37
credo,37
honor,37
fugio,37
regnum,37
iugum,36
monstrum,36
carus,36
tollo,36
extremus,36
nomen,36
durus,36
spargo,35
tendo,35
comes,35
iungo,35
premo,35
spes,35
torus,35
fluctus,35
uentus,35
qualis,35
iuuenis,34
cornu,34
caelum,34
taurus,34
uis,33
magis,33
campus,33
subitus,33
silua,33
subeo,33
ensis,33
cado,33
maneo,33
urgeo,33
lux,33
amnis,32
quicumque,32
refero,32
ardeo,32
prior,32
quin,32
ne,32
inferus,31
is,31
soror,31
tot,31
quaero,30
protinus,30
surgo,30
cedo,30
mora,30
rumpo,29
fama,29
aether,29
remus,29
linquo,29
flamma,29
haereo,29
for,29
furo,28
certus,28
fessus,28
dea,28
oculus,28
clamor,28
adhuc,28
saxum,28
ceu,28
genitor,27
signum,27
mitto,27
pudor,27
artus,27
accipio,27
par,27
quoque,27
thalamus,27
nos,27
relinquo,27
nubes,27
uel,27
tellus,27
scopulus,27
fuga,27
impleo,26
ergo,26
raptus,26
casus,26
trepidus,26
telum,26
gemitus,26
tremo,26
num,25
polus,25
seruo,25
nam,25
an,25
nemus,25
latus,25
antrum,25
crinis,25
patior,25
dolor,25
fleo,25
interea,25
orbis,25
iste,25
iter,25
rursus,25
hospes,25
ara,24
audio,24
leuis,24
tectum,24
aqua,24
uisus,24
lacrima,24
fundo,24
sol,24
huc,24
dirus,24
idem,24
iuuo,23
diuus,23
serus,23
questus,23
numen,23
res,23
sidus,23
aura,23
enim,23
dulcis,23
geminus,23
respicio,23
donum,23
carina,22
paueo,22
praeceps,22
figo,22
summum,22
uulnus,22
mors,22
semper,22
modo,22
tyrannus,21
propior,21
uarius,21
silentium,21
sono,21
uisum,21
longe,21
somnus,21
tristis,21
fides,21
hostis,21
uelum,21
infelix,21
imago,21
aeger,21
sors,21
uelut,21
ars,21
cursus,20
pelagus,20
seu,20
memor,20
decus,20
sileo,20
miseror,20
tenebrae,20
paro,20
moles,20
multus,20
uestis,20
circum,20
sentio,20
uanus,20
graius,20
ops,20
habena,20
genus,20
fragor,20
ignotus,20
corpus,20
proelium,20
acies,20
annus,19
pecus,19
frango,19
poena,19
currus,19
pius,19
ulter,19
torqueo,19
malus,19
bonus,19
gero,19
ductor,19
fallo,19
mereo,19
galea,19
adeo,19
uictor,19
limen,19
notus,19
astrum,19
nata,19
nefas,19
impello,19
sinus,19
fax,18
daps,18
uenenum,18
inquam,18
ferrum,18
luctus,18
placidus,18
uotum,18
soluo,18
famulus,18
acer,18
munus,18
sine,18
rupes,18
uinculum,18
arduus,18
ager,18
autem,18
furor,18
furia,18
infestus,18
en,18
dignus,17
populus,17
uetus,17
namque,17
uirtus,17
discrimen,17
occupo,17
attono,17
tam,17
dolus,17
opus,17
ater,17
imber,17
moenia,17
puer,17
gaudeo,17
fas,17
addo,17
laeuus,17
amplexus,17
passus,17
segnis,17
modus,17
cur,17
coma,17
uix,17
duco,17
pauidus,17
carmen,17
donec,17
aufero,17
arx,17
trux,17
misceo,17
fremo,17
funus,17
ast,17
audeo,17
foedus,17
uerus,17
supplex,17
ualerius,16
habeo,16
factum,16
anguis,16
nihil,16
imperium,16
taceo,16
caeruleus,16
formido,16
tenuis,16
post,16
uitta,16
iuno,16
minyas,16
plenus,16
quando,16
uero,16
miror,16
ordo,16
cor,16
diua,16
obuius,16
celsus,16
pharetra,16
satis,16
uolucer,16
pauor,16
pro,16
abeo,16
flumen,16
letum,15
uastus,15
timeo,15
mensa,15
quondam,15
cantus,15
immanis,15
uester,15
iuuenta,15
umerus,15
harena,15
asper,15
densus,15
paruus,15
ictus,15
deficio,15
finis,15
moror,15
similis,15
agnosco,15
flecto,15
inanis,15
ala,15
qua,15
cunctor,15
mos,15
sedes,15
numquam,15
potius,15
uates,14
frons,14
magister,14
quies,14
pergo,14
olim,14
ambo,14
templum,14
robur,14
superbus,14
turba,14
laus,14
arcus,14
nondum,14
niger,14
uacuus,14
quamquam,14
stupeo,14
anima,14
hiems,14
horror,14
aer,14
duro,14
quod,14
dubius,14
uertex,14
argus,14
infero,14
nequiquam,14
offero,14
fortis,14
prex,14
mille,14
pes,14
aequus,14
tacita,14
stringo,14
accedo,14
nota,14
iaceo,14
subito,14
incipio,14
error,14
opto,14
moneo,13
prius,13
placeo,13
draco,13
tutus,13
diuersus,13
posco,13
datum,13
effero,13
doceo,13
sedeo,13
promissum,13
fulmen,13
desero,13
unde,13
iamdudum,13
uinco,13
homo,13
bacchus,13
ceterus,13
timor,13
maereo,13
senex,13
alcides,13
arbor,13
uoluo,13
barbarus,13
aureus,13
breuis,13
profundus,13
murus,13
fletus,13
meritum,13
scelus,13
uterque,13
ueho,12
nubila,12
uerro,12
felix,12
pulcher,12
acta,12
gemo,12
aspicio,12
necdum,12
periculum,12
capesso,12
regina,12
turbidus,12
nimbus,12
collum,12
celer,12
umquam,12
pulso,12
coeptum,12
blandus,12
quisnam,12
mars,12
mecum,12
memini,12
erigo,12
rapidus,12
fulgeo,12
scythicus,12
metuo,12
auris,12
caestus,12
aduersus,12
clarus,12
aruus,12
aeuum,12
horreo,12
aliter,12
tueo,12
horridus,12
descendo,12
fera,12
secor,12
lucus,12
leo,12
cruor,12
pello,12
implico,12
uagus,12
paulus,12
pestis,12
ultra,12
gaudium,12
cupio,12
conscius,11
caneo,11
pando,11
insto,11
sopor,11
concurro,11
edo,11
cogo,11
ignarus,11
quercus,11
spero,11
uiridis,11
senecta,11
palma,11
tempto,11
soleo,11
utinam,11
undique,11
defero,11
bracchium,11
stabulum,11
uerto,11
pinguis,11
lex,11
paternus,11
mollis,11
ceruix,11
osculum,11
curuus,11
aestus,11
prosilio,11
transtrum,11
lego,11
prospicio,11
uerbum,11
oro,11
ouo,11
profugus,11
gener,11
effusus,11
iuxta,11
murmur,11
puto,11
fatigo,11
emico,11
capio,11
axis,11
coeo,11
ostium,11
gena,11
augeo,11
saepe,11
mico,11
sperno,11
ultro,11
transeo,11
acerbus,11
iniquus,11
gelidus,11
potens,11
sanguineus,11
immemor,11
pulsus,11
aduersum,11
nympha,11
defigo,11
postquam,10
ordior,10
adnuo,10
bellum,10
lingua,10
uibro,10
externus,10
consurgo,10
ripa,10
specto,10
aruum,10
lustrum,10
aduolo,10
trabs,10
corripio,10
frondeo,10
poculum,10
insignis,10
condo,10
aduenio,10
ualidus,10
fremitus,10
reor,10
cognosco,10
horrendus,10
quot,10
caedes,10
ferio,10
comminus,10
promitto,10
planctus,10
tuba,10
foueo,10
contingo,10
cuspis,10
dimitto,10
anxius,10
frenum,10
struo,10
gurges,10
sidereus,10
repeto,10
porta,10
tango,10
nex,10
secus,10
frustra,10
humus,10
cieo,10
sino,10
occurro,10
flatus,10
cubile,10
sterno,10
lateo,10
sceptrum,10
miro,10
caecus,10
uirgineus,10
uerum,10
clipeus,10
fluuius,10
caesum,10
lustro,10
deinde,10
ita,10
erro,10
ibi,10
cano,9
eripio,9
claudo,9
uinum,9
pendeo,9
odium,9
queo,9
quoius,9
facilis,9
insequor,9
inuitus,9
auxilium,9
reuoco,9
aequoreus,9
saeuio,9
citus,9
sat,9
pronus,9
desum,9
rector,9
scio,9
perago,9
uigil,9
tecum,9
obruo,9
mino,9
cumque,9
coruscus,9
improbus,9
pallas,9
regius,9
piceus,9
conuerto,9
cyaneus,9
causa,9
sacerdos,9
fons,9
crudelis,9
quippe,9
nurus,9
dis,9
fidus,9
excipio,9
sonitus,9
mortalis,9
recedo,9
induo,9
uadum,9
pax,9
amplius,9
portus,9
heros,9
parum,9
leuo,9
gradus,9
tumulus,9
supero,9
fors,9
satus,9
domina,9
remitto,9
remeo,9
consilium,9
nempe,9
quisquam,9
fraus,9
perses,9
concieo,8
phoebus,8
aperto,8
mina,8
foris,8
monitus,8
hiatus,8
effugio,8
ferus,8
pateo,8
incertus,8
tumidus,8
reposco,8
grex,8
cingo,8
exeo,8
gesto,8
iamiam,8
debeo,8
palla,8
nudus,8
gressus,8
fatus,8
expedio,8
omen,8
inuenio,8
dexter,8
impero,8
nepos,8
loquor,8
fusus,8
reduco,8
fortuna,8
concutio,8
sustineo,8
immitto,8
securus,8
nosco,8
trado,8
alumnus,8
igneus,8
bis,8
ostendo,8
insurgo,8
dono,8
auus,8
tener,8
nescius,8
coniugium,8
motus,8
undo,8
claustrum,8
impono,8
boreas,8
alter,8
nequeo,8
nuntius,8
supersum,8
magnanimus,8
repono,8
patria,8
rota,8
utrimque,8
effundo,8
propinquo,8
membrum,8
aeternus,8
chorus,8
pabulum,8
minae,8
prehendo,8
rego,8
repente,8
frigidus,8
requiro,8
demens,8
recens,8
sisto,8
roseus,8
pubes,8
lues,8
liceo,8
uenus,8
terror,8
amicus,8
certo,8
praeda,8
immotus,8
eous,8
appareo,8
genu,8
pereo,8
exspecto,8
praesens,8
puluis,7
cultus,7
uerso,7
terrificus,7
defendo,7
fingo,7
pondus,7
ardor,7
hortor,7
molior,7
forsan,7
carpo,7
decurro,7
anhelus,7
statuo,7
glaucus,7
ter,7
sponte,7
neptunus,7
pollux,7
equidem,7
ludus,7
minister,7
curro,7
coepio,7
mulceo,7
compono,7
quotiens,7
attollo,7
recipio,7
percutio,7
diues,7
porto,7
tegmen,7
resto,7
peruigil,7
queror,7
quasso,7
procus,7
procer,7
experior,7
ingemo,7
iuuentus,7
manes,7
hospitium,7
crimen,7
inops,7
falsus,7
grandaeuus,7
spolium,7
horresco,7
rapto,7
arcanus,7
flaccus,7
seco,7
actus,7
reuertor,7
creber,7
hora,7
forma,7
taeda,7
pruina,7
inuado,7
loco,7
inscius,7
diligo,7
desertum,7
adsuetus,7
debitum,7
abrumpo,7
iuba,7
impius,7
intentus,7
ratus,7
globus,7
securis,7
continuo,7
procumbo,7
iubar,7
ossum,7
ramus,7
barbaricus,7
sudor,7
gratus,7
increpo,7
nego,7
potestas,7
arctos,7
muto,7
fateor,7
resideo,7
mauors,7
amans,7
consido,6
castus,6
serenus,6
progenies,6
exitium,6
tueor,6
hospitus,6
diuum,6
digno,6
flauus,6
nutus,6
auratus,6
demitto,6
reueho,6
saeculum,6
tela,6
quidem,6
amens,6
nouo,6
pinus,6
laeto,6
lacertus,6
eadem,6
canis,6
aperio,6
intro,6
zephyrus,6
bos,6
libo,6
reperio,6
profero,6
roto,6
iugalis,6
mundus,6
herculeus,6
lituus,6
discedo,6
nouerca,6
impatiens,6
uiuo,6
saturnius,6
facio,6
arceo,6
turpis,6
incito,6
eques,6
intendo,6
decipio,6
saltem,6
castor,6
iustus,6
perdo,6
uaco,6
saltus,6
regio,6
pridem,6
eurus,6
propinquus,6
aeolius,6
intono,6
chalybs,6
solium,6
fiducia,6
mergo,6
excutio,6
luo,6
qualiter,6
nix,6
extemplo,6
tartareus,6
praecipito,6
palleo,6
nefandus,6
conspicio,6
sufficio,6
cupido,6
ornus,6
memoro,6
facies,6
incumbo,6
tumeo,6
alternus,6
epula,6
tardus,6
pingo,6
solor,6
plaustrum,6
infandus,6
strages,6
perpetior,6
festus,6
fumo,6
truncus,6
incendium,6
sonus,6
opacus,6
moene,6
ius,6
refert,6
ortus,6
accenseo,6
promo,6
chlamys,6
castrum,6
succurro,6
auius,6
illido,6
uallis,6
proicio,6
cinis,6
pagus,6
crista,6
adueho,6
pone,6
incido,6
phalanx,6
spumo,6
singultus,6
perimo,6
propius,6
exuuia,6
uita,6
ruina,6
uado,6
semen,6
culpa,6
monstro,6
intorqueo,6
excelsus,6
procedo,6
orans,6
summa,6
fruor,6
doleo,6
uixdum,6
illinc,6
gradiuus,6
custos,6
certe,6
aequalis,6
pellis,6
caterua,6
irritus,6
achiuus,6
odi,6
magicus,6
euado,6
instituo,5
rigeo,5
domo,5
firmo,5
omnipotens,5
tonitrus,5
egomet,5
lapsus,5
insons,5
fido,5
deiectus,5
fraternus,5
usus,5
uiso,5
laurus,5
harundo,5
uelo,5
io,5
madeo,5
argi,5
adloquium,5
tirynthius,5
metallum,5
haurio,5
uenator,5
nauta,5
contego,5
dirimo,5
positus,5
tonsa,5
prora,5
martius,5
diuido,5
sin,5
compesco,5
pono,5
strido,5
candidus,5
cassis,5
inclutus,5
sagitta,5
genetrix,5
committo,5
clausum,5
lasso,5
sonipes,5
capto,5
uro,5
dominus,5
astus,5
uoluntas,5
uber,5
condio,5
labo,5
phrygius,5
lacus,5
liber,5
apollo,5
minor,5
trepido,5
occumbo,5
patera,5
penitus,5
pasco,5
orior,5
cauus,5
inimicus,5
uestigium,5
classis,5
penas,5
quo,5
rudis,5
sacro,5
efferus,5
fallax,5
chaos,5
planta,5
lampas,5
sinister,5
aequo,5
totiens,5
cruentus,5
inicio,5
commoueo,5
quiesco,5
cassus,5
ueto,5
diffundo,5
praemium,5
suscito,5
armatus,5
rabidus,5
infectus,5
aliquis,5
hydrus,5
congemino,5
exhorresco,5
prohibeo,5
ligo,5
noto,5
maternus,5
aetas,5
ostrum,5
monitum,5
ango,5
aduerto,5
texo,5
uncus,5
anfractus,5
succedo,5
ile,5
exigo,5
rogus,5
candeo,5
salus,5
fulmineus,5
pascuus,5
toruus,5
alo,5
mitis,5
gemma,5
nocturnus,5
anceps,5
morior,5
medium,5
uiuus,5
contentus,5
supra,5
disicio,5
cingulum,5
turma,5
admoneo,5
prosum,5
solutus,5
prodo,5
aeque,5
prehenso,5
occido,5
scilicet,5
decerno,5
necto,5
excido,5
nuto,5
certamen,5
territus,5
auerto,5
pacta,5
gigno,5
dens,5
usquam,5
adimo,5
rogo,5
praedico,5
prodeo,5
abduco,5
cognatus,5
albanus,5
comito,5
forte,5
parumper,5
rutilus,5
pareo,5
obicio,5
fatidicus,4
indignor,4
ueneror,4
turris,4
delubrum,4
uomer,4
exstinguo,4
iuuencus,4
assiduus,4
hebeo,4
conticesco,4
adytum,4
niueus,4
flos,4
studium,4
coetus,4
consto,4
insanus,4
secum,4
inuisus,4
armiger,4
pastor,4
aegaeus,4
suspirium,4
auidus,4
poples,4
thetis,4
salum,4
olympus,4
alnus,4
extum,4
uiscus,4
sulcus,4
pietas,4
educo,4
ceres,4
clamo,4
deduco,4
septem,4
luna,4
erepo,4
sermo,4
ingredior,4
stratum,4
almus,4
langueo,4
indignus,4
ingratus,4
cratera,4
quamuis,4
ales,4
iaculus,4
redux,4
quantum,4
albus,4
caelo,4
neptunius,4
destino,4
frigus,4
pugno,4
scutum,4
abscido,4
tigris,4
otium,4
cresco,4
reficio,4
secundus,4
plaga,4
gelu,4
stirps,4
pandus,4
decretum,4
accelero,4
sententia,4
dehinc,4
hibernus,4
purpureus,4
permitto,4
infernus,4
demissus,4
habito,4
aduena,4
cohors,4
placo,4
thrax,4
induco,4
merito,4
resoluo,4
exsto,4
rependo,4
uicissim,4
amplector,4
messis,4
adorior,4
corusco,4
canus,4
lacero,4
minax,4
praedo,4
stygius,4
secerno,4
uolito,4
differo,4
circumspicio,4
gestamen,4
obitus,4
anhelo,4
exterreo,4
retro,4
insulto,4
diripio,4
sepulchrum,4
piaculum,4
sumo,4
assisto,4
tabum,4
aula,4
rarus,4
absum,4
usque,4
meta,4
fugo,4
grauidus,4
certatim,4
defleo,4
aetherius,4
aegis,4
catena,4
armentum,4
incendo,4
quoniam,4
egeo,4
paelex,4
expello,4
postis,4
reuiso,4
culmen,4
armo,4
spiro,4
ilicet,4
prosequor,4
ulcisco,4
uerber,4
ingero,4
obsideo,4
labes,4
insula,4
auctor,4
remotus,4
accendo,4
profor,4
decedo,4
trunco,4
noceo,4
iacto,4
maritus,4
fames,4
praecipue,4
indulgeo,4
reses,4
inuideo,4
exorior,4
refugio,4
asto,4
flamen,4
infidus,4
colonus,4
ardesco,4
gramen,4
laboro,4
uolumen,4
insilio,4
tonans,4
gloria,4
responsum,4
dorsum,4
confinis,4
procurro,4
affero,4
furtum,4
lectus,4
pudeo,4
sibilo,4
exsilio,4
uenatus,4
uocifero,4
impune,4
late,4
immensus,4
seminex,4
transcurro,4
adigo,4
abies,4
obeo,4
actium,4
balteus,4
afflo,4
rabies,4
infringo,4
celero,4
sero,4
conclamo,4
fatalis,4
compleo,4
exsanguis,4
aceruus,4
agger,4
circa,4
testor,4
reditus,4
absumo,4
murex,4
festinus,4
iacio,4
pario,4
ideo,4
nitidus,4
hortatus,4
mentior,4
imploro,4
potis,4
quisquis,4
uulgus,4
abscedo,4
fetus,4
malum,4
numerus,4
persto,4
coniungo,4
nusquam,4
etenim,4
spira,4
insuper,4
uictus,4
grates,4
propter,4
communis,4
eruo,4
roro,4
populeus,4
audax,4
alienus,4
aggredior,4
mando,4
legio,4
deicio,4
nexus,4
rus,4
peruius,3
flammifer,3
uireo,3
sanctus,3
faueo,3
luceo,3
itero,3
macto,3
nuntia,3
alligo,3
tumet,3
multifidus,3
aerius,3
arista,3
infensus,3
aratrum,3
flammo,3
claua,3
tridens,3
detorqueo,3
bipennis,3
lentus,3
sequax,3
abripio,3
conor,3
unguis,3
raptor,3
degener,3
optime,3
nimius,3
impedio,3
letifer,3
complector,3
uenia,3
concilium,3
urna,3
aliger,3
terribilis,3
quieto,3
penna,3
diu,3
sollicito,3
corymbus,3
aurora,3
merus,3
suggero,3
tutela,3
auello,3
ululatus,3
obsto,3
raucus,3
ualeo,3
collabor,3
tertius,3
nitor,3
confero,3
patens,3
malo,3
socer,3
puniceus,3
lyaeus,3
cesso,3
deprehendo,3
reliquiae,3
moratus,3
areo,3
palladium,3
obliquus,3
propello,3
parca,3
inuidus,3
insido,3
auersus,3
potior,3
ultor,3
tenus,3
floreo,3
bellona,3
troia,3
speculor,3
refugus,3
tempestas,3
oceanus,3
aditus,3
carcer,3
tractus,3
unanimis,3
illic,3
depello,3
resero,3
amictus,3
sortior,3
plurimus,3
priscus,3
praesagus,3
excio,3
largus,3
opertum,3
tumultus,3
quatio,3
concipio,3
imbellis,3
praecipuus,3
damnatus,3
concilio,3
agito,3
incognitus,3
excedo,3
cardo,3
abscisus,3
praefigo,3
deuenio,3
thiasus,3
strepitus,3
resurgo,3
laxo,3
terreo,3
rubor,3
delabor,3
albeo,3
auis,3
insono,3
percello,3
horrificus,3
furialis,3
uestigo,3
oppidum,3
innumerus,3
principium,3
instimulo,3
reputo,3
colus,3
penates,3
ferinus,3
querella,3
ingemino,3
agglomero,3
tego,3
accingo,3
desilio,3
palus,3
perfundo,3
exsoluo,3
insomnis,3
femineus,3
luctamen,3
fastigium,3
obnubo,3
receptus,3
biga,3
tympanum,3
stridor,3
fraudo,3
semel,3
defectus,3
retineo,3
diana,3
ni,3
phoca,3
subsisto,3
conuiuium,3
creditum,3
colligo,3
bellator,3
antiquus,3
recolo,3
compello,3
lacrimo,3
exprimo,3
flammeus,3
flebilis,3
manica,3
color,3
primaeuus,3
mugio,3
stellans,3
nubifer,3
intremo,3
ululo,3
crudus,3
emitto,3
crastinus,3
biiugis,3
uoluto,3
fertus,3
siculus,3
fundus,3
centum,3
territo,3
pelasgi,3
exuo,3
uario,3
consero,3
lenis,3
consulo,3
ministro,3
thorax,3
fluo,3
opperior,3
amoueo,3
nodus,3
opimus,3
impingo,3
benignus,3
ambio,3
refulgeo,3
repello,3
increpito,3
moto,3
suspicio,3
exploro,3
rigor,3
triumphus,3
neue,3
funereus,3
denique,3
ianua,3
sons,3
humilis,3
fatisco,3
effigies,3
rite,3
subligo,3
insisto,3
uersus,3
assurgo,3
inceptum,3
germanus,3
admoueo,3
ocius,3
obscurus,3
summitto,3
ceruus,3
ferox,3
ludo,3
concito,3
lancea,3
flexus,3
demum,3
oblino,3
insum,3
fauor,3
relego,3
pudet,3
colo,3
uirga,3
iners,3
penetro,3
clades,3
spons,3
rapax,3
inruo,3
desuper,3
corona,3
nilus,3
harpe,3
uulgo,3
praedor,3
creo,3
odor,3
aquilonius,3
senectus,3
parce,3
rapina,3
prorumpo,3
mirus,3
arripio,3
uernus,3
ostento,3
nimium,3
titanium,3
infaustus,3
monumentum,3
pactum,3
stupefacio,3
lucifer,3
produco,3
recolligo,3
correpo,3
penetralis,3
rogito,3
recuso,3
perfero,3
aenus,3
auster,3
discolor,3
cras,3
aliqui,3
praefero,3
a,3
radius,3
missilis,3
nescio,3
nutrio,3
obnitor,3
decet,3
careo,3
squaleo,3
libet,3
caelestis,3
uilla,3
singulus,3
sensus,3
iro,3
persequor,3
seges,3
conterreo,3
terrigena,3
freno,2
lacer,2
excito,2
filia,2
mella,2
sector,2
damno,2
aduoco,2
confundo,2
religio,2
altar,2
pernix,2
deuolo,2
aueo,2
copia,2
stimulo,2
resono,2
cera,2
nascor,2
crater,2
aethra,2
agna,2
augurius,2
permissus,2
recurro,2
confido,2
frequens,2
testudo,2
perfringo,2
carchesium,2
inlicitus,2
deposco,2
libamen,2
terrifico,2
pallor,2
praenosco,2
lubricus,2
augur,2
consultum,2
euinco,2
uer,2
implicitus,2
calor,2
iniustus,2
astringo,2
adfatus,2
nisi,2
discurro,2
marmor,2
praetento,2
tantum,2
placabilis,2
miseret,2
insomnia,2
aeratus,2
cometes,2
nobilis,2
missus,2
capillus,2
tondeo,2
nestor,2
meditor,2
lyra,2
disco,2
conscendo,2
uittatus,2
conus,2
actaeus,2
nectar,2
circumuenio,2
taureus,2
celebro,2
herba,2
stamen,2
numerosus,2
cyllenius,2
gladius,2
adiaceo,2
semifer,2
lupus,2
transmissus,2
tremulus,2
impendo,2
passim,2
findo,2
pix,2
pendo,2
stella,2
catulus,2
uenor,2
uicis,2
abnuo,2
princeps,2
facultas,2
mutuus,2
concedo,2
totidem,2
naufragus,2
uereor,2
cohibeo,2
refringo,2
hispidus,2
dehisco,2
aspectus,2
uerbero,2
trifidus,2
orion,2
madidus,2
ulna,2
aemulus,2
elido,2
latex,2
sonorus,2
sirius,2
fulgur,2
atrox,2
legens,2
captus,2
tormentum,2
porticus,2
exanimis,2
atauus,2
prodigium,2
flagro,2
acuo,2
sordidus,2
era,2
portitor,2
faux,2
tangens,2
obliuiscor,2
ultrix,2
effugium,2
praecurro,2
pudibundus,2
indecoris,2
fio,2
irrumpo,2
regalis,2
reuomo,2
culta,2
apricus,2
temere,2
subsido,2
bustum,2
flumineus,2
pressus,2
adedo,2
derigo,2
expers,2
decimus,2
tumor,2
integer,2
decido,2
niteo,2
dispergo,2
rostrum,2
operio,2
barathrum,2
deuoluo,2
formo,2
teres,2
luxus,2
exedo,2
icio,2
exanimo,2
letalis,2
deripio,2
persono,2
arrigo,2
simulo,2
discumbo,2
fragosus,2
honorus,2
multo,2
exsequor,2
propere,2
acte,2
laedo,2
misereor,2
conticeo,2
cista,2
pampineus,2
mitra,2
foedo,2
egredior,2
glisco,2
longinquus,2
congruo,2
mulciber,2
ambiguus,2
uterus,2
procerus,2
caleo,2
iuuenca,2
forsitan,2
incutio,2
massa,2
inuoco,2
uiduus,2
dissimulo,2
inuigilo,2
spolio,2
amarus,2
piger,2
caro,2
acus,2
frondosus,2
illustris,2
spumeus,2
clauus,2
aspero,2
obtendo,2
sulphur,2
sinuosus,2
exanimus,2
coactus,2
morbus,2
phryx,2
augurium,2
pergama,2
incubo,2
remetior,2
paratus,2
spatiosus,2
uolucris,2
promoueo,2
eryx,2
pallesco,2
uicinus,2
inhio,2
collis,2
cacumen,2
status,2
carbasus,2
horrisonus,2
respondeo,2
buxus,2
angustus,2
consisto,2
libycus,2
occiduus,2
inueho,2
uelamen,2
discretus,2
pineus,2
imperuius,2
chordus,2
inclementia,2
posterus,2
profusus,2
insuperabilis,2
bacchor,2
uecto,2
opprimo,2
captiuus,2
deuius,2
somnium,2
pallidus,2
recludo,2
excubia,2
constringo,2
dispello,2
constituo,2
funda,2
retento,2
congeries,2
comprimo,2
pernox,2
rubeo,2
detraho,2
decresco,2
rigidus,2
cithara,2
fluentum,2
mensis,2
pecten,2
cuneus,2
cerebrum,2
barba,2
candor,2
neruus,2
prosterno,2
apex,2
securiger,2
transigo,2
concido,2
patesco,2
tepidus,2
discursus,2
porrigo,2
languesco,2
proclamo,2
hospita,2
plangor,2
luctificus,2
reliquus,2
arguo,2
solamen,2
funestus,2
natalis,2
nudo,2
emineo,2
alleuo,2
dilabor,2
dissonus,2
uere,2
statio,2
annuus,2
assidue,2
castigo,2
lar,2
sortitus,2
edoceo,2
olla,2
madesco,2
deuexus,2
situs,2
subter,2
retexo,2
oliua,2
contristo,2
cetera,2
contendo,2
triuius,2
alacer,2
tabulatus,2
concordia,2
instauro,2
fragmen,2
spondeo,2
praeripio,2
sublimis,2
resisto,2
suadeo,2
stagnum,2
adiuuo,2
umbrosus,2
fuluus,2
callis,2
apud,2
unanimus,2
percussus,2
absento,2
immeritus,2
reclamo,2
responso,2
habilis,2
exsisto,2
tolero,2
pretium,2
ineo,2
praecordia,2
cerua,2
ursa,2
inuerto,2
desido,2
despicio,2
abnego,2
euello,2
firmus,2
contraho,2
includo,2
mano,2
inultus,2
penes,2
liquidus,2
croceus,2
hortator,2
sis,2
eludo,2
rigo,2
uultur,2
auditus,2
uelox,2
assumo,2
lorica,2
sicubi,2
origo,2
reuerentia,2
ritus,2
temno,2
uoluptas,2
nupta,2
iussus,2
immorior,2
lacesso,2
gnarus,2
renideo,2
oppositus,2
innecto,2
torrens,2
defessus,2
respiro,2
refoueo,2
artifex,2
cyclops,2
amyclae,2
obtutus,2
salue,2
caedo,2
gramineus,2
praecipio,2
emetior,2
exsilium,2
uesper,2
armus,2
que,2
tisiphone,2
erebus,2
harpyia,2
depopulo,2
celaeno,2
poenus,2
incedo,2
luxurior,2
sicut,2
tono,2
interior,2
perficio,2
clangor,2
expeto,2
caligo,2
exsulto,2
limes,2
gradior,2
effluo,2
uestio,2
fumus,2
coerceo,2
transfero,2
aridus,2
discutio,2
datus,2
congero,2
exitus,2
bruma,2
species,2
sanies,2
uiolentus,2
feralis,2
cremo,2
flagrantia,2
impulsus,2
praescius,2
abluo,2
caelicola,2
pelta,2
uello,2
moribundus,2
tutor,2
reminiscor,2
fecundus,2
depromo,2
siue,2
exitialis,2
proximus,2
frustror,2
socio,2
perfidus,2
egero,2
horrifer,2
decor,2
exosus,2
affor,2
autumnus,2
beatus,2
saepio,2
radior,2
pharos,2
braca,2
nebula,2
erumpo,2
thessalia,2
gratia,2
mitesco,2
rideo,2
uesanus,2
excidium,2
requies,2
alipes,2
abigo,2
marius,2
tentorium,2
effulgeo,2
strepo,2
miles,2
serpens,2
percurro,2
contus,2
glomero,2
curo,2
indigenus,2
iuro,2
lignum,2
falcatus,2
ductus,2
sabaeus,2
subtemen,2
conicio,2
reprimo,2
bello,2
circumfero,2
unguen,2
dissipo,2
eicio,2
inuoluo,2
reuincio,2
falx,2
partio,2
ignauus,2
immineo,2
magistra,2
duplex,2
ferueo,2
paulatim,2
saucius,2
interdum,2
monile,2
apto,2
semiuir,2
hio,2
fertilis,2
quinquaginta,2
reporto,2
gremium,2
floresco,2
perstringo,2
suimet,2
flagellum,2
resumo,2
labefacio,2
occulo,2
deprecor,2
medicamen,2
quaeso,2
adicio,2
pango,2
scando,2
seruus,2
hymenaeus,2
cogito,2
conubium,2
impar,2
cortina,1
laureus,1
anteeo,1
tranquillus,1
militia,1
sollemne,1
maturus,1
uigeo,1
uirilis,1
tholus,1
possido,1
arte,1
plantaria,1
imbuo,1
armisonus,1
peruro,1
immunis,1
innubus,1
inexpertus,1
temptamentum,1
manifestus,1
onus,1
capax,1
columen,1
feruo,1
gracilis,1
dissoluo,1
mollio,1
uelifer,1
pictura,1
tergus,1
piscis,1
suspiro,1
doto,1
chelys,1
iacchus,1
exoro,1
accresco,1
tento,1
nauticus,1
cumulo,1
escendo,1
patruus,1
hyle,1
naris,1
ambages,1
phoebeius,1
interrogo,1
culpo,1
commercium,1
alga,1
conspicuus,1
canistrum,1
puerilis,1
festino,1
absens,1
extraho,1
redimio,1
uector,1
umidus,1
bibulus,1
corono,1
crispo,1
funis,1
incresco,1
superemineo,1
signifer,1
suesco,1
amphion,1
edisco,1
tortus,1
sudo,1
tegeaeus,1
splendeo,1
achilles,1
filum,1
circumfundo,1
apis,1
fusco,1
cella,1
quater,1
uulnificus,1
plumbum,1
contundo,1
amyclaeus,1
pinguesco,1
purpura,1
spectabilis,1
cycnus,1
collecta,1
fibula,1
spatium,1
lugeo,1
euripus,1
ostrifer,1
lynceus,1
conduco,1
compendium,1
retinacula,1
uasto,1
compressus,1
probo,1
summe,1
zona,1
reuerbero,1
bellipotens,1
animaequus,1
mycenae,1
oppeto,1
arbiter,1
terrenus,1
expertus,1
dirigo,1
bifidus,1
innoxius,1
proturbo,1
commentum,1
libertas,1
pignus,1
intus,1
contortus,1
concolor,1
procella,1
resonus,1
antemna,1
temero,1
rudens,1
quanto,1
sepono,1
inutilis,1
sorbeo,1
quadrifidus,1
biformis,1
triton,1
populator,1
dicto,1
infindo,1
spuma,1
uomo,1
uallo,1
obex,1
daedalus,1
infremo,1
aedes,1
bene,1
scrobis,1
stagno,1
oraculum,1
rictus,1
mutabilis,1
potus,1
praeuenio,1
cupressus,1
ferrugo,1
taxus,1
hirtus,1
tergeminus,1
obsecro,1
exorabilis,1
aueho,1
orcus,1
hostia,1
praemitto,1
ponticus,1
inausus,1
supernus,1
consumo,1
recepto,1
amoenus,1
saluto,1
aduersor,1
exstruo,1
eiecto,1
fundamentum,1
eueho,1
stellatus,1
noctiuagus,1
erudio,1
immutabilis,1
purus,1
ocior,1
irascor,1
septeni,1
restituo,1
parcus,1
ouile,1
ursus,1
pigeo,1
nouitas,1
suspendo,1
praeruptus,1
acclino,1
misereo,1
quocirca,1
subnecto,1
macula,1
canna,1
cratis,1
torquis,1
sudus,1
ministra,1
uas,1
pensum,1
famulor,1
praeclarus,1
mentum,1
transuersus,1
lac,1
uirgatus,1
condensus,1
seruitium,1
accubo,1
furibundus,1
rigesco,1
exserto,1
uocatus,1
series,1
soporus,1
quidam,1
eumenides,1
fastus,1
iliacus,1
palatium,1
exardeo,1
facinus,1
eximo,1
trietericus,1
stabilis,1
audacia,1
hedera,1
famularis,1
uentosus,1
scyphus,1
expio,1
lotos,1
uerendus,1
orgia,1
praeficio,1
tendentia,1
cetus,1
proteus,1
insuetus,1
coquo,1
uapor,1
nimbosus,1
tempore,1
flagito,1
quartus,1
thespias,1
admitto,1
insigne,1
amplexor,1
subsequor,1
semita,1
hactenus,1
missa,1
praeuideo,1
nauita,1
candentia,1
adorea,1
far,1
folium,1
accido,1
remurmuro,1
morsus,1
ebur,1
lapis,1
temperies,1
belua,1
metior,1
dedo,1
corniger,1
lethe,1
uotiuus,1
cornipes,1
stata,1
trisulcus,1
cauda,1
assulto,1
africus,1
crudesco,1
conuallis,1
scopulosus,1
utilis,1
insania,1
adiuto,1
uetustas,1
male,1
maxime,1
uena,1
sator,1
disiungo,1
grauor,1
immolo,1
troius,1
praelabor,1
sollemnis,1
scruto,1
inuergo,1
ianus,1
infamis,1
exsupero,1
prospectus,1
semoueo,1
circumfluo,1
largior,1
regificus,1
subicio,1
digressus,1
palmes,1
abscessus,1
religo,1
flaueo,1
spumosus,1
lenio,1
allabor,1
lympho,1
saetiger,1
auriga,1
praesaepe,1
dumetum,1
simulacrum,1
orichalcum,1
declino,1
contextus,1
umbo,1
arbustum,1
incurro,1
occubo,1
reluceo,1
torris,1
focus,1
conseruo,1
bitumen,1
spiculum,1
ambrosius,1
libro,1
sublustris,1
cadauer,1
nauo,1
detrunco,1
iugulum,1
cornum,1
demeto,1
exerceo,1
superne,1
mirabilis,1
prosperus,1
conitor,1
trilix,1
stomachus,1
deligo,1
amicitia,1
crebresco,1
habitus,1
adamas,1
exubero,1
strata,1
diffugio,1
albesco,1
uanesco,1
confercio,1
concerno,1
hesternus,1
complexus,1
colloquium,1
nonne,1
plango,1
populo,1
suboles,1
nuper,1
decoro,1
pyra,1
uenatrix,1
quia,1
inhorresco,1
clango,1
colluceo,1
refello,1
auguro,1
frigesco,1
ignauia,1
dica,1
segnities,1
tenebrosus,1
specus,1
meatus,1
ensifer,1
oriens,1
adhibeo,1
binus,1
lustralis,1
sal,1
lympha,1
accommodo,1
designo,1
euoco,1
bidens,1
transmitto,1
praetexo,1
picea,1
ouis,1
prosectum,1
adoleo,1
seuerus,1
aboleo,1
absisto,1
ingruo,1
insterno,1
consors,1
alloquor,1
coacta,1
insidiae,1
obsequor,1
primitia,1
myrtus,1
innato,1
mamma,1
cito,1
plaudo,1
dedignor,1
pererro,1
domito,1
ferculum,1
spiraculum,1
intactus,1
diluo,1
congelo,1
agricola,1
afficio,1
tactus,1
asilus,1
saeptum,1
sentus,1
succenseo,1
rudimentum,1
incessus,1
comprehendo,1
procellosus,1
gestio,1
aper,1
reboo,1
fluctuo,1
iurgium,1
deterior,1
superabilis,1
septimus,1
hodie,1
consortium,1
perquiro,1
desino,1
superbia,1
ministerium,1
inlacrimo,1
deformo,1
armentarius,1
lea,1
peruigilo,1
castellum,1
attraho,1
attento,1
redoleo,1
ros,1
resonantia,1
accessus,1
caelus,1
conamen,1
undisonus,1
crepido,1
halcyon,1
defensa,1
releuo,1
amburo,1
linteus,1
incommodum,1
medicabilis,1
genitalis,1
auricomus,1
aduecto,1
curso,1
sacrificium,1
deueho,1
euoluo,1
quacumque,1
alluo,1
egressus,1
clam,1
umbratus,1
galerum,1
pacifer,1
obstipesco,1
admiror,1
lauo,1
praedulcis,1
aspernor,1
properus,1
spelunca,1
tremebundus,1
taeter,1
interritus,1
exopto,1
funditus,1
gigas,1
instar,1
proficiscor,1
transcendo,1
electus,1
informis,1
nigresco,1
digitus,1
intemeratus,1
prouidus,1
prosubigo,1
strepito,1
incus,1
insperatus,1
detono,1
respecto,1
efficio,1
inconsultus,1
ratio,1
uitalis,1
continuus,1
annosus,1
expleo,1
palaestra,1
sicco,1
conecto,1
libum,1
accumulo,1
exsors,1
laco,1
gemino,1
eructo,1
bosporus,1
admonitum,1
plausus,1
indomitus,1
adiungo,1
sitis,1
arbitrium,1
fistula,1
modulor,1
auena,1
diuerto,1
heus,1
uictrix,1
inuius,1
dilectus,1
palearis,1
aspis,1
persona,1
proueho,1
extorris,1
aquilo,1
baculum,1
agenor,1
miseresco,1
erratum,1
consuo,1
egestas,1
saeuitia,1
loquax,1
abdo,1
tapes,1
uescus,1
tremor,1
fragro,1
exspiro,1
halitus,1
infesto,1
fastidium,1
illudo,1
stramen,1
peruolito,1
hesperius,1
transabeo,1
incola,1
timidus,1
uolatus,1
exaudio,1
elanguesco,1
reclinis,1
obliuium,1
appello,1
grauo,1
maiestas,1
infundo,1
progredior,1
recursus,1
pestifer,1
concauus,1
acheron,1
exundo,1
fumeus,1
amazonis,1
adflictus,1
recingo,1
prudentia,1
persoluo,1
abicio,1
praecludo,1
iaculor,1
enitor,1
dissilio,1
alibi,1
syrtis,1
sinuo,1
exquiro,1
appropero,1
tropaeum,1
effor,1
emergo,1
reuello,1
feretrum,1
congemo,1
unio,1
inualidus,1
egenus,1
depono,1
bini,1
caespes,1
aggero,1
commendo,1
sollers,1
ancora,1
uulgatus,1
thyrsus,1
ruber,1
udus,1
boeotius,1
spectaculum,1
rado,1
amata,1
uoueo,1
propago,1
hercules,1
semianimis,1
ruricola,1
creatrix,1
desideo,1
partus,1
saturnus,1
equinus,1
prometheus,1
nisus,1
conuello,1
consono,1
neptunium,1
praetendo,1
retempto,1
commemoro,1
propero,1
fauus,1
niualis,1
aries,1
soporatus,1
praeterea,1
fulgor,1
laquear,1
rutilo,1
praesentia,1
refundo,1
praeceptum,1
proripio,1
leuitas,1
scius,1
sonor,1
eno,1
regno,1
respuo,1
nouem,1
floreus,1
proserpina,1
nutrix,1
egregius,1
arca,1
calidus,1
sollicitus,1
discerno,1
ferreus,1
subtexo,1
cunabulum,1
circumfluus,1
gemmifer,1
apparo,1
orno,1
miraculum,1
ignipotens,1
reflecto,1
filius,1
offundo,1
supprimo,1
aliquam,1
proprius,1
cliuus,1
aurata,1
potentia,1
minerua,1
indebitus,1
adsuesco,1
ignesco,1
assideo,1
castra,1
quare,1
orsus,1
recessus,1
appositus,1
flexilis,1
como,1
diffido,1
profundum,1
immodicus,1
umeo,1
aptus,1
mauortius,1
peltatus,1
belliger,1
ambitus,1
exstructum,1
palam,1
insidia,1
aurifer,1
inopinus,1
donarium,1
irrideo,1
grauitas,1
impauidus,1
etiamnum,1
femina,1
paeniteo,1
peccatum,1
quolibet,1
aduentus,1
irreuocabilis,1
legatus,1
exordium,1
abstineo,1
molimen,1
ascendo,1
orbus,1
specimen,1
poto,1
saeta,1
ciris,1
sutilis,1
temo,1
polleo,1
corallium,1
ferratus,1
columna,1
cortex,1
rhomphaea,1
parma,1
ferax,1
olor,1
comitatus,1
indus,1
centumgeminus,1
hastatus,1
refuto,1
inceptus,1
odoratus,1
iugerum,1
eruum,1
patulus,1
gyrus,1
laqueus,1
adduco,1
cinctus,1
uirido,1
turifer,1
aro,1
tenor,1
tibia,1
mel,1
dito,1
fragilis,1
canor,1
concentus,1
lymphatus,1
impiger,1
inguen,1
transfodio,1
semideus,1
linum,1
caesaries,1
hastile,1
profundo,1
porricio,1
hostilis,1
docilis,1
deludo,1
tingo,1
taxo,1
inermis,1
uiscum,1
aduerso,1
adductus,1
perosus,1
peragro,1
admissum,1
canities,1
tero,1
congressus,1
altrix,1
iactura,1
oliuom,1
meo,1
septemplex,1
arieto,1
papilla,1
conficio,1
graiugena,1
acumen,1
piniger,1
alpis,1
diluuium,1
medusa,1
retorqueo,1
discordia,1
romanus,1
pilus,1
aquila,1
concors,1
confodio,1
umbro,1
edax,1
priusquam,1
cadmeus,1
sucus,1
orbita,1
circe,1
uirginitas,1
exercitus,1
exsulo,1
ornatus,1
exscindo,1
custodia,1
imito,1
commissum,1
lilium,1
fuscus,1
uagor,1
musa,1
protero,1
tremefacio,1
inglorius,1
stolidus,1
simulamen,1
panis,1
mactus,1
pedes,1
sublabor,1
uenalis,1
paciscor,1
credulus,1
reparabilis,1
gaza,1
nutrimentum,1
germana,1
stimulus,1
effatum,1
laetabilis,1
incanesco,1
raresco,1
subduco,1
cognomen,1
intonsus,1
infletus,1
acerbo,1
alanus,1
dulcedo,1
alludo,1
flabra,1
contrecto,1
audenter,1
imperfectus,1
interpres,1
sterilis,1
pharetratus,1
acinaces,1
maculo,1
signo,1
olea,1
euerbero,1
clemens,1
optabilis,1
digredior,1
nyctelius,1
phalanga,1
inexpletus,1
recordor,1
candesco,1
laetitia,1
promineo,1
claresco,1
atrium,1
exsul,1
presso,1
luxuries,1
retracto,1
euerto,1
noualis,1
contremesco,1
intra,1
trans,1
circumeo,1
impendeo,1
conata,1
queribundus,1
indolesco,1
quocumque,1
famula,1
nimis,1
porro,1
trilinguis,1
speculatrix,1
resido,1
languor,1
parco,1
improuisus,1
animo,1
malignus,1
regia,1
somnifer,1
uipereus,1
permisceo,1
inspiro,1
oborior,1
detineo,1
aestuo,1
caueo,1
condus,1
roscidus,1
immurmuro,1
denego,1
destringo,1
iucundus,1
pubesco,1
fibra,1
inroro,1
immortalis,1
saluus,1
effodio,1
meto,1
nidus,1
subsum,1
seruio,1
montanus,1
peruenio,1
triformis,1
cyparissus,1
adsimilis,1
pauito,1
testis,1
oppono,1
reuocabilis,1
fortasse,1
ei,1
periurium,1
despondeo,1
perdomo,1
uigor,1
recubo,1
alias,1
exclamo,1
postremus,1
calcar,1
profugio,1
arcas,1
stipo,1
lassus,1
duo,1
proflo,1
aspiro,1
propendeo,1
exarmo,1
timide,1
proruo,1
obstringo,1
bellatrix,1
glaeba,1
armarium,1
hydra,1
denso,1
comatus,1
euolo,1
mendax,1
impressus,1
aestiuus,1
columba,1
circumdo,1
praepes,1
lugubris,1
utrum,1
uigilans,1
domitus,1
nubilus,1
deflecto,1
extra,1
refluo,1
digero,1
exagito,1
noxius,1
auriger,1
heia,1
imprimo,1
calco,1
squama,1
accensi,1
puella,1
furto,1
incuso,1
considero,1
exululo,1
confinius,1
eluctor,1
perrumpo,1
migro,1
hyperboreus,1
significo,1
instigo,1
inuiso,1
affigo,1
sacrifico,1
tus,1
siluester,1
despumo,1
calens,1
dotalis,1
deceo,1
remex,1
uexillum,1
raptim,1
disto,1
naualis,1
nodosus,1
prospecto,1
sponsa,1
trabalis,1
picus,1
arrepo,1
infra,1
reuoluo,1
reciprocus,1
uoro,1
uiolentia,1
dos,1
adulter,1
ignifer,1
sata,1
erus,1
murra,1
oleo,1
futilis,1
reuerso,1
scindo,1
dudum,1
perfuro,1
iunonius,1
primordium,1
socia,1
obsisto,1
ignoro,1
quilibet,1
biremis,1
dubito,1
furio,1
ieiunus,1
orbo,1
uacca,1
tempero,1
