,count
qui,3161
sum,2452
in,2329
et,2239
ut,1628
ab,1578
is,1511
hic,1156
dico,1015
non,972
quod,913
ad,809
cum,768
ex,617
alius,535
habeo,516
facio,480
de,473
si,444
aut,415
ac,409
enim,391
sic,378
possum,376
nec,355
num,336
quam,324
multus,298
sed,291
res,289
uerbum,288
idem,284
edo,273
unus,261
etiam,260
pars,259
genus,259
omnis,255
dictum,255
locus,253
item,240
primus,238
quis,224
uideo,223
ubi,217
alter,213
duo,208
fio,199
appello,195
dies,194
magnus,191
ager,190
similis,187
terra,184
ille,183
itaque,183
tempus,179
quidam,179
oportet,174
soleo,158
sui,158
analogia,158
nam,151
uoco,151
nomen,150
inquam,149
scribo,148
ita,146
homo,145
debeo,144
ne,143
propter,143
uocabulum,143
bonus,142
nunc,140
natura,138
ibi,134
atque,132
declino,132
causa,130
ego,127
quisque,124
casus,124
tertius,122
uolo,120
aqua,120
tum,119
contra,119
parum,119
pecus,119
modus,118
hinc,114
sequor,110
inter,109
uterque,109
suus,108
uilla,108
noster,102
ideo,102
potius,102
apud,100
liber,99
puto,97
tres,96
singulus,96
lego,96
similitudo,96
fundus,95
do,95
fructus,93
quare,88
nos,88
consuetudo,88
tu,87
unde,86
ratio,85
sine,84
ipse,83
uenio,81
nisi,81
opus,81
aio,80
magis,78
annus,78
reliquus,78
antiquus,78
ante,76
per,76
maxime,75
factum,75
usus,74
pro,73
fere,72
pasco,71
sub,70
tamen,68
uox,68
cultura,67
secundus,67
multitudo,67
bos,67
mille,67
an,66
numerus,66
grex,65
quattuor,64
dissimilis,64
fero,63
uel,62
pes,62
dictus,62
arbor,61
populus,61
recingo,61
cibus,60
quoniam,59
significo,59
declinatio,59
secundum,58
ouis,58
latus,58
facile,58
quartus,57
sol,57
equus,57
singularis,57
ago,56
pario,56
post,55
nascor,55
sero,54
caput,54
animaduerto,53
relinquo,53
solus,53
impono,53
inde,53
nomino,53
deus,52
capio,52
quaero,51
mater,51
corpus,51
semen,51
quoius,50
ostendo,50
circum,50
aliqui,50
pono,50
littera,50
potis,49
uetus,48
appareo,48
albus,48
addo,48
iam,48
origo,48
utor,46
signum,46
colo,45
lex,45
nouus,45
doceo,45
paruus,45
ceterus,45
incipio,45
loquor,45
caelum,44
oratio,44
pertineo,44
mensis,44
modo,44
uinum,44
plerus,44
seruo,44
species,44
recte,44
emo,43
pastor,43
urbs,43
solum,42
femina,42
regio,42
malus,42
forma,42
pullus,42
totus,41
coniunctus,41
superus,41
manus,41
satis,41
figura,41
nox,40
confero,40
sacer,40
oppidum,40
eo,40
paro,40
similiter,40
cur,40
meus,39
uir,39
idoneus,39
saepe,39
extremus,39
paucus,38
rex,38
scio,38
nihil,38
reprehendo,38
discrimen,38
aer,38
oporteo,38
canis,38
redeo,37
radix,37
nullus,37
mare,37
poeta,37
uia,37
autem,37
aliquot,37
mulier,37
aliquis,36
igitur,36
mitto,36
accedo,36
usque,36
communis,36
seges,36
obliquus,36
pastio,35
minor,35
ficus,35
medius,35
piscina,35
amo,35
mas,34
scriptum,34
mons,34
lac,34
uersus,33
templum,33
tollo,33
quoque,33
orior,33
auis,33
fingo,33
prius,32
pater,32
frumentum,32
specto,32
tuus,32
inferus,32
dominus,32
capra,32
prior,32
exeo,32
neuter,32
admitto,32
lauo,32
dum,31
natus,31
reddo,31
iuger,31
gradus,31
inuenio,31
as,31
aliter,31
uita,30
hiems,30
aetas,30
domus,30
pabulum,30
sumo,30
decem,30
postea,30
antequam,29
rusticus,29
accipio,29
aedes,29
peruenio,29
luna,29
concipio,29
praeterea,29
uis,29
hordeum,29
uas,29
gallina,29
piscis,29
quemadmodum,29
bene,28
obseruo,28
lingua,28
naturalis,28
paries,28
uitis,28
tantus,28
calidus,28
conuenio,28
graecus,28
pratum,28
respondeo,28
asinus,28
qua,28
supra,28
equa,28
principium,27
tectum,27
oculus,27
at,27
sus,27
porcus,27
aperto,27
puer,27
ouum,27
lana,27
mel,27
patior,26
condo,26
refero,26
nihilum,26
ius,26
coepio,26
quinque,26
positus,26
deinde,26
altus,26
herba,26
expedio,26
ualeo,26
duplex,26
spica,26
denarius,26
praetor,25
demo,25
breuis,25
arbitro,25
longus,25
uerus,25
uernus,25
transeo,25
denique,25
partus,25
perficio,25
nego,25
fetura,25
curo,24
sex,24
nemo,24
diuido,24
aedificium,24
summum,24
finis,24
finio,24
taurus,24
olea,24
familia,24
constituo,24
actus,24
extra,24
mane,24
pecunia,24
uirilis,24
serus,23
quot,23
utilitas,23
liceo,23
longe,23
ordo,23
leuis,23
uentus,23
binus,23
posterus,23
aestas,23
uua,23
circiter,23
purus,23
pinguis,23
area,23
rursus,23
publicus,23
aequinoctium,23
uiuo,22
sto,22
aridus,22
pecuarius,22
summa,22
olim,22
aedifico,22
bibo,22
diuus,22
os,22
cauus,22
secor,22
ignis,22
miles,22
motus,22
proportio,22
institutum,21
adicio,21
disco,21
uero,21
tam,21
oleum,21
mens,21
rus,21
sinister,21
initium,21
aro,21
praesto,21
duco,21
flumen,21
bini,21
saeptum,21
murus,21
uniuersus,21
uoluntas,21
mollis,21
commuto,21
lupus,21
apis,21
consul,21
aluus,21
muliebris,21
quidem,20
uter,20
maneo,20
ars,20
interuallum,20
affero,20
tero,20
seruus,20
bis,20
par,20
alo,20
eligo,20
nutrico,20
promo,20
dens,20
audio,19
frigus,19
animus,19
discerno,19
iungo,19
ignoro,19
utilis,19
simplex,19
cogo,19
tunc,19
prope,19
macer,19
amplus,19
intra,19
opera,19
insero,19
muto,19
balneum,19
intellego,19
amor,19
nonnunquam,19
biga,19
feria,18
uiginti,18
scrofa,18
iste,18
assumo,18
condio,18
quantus,18
aptus,18
frigidus,18
niger,18
ferus,18
animal,18
cornu,18
includo,18
mulus,18
merula,18
pastus,18
lepus,18
fructuosus,17
cano,17
publice,17
urbanus,17
totidem,17
sermo,17
diuisio,17
princeps,17
uilicus,17
recipio,17
nata,17
scientia,17
medicus,17
praedium,17
stabulum,17
moueo,17
firmus,17
uinea,17
silua,17
lapis,17
terni,17
centum,17
quin,17
uendo,17
hibernus,17
deinceps,17
discedo,17
uarius,17
bruma,17
nimius,17
extrinsecus,17
cerno,17
columba,17
syllaba,17
dissimilitudo,17
senex,16
recens,16
simul,16
dubius,16
intus,16
triticum,16
labor,16
cognomen,16
magister,16
proinde,16
tango,16
uehementer,16
certus,16
intersum,16
fenestra,16
exercitus,16
campus,16
subicio,16
uindemia,16
facies,16
stramentum,16
numquam,16
cresco,16
nequeo,16
faba,16
impero,16
occasus,16
effero,16
turdus,16
obscurus,16
granum,16
hostis,16
augur,16
dux,15
hortus,15
secerno,15
aestiuus,15
adsum,15
reperio,15
comitium,15
ueho,15
proprius,15
ministro,15
satio,15
iubeo,15
teneo,15
quasi,15
anima,15
ostium,15
instrumentum,15
aestus,15
maturus,15
coquo,15
iugum,15
soluo,15
insula,15
bellum,15
noceo,15
conficio,15
tempestas,15
creber,15
magnitudo,15
uirgultum,15
solstitium,15
transfero,15
praegnas,15
gero,15
consto,15
agnus,15
auris,15
lux,15
ergo,15
pungo,15
infinitus,15
magistratus,15
for,15
quoad,14
comprehendo,14
corrigo,14
caelus,14
far,14
sanus,14
educo,14
diuersus,14
immolo,14
lectus,14
mundus,14
delecto,14
plerumque,14
aeque,14
lacus,14
cito,14
retineo,14
dolium,14
mancipium,14
portio,14
alligo,14
grandis,14
uesper,14
quintus,14
angustus,14
diligens,14
paulus,14
semper,14
aperio,14
humanus,14
siue,14
aper,14
trado,14
aries,14
aes,14
uenter,14
consuesco,14
dulcis,14
bestia,14
incubo,14
fanum,14
fons,14
persona,14
tundo,14
cicero,14
expono,13
necessarius,13
quocirca,13
agricola,13
eques,13
exspecto,13
sedeo,13
sumptus,13
exigo,13
sacrifico,13
instituo,13
filius,13
misceo,13
formus,13
male,13
fera,13
candidus,13
umidus,13
alienus,13
cella,13
minuo,13
proximus,13
introeo,13
palea,13
agrestis,13
facilis,13
absum,13
quotannis,13
falx,13
descendo,13
imber,13
necesse,13
oblino,13
ortus,13
tabula,13
agito,13
perperam,13
nummus,13
obicio,13
separatim,13
spondeo,13
membrum,13
nemus,13
sicut,13
proficiscor,12
rogo,12
pereo,12
contineo,12
oliuetum,12
adduco,12
denus,12
pomum,12
ara,12
sacrificium,12
ullus,12
discretus,12
pretium,12
humilis,12
deterior,12
uix,12
amitto,12
palma,12
pertica,12
transuersus,12
derigo,12
durus,12
umor,12
humus,12
ternus,12
postulo,12
tueor,12
morbus,12
prouideo,12
messis,12
defero,12
sextus,12
collum,12
ferrum,12
geminus,12
uergilius,12
sagino,12
cura,12
frux,12
dextra,12
datum,12
eximo,12
color,12
nobilis,12
pellis,12
uerres,12
sanitas,12
suillus,12
rete,12
pugno,12
nuptiae,12
frequens,12
curro,12
articulus,12
hora,12
stella,12
farcio,12
erro,12
falsus,12
accenseo,12
uoluntarius,12
commodus,11
potio,11
scriptor,11
iter,11
procedo,11
stolo,11
existimo,11
imito,11
stercus,11
medeor,11
ter,11
formosus,11
malo,11
disciplina,11
circumeo,11
tutus,11
laboro,11
nux,11
collis,11
modicus,11
uineus,11
censor,11
praebeo,11
preterea,11
fodio,11
efficio,11
difficilis,11
commode,11
uicinus,11
contrarius,11
formula,11
aratrum,11
materia,11
rarus,11
appono,11
nequam,11
auctumnalis,11
exortus,11
occido,11
iumentum,11
foris,11
fundamentum,11
credo,11
substerno,11
ungula,11
memoria,11
glans,11
emptio,11
mamma,11
attineo,11
uestigium,11
demonstro,11
actio,11
ceruus,11
uestimentum,11
pauo,11
auspicium,11
lumen,11
mensa,11
spons,11
fauus,11
argentum,11
pronuntio,11
infectus,11
tribus,10
dica,10
trinus,10
peritus,10
uos,10
quisquam,10
meto,10
ciuis,10
septem,10
istic,10
propterea,10
praeterquam,10
plurimus,10
artifex,10
bubulus,10
folium,10
disiungo,10
meta,10
etenim,10
innumerabilis,10
celeriter,10
societas,10
latitudo,10
propinquus,10
demitto,10
altitudo,10
cubile,10
surculus,10
fecundus,10
tenuis,10
crassus,10
uinarius,10
sin,10
cohors,10
militaris,10
fossa,10
sustineo,10
dimidius,10
uacca,10
cotidie,10
peto,10
tego,10
autumnus,10
purgo,10
statim,10
amplius,10
potus,10
propago,10
plenus,10
triginta,10
lateo,10
tener,10
consisto,10
succedo,10
tectorius,10
olla,10
requiro,10
adhibeo,10
uitulus,10
assignifico,10
sestertius,10
quadriga,10
pareo,10
atticus,10
ceruix,10
quaestor,10
italia,10
hara,10
libra,10
sacerdos,10
senatus,10
cauea,10
femininus,10
semis,10
praeco,10
posteaquam,10
peregrinus,10
subsum,10
luo,10
filia,10
transitus,10
perspicio,10
consequor,9
ludus,9
pingo,9
huc,9
interea,9
orbis,9
meridies,9
utique,9
ueneo,9
uoluptas,9
praepono,9
uello,9
dexter,9
foramen,9
colonus,9
sata,9
caprinus,9
hostia,9
sterilis,9
quamuis,9
canto,9
libum,9
cursus,9
montanus,9
sal,9
lignum,9
palus,9
traduco,9
uincio,9
harena,9
mediocris,9
saltus,9
omnino,9
siluestris,9
exorior,9
faenum,9
plaustrum,9
salio,9
anser,9
sucus,9
amnis,9
tueo,9
desum,9
late,9
praeter,9
progenies,9
regula,9
trimus,9
uito,9
emptum,9
colus,9
praesens,9
glaeba,9
seminarium,9
coeptum,9
serpo,9
uiridis,9
capillus,9
adeo,9
ramus,9
infra,9
gladius,9
triclinium,9
caseus,9
sexaginta,9
tonsura,9
crus,9
rostrum,9
excipio,9
priscus,9
castrum,9
praeteritus,9
accido,9
sacellum,9
columna,9
lucus,9
penna,9
unguentum,9
commoueo,9
impositio,9
humor,9
hilum,9
dea,9
dupondius,9
dolor,9
discrepo,9
parens,8
uictus,8
praetereo,8
redigo,8
porta,8
consido,8
saluber,8
meridianus,8
mirus,8
abeo,8
iugerum,8
nonne,8
opinor,8
gens,8
iucundus,8
excludo,8
coniungo,8
auctor,8
suscipio,8
ungo,8
coicio,8
frons,8
libenter,8
cognosco,8
iacio,8
arbustum,8
potestas,8
grauis,8
campester,8
tepidus,8
tardus,8
aequus,8
aruus,8
integer,8
sublimis,8
longitudo,8
metuo,8
re,8
metior,8
centuria,8
uiuus,8
naris,8
frondeo,8
uxor,8
domesticus,8
praecipio,8
holus,8
operarius,8
praesum,8
natio,8
tametsi,8
propono,8
generatim,8
mansuetus,8
domo,8
ob,8
supellex,8
cytisus,8
legumen,8
cicer,8
sensus,8
fauonius,8
cado,8
eicio,8
seco,8
senesco,8
prodo,8
uolucris,8
ouillus,8
equinus,8
prodeo,8
intro,8
arista,8
spero,8
roma,8
exprimo,8
fluo,8
ferio,8
puteus,8
anniculus,8
concludo,8
nescio,8
noto,8
bimus,8
iudicium,8
cauda,8
luscus,8
primo,8
exemplum,8
hordeaceus,8
exsto,8
cedo,8
cera,8
contentus,8
testudo,8
despondeo,8
uernaculus,8
excudo,8
erus,8
ambitus,8
tribunus,8
ritus,8
legio,8
tunica,8
poculum,8
sors,8
iubar,8
orator,8
sponsus,8
poema,8
tescum,8
umbilicus,8
trabs,8
huiuscemodi,8
deciens,8
cogito,7
mors,7
duodecim,7
corrumpo,7
nuper,7
indico,7
solutus,7
uerto,7
offendo,7
socer,7
auus,7
nondum,7
uinco,7
diuisus,7
temperatus,7
interior,7
quini,7
cis,7
aspicio,7
diligentia,7
cena,7
induco,7
uectura,7
qualis,7
nouellus,7
carpo,7
remoueo,7
acetum,7
permultus,7
conuiuium,7
ceno,7
crudus,7
funus,7
iterum,7
deorsum,7
occupo,7
modius,7
appositus,7
salsus,7
nouem,7
nonus,7
uinetum,7
uarietas,7
admixtus,7
quadratum,7
uncia,7
punicus,7
influo,7
praesertim,7
lupinus,7
anticus,7
traicio,7
intrinsecus,7
maceria,7
cupressus,7
uicus,7
haereo,7
concedo,7
illustris,7
illicio,7
bubulcus,7
diligenter,7
proscindo,7
minutatim,7
dignitas,7
acer,7
uasum,7
satus,7
annalis,7
uer,7
careo,7
leo,7
porricio,7
extum,7
defendo,7
aceruus,7
obruo,7
tondeo,7
hisco,7
aspergo,7
decimus,7
spes,7
ennius,7
palam,7
munio,7
foras,7
digitus,7
caedo,7
diu,7
neco,7
nauis,7
explico,7
dubito,7
haedus,7
stipulor,7
cor,7
chordus,7
licet,7
castro,7
arma,7
carnis,7
uirgo,7
gallus,7
corium,7
impleo,7
suppono,7
murena,7
prohibeo,7
catulus,7
acuo,7
disparilis,7
liquidus,7
candidatus,7
cuius,7
axius,7
aluarium,7
scriba,7
mortuus,7
turris,7
stagnum,7
columbarium,7
ciuitas,7
apiastrum,7
merces,7
poeticus,7
ratis,7
dictator,7
specio,7
scaena,7
cascus,7
scopa,7
logos,7
stultus,7
imperitus,7
masculinus,7
prosum,6
imago,6
fruor,6
floreo,6
insum,6
repeto,6
consulo,6
conor,6
aedilis,6
circulus,6
intereo,6
utrum,6
dispereo,6
collega,6
armentum,6
constitutus,6
uelo,6
tibicen,6
inimicus,6
semel,6
statuo,6
error,6
acceptum,6
despicio,6
rana,6
brassica,6
honor,6
priusquam,6
dirigo,6
deminuo,6
odor,6
uitium,6
ianua,6
frango,6
harundo,6
septimus,6
restis,6
fictilis,6
aduenticius,6
mus,6
inclino,6
neue,6
ulter,6
fluuius,6
olearis,6
calor,6
uirga,6
luxuria,6
laudo,6
olearius,6
implico,6
constitutum,6
agger,6
lis,6
porto,6
necne,6
copia,6
ambulo,6
offensio,6
uestitus,6
largus,6
subulcus,6
quaterni,6
continuo,6
uomer,6
inanis,6
mola,6
corbis,6
linum,6
aeneus,6
farrago,6
uicia,6
discrimino,6
apricus,6
uere,6
canicula,6
absoluo,6
asper,6
medium,6
uetustas,6
obligo,6
pirum,6
quicumque,6
flos,6
milium,6
acus,6
planus,6
manipulus,6
amurca,6
citer,6
scalae,6
limen,6
granarium,6
camara,6
pistrinum,6
theatrum,6
creo,6
obtineo,6
ineo,6
mula,6
pilosus,6
procreo,6
emptor,6
aeger,6
exitus,6
mulgeo,6
furfur,6
amicus,6
pilus,6
fundo,6
noxa,6
lustrum,6
pax,6
nutrix,6
gallicus,6
pendo,6
pondo,6
surgo,6
lacto,6
produco,6
fetus,6
unguis,6
fides,6
quadraginta,6
stirps,6
illic,6
praeda,6
femur,6
latro,6
uenator,6
lepos,6
panis,6
armatus,6
mulsum,6
habito,6
priuatus,6
ap,6
aedis,6
uenatio,6
caprea,6
cochlea,6
fortasse,6
quotquot,6
gigno,6
cicur,6
pauper,6
colonia,6
tuba,6
thymum,6
poto,6
plebeius,6
designo,6
sepulcrum,6
pontifex,6
cognominatus,6
mortalis,6
iuuo,6
luceo,6
dedico,6
flamen,6
suo,6
toga,6
attributus,6
omen,6
uestis,6
temo,6
actor,6
stips,6
crepusculum,6
intempestus,6
etymon,6
sentio,6
ordior,6
copula,6
dissimiliter,6
admoneo,5
desidero,5
forum,5
consilium,5
physicus,5
uolumen,5
feriae,5
septemtrio,5
septemtrionalis,5
paene,5
continuus,5
pomarius,5
faber,5
deduco,5
reficio,5
polio,5
peculium,5
nolo,5
hircus,5
arx,5
exerceo,5
taberna,5
profectus,5
interficio,5
decoquo,5
memini,5
repudio,5
carcer,5
delectatio,5
porticus,5
classis,5
complures,5
subtilis,5
fastigium,5
prolixus,5
libella,5
uliginosus,5
lacuna,5
compositus,5
mustus,5
conspectus,5
creta,5
maritimus,5
gradatim,5
frumentarius,5
octauus,5
ualde,5
harundinetum,5
sumptuosus,5
pendeo,5
escendo,5
argilla,5
cinis,5
rubicundus,5
propior,5
quisquis,5
laxus,5
aduersus,5
aduerto,5
paluster,5
perflo,5
infero,5
opprimo,5
uersor,5
culina,5
clausum,5
fur,5
exter,5
demissus,5
libido,5
oriens,5
spina,5
illinc,5
diues,5
imperatum,5
cognatio,5
cibarius,5
restituo,5
uilica,5
assiduus,5
pectus,5
incido,5
iuuencus,5
subigo,5
interdiu,5
claudo,5
uimen,5
operculum,5
indigeo,5
subseco,5
uieo,5
dissero,5
rapum,5
cacumen,5
minusculus,5
praecido,5
primoris,5
dumtaxat,5
cortex,5
aratio,5
iacto,5
decerpo,5
primitus,5
geno,5
quindecim,5
exsisto,5
nosco,5
diffundo,5
auiarium,5
auiarius,5
conduco,5
caueo,5
serpens,5
primigenius,5
queo,5
interdum,5
uber,5
admirandus,5
semita,5
folliculus,5
interrogo,5
prehendo,5
pluo,5
pondus,5
traho,5
hispania,5
domi,5
percutio,5
spiritus,5
suspendo,5
consumo,5
quando,5
duplico,5
libertus,5
terrestris,5
crebro,5
posco,5
quo,5
colligo,5
nota,5
definio,5
triplex,5
aquila,5
obtero,5
sacro,5
fallo,5
nouenus,5
duodecimus,5
pateo,5
uetulus,5
uestio,5
clunis,5
surdus,5
callis,5
patulus,5
commutatio,5
labrum,5
testa,5
perduco,5
quinquageni,5
imperator,5
sapor,5
latinus,5
progredior,5
centenarius,5
saluto,5
persequor,5
inutilis,5
farina,5
onus,5
cupiditas,5
medicina,5
tenebrae,5
caro,5
puella,5
iustus,5
iaceo,5
comoedia,5
augurium,5
immanis,5
controuersia,5
scilicet,5
litus,5
ornamentum,5
angulus,5
glis,5
uiceni,5
uolucer,5
anas,5
fistula,5
obiectum,5
pons,5
euolo,5
coruus,5
attribuo,5
curator,5
ratus,5
stola,5
quadrans,5
quia,5
dos,5
oleo,5
mellarius,5
magus,5
faux,5
praeeo,5
dispar,5
celo,5
dispendium,5
copulo,5
centurio,5
uenor,5
panthera,5
puls,5
eruo,5
figo,5
eiusmodi,5
amictus,5
pallium,5
ruo,5
anus,5
fas,5
indidem,5
contio,5
nuncupo,5
iudico,5
series,5
conspicio,5
clepo,5
docte,5
temporalis,5
calceus,5
surus,5
strues,5
scala,5
mox,5
plinius,5
pluralis,5
margarita,5
portendo,4
reuertor,4
nobilitas,4
dispergo,4
sementiuus,4
usurpo,4
subsellium,4
culta,4
opportunus,4
fundanius,4
perpetuus,4
modice,4
alesco,4
egregius,4
coleus,4
praeficio,4
alteruter,4
pestilentia,4
uirtus,4
spectaculum,4
aurum,4
rudis,4
certe,4
pastoralis,4
uenenum,4
poena,4
inuideo,4
subrideo,4
ualetudo,4
pactum,4
decurro,4
turpis,4
pestilens,4
quiuis,4
familiaris,4
fleo,4
testimonium,4
repleo,4
aegrotus,4
immitto,4
aquilo,4
comes,4
reduco,4
inscribo,4
praeparo,4
menstruus,4
octo,4
salix,4
quercus,4
aequabiliter,4
platanus,4
comburo,4
irriguus,4
salictum,4
puluis,4
densus,4
enascor,4
heres,4
porro,4
umbra,4
hereditas,4
planum,4
tabulatus,4
admoueo,4
pluuius,4
macero,4
reicio,4
pauimentum,4
fabrilis,4
ardeo,4
limes,4
iudex,4
exporto,4
uicinitas,4
inueho,4
feriatus,4
fugio,4
assero,4
uocalis,4
mutus,4
uocito,4
nouicius,4
factito,4
carus,4
instruo,4
opilio,4
cliuus,4
praeceptum,4
experientia,4
sarrio,4
pronus,4
asellus,4
stabulo,4
rastellus,4
disto,4
cratis,4
ferreus,4
consero,4
asparagus,4
arbuscula,4
urna,4
circuitus,4
siccus,4
uicesimus,4
ciuilis,4
describo,4
noualis,4
tabella,4
occo,4
sulcus,4
caedes,4
sarmentum,4
exaresco,4
lens,4
deseco,4
concido,4
arcturus,4
asininus,4
minime,4
pila,4
fulmen,4
caldor,4
differo,4
proicio,4
summitto,4
desino,4
stipula,4
axis,4
supero,4
lorum,4
secum,4
refrigero,4
eadem,4
sapa,4
sorbum,4
umquam,4
cibo,4
aquatilis,4
assequor,4
narro,4
circus,4
loco,4
breuiter,4
summatim,4
cithara,4
genero,4
siluester,4
aureus,4
lustro,4
alias,4
abigo,4
conceptus,4
uitiosus,4
febris,4
assentio,4
hirundo,4
euerro,4
rupes,4
saturo,4
desiderium,4
inquino,4
hirtus,4
centenus,4
comparo,4
promitto,4
hodie,4
fugo,4
pinguitudo,4
lanius,4
foedus,4
insignis,4
sino,4
insanus,4
publicum,4
incrementum,4
bucina,4
auctoritas,4
sancio,4
fastus,4
leuiter,4
diuinus,4
emitto,4
cornutus,4
confundo,4
ministerium,4
aspectus,4
uehiculum,4
capto,4
curuus,4
sponte,4
intritus,4
legitimus,4
corona,4
decuma,4
perpurgo,4
marinus,4
tonsa,4
uellus,4
tragoedia,4
terentius,4
epulum,4
triumphus,4
macellus,4
decipio,4
auceps,4
castra,4
uolito,4
offa,4
morior,4
ibidem,4
lapideus,4
capitulum,4
quadro,4
mutulus,4
columella,4
uestibulum,4
consenesco,4
sinus,4
pluma,4
censeo,4
nato,4
polenta,4
ornatus,4
cuniculus,4
frater,4
imperium,4
sonus,4
colloco,4
ater,4
subsido,4
mutuus,4
scruto,4
perduellis,4
casu,4
deprauo,4
cuiusmodi,4
neglego,4
cursor,4
clipeus,4
suspicio,4
historia,4
decuria,4
praes,4
sepelio,4
monumentum,4
naeuius,4
mereo,4
pagus,4
aelius,4
lympha,4
ostrea,4
filum,4
sodalis,4
nuntius,4
ops,4
libo,4
uro,4
religio,4
arceo,4
arca,4
speculum,4
parilis,4
munus,4
curtius,4
sabinus,4
atrium,4
cubiculum,4
nusquam,4
peccatum,4
aerarius,4
stipendium,4
spatium,4
ludo,4
nefas,4
libet,4
fatum,4
fabula,4
confiteor,4
accepta,4
sonitus,4
ascribo,4
fictor,4
ausculto,4
accuso,4
rite,4
mysterium,4
polus,4
fretus,4
limus,4
trio,4
indo,4
iniuria,4
ouile,4
dominor,4
polliceor,4
amans,4
patricus,4
grammaticus,4
pecco,4
repugno,4
crux,4
argenteus,4
ambiguus,4
nothus,4
principalis,4
axioma,4
ignotus,3
tot,3
index,3
adiuuo,3
quinquaginta,3
rogatus,3
annuus,3
moror,3
cardo,3
uiritim,3
datus,3
ultra,3
aduoco,3
sublatus,3
quadrigae,3
uagor,3
pomerium,3
conueho,3
eueho,3
tibia,3
pastoricius,3
argentifodina,3
infundo,3
hercle,3
glaber,3
doleo,3
ieiunus,3
talis,3
perna,3
honestus,3
ferax,3
incertus,3
permuto,3
equidem,3
generalis,3
bipertitus,3
refert,3
collinus,3
abies,3
inaequabilis,3
aquosus,3
coniectura,3
stercoro,3
caeduus,3
postridie,3
iugo,3
subsidium,3
oppleo,3
furcilla,3
uindemiator,3
hiberno,3
alimonium,3
mediocriter,3
ascendo,3
latine,3
sextans,3
proxime,3
flo,3
aequinoctialis,3
afflo,3
nimbus,3
repentinus,3
perfundo,3
opertum,3
bifariam,3
sella,3
indomitus,3
praesaepe,3
feruor,3
rumpo,3
impedio,3
tutela,3
saepimentum,3
terreus,3
ulmus,3
focus,3
infestus,3
apporto,3
longinquus,3
administro,3
humanitas,3
uerber,3
coerceo,3
tracto,3
probo,3
cultus,3
tempto,3
imbecillus,3
adiungo,3
alternis,3
facultas,3
uigilo,3
dormio,3
fiscina,3
iuncus,3
pala,3
prospicio,3
necto,3
lineus,3
uiolo,3
laetus,3
radius,3
ruber,3
miscellus,3
alternus,3
itero,3
operio,3
arbustus,3
capreolus,3
caesum,3
scapus,3
uagina,3
rosa,3
ni,3
astrum,3
pirus,3
columbinus,3
cassius,3
brumalis,3
tamquam,3
haruspex,3
ramulus,3
contingo,3
solstitialis,3
ficetum,3
tenellus,3
triduum,3
defluo,3
trans,3
requiesco,3
sugo,3
alimonia,3
renascor,3
serius,3
aliquanto,3
conuerto,3
intego,3
calco,3
culmus,3
notus,3
uerro,3
aresco,3
conticesco,3
ligneus,3
paulo,3
lenis,3
carnarius,3
premo,3
stringo,3
plaga,3
ubicumque,3
curculio,3
subtus,3
catus,3
sterno,3
dispono,3
pensilis,3
conseco,3
contundo,3
conditio,3
promptus,3
catinus,3
ferueo,3
uelum,3
iuglans,3
palmula,3
abicio,3
usura,3
patronus,3
ignauus,3
particulatim,3
adueho,3
armentarius,3
percurro,3
graece,3
athleta,3
profero,3
ultro,3
deprehendo,3
sono,3
astrologus,3
numero,3
pelagus,3
quadringenti,3
intercedo,3
stipulatio,3
incredibilis,3
remaneo,3
multiplex,3
morbosus,3
inicio,3
nouenarius,3
aliquotiens,3
quaestio,3
o,3
rauus,3
iucunditas,3
redintegro,3
uespertinus,3
interpono,3
caducus,3
pruina,3
obsum,3
adeps,3
molior,3
obliuio,3
inficio,3
uinaceus,3
sexageni,3
curiosus,3
desisto,3
uulnero,3
congrego,3
portus,3
succidia,3
amplitudo,3
exilis,3
lutum,3
prodigo,3
uoluto,3
permaneo,3
retro,3
doctrina,3
senator,3
nidus,3
aspernor,3
exiguitas,3
transilio,3
simulacrum,3
maialis,3
lucienus,3
graecia,3
italus,3
minister,3
oblongus,3
succrispus,3
testiculus,3
cubo,3
leuo,3
difficulter,3
dilectus,3
complus,3
deiungo,3
mercator,3
admissarius,3
fortis,3
congruo,3
iuba,3
contendo,3
respecto,3
fastidium,3
esurio,3
gallinaceus,3
hinnus,3
quadrageni,3
eodem,3
oppono,3
quid,3
custodia,3
praesidium,3
mentum,3
morticinus,3
musca,3
silentium,3
uenus,3
casa,3
mos,3
alibilis,3
sudo,3
sudor,3
festus,3
uisus,3
suffragium,3
adductus,3
census,3
imprudens,3
cupio,3
pictor,3
nutus,3
librarius,3
oro,3
tritauus,3
diuidus,3
turtur,3
piscator,3
maceries,3
suauis,3
reuoco,3
lucrum,3
canalis,3
extergeo,3
marcesco,3
scaenicus,3
clam,3
aduena,3
margo,3
introitus,3
tholus,3
perluceo,3
neruus,3
dodrans,3
culcita,3
conuiua,3
no,3
riuus,3
gentilitas,3
inuolo,3
discludo,3
accipiter,3
piso,3
uulgus,3
impar,3
ducenti,3
saepio,3
fecunditas,3
large,3
inspicio,3
raro,3
ros,3
coquus,3
ingenium,3
aquilus,3
quocumque,3
pilum,3
examen,3
urgeo,3
plebs,3
esca,3
audeo,3
barbatus,3
pertendo,3
trames,3
attingo,3
lucerna,3
complexus,3
subiungo,3
memoro,3
caelo,3
interpres,3
ambio,3
bellus,3
translaticius,3
regnum,3
ardor,3
uelabrum,3
sacrarium,3
circa,3
concino,3
oblittero,3
immortalis,3
etsi,3
testis,3
lubricus,3
concordia,3
nonnullus,3
uolatus,3
mergus,3
lutra,3
arbitrium,3
conquiro,3
triumuir,3
curia,3
cinctus,3
legatus,3
tubicen,3
caneo,3
classicus,3
comitiatus,3
pecuniosus,3
sutor,3
globus,3
augeo,3
purpura,3
asto,3
manubrium,3
flexus,3
sapio,3
orno,3
indutus,3
ricinium,3
super,3
penitus,3
facula,3
ecce,3
pompilius,3
tuscus,3
lectica,3
scando,3
deminutio,3
siculus,3
creper,3
agon,3
edico,3
parento,3
fordus,3
ancile,3
piaculum,3
addico,3
manumitto,3
prudens,3
intercido,3
quingenti,3
tremo,3
effor,3
profano,3
eloquor,3
indicium,3
putus,3
gemo,3
clamo,3
quirito,3
iubilo,3
spondeus,3
conspondeo,3
reus,3
cantito,3
uulgo,3
aueo,3
conuentio,3
ebur,3
anfractus,3
musa,3
ferme,3
remus,3
cata,3
cortina,3
ferentarius,3
lymphatus,3
scaeuus,3
deliquo,3
sententia,3
cista,3
quodammodo,3
crimen,3
introduco,3
opto,3
quadruplico,3
caecus,3
inique,3
plumbum,3
uictoriatus,3
dolus,3
neo,3
animalis,3
nominatiuus,3
quadruplex,3
uerbero,3
probus,3
charta,3
termino,3
genetiuus,3
dialecticus,3
scipio,3
mendacium,3
moneo,2
inuoco,2
eos,2
robigo,2
tempestiue,2
procuratio,2
precor,2
miser,2
aduocatus,2
dispersim,2
philosophus,2
patria,2
instar,2
utiliter,2
circumcido,2
aedituus,2
publicanus,2
otiosus,2
nobiscum,2
prouerbium,2
sane,2
oceanus,2
nauigo,2
uapor,2
diffindo,2
meridie,2
semenstris,2
utensilis,2
amphora,2
impensa,2
agnatus,2
gentilis,2
confirmo,2
effodio,2
pompa,2
carmen,2
succino,2
adimo,2
odium,2
laedo,2
uenalis,2
lapidicina,2
laus,2
praetermitto,2
cucumis,2
satius,2
sodes,2
salus,2
despuo,2
placenta,2
calamitas,2
salubritas,2
alea,2
eructo,2
emendo,2
permagnus,2
incolumis,2
quapropter,2
cognitio,2
fertilis,2
arbutus,2
hibernum,2
areo,2
delabor,2
momentum,2
officio,2
sesquimodius,2
transalpinus,2
fossicius,2
carbo,2
aedilicius,2
tradux,2
robustus,2
diuturnus,2
puter,2
inopia,2
uulpes,2
funiculus,2
calix,2
argillosus,2
lapidosus,2
sabulo,2
adoreus,2
muscus,2
quadratus,2
scripulum,2
conuallis,2
discutio,2
bestiola,2
efflo,2
aritudo,2
praedo,2
fessus,2
recipero,2
antelucanus,2
consaeptum,2
resisto,2
uindico,2
tritura,2
certo,2
lasciuus,2
perforo,2
arduus,2
saepes,2
lapillus,2
rixor,2
pinus,2
appendix,2
importo,2
uiolarium,2
copiosus,2
care,2
supersum,2
fullo,2
mando,2
iniussu,2
confinius,2
introrsum,2
finitimus,2
ora,2
mercenarius,2
docilis,2
imbuo,2
frugi,2
alacer,2
praemium,2
conserua,2
studiosus,2
remissio,2
peculiaris,2
consolo,2
asinarius,2
modulus,2
confragosus,2
deridiculus,2
biuium,2
imitatio,2
octogeni,2
quadrimus,2
ueteranus,2
crepitus,2
requies,2
exinde,2
uendito,2
tribulum,2
uallus,2
cannabis,2
funis,2
teges,2
extenuo,2
uilis,2
urceus,2
ferramentum,2
sarculum,2
siluaticus,2
clauis,2
considero,2
fabalis,2
siliqua,2
umbrosus,2
aucupor,2
conualesco,2
nebulosus,2
ostentus,2
molestus,2
detrimentum,2
umectus,2
excolo,2
glacies,2
aquarius,2
exin,2
nouo,2
excito,2
sulco,2
porca,2
gemma,2
flagellum,2
nouissime,2
simulac,2
irrigo,2
siccitas,2
tertio,2
putesco,2
optime,2
lilium,2
uirgula,2
puluinus,2
abluo,2
tergeo,2
lunaris,2
decresco,2
crescentus,2
cubitum,2
fermento,2
aceruatim,2
dedo,2
collecta,2
exsuctus,2
planta,2
talea,2
pedalis,2
ictus,2
exaequo,2
denudo,2
medulla,2
effluo,2
transmarinus,2
perfero,2
pango,2
acerbus,2
quadriduum,2
necubi,2
tepor,2
uersura,2
euello,2
exitium,2
emineo,2
apex,2
glubo,2
antiquitus,2
mutilus,2
erado,2
sectio,2
succido,2
bacillum,2
fascis,2
solidus,2
rima,2
formica,2
retego,2
seorsus,2
excutio,2
aspero,2
auriga,2
dentatus,2
extero,2
uallis,2
uentilabrum,2
ponderosus,2
compasco,2
contrudo,2
scopus,2
prelum,2
acinus,2
nudus,2
baca,2
quatio,2
gymnasium,2
mature,2
uentilo,2
em,2
condus,2
aura,2
conspergo,2
spelunca,2
sirus,2
thrax,2
strutheus,2
antea,2
pertinax,2
floccus,2
malum,2
muria,2
biduus,2
periculum,2
aliquantus,2
respuo,2
palatum,2
citus,2
cariosus,2
contractus,2
caritas,2
ignosco,2
consurgo,2
nescius,2
cultellus,2
dimitto,2
queror,2
admiror,2
palaestra,2
correpo,2
satur,2
auaritia,2
stercoratio,2
rota,2
regius,2
multo,2
secus,2
romanus,2
circumago,2
octoginta,2
frutex,2
aestiuo,2
profiteor,2
censorius,2
committo,2
primum,2
admissio,2
opimus,2
afficio,2
curatio,2
sitio,2
sanguis,2
subduco,2
ciconia,2
expleo,2
extraordinarius,2
limito,2
conicio,2
mansuefacio,2
merus,2
agna,2
torqueo,2
scapula,2
adnumero,2
secludo,2
roscidus,2
propello,2
auersus,2
exhalo,2
sis,2
deterreo,2
seclusus,2
curso,2
depello,2
bonitas,2
pellitus,2
praesaepium,2
urina,2
lubenter,2
uescor,2
ficulneus,2
capella,2
placidus,2
mobilis,2
saxum,2
pulcher,2
pernocto,2
studiose,2
trimestris,2
remedium,2
spinosus,2
prouincia,2
impressio,2
proauus,2
euanesco,2
abundo,2
lauatio,2
ceres,2
coniunctio,2
epulor,2
missa,2
offula,2
arcadia,2
prae,2
circumspicio,2
quotienscumque,2
suppedito,2
madefactus,2
pio,2
amissum,2
octoni,2
suffero,2
fusus,2
lactens,2
lar,2
abstineo,2
neptunus,2
infans,2
putrefacio,2
satisfacio,2
iuuenca,2
gibber,2
remitto,2
subniger,2
umerus,2
coda,2
genu,2
ingredior,2
manilius,2
altar,2
concurro,2
concito,2
allium,2
conquiesco,2
egredior,2
degusto,2
algor,2
fames,2
septuaginta,2
phrygius,2
leniter,2
diduco,2
comporto,2
iuxta,2
itidem,2
supercilium,2
uastus,2
decet,2
applico,2
saeta,2
lumbus,2
aequalis,2
uena,2
celer,2
impello,2
intericio,2
lacertosus,2
gusto,2
expers,2
custos,2
defensor,2
circumfluo,2
uenaticus,2
supprimo,2
nimium,2
hiatus,2
iners,2
sector,2
cognatus,2
edulium,2
triticeus,2
consuo,2
uinculum,2
perungo,2
pulex,2
cingulum,2
asperitas,2
uelox,2
cibaria,2
praedico,2
pasta,2
deicio,2
reses,2
congius,2
coagulum,2
coeo,2
ulcus,2
impendo,2
subiectum,2
serenus,2
conglobo,2
aegre,2
tonsor,2
statua,2
caecilius,2
cilicium,2
deuerto,2
uetustus,2
postquam,2
inclutus,2
coepi,2
consentaneus,2
locuples,2
diribeo,2
frugalis,2
delicia,2
macellarius,2
grus,2
bolus,2
collegium,2
annona,2
quotus,2
affingo,2
subter,2
hospes,2
amator,2
cenito,2
peristylum,2
tegula,2
coturnix,2
assideo,2
remeo,2
faenus,2
confluo,2
ripa,2
ambulatio,2
ordino,2
epistylium,2
omnigenus,2
tantummodo,2
reticulum,2
substruo,2
sedile,2
cauo,2
peripetasma,2
pisciculus,2
hesperus,2
hemisphaerium,2
horologium,2
studium,2
loculus,2
serra,2
conseruo,2
timor,2
incedo,2
maleficus,2
fastidio,2
suppleo,2
manduco,2
pergo,2
semodius,2
candeo,2
crista,2
salax,2
exsculpo,2
pauoninus,2
aequabilis,2
concutio,2
perfrico,2
breuitas,2
incontaminatus,2
inusitatus,2
ala,2
odoratus,2
amphibius,2
sagina,2
mustela,2
feles,2
macula,2
agrellus,2
passus,2
latebra,2
lepor,2
intromitto,2
negotium,2
inflo,2
uisum,2
subleuo,2
ministrator,2
laurea,2
incrusto,2
castanea,2
figulus,2
appius,2
cesso,2
geometres,2
incultus,2
fucus,2
pariter,2
lampas,2
locatum,2
fuga,2
papauer,2
mellificium,2
spurcitia,2
uermiculus,2
regulus,2
nitidus,2
horridus,2
fugitiuus,2
senus,2
exinanio,2
consono,2
domicilium,2
membrana,2
acta,2
pugna,2
lingo,2
subito,2
gutta,2
repono,2
gratulor,2
arcula,2
gregatim,2
mullus,2
pertinacia,2
persto,2
promiscue,2
deleo,2
mendum,2
deformis,2
saeculum,2
indago,2
demptio,2
confingo,2
opinio,2
aegroto,2
tripertitus,2
obliuium,2
aeternus,2
agrarius,2
cassus,2
chaos,2
altisonus,2
fornix,2
terminus,2
donec,2
funestus,2
aurora,2
uuidus,2
cadauer,2
auster,2
hosticus,2
quadrupes,2
possideo,2
sementis,2
posticus,2
aduentus,2
aduectus,2
auxilium,2
nimis,2
aesculus,2
uls,2
oppius,2
diuinitus,2
aether,2
discessus,2
comicus,2
corolla,2
cereus,2
denuo,2
nubes,2
patefacio,2
lapsus,2
nuptus,2
duellum,2
uotum,2
thunnus,2
alcedo,2
dissoluo,2
sagus,2
clueo,2
accensi,2
curio,2
hasta,2
pilanus,2
triarii,2
depono,2
obsideo,2
insidiae,2
turma,2
pugil,2
legulus,2
uestigo,2
coactus,2
muliercula,2
adhuc,2
ursus,2
camelus,2
ruta,2
malua,2
tritus,2
crusta,2
elixus,2
assus,2
intestinus,2
farcimen,2
stamen,2
telum,2
uelamentum,2
pecten,2
pannus,2
uoluo,2
iaculus,2
tragula,2
scutum,2
clades,2
anulus,2
balteus,2
galea,2
uallum,2
pusillus,2
potatio,2
uinarium,2
gutus,2
simpulum,2
urino,2
sedes,2
subucula,2
circumiectus,2
inuoluo,2
detero,2
mollio,2
asser,2
gladiator,2
angiportum,2
relatus,2
responsum,2
romulus,2
capitolium,2
custodio,2
insido,2
curius,2
senaculum,2
doliolum,2
africa,2
indictiuus,2
praetorium,2
cenaculum,2
raudusculum,2
aeratus,2
ianus,2
lectulus,2
torus,2
decussis,2
triens,2
arrhabo,2
corollarium,2
debitum,2
receptus,2
manupretium,2
placeo,2
sacramentum,2
stipo,2
thesaurus,2
impendium,2
trutina,2
adiunctus,2
incisum,2
solarium,2
mano,2
deuenio,2
concubius,2
sisto,2
forte,2
quinquennalis,2
corono,2
forsitan,2
quinquatrus,2
uinalia,2
auspicor,2
repente,2
caprificus,2
seruilis,2
compitum,2
perspicuus,2
nefastus,2
iuuenis,2
lector,2
legens,2
excedo,2
obscuritas,2
tragoedus,2
cogitatio,2
metus,2
maereo,2
exsupero,2
laetitia,2
polluceo,2
fateor,2
proprie,2
nouitas,2
dicis,2
propositio,2
disputo,2
consors,2
fremo,2
crepo,2
triumpho,2
sponsa,2
sponsor,2
adolesco,2
inceptum,2
cornicen,2
respicio,2
sorbeo,2
cieo,2
lucius,2
communitas,2
significatio,2
equitatus,2
gratus,2
caeruleus,2
splendidus,2
contemplo,2
sanctus,2
castus,2
sidus,2
accius,2
dicto,2
claustrum,2
quondam,2
aequor,2
pus,2
adagium,2
caninus,2
latratus,2
uates,2
plato,2
paludamentum,2
fumificus,2
inuitus,2
iugulum,2
ancilla,2
depereo,2
rorarii,2
limax,2
scrupeus,2
claudius,2
reciproco,2
cancer,2
rutilo,2
rutilus,2
scortum,2
scorteus,2
numen,2
comiter,2
retracto,2
iurgium,2
musso,2
auerto,2
nexus,2
remotus,2
gratia,2
dubitatio,2
tenere,2
equiso,2
strenuus,2
distinguo,2
omitto,2
simile,2
claudico,2
adminiculo,2
pronomen,2
sexus,2
salina,2
casualis,2
albius,2
triplico,2
participium,2
indoctus,2
barbarus,2
alauda,2
reprehensio,2
puppis,2
accusatiuus,2
cistella,2
libertinus,2
peruideo,2
inclinatio,2
gubernator,2
inuito,2
progenero,2
auditus,2
gentilicius,2
praenomen,2
garum,2
mensura,2
pocillum,2
cadus,2
unusquisque,2
clauus,2
confido,2
decemuir,2
nongenti,2
incoho,2
era,2
dolo,2
amata,2
adumbro,2
flecto,2
rapio,2
culpo,2
etiamsi,2
sodalitas,2
incorruptus,2
lubido,2
pistor,2
phalera,2
amicitia,2
inimicitia,2
definitio,2
socrus,2
lea,2
obseruatio,2
sicuti,2
prandeo,2
destringo,2
uelut,2
pastillus,2
catillus,2
naeuus,2
gausape,2
fluctus,2
palpebra,2
indiscriminatim,2
gula,2
hannibal,2
conexum,2
censura,2
oppositus,2
otium,1
propero,1
bulla,1
octogesimus,1
sarcina,1
experior,1
auratus,1
propitius,1
adueneror,1
successus,1
euentus,1
frustratio,1
ueneratio,1
peripateticus,1
rogatio,1
arcesso,1
ecqui,1
sempiternus,1
congelo,1
uerum,1
flammeus,1
somnus,1
cooperio,1
treceni,1
captus,1
ueto,1
forensis,1
regie,1
circensis,1
curriculum,1
affinis,1
seruio,1
colonicus,1
astrologia,1
repertor,1
saliua,1
textor,1
metallum,1
harenarius,1
uiator,1
praeclarus,1
cimex,1
anguinus,1
fel,1
luridus,1
contraho,1
ruga,1
ei,1
pestis,1
nouiens,1
miraculum,1
grauor,1
perpetuo,1
uendibilis,1
orcus,1
obstruo,1
schola,1
mariscae,1
herbosus,1
putatio,1
tolerabilis,1
uergo,1
incommode,1
situs,1
uenustus,1
quincunx,1
putamen,1
bifer,1
alnus,1
squilla,1
consentio,1
primatus,1
caesar,1
sumen,1
deuoro,1
iugatio,1
euerto,1
tubulus,1
pertundo,1
cuspis,1
natiuus,1
acratophoron,1
muscipula,1
bipedalis,1
cestus,1
occipitium,1
admixtio,1
marmor,1
rudus,1
rubrica,1
carbunculus,1
perferueo,1
cretosus,1
sabulosus,1
subalbus,1
retorridus,1
muscosus,1
frio,1
exaro,1
mensor,1
subsiciuus,1
heredium,1
horreum,1
perennis,1
cisterna,1
salubris,1
obuenio,1
aduersarius,1
illustro,1
torrens,1
periculosus,1
improuisus,1
bubile,1
quies,1
ostiarius,1
occulco,1
ministra,1
proruo,1
aedificatio,1
procliuis,1
orca,1
mustum,1
occidens,1
tutor,1
fax,1
truncus,1
transcendo,1
tinus,1
coctilis,1
furnus,1
affinitas,1
confinis,1
latrocinium,1
rosarium,1
uicinia,1
anniuersarius,1
profestus,1
promus,1
impunis,1
querquetum,1
reclino,1
adminiculum,1
pauperculus,1
conducticius,1
obaerarius,1
formidulosus,1
animosus,1
communicor,1
liberalis,1
concessio,1
beneuolentia,1
confodio,1
inertia,1
indiligentia,1
dilucide,1
demereo,1
insitio,1
ficulnus,1
uecto,1
molaris,1
probatio,1
simus,1
furca,1
destitutus,1
assuefacio,1
tiro,1
celeber,1
pertinaciter,1
consuefacio,1
scirpus,1
membratim,1
enumero,1
torcular,1
octingenti,1
uineaticus,1
siligo,1
inaro,1
uiola,1
spartum,1
raphanus,1
panicum,1
eugeneus,1
heluius,1
percalefacio,1
relaxo,1
gelu,1
scorpio,1
a,1
ablaqueo,1
necdum,1
stria,1
runco,1
expurgo,1
floresco,1
comminuo,1
pampinarium,1
pampino,1
infirmitas,1
flatus,1
flabellum,1
uiteus,1
intorqueo,1
cincinnus,1
scindo,1
cicercula,1
quadragesimus,1
crocus,1
radicitus,1
palmaris,1
uiuiradix,1
irrigatio,1
dedux,1
teneritudo,1
intermenstruus,1
caluus,1
polleo,1
scrobis,1
praeparatio,1
egero,1
depango,1
cerasus,1
propensus,1
adulterinus,1
tarde,1
gemmo,1
defringo,1
stabilis,1
oleagineus,1
uiso,1
stillo,1
lente,1
exacuo,1
translatio,1
femineus,1
mollitia,1
resticula,1
persentio,1
inaresco,1
complico,1
centesimus,1
licinius,1
adultus,1
gelus,1
sator,1
heliotropium,1
deligo,1
ablego,1
mutilo,1
continens,1
pampinus,1
cumulus,1
consector,1
tuberosus,1
messio,1
percenseo,1
incuruus,1
serrula,1
stramen,1
stratus,1
propemodum,1
pauito,1
peminosus,1
oblitesco,1
talpa,1
umbraculum,1
tribulus,1
orbiculus,1
plostellum,1
subiecto,1
spiro,1
praecox,1
uapulo,1
digitabulum,1
durities,1
biuius,1
congero,1
fetidus,1
iamdudum,1
aspiro,1
uermis,1
affrio,1
caricus,1
perdiu,1
duracinus,1
conditiuus,1
orbiculatus,1
melimela,1
uietus,1
uenustas,1
coemo,1
cotoneum,1
duro,1
sinapi,1
iugulo,1
immaturus,1
oliuitas,1
lentiscus,1
defrutum,1
apertio,1
intercludo,1
duodeciens,1
coacesco,1
falernus,1
amaritudo,1
pallidus,1
minitor,1
mitis,1
lentus,1
maturitas,1
mitesco,1
torreo,1
percussus,1
turba,1
moleste,1
desidiosus,1
retinnio,1
arator,1
mercatus,1
piraticus,1
interpello,1
here,1
gener,1
remunero,1
condicio,1
citharoedus,1
inuiolatus,1
mora,1
mansuesco,1
quiesco,1
balo,1
capricornus,1
nutricius,1
hebeo,1
noueni,1
procerus,1
solutio,1
mutatio,1
montuosus,1
herbidus,1
satura,1
quanto,1
triennium,1
molliter,1
uolua,1
altilis,1
exercitatio,1
adaperio,1
tepefacio,1
proficio,1
suboles,1
alieno,1
puerperium,1
amussis,1
demos,1
detondeo,1
pensum,1
praescribo,1
mina,1
damno,1
uentosus,1
uligo,1
scaber,1
solitudo,1
deferuesco,1
umbrifer,1
contenebro,1
bimestris,1
uegrandis,1
euoco,1
uterus,1
fiscella,1
biduum,1
conculco,1
offigo,1
delibo,1
olfacio,1
compello,1
strata,1
gurgulio,1
uelocitas,1
lutulentus,1
locatio,1
lembus,1
condenso,1
pernicies,1
suburbanus,1
breui,1
macedonia,1
occasio,1
uictoria,1
cohorto,1
disicio,1
proelium,1
praetorius,1
defugio,1
unicolor,1
perfungor,1
lenio,1
colliquefactus,1
segrego,1
conciliator,1
nuptialis,1
nupta,1
maritus,1
procus,1
dignus,1
dono,1
gallius,1
aulius,1
usquam,1
mendax,1
costa,1
cutis,1
sorex,1
exedo,1
saucio,1
conturbo,1
exsilio,1
aborto,1
porcellus,1
totiens,1
sustento,1
delicium,1
frendo,1
obscuro,1
lauinius,1
tricesimus,1
paruulus,1
roboro,1
reditus,1
seorsum,1
bucino,1
frigo,1
obex,1
iocosus,1
conuicior,1
balatro,1
flagrum,1
murrio,1
perhibeo,1
paratus,1
pulchritudo,1
hercules,1
socius,1
maiestas,1
iuppiter,1
phoenix,1
mella,1
hirrius,1
uitula,1
comprimo,1
costatus,1
profusus,1
calx,1
diuarico,1
tactus,1
rubeus,1
heluus,1
italicus,1
uictima,1
supplicium,1
uerbosus,1
culter,1
frondosus,1
aristoteles,1
delphinus,1
tabanus,1
fastidiosus,1
contueor,1
adigo,1
putresco,1
bimatus,1
exscribo,1
arcas,1
helops,1
onager,1
mercor,1
traditio,1
capistrum,1
campania,1
aduenio,1
completus,1
canus,1
obseruatus,1
sedecim,1
coniecto,1
fuscus,1
figuro,1
thessalia,1
gregalis,1
perscribo,1
adiuto,1
frustra,1
contero,1
crassitudo,1
obuoluo,1
impetus,1
mordicus,1
plusculus,1
longurius,1
biennium,1
exterreo,1
purgatio,1
undecimus,1
quadrigarius,1
desultor,1
uectorius,1
ephippium,1
raeda,1
cantherius,1
bigener,1
inseruio,1
arcadicus,1
triceni,1
praecipue,1
suffundo,1
assisto,1
propulso,1
resimus,1
pendulus,1
eno,1
auricula,1
flaccus,1
internodium,1
uarus,1
displodo,1
corneus,1
agnosco,1
leoninus,1
papilla,1
adsuesco,1
emporium,1
abduco,1
illuc,1
mythos,1
actaeon,1
descisco,1
marito,1
desuefacio,1
irrito,1
defatigo,1
segnis,1
abrodo,1
perfrigesco,1
ricinus,1
unguen,1
exulcero,1
collaris,1
clauula,1
capitatus,1
insuo,1
duritia,1
comito,1
iuuentus,1
communiter,1
senectus,1
difficultas,1
pabulor,1
extollo,1
excurro,1
iaculor,1
furtum,1
duplus,1
simplus,1
dorsum,1
passim,1
contemno,1
denego,1
succumbo,1
incomitatus,1
dominicus,1
nequiquam,1
detraho,1
quinquagenarius,1
lucanus,1
promissum,1
haedinus,1
agninus,1
fossilis,1
scabies,1
sucidus,1
intectus,1
pix,1
languidus,1
ardea,1
barba,1
nauticus,1
bellicus,1
tormentum,1
adulescens,1
cossinius,1
missus,1
septingenti,1
augustus,1
tugurium,1
alleuo,1
pius,1
conditor,1
paupertas,1
indiscretus,1
sica,1
intestinum,1
exorno,1
recordatus,1
tribulis,1
studeo,1
dimidiatus,1
consultor,1
sinistra,1
consularis,1
hospitalis,1
ructo,1
perpolio,1
minium,1
emblema,1
marmoreus,1
torculo,1
tector,1
eleganter,1
lanio,1
empticius,1
gratuitus,1
hospitium,1
matertera,1
scius,1
derideo,1
cotidianus,1
apprime,1
character,1
libellus,1
quaeso,1
discipulus,1
recuso,1
grauate,1
frugalitas,1
antique,1
lepusculus,1
squalus,1
mugilis,1
exspuo,1
pelagius,1
dissimulo,1
conductum,1
delicate,1
mazonomus,1
tantum,1
adnecto,1
cancellus,1
glomero,1
supplementum,1
uenditor,1
aduolo,1
reuolo,1
inuentor,1
museum,1
deformo,1
litterarius,1
plumula,1
riuulus,1
affluo,1
accessus,1
cantrix,1
canaliculus,1
naualis,1
excauo,1
radio,1
arcuatus,1
tympanum,1
palmus,1
suggestum,1
citro,1
commeto,1
lucifer,1
eminens,1
clamor,1
miror,1
suffragator,1
tesserula,1
tractus,1
fautor,1
competitor,1
libere,1
tecum,1
procurator,1
uatillum,1
auguralis,1
luxuriosus,1
seuerus,1
apparitor,1
saxatilis,1
columen,1
clemens,1
punicanus,1
reticulatus,1
utrimque,1
lacerta,1
arrepo,1
timidus,1
bipalmis,1
intercipio,1
uiscatus,1
curuo,1
uiscum,1
eruum,1
robur,1
illido,1
duceni,1
eximius,1
condisco,1
munito,1
ratiocinor,1
castratus,1
inuro,1
erigo,1
partio,1
rubeo,1
aureolus,1
uocifero,1
certamen,1
pertimesco,1
propugno,1
proelior,1
tripedalis,1
gallinarius,1
diurnus,1
firmiter,1
parturio,1
maturesco,1
foueo,1
desido,1
uitalis,1
turgesco,1
incendo,1
cornum,1
ceruinus,1
intentus,1
euito,1
compenso,1
psittacus,1
nauta,1
penuria,1
tenebricosus,1
uindicta,1
concoquo,1
datio,1
palumbes,1
undecim,1
perdo,1
cruditas,1
uorax,1
tempero,1
abrumpo,1
perimbecillus,1
pollen,1
crepido,1
testaceus,1
leuigo,1
cammarus,1
perdix,1
suauitas,1
percontor,1
delitesco,1
conatus,1
leuipes,1
captiuus,1
effundo,1
excelsus,1
iussus,1
molimentum,1
opacus,1
alluo,1
mamilla,1
dissipo,1
ruminor,1
propola,1
furfures,1
albulus,1
diuturnitas,1
obduresco,1
uiuax,1
glirarium,1
erepo,1
adulescentia,1
parsimonia,1
soror,1
tribuo,1
historicus,1
epigramma,1
solitarius,1
graculus,1
adsido,1
ligurrio,1
uellico,1
disturbo,1
imbecillitas,1
displico,1
cymbalum,1
plausus,1
floridus,1
odi,1
insector,1
peraeque,1
resono,1
feruidus,1
pisum,1
diluo,1
ferula,1
compleo,1
fimum,1
absterreo,1
inspico,1
fumigo,1
seditio,1
seditiosus,1
uespa,1
socia,1
morsus,1
pascito,1
opifex,1
puluerulentus,1
opificium,1
pabulatio,1
neglegenter,1
mellitus,1
morbidus,1
protego,1
emplastrum,1
conglutino,1
cucurbita,1
spissus,1
insuauis,1
praeterfluo,1
uasculum,1
adfundo,1
adno,1
prospere,1
perterreo,1
lino,1
fumus,1
circumdo,1
fauor,1
bombus,1
trepido,1
obduco,1
deficio,1
infirmus,1
confercio,1
auidius,1
obstipesco,1
euado,1
offensus,1
prosterno,1
concalesco,1
reuiuesco,1
reconcilio,1
ancora,1
sortitio,1
recino,1
confestim,1
uesica,1
duodeni,1
quadragies,1
mediterraneus,1
amarus,1
discolor,1
seruulus,1
aggero,1
frequenter,1
absumo,1
salsamentum,1
turbo,1
macellum,1
obsonium,1
euerriculum,1
incuria,1
aestuarium,1
perfodio,1
reciprocus,1
piscatus,1
architectus,1
permitto,1
specus,1
moles,1
strepitus,1
perseuerantia,1
cunctus,1
interpolo,1
potentia,1
potens,1
senecta,1
sedulitas,1
retraho,1
discordia,1
additio,1
traiectio,1
productio,1
correptio,1
adiectio,1
explano,1
grammatica,1
sibilus,1
bracchium,1
philosophia,1
adytum,1
lucubro,1
status,1
stadium,1
aberro,1
ingens,1
cauerna,1
linteum,1
humo,1
inhumatus,1
udus,1
putidus,1
sulphur,1
alumen,1
paululum,1
stillicidium,1
tiberis,1
anceps,1
nympha,1
incolo,1
paco,1
tripartitus,1
multiplico,1
itus,1
coalesco,1
saluus,1
culmen,1
secta,1
arefacio,1
intermitto,1
largiter,1
pignus,1
obitus,1
caerimonia,1
inauguro,1
subura,1
succurro,1
excubia,1
domina,1
delubrum,1
aborigines,1
germanus,1
ruminalis,1
alueolus,1
taceo,1
adiugo,1
lucto,1
uinctio,1
uictrix,1
poesis,1
caeligenus,1
uinctura,1
igneus,1
spuma,1
resumo,1
aruum,1
belua,1
deiero,1
aborior,1
coniunx,1
succendo,1
caleo,1
frigesco,1
uiolentia,1
splendor,1
fulgeo,1
fulgur,1
obnubo,1
salum,1
gaudeo,1
bellona,1
mars,1
quirinus,1
uirilitas,1
onero,1
castor,1
feronia,1
uoueo,1
ales,1
upupa,1
cuculus,1
ulula,1
bubo,1
noctua,1
luctuosus,1
luctus,1
galeritus,1
ficedula,1
anguilla,1
sudis,1
torpedo,1
conchylium,1
peloris,1
echinus,1
surena,1
polypus,1
crocodilus,1
mergo,1
lolligo,1
subuolo,1
fimbria,1
fibra,1
priuo,1
procuro,1
maleficium,1
capitalis,1
quaesitor,1
secessio,1
albatus,1
salii,1
lupercus,1
fetialis,1
fidus,1
peregre,1
exercito,1
delectus,1
hastatus,1
acies,1
auctus,1
adiumentum,1
alienigena,1
praesideo,1
obsidium,1
insideo,1
duplicarius,1
decurio,1
administer,1
adopto,1
optio,1
ambitio,1
lituus,1
fortuna,1
beatus,1
mendicus,1
opulentus,1
inops,1
copis,1
pecu,1
sutrinus,1
monitor,1
nomenclator,1
natator,1
pedica,1
pedisequus,1
peculatus,1
uegetus,1
hedus,1
pontificium,1
sagax,1
leaena,1
tigris,1
sagitta,1
uehemens,1
camelopardalis,1
caulis,1
sisymbrium,1
lactuca,1
panificium,1
panarium,1
melinus,1
testu,1
matrona,1
incondite,1
frequentia,1
dilato,1
crustulum,1
pulmentum,1
pulmentarium,1
assa,1
uuesco,1
destillo,1
excoquo,1
liquor,1
insectus,1
prosectum,1
augmentum,1
magmentarius,1
singillatim,1
bulbus,1
subtemen,1
subeo,1
trama,1
cingo,1
parma,1
conus,1
sectura,1
minute,1
umbo,1
lorica,1
pectoralis,1
bullatus,1
ocrea,1
galerum,1
trulla,1
matellio,1
nanus,1
peluis,1
candelabrum,1
candela,1
escaria,1
iurulentus,1
patella,1
canistrum,1
rotundus,1
capis,1
patera,1
antiquitas,1
circumfero,1
cyathus,1
uasarium,1
compluuium,1
haurio,1
urinator,1
sursum,1
cacabus,1
uerso,1
solium,1
armarium,1
armamentarium,1
munditia,1
calamistrum,1
calefacio,1
cinerarius,1
laneus,1
raritudo,1
texo,1
fasciola,1
capital,1
sacerdotula,1
rica,1
mitra,1
capitium,1
palla,1
indusium,1
circumtextus,1
retrorsum,1
leuitas,1
chlamys,1
laena,1
ligo,1
rutrum,1
uomo,1
mordeo,1
stiua,1
manicula,1
oppilo,1
cous,1
festuca,1
corrado,1
rado,1
rastrum,1
secula,1
fustis,1
pistrix,1
corruo,1
tignum,1
moenia,1
exaggero,1
insignio,1
toruus,1
auspicatus,1
cippus,1
circumduco,1
prodigium,1
fundula,1
peruius,1
castellum,1
diruo,1
triceps,1
manes,1
postilio,1
praecipito,1
cloaca,1
secedo,1
cornelius,1
lutatius,1
genucius,1
tullianus,1
tullius,1
syracusae,1
delictum,1
lautumia,1
excido,1
cornus,1
abscisus,1
aesculetum,1
fagus,1
currus,1
perueho,1
intimus,1
murcia,1
flaminius,1
curiatus,1
hostilis,1
hostilius,1
subsisto,1
graecostasis,1
uocatus,1
linter,1
maelius,1
coaceruo,1
consaepio,1
religiosus,1
infodio,1
publicius,1
cosconius,1
florus,1
minerua,1
africus,1
obses,1
cyprius,1
sceleratus,1
superbus,1
carpentum,1
mulio,1
aditus,1
impluo,1
pluuia,1
simulo,1
penarius,1
penus,1
iuno,1
latio,1
porcius,1
lauerna,1
mugitus,1
manlius,1
segestre,1
feretrum,1
tomentum,1
inculco,1
insterno,1
stragulus,1
puluinar,1
operimentum,1
toral,1
scabellum,1
scamnum,1
peristroma,1
signo,1
sextula,1
semuncia,1
selibra,1
septunx,1
deunx,1
bes,1
donum,1
doma,1
damnum,1
exsoluo,1
detritus,1
intertrimentum,1
punio,1
aestimatio,1
concessus,1
officium,1
municeps,1
fungus,1
infitior,1
quingeni,1
aufero,1
tributum,1
tributim,1
assigno,1
compono,1
restipulor,1
poenus,1
dispensator,1
expendo,1
pensio,1
compendium,1
compendo,1
saturnus,1
sedo,1
auditor,1
calumnior,1
acumen,1
tenor,1
tempestiuus,1
rector,1
inumbro,1
interuenio,1
obrigesco,1
iubatus,1
sileo,1
circito,1
hibernaculum,1
uireo,1
coacta,1
auctumnus,1
uectigal,1
tributus,1
persoluo,1
aeuum,1
perdisco,1
carmentalis,1
purgamentum,1
caper,1
quirinalis,1
feralis,1
epula,1
terminalis,1
intercalo,1
liberalia,1
hedera,1
foculus,1
arcessitus,1
tumultus,1
decessus,1
coniuro,1
praetexo,1
consualia,1
raptus,1
artus,1
suffigo,1
october,1
medicamentum,1
saturnalia,1
compitalis,1
competo,1
paganicus,1
agricultura,1
calo,1
quintanus,1
septimana,1
idus,1
comitialis,1
perago,1
setius,1
fatus,1
piacularis,1
expio,1
impius,1
comitio,1
dehinc,1
hactenus,1
lectio,1
primigenia,1
antepono,1
immuto,1
recedo,1
abscedo,1
decedo,1
quinquagies,1
gestus,1
coacto,1
coemptio,1
concilium,1
concilio,1
reminiscor,1
comminiscor,1
commentum,1
amens,1
amoueo,1
timeo,1
horreo,1
recordor,1
respublica,1
sacrum,1
punctum,1
peruolo,1
prolabor,1
libidinosus,1
casurus,1
refugio,1
formido,1
paueo,1
pauor,1
moneris,1
marceo,1
laeto,1
gaudium,1
narratio,1
fatuus,1
fatalis,1
facundus,1
fatidicus,1
uaticinor,1
uesanus,1
effatum,1
profanus,1
merx,1
libamentum,1
fama,1
famosus,1
fallax,1
fallacia,1
tralaticius,1
beta,1
cornix,1
proloquor,1
eloquium,1
loquax,1
copiose,1
colloquium,1
alloquor,1
loquela,1
concinne,1
nuntio,1
proludo,1
proscaenium,1
enuntio,1
cogitatum,1
peruetustus,1
insuetus,1
prodico,1
mimus,1
castrensis,1
dictata,1
addictus,1
ductor,1
doctor,1
documentum,1
disputatio,1
computatio,1
putator,1
pure,1
diluceo,1
disertus,1
sarcio,1
libertas,1
uerbena,1
sortilegus,1
sublego,1
allego,1
murmuro,1
fremor,1
increpito,1
imploro,1
quiris,1
clamito,1
cognomentum,1
desponso,1
sponsio,1
sponsalia,1
rogator,1
ioco,1
uadimonium,1
cantatio,1
bucinator,1
cantus,1
peroro,1
exoro,1
osculum,1
alluceo,1
acquiro,1
uigil,1
uitio,1
modestia,1
concumbo,1
discribo,1
testamentum,1
cretio,1
decerno,1
distribuo,1
spectio,1
augurius,1
speculor,1
speculator,1
inunguo,1
specillum,1
dudum,1
aurius,1
auiditas,1
haud,1
olor,1
odoror,1
odorus,1
esculentus,1
edulis,1
feruo,1
repotia,1
manipularis,1
manica,1
mantele,1
fortunatus,1
felix,1
salutaris,1
pedes,1
murra,1
sortior,1
cos,1
accio,1
inclamo,1
auspex,1
argentarius,1
occludo,1
edictum,1
redimo,1
scelerosus,1
conuoco,1
interrex,1
uexillum,1
exaudio,1
pellicio,1
elicio,1
scalpo,1
fertus,1
strangulo,1
tingo,1
depso,1
pecto,1
runcina,1
explicatus,1
ruina,1
poetice,1
lucubratio,1
prosequor,1
exercitatus,1
interpretatio,1
exsilium,1
sopor,1
expergiscor,1
industria,1
heros,1
atauus,1
propius,1
etymologicus,1
commisceo,1
saxeus,1
aggredior,1
saluete,1
intueor,1
altitonans,1
concauus,1
laeuus,1
conspicor,1
desertum,1
celsus,1
exspiro,1
extemplo,1
expingo,1
peruado,1
peruro,1
reuideo,1
triuium,1
tumulus,1
altrix,1
uadum,1
mystica,1
areopagites,1
pulso,1
angustia,1
efferuesco,1
scopulus,1
repo,1
aequo,1
nauicula,1
infula,1
coma,1
lacio,1
alibi,1
ianitor,1
diuum,1
supplico,1
mirabilis,1
ambages,1
ambitiosus,1
amburo,1
lucilius,1
rostratus,1
securis,1
abiegnus,1
salue,1
hospitus,1
interpretor,1
administra,1
faunus,1
prognatus,1
uirago,1
lictor,1
paludatus,1
lucusta,1
lucas,1
elephans,1
elephantus,1
reluceo,1
inauro,1
clupeum,1
recito,1
letum,1
scirpeus,1
crinis,1
conuoluo,1
uertex,1
uitta,1
diua,1
silurus,1
recepto,1
clarus,1
latrocinor,1
stipatio,1
stipator,1
obsessor,1
egomet,1
mecum,1
ebrius,1
pol,1
inermis,1
en,1
roro,1
diuidia,1
distractio,1
lien,1
eneco,1
ren,1
distraho,1
alte,1
liuidus,1
obolus,1
nugatorius,1
monstrum,1
distorqueo,1
tantulus,1
exscreo,1
concinno,1
factiosus,1
obscenus,1
uiscus,1
actutum,1
adrado,1
scobina,1
scobis,1
argutus,1
collaudo,1
lamento,1
cocles,1
prosapia,1
unoculus,1
sublimen,1
trigonus,1
primulus,1
accendo,1
concubitus,1
tendo,1
concieo,1
proco,1
leno,1
procul,1
rufus,1
scortor,1
meretricula,1
pellicula,1
insane,1
bacchus,1
peruulgo,1
tranquillus,1
alcyon,1
monstro,1
hilaris,1
comissatio,1
comis,1
demensum,1
aduento,1
tandem,1
effutio,1
naturaliter,1
iurgo,1
litigo,1
obiurgo,1
corripio,1
sceptrum,1
turpiculus,1
antehac,1
infrequens,1
frequento,1
prandium,1
lepide,1
assidue,1
amentia,1
auerrunco,1
conuicium,1
odiosus,1
rudo,1
hinnitus,1
ululo,1
mugio,1
uagio,1
suauiter,1
maccus,1
cupidus,1
seruitus,1
obaeratus,1
iuro,1
dissolutus,1
turbidus,1
aurelius,1
liquo,1
mucro,1
lingula,1
persibus,1
perite,1
callide,1
subscribo,1
protinam,1
protinus,1
continuitas,1
aula,1
quasso,1
pando,1
uereor,1
reprimo,1
procudo,1
etymologia,1
perpetro,1
unitas,1
agnatio,1
nominalis,1
edisco,1
conseruus,1
culpa,1
informis,1
cras,1
fulmentum,1
scriptio,1
homunculus,1
prudentia,1
ingeniosus,1
agitatio,1
strenuitas,1
atratus,1
praedor,1
consensus,1
temperantia,1
claua,1
fenestratus,1
elegantia,1
honeste,1
necessitas,1
habilis,1
conclaue,1
fulcrum,1
cubicularis,1
distinctus,1
grabatus,1
postremo,1
impudens,1
nempe,1
cerua,1
siser,1
parcus,1
indiligenter,1
balneator,1
uenabulum,1
suile,1
sessio,1
unguentaria,1
laniena,1
sutrina,1
admonitus,1
salutator,1
lassus,1
messor,1
uenatus,1
uenum,1
psalterium,1
atriensis,1
aeraria,1
lapicida,1
aurifex,1
insulsus,1
profluo,1
alpha,1
hei,1
contentio,1
caesius,1
collatio,1
auicula,1
capitellum,1
rhetor,1
municipium,1
libero,1
nixus,1
aequabilitas,1
impune,1
obtempero,1
erratum,1
consterno,1
geniculum,1
serperastra,1
uitupero,1
improbo,1
ueritas,1
subitus,1
auello,1
pristinus,1
praesentia,1
obsolesco,1
forus,1
deterius,1
assuetudo,1
possessor,1
abrogo,1
sinum,1
irascor,1
prauitas,1
quantum,1
tantundem,1
regredior,1
quater,1
concha,1
hinnuleus,1
ecquis,1
fabrica,1
inconstantia,1
constantia,1
accommodo,1
effectus,1
strictim,1
impudenter,1
dupliciter,1
abacus,1
mappa,1
persido,1
comoedus,1
apte,1
internosco,1
columbus,1
perpaucus,1
obliuiscor,1
compar,1
plumbeus,1
rescindo,1
scato,1
anicula,1
catellus,1
patricius,1
argumentum,1
percello,1
iactura,1
refingo,1
insepultus,1
redux,1
plagula,1
stulte,1
miliarium,1
drachma,1
centumuiri,1
millies,1
aliunde,1
iniurius,1
inscienter,1
incommutabilis,1
commutabilis,1
externus,1
nihilominus,1
transitio,1
uenditio,1
sacrificus,1
sacrificatus,1
postremus,1
abstrusus,1
musicus,1
inscientia,1
solea,1
asella,1
declaro,1
habitus,1
praepondero,1
indiligens,1
dissensio,1
astutus,1
reticeo,1
turbulentus,1
facetus,1
uerecundia,1
sicubi,1
latrunculus,1
cursito,1
arbitratus,1
capito,1
pugnator,1
scriptito,1
lectito,1
urus,1
quomodo,1
decemplex,1
particula,1
binarius,1
praesagio,1
prorsus,1
dominatus,1
idcirco,1
inscius,1
inconcinnus,1
occurro,1
lanx,1
biceps,1
nuptia,1
incognitus,1
articulatim,1
aperte,1
informo,1
nequitia,1
masculus,1
prolubium,1
cumque,1
maurus,1
probe,1
neutro,1
ranunculus,1
pistrilla,1
adelphi,1
ensis,1
rudens,1
kalendae,1
intelligo,1
catholicus,1
ablatiuus,1
productum,1
diecula,1
neutralis,1
ualgus,1
epistula,1
feminine,1
lucretius,1
patrius,1
consimilis,1
sitis,1
tussis,1
strigilis,1
aue,1
confuto,1
ridiculus,1
gena,1
indifferenter,1
promisce,1
eunuchus,1
ingluuies,1
interiacio,1
necessus,1
profor,1
commentarius,1
bibliotheca,1
inconditus,1
insolentia,1
expedite,1
damnatus,1
tantisper,1
attestor,1
fungor,1
aduersum,1
