,count
et,2791
qui,1130
hic,1000
in,996
sum,697
nec,599
tu,562
ille,473
ego,459
omnis,423
per,419
atque,397
ad,396
ipse,395
non,395
iam,351
aut,345
magnus,343
do,337
cum,335
sui,323
primus,311
fero,309
tum,295
si,287
arma,283
altus,269
ab,264
quis,254
nunc,250
terra,224
manus,222
uideo,221
ut,217
urbs,216
sub,210
deus,207
uir,205
medius,204
multus,198
ingens,197
pater,183
sed,182
tantus,182
sic,173
caelum,171
at,171
animus,170
talis,157
uenio,156
inter,154
ex,154
tuus,153
ubi,153
dico,152
os,151
rex,151
labor,148
eo,148
corpus,148
teneo,147
alius,146
equus,146
telum,145
bellus,142
peto,141
litus,141
ac,138
ante,137
unus,137
unda,135
fatum,133
meus,132
ferrum,132
noster,129
uolo,129
totus,129
de,128
uoco,126
pectus,126
possum,125
silua,124
ago,124
suus,123
hinc,123
uox,123
uentus,122
nox,119
o,119
ignis,118
dum,117
haud,115
quam,114
solus,114
amor,112
aura,111
sequor,111
res,111
mater,110
gens,110
laetus,110
domus,109
dictum,109
dextra,108
pars,107
circum,107
aequor,107
tectum,107
socius,106
campus,106
sto,104
agmen,104
sanguis,104
nos,102
duco,102
cura,102
caput,101
nomen,100
iubeo,100
umbra,99
longus,99
uis,99
aurum,98
locus,97
oculus,97
mons,96
fugio,95
tempus,95
regnum,94
quisque,94
saxum,94
relinquo,93
uia,93
ora,93
is,92
habeo,91
hostis,89
iuuenis,88
ne,88
pes,86
superus,85
natus,85
dies,84
sacer,84
durus,84
ruo,83
etiam,82
miser,82
super,82
cursus,82
patrius,81
ara,81
ater,81
murus,81
refero,79
genus,78
flumen,77
parens,77
moenia,77
pugna,77
contra,77
flamma,77
tendo,77
limen,76
pecus,75
clamor,74
lumen,74
hasta,74
uulnus,74
mens,73
sol,73
sidus,73
qua,73
simul,73
uos,72
ullus,72
nouus,72
ardeo,72
acies,72
mors,72
facio,71
tollo,70
accipio,70
puer,69
nullus,69
numen,69
audio,68
premo,67
diuus,67
mitto,67
seruo,67
ira,67
mare,67
honor,67
tellus,67
latus,66
inferus,66
coniunx,66
saepe,65
interea,65
sedes,65
ensis,65
turbo,64
huc,64
idem,63
herba,63
nam,63
adsum,63
porta,63
namque,62
tamen,62
carmen,62
uita,62
quaero,62
classis,62
fuga,62
surgo,62
saeuus,62
for,62
num,61
mos,61
donum,61
fama,61
nemus,61
annus,60
orbis,60
currus,60
anima,60
uictor,60
aether,59
signum,59
lux,59
tergum,59
leuis,58
procul,58
misceo,58
acer,58
densus,57
malus,57
mollis,57
tristis,57
paro,57
uerto,57
umerus,57
infelix,57
uarius,57
moueo,57
pro,56
arx,56
aeneus,56
dux,56
genitor,56
rumpo,55
dea,55
immanis,55
ager,54
ergo,54
cano,54
traho,54
capio,54
extremus,54
spes,53
summum,53
torqueo,53
subeo,53
furo,53
cerno,52
paruus,52
cado,52
aer,52
somnus,52
pono,52
condo,52
uoluo,52
amnis,52
qualis,52
fortis,52
addo,51
bonus,51
longe,51
iaceo,51
uirgo,51
foedus,51
fluctus,51
pinguis,50
maneo,50
nubes,50
tot,50
comes,50
casus,50
clipeus,50
adeo,49
arbor,49
reddo,49
aio,49
uastus,49
cunctus,49
semper,48
credo,48
posco,48
uero,48
pelagus,48
sine,48
sono,48
late,48
pulcher,48
populus,48
proelium,48
finis,47
uix,47
enim,47
incipio,47
antiquus,47
dulcis,46
linquo,46
grauis,46
patior,46
mora,46
munus,46
fortuna,46
tego,46
ars,46
ter,46
post,45
pasco,45
lego,45
factum,45
lacrima,45
uertex,45
erro,44
magis,44
iungo,44
cornu,44
spargo,44
lucus,44
cauus,44
puppis,44
cedo,44
fundo,44
sterno,44
soror,44
tenuis,43
quondam,43
alter,43
superbus,43
certus,43
pontus,43
frater,43
nauis,43
sonitus,43
homo,43
aruum,42
bis,42
aureus,42
gero,42
metus,42
ramus,42
uerro,42
tandem,42
ordo,41
mecum,41
ecce,41
uester,41
haereo,41
niger,41
figo,41
arduus,41
dolor,41
nequiquam,41
geminus,41
collum,41
bellum,41
laeuus,40
asper,40
heu,40
caecus,40
insto,40
insignis,40
iuuo,40
regina,40
postquam,39
harena,39
aspicio,39
soluo,39
facies,39
poena,39
imperium,39
uirtus,39
causa,38
maestus,38
tempto,38
frondeo,38
uetus,38
iacto,38
crudelis,38
fessus,38
sedeo,38
ala,38
uinco,38
portus,38
secor,38
rursus,38
uelum,38
iste,37
senex,37
audeo,37
uel,37
iugum,37
unde,37
exerceo,37
aruus,37
letum,37
dirus,37
muto,37
caedes,37
supero,37
centum,37
gemitus,37
templum,37
certamen,37
numerus,37
uates,37
remus,37
equidem,36
undique,36
opus,36
inquam,36
humus,36
ripa,36
inanis,36
albus,36
iuuencus,36
cingo,36
rapio,36
pax,36
iter,36
uiuo,36
inde,36
fluuius,36
laus,35
imber,35
membrum,35
funus,35
effero,34
tam,34
ambo,34
rapidus,34
deinde,34
loquor,34
tutus,34
quin,34
diuersus,34
uotum,34
uestis,34
galea,34
fremo,34
monstrum,34
tumulus,34
precor,34
aqua,34
robur,34
fetus,33
taurus,33
antrum,33
custos,33
palma,33
uestigium,33
morior,33
oro,33
par,33
castrum,33
edo,33
autem,33
pariter,33
pius,33
seu,33
fera,33
hiems,33
praeceps,33
lentus,32
pastor,32
serus,32
uiridis,32
carpo,32
nihil,32
fallo,32
fors,32
opto,32
mortalis,32
eripio,32
moror,32
quantus,32
patria,31
satis,31
felix,31
uerus,31
quisquam,31
nascor,31
mille,31
armentum,31
imago,31
seco,31
neue,31
cor,31
aequus,31
uelut,31
auxilium,31
amicus,31
succedo,31
secundus,31
plurimus,31
aduersus,31
ops,31
impono,31
scopulus,31
tener,30
certo,30
duo,30
quoque,30
urgeo,30
uisus,30
uinculum,30
sagitta,30
raptus,30
attollo,30
corripio,30
crinis,30
desero,30
dolus,30
mensa,30
rupes,29
frango,29
cogo,29
uber,29
consido,29
dignus,29
lustro,29
placidus,29
agnosco,29
moles,29
ita,29
impleo,29
fides,29
agito,29
ignarus,29
artus,29
memor,29
subito,29
saltus,29
iterum,29
nympha,29
miseror,29
bos,28
soleo,28
pendeo,28
fons,28
frigus,28
flos,28
an,28
plenus,28
colo,28
aestus,28
subitus,28
astrum,28
nimbus,28
inimicus,28
prior,28
incendo,28
furor,28
miror,27
en,27
similis,27
nota,27
uultus,27
arcus,27
ulter,27
frustra,27
quando,27
olim,27
infero,27
affor,27
iuuentus,27
aeuum,27
sors,27
uerbum,27
immitto,27
coma,27
proles,27
tremo,27
sinus,27
gelidus,27
aeternus,27
sacerdos,27
excipio,26
quod,26
curuus,26
gaudeo,26
decus,26
clarus,26
carus,26
quicumque,26
forma,26
continuo,26
liceo,26
trepidus,26
celer,26
horreo,26
frigidus,26
stirps,26
siue,26
secum,26
doceo,25
modo,25
memini,25
redeo,25
penitus,25
uictus,25
strido,25
pingo,25
modus,25
gurges,25
effundo,25
ratis,25
fas,25
periculum,25
ueho,25
horrendus,25
ceterus,25
memoro,25
cruentus,25
flecto,25
supplex,25
heros,25
folium,25
fatus,25
concurro,25
canis,24
respicio,24
seges,24
positus,24
aperto,24
fax,24
obscurus,24
datum,24
uinum,24
ductor,24
gloria,24
horridus,24
luctus,24
habena,24
sino,24
uerso,24
ictus,24
segnis,24
ni,24
ualeo,24
pando,24
penna,24
aeger,23
uitis,23
stabulum,23
praeterea,23
liquidus,23
omen,23
agger,23
iaculus,23
pubes,23
stringo,23
abeo,23
conuerto,23
ignotus,23
ferio,23
caeruleus,23
celsus,23
facilis,22
uterque,22
uallis,22
suspendo,22
ultro,22
tempestas,22
ceu,22
exspecto,22
tardus,22
summa,22
circumdo,22
quies,22
cruor,22
acuo,22
thalamus,22
fulgeo,22
omnipotens,22
impello,22
aequo,22
foris,22
almus,22
uisum,22
fuluus,22
agrestis,21
grex,21
spatium,21
claudo,21
spero,21
color,21
aestas,21
prex,21
incertus,21
spumo,21
terreo,21
formido,21
iuxta,21
spolium,21
perfero,21
fidus,21
arrigo,21
rota,21
aufero,21
minor,21
gramen,21
demitto,21
inuisus,21
concutio,21
pondus,21
egregius,21
sublimis,21
includo,21
turba,21
appareo,21
luna,21
paucus,21
desertum,21
scelus,21
regius,21
lex,21
responsum,20
apis,20
lupus,20
magister,20
metuo,20
effor,20
armatus,20
excutio,20
auerto,20
purpureus,20
mando,20
praemium,20
reduco,20
praeda,20
leo,20
sentio,20
nepos,20
conicio,20
auctor,20
ceruix,20
repono,20
spiculum,20
bracchium,20
remitto,20
uadum,20
fretus,20
fulmen,20
lacus,20
uitta,20
cinis,20
ualidus,20
uiuus,20
sin,20
agricola,20
molior,20
opacus,19
amarus,19
foueo,19
mereo,19
forte,19
laurus,19
auris,19
frux,19
fleo,19
studium,19
numquam,19
scio,19
pellis,19
sceptrum,19
castra,19
onero,19
taceo,19
puluis,19
tenebrae,19
aduerto,19
compleo,19
obuius,19
faux,19
incumbo,19
fusus,19
aduersum,19
procumbo,19
sententia,19
aetas,19
mox,19
salus,19
pietas,19
apto,19
iacio,19
exterreo,19
quiesco,19
aetherius,19
nefas,19
uacuus,19
prius,19
protinus,18
nudus,18
tango,18
quercus,18
absum,18
culmen,18
lac,18
amo,18
anguis,18
septem,18
aratrum,18
sacro,18
prospicio,18
monstro,18
turris,18
eques,18
porto,18
aditus,18
improbus,18
saeuio,18
scindo,18
ast,18
rarus,18
contingo,18
gratus,18
intus,18
dexter,18
frons,18
uersus,18
lingua,18
fingo,18
libo,18
nata,18
pulsus,18
curro,18
perfundo,18
effusus,18
auis,18
potens,18
ob,18
creber,18
candidus,17
quamuis,17
exeo,17
umquam,17
nego,17
poculum,17
radius,17
curo,17
demens,17
inuenio,17
colligo,17
turbidus,17
siccus,17
aliter,17
ouo,17
euado,17
defendo,17
obstipesco,17
supersum,17
induo,17
sileo,17
propior,17
penas,17
gener,17
pestis,17
torus,17
retro,17
pulso,17
testor,17
cantus,17
teucrus,17
ius,17
ruina,17
germanus,17
fio,17
cieo,17
quidem,17
nauta,17
iuppiter,17
uanus,17
daps,17
ossum,17
diua,17
infandus,17
sulcus,17
umidus,17
occurro,17
ludo,16
ouis,16
pinus,16
rus,16
palus,16
gemo,16
ulmus,16
ciuis,16
insidiae,16
lateo,16
diuinus,16
mel,16
quisquis,16
riuus,16
niueus,16
concedo,16
uro,16
repente,16
glomero,16
crista,16
inuado,16
carina,16
totidem,16
cunctor,16
discrimen,16
timeo,16
acta,16
argentum,16
passim,16
rite,16
hospitium,16
nitor,16
sinister,16
corona,16
pello,16
postis,16
supra,16
educo,16
moene,16
semen,16
uelo,16
sero,16
expedio,16
sisto,16
caelus,16
loco,16
furia,16
dictus,16
iniquus,16
rego,16
angustus,16
notus,16
comito,16
exiguus,16
recedo,16
auus,16
murmur,16
mucro,16
nubila,16
compono,15
fateor,15
pomum,15
cognosco,15
aerius,15
proicio,15
obicio,15
tecum,15
quoniam,15
specto,15
principium,15
rubeo,15
offero,15
umor,15
diues,15
deficio,15
habito,15
reperio,15
decedo,15
defero,15
haurio,15
fatigo,15
promissum,15
reuoco,15
ludus,15
insequor,15
truncus,15
fames,15
ilex,15
auersus,15
donec,15
recens,15
cubile,15
consto,15
serenus,15
gigno,15
spiro,15
sermo,15
pharetra,15
consurgo,15
inceptum,15
nodus,15
uenenum,15
sumo,15
origo,15
repeto,15
extemplo,15
prora,15
subigo,15
oliua,15
alloquor,15
diuum,15
spelunca,15
dens,15
radix,15
ostendo,15
uolucer,15
gressus,15
iustus,15
caterua,15
exsulto,15
aperio,15
disco,15
occido,15
crimen,15
obsideo,15
erepo,15
amissum,15
hymenaeus,15
immensus,15
passus,15
uer,15
capella,14
iners,14
altar,14
ceruus,14
canus,14
medium,14
lacesso,14
alternus,14
procedo,14
uellus,14
compello,14
placeo,14
usus,14
audax,14
taeda,14
genetrix,14
chorus,14
caesum,14
aenus,14
conspicio,14
fumus,14
auratus,14
exuuia,14
recipio,14
propinquo,14
solidus,14
fido,14
regio,14
tumultus,14
demum,14
uolito,14
sufficio,14
contendo,14
asto,14
cognomen,14
conubium,14
prohibeo,14
acerbus,14
dubius,14
stratum,14
collis,14
descendo,14
uenus,14
stagnum,14
quattuor,14
statuo,14
leuo,14
saeculum,14
grauiter,14
odium,14
hortor,14
exigo,14
grauidus,14
caedo,14
immotus,14
hibernus,14
amans,14
formosus,13
usque,13
nosco,13
uerum,13
raucus,13
impius,13
floreo,13
incido,13
recuso,13
necdum,13
effugio,13
discedo,13
fluo,13
pratum,13
armo,13
orans,13
struo,13
lectus,13
feruidus,13
focus,13
filius,13
excido,13
rostrum,13
mirabilis,13
pereo,13
adsuetus,13
magnanimus,13
ueto,13
sepulcrum,13
consilium,13
nuntius,13
scutum,13
gremium,13
perficio,13
excedo,13
aggredior,13
hastile,13
suspicio,13
recludo,13
amens,13
conscius,13
solor,13
lacrimo,13
resoluo,13
malum,13
indignus,13
longaeuus,13
lorica,13
sustineo,13
conuenio,13
sanguineus,13
occupo,13
phoebus,13
liber,13
arceo,13
macto,13
hospes,13
frenum,13
certatim,13
deicio,13
secus,13
accendo,13
patera,13
progenies,13
ferreus,13
mensis,13
ostrum,13
pareo,13
motus,13
lapsus,13
scilicet,13
morbus,13
tegmen,12
tityrus,12
puto,12
pabulum,12
suadeo,12
salix,12
falx,12
canto,12
bene,12
lauo,12
sat,12
ibi,12
tero,12
citus,12
abrumpo,12
increpo,12
fatalis,12
fossa,12
deligo,12
nisus,12
signo,12
mico,12
sublatus,12
reor,12
immemor,12
ueneror,12
famulus,12
assurgo,12
uomo,12
fraus,12
propero,12
costa,12
pluuius,12
auello,12
uncus,12
tumidus,12
tibia,12
praecipito,12
pronus,12
cortex,12
ministro,12
coeo,12
ingemino,12
flauus,12
deduco,12
harundo,12
turpis,12
axis,12
sus,12
uiscus,12
praesto,12
epula,12
ingredior,12
serpens,12
incubo,12
tingo,12
demissus,12
reuiso,12
conuello,12
desino,12
regno,12
accenseo,12
tueor,12
adhuc,12
purus,12
cuspis,12
largus,12
quamquam,12
interior,12
calamus,11
inuideo,11
praesens,11
uicinus,11
laedo,11
fortunatus,11
cesso,11
bibo,11
diuido,11
copia,11
experior,11
alo,11
palleo,11
prosum,11
maturus,11
exitium,11
nescius,11
pateo,11
lacertus,11
humilis,11
odor,11
potius,11
uimen,11
duplex,11
stella,11
confero,11
incendium,11
accingo,11
trabs,11
egeo,11
timor,11
trepido,11
femineus,11
coruscus,11
iuuenta,11
iamdudum,11
necto,11
gradior,11
requiro,11
erigo,11
meritum,11
penetralis,11
conspectus,11
potior,11
complector,11
exuo,11
incedo,11
absisto,11
decorus,11
dumus,11
reuoluo,11
ocius,11
fastigium,11
transeo,11
croceus,11
pauidus,11
calor,11
requies,11
ales,11
fletus,11
euerto,11
resido,11
extendo,11
intendo,11
uere,11
sollemnis,11
plaga,11
obnitor,11
illic,11
firmo,11
paulatim,11
infensus,11
stupeo,11
falsus,11
glaucus,11
amictus,11
genu,11
sanctus,11
celebro,11
accedo,11
parco,11
amitto,11
religio,11
debeo,11
eadem,11
planta,11
secerno,11
externus,11
meta,11
indignor,11
funis,11
ros,11
ferox,11
totiens,11
committo,11
subicio,11
salsus,11
latebra,11
refugio,11
actus,11
aereus,11
resto,11
uoluto,11
uerber,11
moneo,11
coniugium,11
error,11
colonus,11
ortus,11
resono,10
agnus,10
haedus,10
fumo,10
discordia,10
subduco,10
tueo,10
dominus,10
nescio,10
depono,10
amplexus,10
uenia,10
sensus,10
cupio,10
aper,10
amplius,10
misereor,10
denique,10
myrtus,10
promitto,10
affero,10
dubito,10
polus,10
conclamo,10
praeceptum,10
commisceo,10
quasso,10
adnuo,10
exuro,10
solutus,10
fiducia,10
aluus,10
uicis,10
cratera,10
communis,10
cupido,10
succurro,10
coeptum,10
desum,10
partus,10
mirus,10
comminus,10
dis,10
instruo,10
traicio,10
suscito,10
missus,10
tuba,10
careo,10
fragor,10
elabor,10
pendo,10
domo,10
patens,10
ferueo,10
sonus,10
insanus,10
consisto,10
confundo,10
subsisto,10
miro,10
examen,10
propius,10
solium,10
disicio,10
inuoluo,10
expleo,10
exstinguo,10
innecto,10
instauro,10
monumentum,10
cultus,10
pario,10
amplector,10
clausum,10
castus,10
tenax,10
ostento,10
uulgo,10
aceruus,10
incolumis,10
inscius,10
inueho,10
grandis,10
sterilis,10
messis,10
uirgultum,10
aro,10
cur,10
foedo,10
naris,10
cuneus,10
securis,10
lucto,10
derigo,10
eruo,10
diu,10
texo,10
tela,10
concilium,10
uomer,10
reuertor,10
obsto,10
nocturnus,10
stygius,10
tonsa,10
troia,10
glaeba,10
cauo,10
neptunus,10
gradus,10
sibylla,10
troius,10
simulo,10
anchises,10
siluestris,9
tondeo,9
barba,9
quot,9
ineo,9
arista,9
quoius,9
hora,9
aliqui,9
noceo,9
seruus,9
puella,9
caneo,9
binus,9
intexo,9
toruus,9
aliquis,9
exercitus,9
caligo,9
pudor,9
flagro,9
potestas,9
torrens,9
debitum,9
admoneo,9
semel,9
carinus,9
furtum,9
indulgeo,9
reporto,9
pretium,9
oblino,9
lorum,9
auriga,9
breuiter,9
prodo,9
sudor,9
aeratus,9
praefigo,9
allabor,9
dehinc,9
senecta,9
terribilis,9
intorqueo,9
tono,9
cycnus,9
infigo,9
praetendo,9
oppidum,9
laetitia,9
desuper,9
procer,9
auidus,9
deiectus,9
obruo,9
digno,9
pergo,9
uena,9
coepio,9
cumque,9
argutus,9
thymum,9
gemma,9
tantum,9
sopor,9
tacita,9
inno,9
igneus,9
paternus,9
dehisco,9
rudens,9
circumsto,9
reliquiae,9
femina,9
tunc,9
induco,9
parum,9
fluentum,9
unguis,9
insulto,9
mulceo,9
quia,9
ostium,9
bacchus,9
auster,9
glans,9
uua,9
fauus,9
laeto,9
maternus,9
constituo,9
profundus,9
eminus,9
quippe,9
excio,9
nefandus,9
exorior,9
stridor,9
effatum,9
morsus,9
sata,9
stipo,9
auspicium,9
tertius,9
silentium,9
crepito,9
proprius,9
turma,9
uelox,9
incautus,9
breuis,9
frequens,9
simulacrum,9
caestus,9
latex,9
adytum,9
meditor,8
depello,8
quantum,8
summitto,8
capto,8
limes,8
pauper,8
miles,8
nuper,8
alienus,8
dono,8
doleo,8
cera,8
uicissim,8
odi,8
nimius,8
informis,8
ouum,8
macula,8
fremitus,8
collecta,8
rabies,8
mundus,8
tremefacio,8
sceleratus,8
legio,8
sortior,8
adiungo,8
terror,8
laxo,8
perago,8
assiduus,8
nequeo,8
percutio,8
prosequor,8
irritus,8
exhaurio,8
capesso,8
occulo,8
luceo,8
impedio,8
adductus,8
lignum,8
usquam,8
adigo,8
collabor,8
perimo,8
tepidus,8
infundo,8
infestus,8
subter,8
aspiro,8
princeps,8
uello,8
parma,8
inicio,8
prehendo,8
attingo,8
abdo,8
duro,8
senectus,8
intono,8
procurro,8
concieo,8
cardo,8
regia,8
diffugio,8
iuba,8
musa,8
delabor,8
rideo,8
uolucris,8
ornus,8
apollo,8
thyrsus,8
marmor,8
aduentus,8
tumeo,8
optime,8
dimitto,8
extum,8
pallidus,8
dorsum,8
infernus,8
nebula,8
complexus,8
exquiro,8
monitum,8
insula,8
tyrannus,8
reposco,8
bidens,8
triumphus,8
pugno,8
corusco,8
maereo,8
plausus,8
ferus,8
salio,8
decurro,8
respondeo,8
baca,8
conuexus,8
saucius,8
uiolo,8
limus,8
caelestis,8
infectus,8
contorqueo,8
spolio,8
mentum,8
nudo,8
congressus,8
undo,8
attono,8
glacies,8
implico,8
assisto,8
exanimis,8
tundo,8
uirga,8
conficio,8
deripio,8
intra,8
fundus,8
aduenio,8
resisto,8
comprehendo,8
uterus,8
immisceo,8
speculor,8
italia,8
natura,8
aridus,8
frumentum,8
autumnus,8
praecipue,8
spuma,8
trans,8
udus,8
maenalius,8
effigies,8
corylus,7
silex,7
ingratus,7
arbustum,7
lapis,7
culta,7
insero,7
pone,7
caper,7
stipula,7
pignus,7
caelo,7
hedera,7
apud,7
congero,7
uale,7
aries,7
praecipio,7
nimium,7
imito,7
pridem,7
roseus,7
insurgo,7
globus,7
fertus,7
improuisus,7
orior,7
immo,7
pix,7
differo,7
statio,7
excito,7
recepto,7
captiuus,7
iuro,7
habilis,7
madeo,7
celero,7
strepitus,7
calidus,7
ile,7
cerebrum,7
miserabilis,7
oppono,7
absumo,7
immineo,7
domitor,7
pons,7
furtim,7
candeo,7
chlamys,7
rastrum,7
neruus,7
aspectus,7
occasus,7
uerbero,7
grando,7
abies,7
inuito,7
specus,7
squama,7
stimulus,7
bellator,7
tigris,7
emico,7
crudus,7
claustrum,7
inuidia,7
manifestus,7
remigium,7
coram,7
oraculum,7
perhibeo,7
uiso,7
gena,7
torreo,7
nex,7
mugio,7
nidus,7
aestuo,7
singulus,7
dispergo,7
malo,7
rogus,7
excidium,7
intro,7
bello,7
uentosus,7
congredior,7
obtrunco,7
defigo,7
portendo,7
puter,7
culmus,7
tridens,7
laxus,7
delubrum,7
sitis,7
nix,7
consumo,7
cresco,7
sponte,7
tractus,7
spiritus,7
concipio,7
exsupero,7
ebur,7
inermis,7
inualidus,7
aspecto,7
quater,7
uictoria,7
socer,7
augurium,7
creo,7
phalanx,7
compositus,7
horror,7
tremor,7
areo,7
culpa,7
luo,7
perfidus,7
interdum,7
reficio,7
iuno,7
obscenus,7
tropaeum,7
mergo,7
olea,7
repleo,7
gaudium,7
proximus,7
dica,7
pastus,7
lustrum,7
ardesco,7
erumpo,7
ululo,7
columba,7
exspiro,7
ingemo,7
curuo,7
caelicola,7
tenus,7
anceps,7
securus,7
recondo,7
insons,7
far,7
male,7
oleum,7
pauor,7
oceanus,7
sapor,7
nondum,7
commoueo,7
troianus,7
eryx,7
fagus,6
auena,6
otium,6
permitto,6
cupressus,6
insuetus,6
piscis,6
pererro,6
cytisus,6
uilla,6
praefero,6
uereor,6
clamo,6
fistula,6
nouerca,6
diffundo,6
labrum,6
condio,6
acanthus,6
quocumque,6
noto,6
quotiens,6
rete,6
reicio,6
presso,6
cacumen,6
coniungo,6
instituo,6
abduco,6
perdo,6
pallas,6
uoluptas,6
frondosus,6
lympha,6
comitatus,6
emitto,6
uallum,6
saepio,6
diripio,6
priscus,6
diligo,6
sollicitus,6
uirgineus,6
adimo,6
fertilis,6
exscindo,6
uigil,6
exploro,6
ardor,6
contentus,6
alacer,6
uenatus,6
talentum,6
insuper,6
uetustus,6
inops,6
gratia,6
redux,6
egredior,6
consul,6
exstruo,6
armiger,6
refulgeo,6
fallax,6
peruenio,6
exanimus,6
rumor,6
tabum,6
detrudo,6
infringo,6
monitus,6
testudo,6
missilis,6
affigo,6
inglorius,6
inruo,6
fugax,6
tunica,6
illudo,6
dimoueo,6
impune,6
commissum,6
propter,6
illido,6
detorqueo,6
uibro,6
potis,6
timidus,6
rigidus,6
gallus,6
nisi,6
succingo,6
arcas,6
poeta,6
laudo,6
puniceus,6
euincio,6
quotannis,6
efferus,6
fluctuo,6
regnator,6
conscendo,6
rogo,6
faueo,6
gramineus,6
nouo,6
cauda,6
guttur,6
ignipotens,6
insido,6
sanies,6
ingruo,6
obeo,6
ternus,6
ambiguus,6
digressus,6
teres,6
apex,6
indomitus,6
zephyrus,6
olympus,6
multo,6
permisceo,6
blandus,6
sudo,6
ignauus,6
insania,6
squaleo,6
columna,6
incuso,6
inclutus,6
uulgus,6
domina,6
aduena,6
decerno,6
oppositus,6
biiugis,6
insono,6
consequor,6
sollicito,6
medico,6
humanus,6
quatio,6
horresco,6
uestigo,6
contrarius,6
cratis,6
nusquam,6
imploro,6
sustento,6
armus,6
tardo,6
anhelus,6
inuitus,6
labo,6
hostilis,6
ordior,6
bipennis,6
plaustrum,6
exaudio,6
concido,6
flatus,6
intactus,6
indutus,6
speculum,6
exsilium,6
circumfundo,6
onus,6
correpo,6
ultrix,6
crus,6
gyrus,6
ingressus,6
pluma,6
procella,6
aequalis,6
bacchor,6
xanthus,6
subnecto,6
interpres,6
transtrum,6
moribundus,6
crassus,6
iugalis,6
satus,6
tres,6
tempero,6
dominor,6
trudo,6
nato,6
species,6
caesar,6
maritus,6
uitulus,6
praesaepe,6
sal,6
coluber,6
rabidus,6
uestibulum,6
sepelio,6
adno,6
intentus,6
recubo,5
praedico,5
catulus,5
saeptum,5
obduco,5
saepes,5
depasco,5
exsul,5
sitio,5
creta,5
pirus,5
requiesco,5
mitis,5
castaneus,5
sucus,5
fur,5
triuius,5
uitula,5
bini,5
libet,5
uestio,5
arator,5
admoueo,5
hodie,5
suauis,5
decem,5
sperno,5
umbrosus,5
assidue,5
oleo,5
abundo,5
narcissus,5
casia,5
crescentus,5
dementia,5
saltem,5
penetro,5
arripio,5
postremus,5
alueus,5
ascendo,5
ruber,5
auius,5
ratio,5
piceus,5
immortalis,5
iniuria,5
inuius,5
discurro,5
colluceo,5
custodia,5
uallus,5
percussus,5
obtestor,5
arguo,5
testis,5
uagina,5
corono,5
obseruo,5
findo,5
circumspicio,5
libro,5
quo,5
persoluo,5
recumbo,5
succido,5
exsanguis,5
concursus,5
seminex,5
canorus,5
remugio,5
spissus,5
rescindo,5
strages,5
lampas,5
configo,5
uenor,5
funda,5
uocifero,5
pudet,5
obsidio,5
gelu,5
canities,5
chordus,5
buxus,5
iactans,5
equinus,5
oppeto,5
parce,5
aquosus,5
amoenus,5
irrumpo,5
gladius,5
ultra,5
umbo,5
uarus,5
captus,5
merces,5
summoueo,5
mugitus,5
uacca,5
alnus,5
marinus,5
praetexo,5
uilis,5
hirsutus,5
uireo,5
alcides,5
uasto,5
euentus,5
populeus,5
penates,5
mina,5
minae,5
tus,5
profugus,5
sancio,5
genero,5
crastinus,5
annuus,5
adsuesco,5
uescor,5
ultor,5
exardeo,5
ilicet,5
obex,5
cauerna,5
deprehendo,5
saeta,5
quare,5
cumulo,5
lanx,5
inuictus,5
salue,5
incassum,5
sopio,5
exedo,5
incus,5
fornax,5
fulgor,5
sequax,5
fruor,5
maxime,5
praeclarus,5
supplicium,5
effetus,5
solacium,5
defluo,5
finitimus,5
ungula,5
rigeo,5
lambo,5
reflecto,5
porticus,5
caesaries,5
laniger,5
uado,5
palla,5
flagellum,5
habitus,5
mars,5
incultus,5
roscidus,5
lana,5
suboles,5
consulo,5
expendo,5
indecoris,5
miseret,5
insisto,5
posterus,5
uincio,5
impar,5
decet,5
populo,5
denseo,5
impressus,5
orno,5
semianimis,5
prehenso,5
osculum,5
atrium,5
immundus,5
successus,5
uoluntas,5
musso,5
incurro,5
hio,5
circa,5
aeque,5
conatus,5
femur,5
inhumatus,5
impero,5
suppono,5
cedrus,5
pyra,5
subiectum,5
aptus,5
cremo,5
emetior,5
obliquus,5
expers,5
sudis,5
cohors,5
partio,5
coquo,5
grus,5
actium,5
spumeus,5
ubique,5
ferratus,5
calx,5
lubricus,5
hostia,5
uolumen,5
sibilo,5
missa,5
inultus,5
stipes,5
fibra,5
no,5
salum,5
fugo,5
prorumpo,5
temno,5
refert,5
increpito,5
fecundus,5
situs,5
lucidus,5
afflo,5
festus,5
impendo,5
nitidus,5
effodio,5
queror,5
carcer,5
cocytus,5
conuallis,5
eurus,5
odoratus,5
taxus,5
praetereo,5
rado,5
epulor,5
exsequor,5
festino,5
defessus,5
ianua,5
egomet,5
amplus,5
nutrix,5
patulus,4
libertas,4
seruitium,4
senus,4
pascuus,4
caespes,4
produco,4
consero,4
trado,4
hircus,4
efficio,4
quandoquidem,4
hyacinthus,4
sicco,4
nonne,4
iudex,4
pan,4
lilium,4
calathus,4
uiola,4
nux,4
duplico,4
nemo,4
refluo,4
fauilla,4
pineus,4
defungor,4
uorago,4
conterreo,4
rector,4
intonsus,4
exposco,4
accelero,4
conticesco,4
rigo,4
integer,4
lar,4
sex,4
saluto,4
augur,4
augurius,4
nanciscor,4
incensus,4
praemitto,4
semita,4
conor,4
praecordia,4
celo,4
setius,4
eximo,4
immobilis,4
retego,4
pensum,4
ululatus,4
questus,4
scalae,4
fenestra,4
reuello,4
fragmen,4
letalis,4
liquefacio,4
germana,4
socio,4
murex,4
obuerto,4
orsus,4
nubilus,4
praebeo,4
armipotens,4
effulgeo,4
fraternus,4
subrideo,4
narro,4
poples,4
cithara,4
territus,4
strepo,4
fatisco,4
pieris,4
attero,4
coacta,4
animaequus,4
concresco,4
fulcio,4
forsitan,4
ornatus,4
sura,4
praesaepium,4
pampineus,4
cultor,4
profectus,4
adhibeo,4
potentia,4
dido,4
legatus,4
pango,4
iuuenalis,4
sedile,4
praecipuus,4
perpetuus,4
indicium,4
saturo,4
querela,4
ocior,4
elido,4
prodigium,4
adicio,4
resulto,4
saepis,4
contemno,4
egenus,4
filia,4
percurro,4
expello,4
colus,4
metallum,4
septeni,4
retorqueo,4
aedis,4
liceor,4
reseruo,4
orator,4
exhortor,4
clangor,4
diuello,4
consessus,4
quadriga,4
rapto,4
eicio,4
protego,4
extundo,4
minax,4
naualis,4
rubesco,4
inflo,4
racemus,4
spina,4
nectar,4
utinam,4
certe,4
detineo,4
uiolentia,4
retracto,4
innubo,4
consanguineus,4
paciscor,4
indus,4
plaudo,4
aedes,4
praesideo,4
honestus,4
biga,4
artifex,4
gesto,4
obiecto,4
serpo,4
territo,4
nouem,4
balteus,4
fibula,4
aduolo,4
firmus,4
iugulum,4
impetus,4
solum,4
ignoro,4
puluerulentus,4
subsido,4
exosus,4
pumex,4
plangor,4
utrimque,4
sublabor,4
niualis,4
latratus,4
uiuidus,4
eludo,4
quinque,4
oleaster,4
moratus,4
inflecto,4
intempestus,4
reuincio,4
discerno,4
tremesco,4
instar,4
reprimo,4
trunco,4
reditus,4
aggero,4
gutta,4
iustitia,4
subuecto,4
propinquus,4
demoror,4
uaco,4
inuerto,4
aueho,4
nurus,4
libycus,4
uagor,4
infaustus,4
merito,4
edico,4
equa,4
aduento,4
trames,4
dependeo,4
interritus,4
concito,4
rimor,4
draco,4
pruna,4
suscipio,4
dicio,4
assentio,4
irrigo,4
uiolentus,4
uigilo,4
trano,4
expono,4
flaueo,4
aemulus,4
digitus,4
opimus,4
meto,4
quinquaginta,4
quartus,4
adoro,4
contineo,4
peragro,4
inutilis,4
alte,4
occumbo,4
auarus,4
horreum,4
fragilis,4
fimum,4
nauita,4
arbutum,4
tilia,4
pigeo,4
area,4
uectis,4
bruma,4
pruina,4
concerno,4
secta,4
septimus,4
albesco,4
mane,4
mano,4
scaena,4
achilles,4
distendo,4
luxus,4
romanus,4
ulua,4
lenis,4
pertempto,4
innoxius,4
uelamen,4
uesper,4
fascis,4
tactus,4
aspergo,4
abnego,4
aestiuus,4
corrumpo,4
minister,4
ambages,4
scrobis,4
digero,4
utilis,4
refundo,4
difficilis,4
fere,4
diduco,4
inhio,4
purpura,4
forus,4
aula,4
apricus,4
immitis,4
fucus,4
ignobilis,4
freno,4
daedalus,4
refigo,4
repello,4
inspiro,4
stupefacio,4
eumenides,4
proserpina,4
latio,4
arcanus,4
emoueo,4
deuenio,4
iactatus,4
lethaeus,4
desuetus,4
decipio,4
circus,4
irrideo,4
polluo,4
coetus,4
summergo,4
uas,4
iliacus,4
machina,4
dissimulo,4
euinco,4
proueho,4
ouile,3
imbuo,3
uictima,3
licet,3
salictum,3
barbarus,3
transuersus,3
proripio,3
numero,3
describo,3
messor,3
arbutus,3
rusticus,3
lis,3
occulto,3
cicada,3
uaccinium,3
paeniteo,3
secundum,3
cereus,3
leaena,3
palo,3
coerceo,3
sedo,3
praecedo,3
ecquis,3
balatus,3
fluuialis,3
fumidus,3
domito,3
acernus,3
ratus,3
nutus,3
delphinus,3
prae,3
apparo,3
decimus,3
centenus,3
uario,3
prospecto,3
propugnaculum,3
uenatrix,3
porro,3
igitur,3
contemptor,3
inferia,3
decoro,3
persequor,3
animal,3
deuinco,3
spondeo,3
inlacrimo,3
eburneus,3
uirilis,3
tepefacio,3
impastus,3
uesanus,3
mutus,3
plebs,3
uigilans,3
phalerae,3
cingulum,3
absens,3
sentis,3
callis,3
imprudens,3
absento,3
augeo,3
diuerbero,3
atrox,3
transadigo,3
fulmineus,3
nuntia,3
anilis,3
lacer,3
torpeo,3
contus,3
perrumpo,3
euoluo,3
opportunus,3
primaeuus,3
spiramentum,3
ferrugo,3
plumbum,3
uigor,3
chorea,3
crinitus,3
sonor,3
nuto,3
discors,3
saxeus,3
pila,3
excludo,3
dotalis,3
cohibeo,3
cupidus,3
ungo,3
misereo,3
accensi,3
exaestuo,3
properus,3
discutio,3
anhelitus,3
abluo,3
thalia,3
exordium,3
concubitus,3
muscus,3
latrans,3
distineo,3
potus,3
libum,3
hortus,3
marmoreus,3
palmes,3
uitium,3
coniuro,3
aduectus,3
edoceo,3
tremulus,3
carbasus,3
demo,3
litoreus,3
triginta,3
proauus,3
recingo,3
lenio,3
flexus,3
inhaereo,3
progredior,3
como,3
cognatus,3
adueho,3
conceptus,3
libens,3
inuiso,3
canistrum,3
laboro,3
tepeo,3
grauor,3
resero,3
prospectus,3
deuexus,3
progressus,3
fatidicus,3
fuscus,3
medulla,3
labefacio,3
tonitrus,3
electrum,3
caminus,3
anhelo,3
terrificus,3
forceps,3
massa,3
inopinus,3
tormentum,3
retineo,3
subiungo,3
insigne,3
militia,3
exsors,3
quaeso,3
miseresco,3
impauidus,3
cauea,3
seuerus,3
uepris,3
mino,3
lacteus,3
turritus,3
stuppeus,3
latebrosus,3
poenus,3
hordeum,3
restinguo,3
cerua,3
oliuom,3
damno,3
saxosus,3
myrica,3
pinifer,3
paulus,3
cunabulum,3
subsum,3
nauticus,3
uinea,3
robustus,3
mentior,3
stabilis,3
refello,3
paratus,3
desisto,3
rosa,3
dirimo,3
uocatus,3
irascor,3
aceo,3
dimetior,3
uerbena,3
sonorus,3
uirginitas,3
discus,3
forsan,3
sidereus,3
saetiger,3
adiuuo,3
crebresco,3
deuoueo,3
unanimus,3
animosus,3
inundo,3
reluceo,3
applico,3
praeuerto,3
desilio,3
quacumque,3
cito,3
dilectus,3
nixus,3
incognitus,3
capra,3
inficio,3
ambrosius,3
pristinus,3
adolesco,3
exemplum,3
temo,3
hirundo,3
legens,3
obitus,3
piscosus,3
atauus,3
clades,3
circumfero,3
funditus,3
dudum,3
dedecus,3
preterea,3
obtutus,3
tabulatus,3
subdo,3
proluo,3
uetustas,3
exclamo,3
capulus,3
dissilio,3
uoueo,3
recurso,3
deformo,3
probo,3
propago,3
ritus,3
spira,3
horrificus,3
figura,3
bustum,3
importunus,3
arboreus,3
contraho,3
protendo,3
utor,3
immolo,3
humo,3
decido,3
oborior,3
feretrum,3
langueo,3
umecto,3
aspernor,3
funereus,3
pompa,3
semustus,3
infodio,3
lugeo,3
placo,3
percello,3
trabea,3
armarium,3
praedo,3
rutilus,3
grates,3
malignus,3
dulcedo,3
infans,3
mamma,3
intemeratus,3
depromo,3
sonipes,3
iactus,3
exsero,3
pelta,3
transuerbero,3
suffundo,3
hiatus,3
pernix,3
uictrix,3
aboleo,3
pauito,3
crudesco,3
manes,3
recidiuus,3
quieto,3
flamen,3
generosus,3
clauus,3
ambio,3
praeter,3
coorior,3
despecto,3
solamen,3
defodio,3
infula,3
deturbo,3
biiugus,3
inguen,3
caducus,3
exitus,3
somnium,3
syrtis,3
inhorresco,3
auitus,3
mutuus,3
annosus,3
uiator,3
consuesco,3
taedeo,3
seruio,3
praedisco,3
linum,3
cumulus,3
bibulus,3
excudo,3
egestas,3
robigo,3
uirgeus,3
formica,3
exubero,3
palea,3
papauer,3
abscondo,3
idcirco,3
exacuo,3
retinacula,3
quidam,3
balo,3
nonus,3
pecten,3
conuiuium,3
damma,3
tumesco,3
labes,3
bucula,3
coruus,3
ingenium,3
puteus,3
periurium,3
illinc,3
nilus,3
ignosco,3
macies,3
lituus,3
tribus,3
ideo,3
relego,3
lynx,3
imbellis,3
scabies,3
poto,3
sicubi,3
siluester,3
squameus,3
maculosus,3
concretum,3
simplex,3
inserto,3
uindemia,3
ferax,3
nauigium,3
hydrus,3
despicio,3
pandus,3
exhalo,3
supinus,3
uinetum,3
halitus,3
palaestra,3
immergo,3
phrygius,3
comprimo,3
lito,3
uenter,3
taurinus,3
grandaeuus,3
mella,3
admiror,3
arcesso,3
paries,3
adfatus,3
proteus,3
secundo,3
natis,3
lues,3
alligo,3
styx,3
interfusus,3
portitor,3
ancora,3
praepes,3
urna,3
anchisiades,3
piaculum,3
persono,3
erebus,3
uipereus,3
tartareus,3
eructo,3
transmitto,3
gubernator,3
pio,3
subtraho,3
necesse,3
orgia,3
italus,3
augustus,3
extra,3
reses,3
adoleo,3
regalis,3
derigesco,3
uapor,3
tutor,3
creditum,3
uirido,3
trilix,3
remetior,3
gaza,3
theatrum,3
suesco,3
iussus,3
intremo,3
digredior,3
commendo,3
dispello,3
confido,3
umeo,3
flammo,3
proficiscor,3
obliuiscor,3
fundamentum,3
ulcisco,3
compages,3
patesco,3
stultus,2
alibi,2
limosus,2
iuncus,2
contagium,2
palumbes,2
fretum,2
posthac,2
dumosus,2
mulgeo,2
latro,2
mulctra,2
iniustus,2
insanio,2
faginus,2
tornus,2
superaddo,2
ansa,2
parturio,2
lasciuus,2
rubus,2
amomum,2
ulna,2
inscribo,2
delicia,2
contundo,2
satius,2
fastidium,2
despectus,2
agna,2
sordidus,2
hibiscum,2
lanugo,2
heia,2
etsi,2
facesso,2
uiginti,2
horrisonus,2
perpetior,2
praesentia,2
formo,2
ango,2
transcurro,2
praeripio,2
perosus,2
fabrico,2
palam,2
excubia,2
obsido,2
percipio,2
accio,2
emo,2
redimo,2
delecto,2
biuius,2
interrumpo,2
omnino,2
deleo,2
talus,2
polliceor,2
tapes,2
temere,2
religo,2
bulla,2
onerosus,2
opprimo,2
singultus,2
grauo,2
roto,2
accolo,2
euolo,2
fumifer,2
suspectus,2
expugno,2
tabula,2
adedo,2
uenabulum,2
acus,2
placabilis,2
diffido,2
porricio,2
relatus,2
inuigilo,2
crocum,2
desidia,2
manicae,2
mitra,2
tympanum,2
fatifer,2
resideo,2
euanesco,2
pluuialis,2
cres,2
incresco,2
nothus,2
pulmo,2
contortus,2
construo,2
rudis,2
ingero,2
tergus,2
palor,2
receptus,2
erubesco,2
iniussus,2
hesternus,2
iacchus,2
superuenio,2
discludo,2
saturnius,2
perduco,2
posthabeo,2
uiuax,2
priapus,2
fetura,2
suppleo,2
neo,2
primum,2
alga,2
solstitium,2
torridus,2
turgeo,2
boreas,2
increbresco,2
reueho,2
denus,2
biremis,2
unctum,2
senatus,2
coniunctus,2
alluo,2
infra,2
recordor,2
uillosus,2
compressus,2
superstitio,2
inaccessus,2
aliquando,2
tergeminus,2
inausus,2
raptor,2
discessus,2
fel,2
catena,2
accessus,2
impulsus,2
dissulto,2
detego,2
barathrum,2
insperatus,2
aduoco,2
mirabile,2
protraho,2
semifer,2
bicolor,2
nubigena,2
ianitor,2
consono,2
indigenus,2
deterior,2
ineluctabilis,2
nobilis,2
asylum,2
forum,2
effultus,2
ursa,2
rima,2
abigo,2
tolero,2
informo,2
conecto,2
coepi,2
magistra,2
aes,2
liquesco,2
follis,2
matutinus,2
subligo,2
opulentus,2
incolo,2
confugio,2
condensus,2
haruspex,2
sudus,2
prope,2
siluanus,2
ocrea,2
recoquo,2
lupa,2
mendax,2
roro,2
anser,2
olla,2
ancile,2
barbaricus,2
uolatilis,2
bicornis,2
modulor,2
iudicium,2
thiasus,2
pales,2
lolium,2
carduus,2
erus,2
attondeo,2
maenalus,2
uuidus,2
arcadia,2
uinitor,2
siculus,2
medicina,2
mitesco,2
cancer,2
herous,2
infindo,2
risus,2
implacabilis,2
procus,2
quid,2
haudquaquam,2
medeor,2
debilis,2
rubor,2
calefacio,2
candor,2
pecto,2
lacero,2
semiuir,2
scintilla,2
proludo,2
efflo,2
quadriiugus,2
specimen,2
crispo,2
bifrons,2
diluuium,2
recido,2
iugulo,2
incessus,2
suppliciter,2
pubens,2
pallor,2
assimulo,2
aethra,2
aliger,2
sutilis,2
iunctura,2
mordeo,2
amburo,2
torris,2
nidor,2
calco,2
nutrio,2
metior,2
depositum,2
profero,2
splendeo,2
properatus,2
auunculus,2
praescius,2
agglomero,2
loquax,2
esca,2
incito,2
spumosus,2
prouoluo,2
consterno,2
immunis,2
trucido,2
obumbro,2
turpo,2
inlaetabilis,2
fulmino,2
insterno,2
congemino,2
uergo,2
subsidium,2
futtilis,2
uenator,2
retexo,2
uenerabilis,2
profanus,2
cassus,2
repertor,2
transilio,2
finio,2
sortitus,2
primitia,2
datus,2
alumnus,2
immugio,2
ei,2
defleo,2
arbuteus,2
inumbro,2
quisnam,2
deceo,2
fraxinus,2
acte,2
uecto,2
tenere,2
exsecror,2
introgredior,2
attraho,2
exsulo,2
adulter,2
horribilis,2
ascisco,2
amicitia,2
deni,2
seditio,2
desolo,2
curia,2
proinde,2
iurgium,2
consultum,2
mutabilis,2
arrepo,2
bucina,2
suber,2
cultrix,2
ferinus,2
crinalis,2
puerilis,2
olor,2
perfringo,2
respecto,2
transfigo,2
pharetratus,2
conuerso,2
luno,2
operio,2
exsurgo,2
astus,2
pedester,2
sator,2
instigo,2
defringo,2
aquila,2
sinuosus,2
obuncus,2
circuitus,2
crepo,2
papilla,2
hactenus,2
nigresco,2
exsoluo,2
conata,2
terrenus,2
obustus,2
bipatens,2
abnuo,2
queo,2
pacta,2
obtendo,2
exorsa,2
circulus,2
concilio,2
letifer,2
praesagus,2
sulco,2
concha,2
turriger,2
cometes,2
contristo,2
recursus,2
innocuus,2
retraho,2
sutum,2
suggero,2
tenor,2
incesto,2
optato,2
trux,2
irreparabilis,2
penetrabilis,2
perforo,2
foede,2
desaeuio,2
feruor,2
deludo,2
irrito,2
praegnas,2
occubo,2
harundineus,2
decutio,2
caprea,2
taeter,2
praedurus,2
infrenis,2
pedes,2
superemineo,2
opperior,2
lineus,2
ligo,2
fornix,2
pluo,2
filum,2
capillus,2
rogito,2
maculo,2
sons,2
experientia,2
officio,2
siliqua,2
uicia,2
excoquo,2
relaxo,2
proscindo,2
supercilium,2
cliuosus,2
praesertim,2
lacuna,2
intibum,2
abstrusus,2
uiscum,2
fissilis,2
intereo,2
lappa,2
fodio,2
contemplator,2
item,2
amurca,2
degenero,2
intractabilis,2
satio,2
medicus,2
infidus,2
maturo,2
furca,2
merso,2
agitator,2
licium,2
inroro,2
mustus,2
genialis,2
diluo,2
opero,2
redimio,2
resonantia,2
mergus,2
obsum,2
rana,2
spatior,2
testa,2
obnoxius,2
raptim,2
prudentia,2
mobilis,2
insidia,2
pampinus,2
denuntio,2
opertum,2
incuruus,2
scaber,2
aulaeum,2
maecenas,2
incoho,2
hirtus,2
lucina,2
mas,2
pullus,2
amyclaeus,2
domitus,2
pollux,2
saturnus,2
animaduerto,2
genitalis,2
iuuenca,2
traduco,2
torquis,2
uescus,2
capistrum,2
sinuo,2
hyperboreus,2
aquilo,2
flabra,2
alterno,2
stabulo,2
instratus,2
ursus,2
caurus,2
hippomanes,2
cliuus,2
filix,2
incoquo,2
lucifer,2
canalis,2
accubo,2
hospita,2
impexus,2
confercio,2
exsto,2
aduoluo,2
infusco,2
lotos,2
exporto,2
galbaneus,2
chelydrus,2
delitesco,2
conuoluo,2
trisulcus,2
persido,2
bitumen,2
compesco,2
castellum,2
fluidus,2
culter,2
ieiunus,2
ibidem,2
uenum,2
genesta,2
aesculus,2
pullulo,2
abscindo,2
quadrifidus,2
lapidosus,2
cornum,2
fructus,2
mollio,2
spons,2
opaco,2
edurus,2
platanus,2
cyparissus,2
psithius,2
tureus,2
praeruptus,2
praeualidus,2
satur,2
longinquus,2
deueho,2
eniteo,2
mansuesco,2
pactum,2
picea,2
iugerum,2
explico,2
fraxineus,2
pubesco,2
ductus,2
procuruus,2
crater,2
fuco,2
praecordium,2
uolantes,2
gluten,2
rimosus,2
caenum,2
concauus,2
frondeus,2
martius,2
instabilis,2
halo,2
salignus,2
adultus,2
cella,2
redoleo,2
cyclops,2
munio,2
ferrugineus,2
cos,2
terminus,2
aegyptus,2
haustus,2
thesaurus,2
contractus,2
admisceo,2
stagno,2
eligo,2
obstruo,2
chaos,2
deuoluo,2
uitreus,2
diuerto,2
mantele,2
carchesium,2
uesta,2
phoca,2
dilabor,2
formus,2
recenseo,2
transformo,2
liqueo,2
inamabilis,2
cerberus,2
orcus,2
furto,2
biformis,2
achates,2
lauinius,2
hospitus,2
graius,2
tenebrosus,2
acheron,2
praeficio,2
obmutesco,2
prodeo,2
feralis,2
frigeo,2
ministerium,2
phlegethon,2
chimaera,2
charon,2
exopto,2
cortina,2
quarto,2
madidus,2
iulus,2
adorior,2
soporatus,2
inremeabilis,2
exitialis,2
cnosius,2
castigo,2
intento,2
hydra,2
titanium,2
uendo,2
beatus,2
seclusus,2
enumero,2
noxius,2
hebeto,2
euoco,2
illustris,2
roma,2
popularis,2
migro,2
magicus,2
sanus,2
mola,2
oriens,2
saluete,2
accisus,2
genius,2
designo,2
expertus,2
gestamen,2
monile,2
pronuba,2
furibundus,2
furialis,2
remordeo,2
transcribo,2
heres,2
pastoralis,2
quini,2
lacrimabilis,2
cinctus,2
abstineo,2
perlabor,2
furtiuus,2
tegimen,2
interluo,2
conuecto,2
bellatrix,2
grator,2
merus,2
remex,2
tranquillus,2
circumflecto,2
promo,2
terni,2
hamus,2
multiplex,2
cymbium,2
montanus,2
aequaeuus,2
corneus,2
latinus,2
inhospitus,2
ambedo,2
persto,2
degener,2
auspex,2
tractabilis,2
memorabilis,2
uigeo,2
nauigo,2
magalia,2
undosus,2
profor,2
incomitatus,2
sereno,2
resurgo,2
moneris,2
abripio,2
iaculor,2
secessus,2
frustum,2
remotus,2
rependo,2
transfero,2
mercor,2
resupinus,2
subnixus,2
nimbosus,2
discumbo,2
merum,2
inlabor,2
circumuolo,2
uito,2
terebro,2
renouo,2
scitor,2
scando,2
furio,2
gemellus,1
uiburnum,1
peculium,1
caseus,1
susurrus,1
frondator,1
turtur,1
destituo,1
tugurium,1
congestus,1
aliquot,1
arbustus,1
nouellus,1
peruerse,1
mortuus,1
carectum,1
indocte,1
disperdo,1
tute,1
corymbus,1
cras,1
sector,1
natalis,1
lector,1
uulpes,1
fragum,1
macer,1
eruum,1
fascino,1
inconditus,1
spinetum,1
ligustrum,1
casa,1
labellum,1
dispar,1
compactum,1
cicuta,1
capreolus,1
sordeo,1
anethum,1
luteolus,1
caltha,1
proxime,1
inmitto,1
semiputatus,1
indigeo,1
detexo,1
fastidio,1
attorqueo,1
insidior,1
caulae,1
ignesco,1
adiunctus,1
perennis,1
anxius,1
offulgeo,1
demergo,1
pecco,1
procuro,1
insomnis,1
excubo,1
erudio,1
confestim,1
actutum,1
dissimilis,1
solaris,1
permuto,1
discerpo,1
proflo,1
singulto,1
perfuro,1
scutatus,1
sublustris,1
diuortium,1
perplexus,1
suspendium,1
tholus,1
languesco,1
lassus,1
proturbo,1
confodio,1
nimis,1
pennatus,1
festinus,1
interluceo,1
transfodio,1
lepos,1
fictor,1
debilito,1
comporto,1
redimiculum,1
biforis,1
statua,1
mactus,1
amentum,1
flictus,1
eodem,1
stomachus,1
tepesco,1
phalarica,1
taureus,1
fidelis,1
lynceus,1
uastator,1
improperatus,1
tinnio,1
respiro,1
oportet,1
pagina,1
chromis,1
inflatus,1
cantharus,1
prometheus,1
ruminor,1
errabundus,1
hesperis,1
procerus,1
deerro,1
saluus,1
serius,1
libethris,1
ornate,1
baccar,1
saetosus,1
sardonius,1
ruscum,1
muscosus,1
fuligo,1
iuniperus,1
laureus,1
sicut,1
repercussus,1
radior,1
peruolito,1
laquear,1
tumor,1
subuectus,1
incommodum,1
corniger,1
concolor,1
luctamen,1
pacifer,1
extimesco,1
temptamentum,1
intertextus,1
nobiscum,1
lustralis,1
recessus,1
semihomo,1
intractatus,1
abitus,1
custodio,1
emunio,1
praecido,1
molaris,1
euomo,1
abstraho,1
abiuro,1
rapina,1
cadauer,1
scyphus,1
bimembris,1
conditor,1
indocilis,1
decolor,1
deuincio,1
indubito,1
curriculum,1
fabrilis,1
strictura,1
polio,1
imperfectus,1
horrifer,1
deseco,1
uulnificus,1
chalybs,1
panthera,1
circumsono,1
neco,1
circumsisto,1
rutilo,1
profecto,1
creatrix,1
praefulgeo,1
inexpletus,1
praeteritus,1
quiuis,1
uulnero,1
equitatus,1
puluereus,1
egelidus,1
inardesco,1
enarrabilis,1
textus,1
porca,1
argenteus,1
uirgatus,1
sagulum,1
gaesum,1
pilentum,1
rostratus,1
sistrum,1
omnigenus,1
latrator,1
actius,1
recognosco,1
discingo,1
sagittifer,1
moto,1
labrusca,1
saliunca,1
rosetum,1
quadrupes,1
interitus,1
paliurus,1
aequipero,1
hilaro,1
salto,1
satyrus,1
sibilus,1
subterlabor,1
intermisceo,1
simus,1
surdus,1
upilio,1
subulcus,1
ferula,1
ebulum,1
minium,1
peritus,1
molliter,1
alpinus,1
spelaeum,1
tamquam,1
hamadryas,1
aethiopus,1
gracilis,1
fiscella,1
pacatum,1
munusculum,1
baccaris,1
colocasium,1
flauesco,1
uector,1
lutum,1
sandyx,1
concors,1
incrementum,1
profundum,1
glisco,1
desertor,1
impense,1
recaleo,1
albeo,1
refuto,1
aegresco,1
penes,1
inclino,1
anteeo,1
orichalcum,1
frustror,1
murra,1
pilatus,1
reclino,1
profundo,1
rebellis,1
sacrarium,1
excellens,1
obscuro,1
stridulus,1
infreno,1
proterreo,1
trabalis,1
calens,1
superimmineo,1
protero,1
speculator,1
afficio,1
extorqueo,1
sternax,1
lancea,1
bilix,1
degusto,1
obiectum,1
ducto,1
thorax,1
medica,1
subuenio,1
dictamnus,1
caulis,1
occulte,1
saluber,1
odorifer,1
panacea,1
iapyx,1
prouenio,1
delibo,1
sis,1
uirago,1
peruolo,1
abscisus,1
conductum,1
decursus,1
crebro,1
proculco,1
euersor,1
propere,1
scala,1
accido,1
discindo,1
lanio,1
compactus,1
significo,1
inhibeo,1
imperito,1
resplendeo,1
responso,1
efflagito,1
minitor,1
ludicer,1
indiges,1
adiuro,1
maiestas,1
immedicabilis,1
euerbero,1
torpor,1
condicio,1
contexo,1
languidus,1
muralis,1
crepitus,1
septemplex,1
deprecor,1
bellipotens,1
perfodio,1
parate,1
praesumo,1
pudeo,1
praesidium,1
intersum,1
obtentus,1
stramen,1
demeto,1
pollex,1
obnubo,1
k,1
cassis,1
seni,1
sequestro,1
praenuntia,1
discrimino,1
cautus,1
praedulcis,1
rudimentum,1
superstes,1
socia,1
immaturus,1
aurora,1
innumerus,1
praediues,1
ingrauo,1
impensa,1
adusque,1
lacrimosus,1
appeto,1
caueo,1
fremor,1
praefor,1
assideo,1
materia,1
sella,1
nobilitas,1
infletus,1
eloquium,1
extollo,1
acerbo,1
regressus,1
dissensus,1
praefodio,1
matrona,1
subueho,1
comis,1
uaporo,1
praeses,1
luxurior,1
explorator,1
anfractus,1
accommodus,1
planities,1
circumligo,1
feritas,1
armentalis,1
immulgeo,1
inspoliatus,1
obtexo,1
superiacio,1
resorbeo,1
impatiens,1
catillus,1
indefessus,1
ministra,1
pugnator,1
sparus,1
muliebris,1
redarguo,1
auolo,1
elate,1
accipiter,1
euiscero,1
ignauia,1
nuntio,1
repugno,1
circumeo,1
peregrinus,1
cassida,1
carbaseus,1
summe,1
remeo,1
remulceo,1
quicum,1
mulco,1
arieto,1
uallo,1
arcessitus,1
peccatum,1
intemptatus,1
sane,1
uulgaris,1
fluxus,1
silesco,1
honestum,1
terebinthus,1
aeneius,1
massicus,1
gorytos,1
sescenti,1
trecenti,1
inexhaustus,1
uersicolor,1
comitas,1
olorinus,1
promoueo,1
triplex,1
quaterni,1
quingenti,1
hispidus,1
murmuro,1
noctiuagus,1
emineo,1
subremigo,1
lugubris,1
concredo,1
remurmuro,1
inoffensus,1
infligo,1
relabor,1
exseco,1
claua,1
stratus,1
deflecto,1
perstringo,1
accurro,1
diruo,1
uirus,1
sodalis,1
indiscretus,1
intercipio,1
perterreo,1
interimo,1
imperditus,1
addenseo,1
discrepo,1
spectator,1
abscessus,1
contiguus,1
corruo,1
emptum,1
superuolo,1
commercium,1
supersto,1
fortasse,1
siluicolus,1
istic,1
intepesco,1
quadriiugis,1
allacrimo,1
effingo,1
coniunctum,1
crepido,1
infremo,1
cruento,1
abicio,1
reminiscor,1
perturbo,1
detono,1
indoles,1
subleuo,1
acclinis,1
propexus,1
equito,1
cernuus,1
scius,1
consors,1
dumetum,1
inuentrix,1
monstrator,1
eris,1
deprimo,1
splendesco,1
uiresco,1
uirosus,1
castoreum,1
alternis,1
noualis,1
duresco,1
legumen,1
lupinus,1
inaratus,1
exsudo,1
astringo,1
aduro,1
uimineus,1
elicio,1
scatebra,1
luxuries,1
ueternus,1
praedor,1
remoueo,1
laqueus,1
rigor,1
lamina,1
serra,1
tribolus,1
insector,1
tribulum,1
trahea,1
supellex,1
mysticus,1
uannus,1
prouideo,1
octo,1
dentalis,1
stiua,1
cylindrus,1
solido,1
mus,1
talpa,1
bufo,1
curculio,1
tritura,1
luxuria,1
nitrum,1
lembus,1
ostrifer,1
libra,1
faba,1
milium,1
triticeus,1
phaselus,1
sementis,1
duodeni,1
zona,1
tempestiuus,1
procudo,1
linter,1
imprimo,1
rubeus,1
fiscina,1
salubris,1
asellus,1
quintus,1
peruigilo,1
inspico,1
decoquo,1
despumo,1
rubicundus,1
plerumque,1
myrtum,1
pedica,1
auritus,1
lepor,1
imbrifer,1
spiceus,1
inhorreo,1
lactens,1
plango,1
incompositus,1
menstruus,1
reuolo,1
fulica,1
ardea,1
colludo,1
circumuolito,1
gestio,1
cornix,1
scintillo,1
fungus,1
alcyon,1
noctua,1
strepito,1
diuinitus,1
concentus,1
cogito,1
efferuo,1
insolitus,1
fulgur,1
pinguesco,1
conflo,1
amphrysus,1
inlaudatus,1
molorchus,1
graecia,1
britannus,1
quirinus,1
triumpho,1
domitrix,1
olympiacus,1
palearis,1
camur,1
displiceo,1
detrecto,1
pecuarius,1
inclemens,1
luxurio,1
giluus,1
lumbus,1
hinnitus,1
adrigo,1
umesco,1
egero,1
mycenae,1
ieiunium,1
tenuo,1
oblimo,1
rapax,1
procubo,1
alburnum,1
asilus,1
oestrus,1
inuro,1
instrepo,1
paluster,1
mulctrarium,1
praelabor,1
essedum,1
farrago,1
lupatus,1
industrius,1
satura,1
illecebra,1
silus,1
reboo,1
ignominia,1
pernox,1
carex,1
subiecto,1
aequoreus,1
sabellicus,1
prosubigo,1
frico,1
nempe,1
reclamo,1
excepto,1
destillo,1
circumuecto,1
castalius,1
deuerto,1
orbita,1
podagra,1
aquarius,1
incanus,1
faenilia,1
querulus,1
ilignus,1
mapalia,1
armentarius,1
afer,1
crusta,1
rigesco,1
stiria,1
induresco,1
ningo,1
fermentum,1
acidus,1
uiteus,1
sorbum,1
trio,1
effrenus,1
lanitium,1
palatum,1
excerno,1
diurnus,1
parcus,1
incursus,1
impacatus,1
onager,1
lepus,1
uolutabrum,1
uipera,1
nexus,1
ingluuies,1
exsilio,1
inlotus,1
adhaereo,1
sulfur,1
unguen,1
elleborus,1
ulcus,1
febris,1
priusquam,1
alpis,1
iapys,1
incandesco,1
adduco,1
liquor,1
minutatim,1
laneus,1
tussis,1
tracto,1
processus,1
lenaeus,1
tarde,1
siler,1
cerasus,1
frutex,1
plantaria,1
putator,1
caudex,1
oleaginus,1
impunis,1
generatim,1
infecundus,1
factura,1
incanesco,1
germen,1
inolesco,1
enodis,1
reseco,1
orchas,1
pausia,1
surculus,1
pirum,1
uolemus,1
lageos,1
uinctura,1
cello,1
argitis,1
acceptum,1
bumastus,1
myrtetum,1
hebenus,1
balsamum,1
depecto,1
turifer,1
aconitus,1
uerutus,1
argilla,1
calculus,1
uligo,1
editus,1
herbosus,1
iro,1
glarea,1
tofus,1
cibus,1
magus,1
qualus,1
colum,1
prelum,1
fumosus,1
eluctor,1
lentesco,1
promptus,1
supino,1
fossor,1
austrinus,1
restituo,1
planum,1
metor,1
accliuis,1
quadro,1
renideo,1
retundo,1
reuiresco,1
prudens,1
persuadeo,1
auia,1
illucesco,1
terreus,1
indulgentia,1
munimen,1
hiulcus,1
aestifer,1
enitor,1
reformido,1
urus,1
admordeo,1
cicatrix,1
proscaenium,1
pagus,1
compitum,1
uter,1
incomptus,1
oscillum,1
colurnus,1
sarmentum,1
refercio,1
antes,1
cultura,1
indigus,1
grauesco,1
auiarius,1
impendeo,1
rasilis,1
innato,1
uitiosus,1
defectus,1
riguus,1
inexorabilis,1
tabularium,1
dormio,1
gemino,1
merges,1
prouentus,1
trapetum,1
pudicitia,1
classicus,1
admirandus,1
spectaculum,1
petulcus,1
merops,1
procne,1
profluo,1
thymbra,1
irriguus,1
uiolarium,1
aluarium,1
lino,1
superinicio,1
offensus,1
melisphyllum,1
cerintha,1
tinnitus,1
cymbalum,1
continuus,1
praescisco,1
canor,1
praetorius,1
prodigus,1
dedo,1
spuo,1
eluceo,1
tutela,1
bifer,1
rosarius,1
apium,1
tortus,1
cucumis,1
iuger,1
commodus,1
holus,1
inemptus,1
etiamnum,1
spinus,1
curetes,1
consortium,1
fundamen,1
aquor,1
excursus,1
lapillus,1
saburra,1
quiris,1
relino,1
pleo,1
suffio,1
stellio,1
lucifugus,1
blatta,1
crabro,1
minerua,1
araneus,1
sarcio,1
piger,1
tractim,1
susurro,1
immurmuro,1
defrutum,1
centaureus,1
amellus,1
subluceo,1
appono,1
insincerus,1
uicinia,1
fecundo,1
coloro,1
imbrex,1
bimus,1
reluctor,1
rameus,1
fragmentum,1
garrulus,1
tignum,1
animalis,1
sollers,1
interficio,1
hyalus,1
clio,1
effluo,1
maeonius,1
squamosus,1
quanto,1
defundo,1
colloco,1
sirius,1
facultas,1
miraculum,1
fallacia,1
confidenter,1
frendo,1
dryades,1
mauortius,1
actias,1
deformis,1
nouiens,1
implexus,1
auditus,1
cumae,1
hesperius,1
eno,1
arctos,1
minotaurus,1
insum,1
inextricabilis,1
ico,1
perlego,1
indebitus,1
ludibrium,1
doricus,1
minime,1
descensus,1
eueho,1
circumuenio,1
auricomus,1
decerpo,1
frondesco,1
triton,1
icio,1
sido,1
discolor,1
brumalis,1
semino,1
bractea,1
refringo,1
cadus,1
scrupeus,1
libamen,1
malesuadus,1
mortifer,1
centaurus,1
centumgeminus,1
belua,1
gorgo,1
harpyia,1
tricorpor,1
squalor,1
liuidus,1
transporto,1
admissum,1
lycius,1
marius,1
iucundus,1
parumper,1
istinc,1
soporus,1
amphrysius,1
patruus,1
trifaux,1
offa,1
uagitus,1
damnatus,1
quaesitor,1
pauperies,1
tabes,1
peredo,1
myrteus,1
phoenissa,1
sentus,1
umbrifer,1
frequento,1
ceres,1
inceptus,1
frustro,1
laniatus,1
inhonestus,1
rhoeteus,1
lacaena,1
pergama,1
hortator,1
adamas,1
tisiphone,1
exsomnis,1
imitabilis,1
fumeus,1
omniparens,1
porrigo,1
uultur,1
iecur,1
renascor,1
adsimilis,1
fulcrum,1
regificus,1
cliens,1
adulterium,1
districtus,1
potitius,1
uirectum,1
obloquor,1
superne,1
excolo,1
recolo,1
dinumero,1
obliuium,1
iampridem,1
dispicio,1
corporeus,1
eluo,1
exinde,1
conuentus,1
proco,1
umbratus,1
ciuilis,1
romulus,1
caelifer,1
septemgeminus,1
paco,1
ausonia,1
brutus,1
utcumque,1
possessor,1
paene,1
sublego,1
occurso,1
uae,1
pasta,1
credulus,1
causor,1
proficio,1
gryps,1
uxor,1
hesperus,1
commaculo,1
ulula,1
masculus,1
foras,1
exsequia,1
luteus,1
status,1
colloquium,1
recurro,1
adoreus,1
penuria,1
crustum,1
quadrus,1
heus,1
alludo,1
inuoco,1
uitisator,1
stellans,1
abolesco,1
tiara,1
opulentia,1
exhorresco,1
auguro,1
alipes,1
exsaturo,1
doto,1
funestus,1
luctificus,1
opera,1
ambeo,1
tortilis,1
taenia,1
dissideo,1
lymphatus,1
impubes,1
uolubilis,1
euhoe,1
etenim,1
incingo,1
io,1
allecto,1
ruga,1
anus,1
dos,1
flammeus,1
eximius,1
succenseo,1
recuruus,1
contremesco,1
praeustus,1
respergo,1
abunde,1
licens,1
fragosus,1
spiraculum,1
pestifer,1
peruerto,1
sacrilegus,1
conspiro,1
indico,1
inexcitus,1
tergeo,1
aruina,1
classicum,1
tessera,1
debellator,1
mulier,1
dolo,1
fundator,1
liueo,1
galerum,1
pero,1
oliuifer,1
uadosus,1
accola,1
aclys,1
caetra,1
falcatus,1
indictus,1
malifer,1
cateia,1
montosus,1
comptus,1
eualesco,1
somnifer,1
distraho,1
cornipes,1
argumentum,1
peditum,1
clipeatus,1
internecto,1
obliquo,1
honoro,1
sancte,1
puteo,1
tripus,1
nitesco,1
prosilio,1
palmula,1
reuomo,1
suburgeo,1
trudis,1
pristis,1
reus,1
portunus,1
praeco,1
declaro,1
aduelo,1
maeander,1
detraho,1
tutamen,1
troas,1
claudus,1
retento,1
nexo,1
plico,1
cressa,1
tegeaeus,1
amazonius,1
interuallum,1
madefacio,1
titubo,1
proclamo,1
propono,1
hebeo,1
iuuentas,1
insuo,1
hercules,1
oppugno,1
praeuideo,1
utroque,1
eiecto,1
effringo,1
achiuus,1
incuruo,1
flexilis,1
obtorqueo,1
polite,1
atius,1
sidonius,1
labyrinthus,1
indeprensus,1
albanus,1
achaicus,1
uolcanus,1
equester,1
stuppa,1
madesco,1
tritonia,1
appello,1
acerra,1
anchiseus,1
tolerabilis,1
exsaturabilis,1
mitigo,1
aeolius,1
exanimo,1
impingo,1
permulceo,1
tonans,1
cetus,1
paulisper,1
siren,1
fluito,1
insomnia,1
succumbo,1
insuperabilis,1
legifer,1
coniecto,1
indago,1
aduersor,1
iubar,1
odorus,1
limbus,1
nodo,1
mobilitas,1
acquiro,1
declino,1
prauus,1
terrifico,1
uindico,1
talarius,1
resigno,1
harenosus,1
alatus,1
stellatus,1
iaspis,1
laena,1
uxorius,1
praesentio,1
stimulo,1
trietericus,1
destruo,1
paruulus,1
a,1
promereo,1
exter,1
fraudo,1
antefero,1
seduco,1
infabricatus,1
inexpertus,1
persentio,1
turicremus,1
bubo,1
horrifico,1
decresco,1
soporifer,1
dedignor,1
dego,1
instimulo,1
abscissa,1
uexo,1
extorris,1
imprecor,1
lamentum,1
cubitum,1
deuolo,1
noxa,1
incutio,1
accumbo,1
perflo,1
uoro,1
uortex,1
obiectus,1
tabeo,1
nutrimentum,1
fomes,1
uosmet,1
ueliuolus,1
disiungo,1
togatus,1
termino,1
onustus,1
benignus,1
praeuertor,1
cothurnus,1
punicus,1
iniurius,1
iugo,1
clam,1
suspiro,1
annalis,1
interfor,1
uitalis,1
dirigo,1
caleo,1
subuoluo,1
concludo,1
magistratus,1
floreus,1
adflictus,1
pictura,1
cristatus,1
tentorium,1
peplum,1
incesso,1
oreas,1
amicio,1
superbia,1
procax,1
officium,1
secludo,1
nouitas,1
obtusus,1
purgo,1
tempore,1
cognitus,1
splendidus,1
series,1
circumtextus,1
inconcessus,1
bacatus,1
bilinguis,1
quocirca,1
accitus,1
amaracus,1
sponda,1
lychnus,1
laquearia,1
funale,1
dator,1
impiger,1
immeritus,1
obluctor,1
eloquor,1
scelero,1
pressus,1
disto,1
tabidus,1
permetior,1
proluuies,1
caprigenus,1
contactus,1
dispono,1
specula,1
praecelsus,1
nemorosus,1
altrix,1
circumuoluo,1
glacialis,1
aspero,1
incredibilis,1
hisco,1
heri,1
fastus,1
ecqui,1
prosperus,1
exoro,1
lento,1
transmissus,1
adoperio,1
raresco,1
abscido,1
implacatus,1
sorbeo,1
exserto,1
pistrix,1
ador,1
inconsultus,1
dispendium,1
elephantus,1
conus,1
praeterlabor,1
picturatus,1
subtemen,1
textilis,1
umbro,1
eurous,1
concordia,1
armisonus,1
antemna,1
nauifragus,1
nimirum,1
desideo,1
subtexo,1
illuuies,1
spirabilis,1
affabilis,1
collustro,1
addico,1
affecto,1
conifer,1
linteus,1
praeteruehor,1
erratum,1
praepinguis,1
generator,1
palmosus,1
leuamen,1
renarro,1
lamentabilis,1
aedifico,1
inspicio,1
recutio,1
proditio,1
consanguinitas,1
pellax,1
affligo,1
intercludo,1
contextus,1
flagito,1
destino,1
effugium,1
manica,1
edissero,1
instructus,1
uiolabilis,1
inuentor,1
improuidus,1
insinuo,1
patefacio,1
fabricator,1
expromo,1
defensa,1
obtego,1
claresco,1
ascensus,1
sponsa,1
religiosus,1
segnities,1
sentes,1
accommodo,1
confligo,1
peruius,1
suffero,1
defensor,1
atrius,1
repulsus,1
ibis,1
lapso,1
prolabor,1
praemetuo,1
confiteor,1
quonam,1
culpo,1
inclementia,1
disiecto,1
congemo,1
iactura,1
sulphur,1
attrecto,1
edax,1
asseruo,1
euenio,1
affluo,1
