,count
sum,2194
et,2065
in,1632
qui,1401
is,1258
ad,858
autem,691
ex,677
ut,644
cum,630
non,630
habeo,577
ab,525
hic,491
pars,428
ita,420
ratio,325
sed,318
possum,293
locus,293
si,279
num,267
facio,266
de,255
nec,254
per,241
etiam,230
quod,219
aut,214
item,206
res,205
enim,202
caput,194
aqua,193
omnis,191
colloco,190
columna,185
opus,181
sui,179
supra,176
unus,172
alius,171
altitudo,168
uideo,162
genus,159
magnus,154
dico,153
inferus,149
inter,147
crassitudo,147
quam,145
idem,143
pes,139
constituo,135
primus,131
medius,125
quemadmodum,124
terra,123
itaque,123
uero,122
efficio,121
latitudo,121
foramen,120
fio,116
duo,114
sine,111
regio,109
perficio,108
multus,107
spatium,106
edo,105
sol,105
parum,102
inuenio,101
corpus,100
propter,99
paries,99
suus,98
ipse,97
sic,96
natura,92
umor,92
longitudo,91
singulus,90
aedes,89
tunc,87
latus,87
aedificium,86
graecus,84
reliquus,81
symmetria,81
alter,81
lineus,80
tres,80
ergo,79
circa,79
explico,78
scriptum,77
ceterus,77
ibi,77
sub,77
signum,77
deinde,76
summum,76
summa,76
ne,75
aer,75
extremus,75
diuido,74
tertius,73
tympanum,73
centrum,72
ideo,71
factum,71
namque,70
materia,70
fons,68
usus,67
ignis,67
dimidius,67
contra,64
appello,64
expono,63
animaduerto,62
sinister,61
frons,61
maxime,60
recipio,60
murus,59
debeo,58
superus,58
quantus,58
uirtus,57
oportet,57
ciuitas,56
machina,56
caelum,55
dies,55
altus,55
sin,55
siue,54
homo,54
tempus,53
quisque,53
structura,53
magnitudo,53
corona,52
capitulum,52
quartus,51
nascor,50
ac,50
nisi,50
architectus,49
dextra,49
uolumen,48
numerus,48
comparo,48
tantus,47
nunc,47
species,47
relinquo,47
uitium,47
color,47
manus,46
cursus,46
mundus,46
liber,46
copia,46
cogo,46
uerus,45
ars,45
uox,45
totus,45
lumen,44
epistylium,44
ubi,44
angulus,44
specto,43
certus,43
tectum,43
peruenio,43
nonnullus,43
pondus,43
praesto,42
patior,42
onus,42
uis,42
induco,42
rota,42
graece,41
septentrio,41
regula,41
proprietas,41
interuallum,41
modus,41
tango,41
amplus,40
puto,40
uterque,40
quattuor,40
figo,40
tignum,40
modulus,39
dispono,39
uentus,39
struo,39
sex,39
littera,38
duco,38
quis,38
porticus,38
cella,38
seu,38
secundum,38
longus,38
calx,38
quoius,38
potestas,37
spiritus,37
membrum,37
quadratum,37
doricus,37
mons,37
pro,36
tum,36
utilitas,36
octauus,36
scapus,36
ante,35
bonus,35
theatrum,35
harena,35
circum,35
progredior,35
axis,35
uolo,34
igitur,34
terrenus,34
do,34
proicio,34
paruus,34
uehemens,34
canalis,34
scribo,33
disciplina,33
digitus,33
corinthius,33
impetus,33
temperatus,33
adicio,33
procreo,33
tectorius,33
uersatio,33
probo,32
insuper,32
effectus,32
facilis,32
naturalis,32
perduco,32
fodio,32
sustineo,32
sumo,32
proportio,31
circinus,31
expedio,31
nullus,31
dispositio,31
ordo,31
flumen,31
constitutum,31
minor,31
praeter,31
trabs,31
contraho,31
communis,30
designo,30
principium,30
funis,30
mos,30
calor,30
extra,30
fastigium,30
permaneo,29
ego,29
oriens,29
stella,29
meridianus,29
pono,29
scaena,29
includo,28
occidens,28
contineo,28
uena,28
sacer,28
interior,28
utor,28
turris,28
solidus,28
solum,27
egregius,27
umbra,27
uectis,27
iudico,27
respondeo,27
nauis,27
moenia,27
iter,27
uetustas,27
saxum,27
circiter,27
describo,27
ferreus,27
quaero,26
postea,26
gradus,26
perpetuus,26
necessitas,26
antiquus,26
calidus,26
dirigo,26
disto,26
nomino,26
quinque,26
liquor,26
oculus,26
orbiculus,26
animus,25
ago,25
planities,25
sonitus,25
forma,25
denticulus,25
paro,25
crassus,25
perpendiculum,25
intercolumnium,25
abacus,25
ratiocinatio,24
area,24
instituo,24
aspectus,24
celeriter,24
arbor,24
planum,24
ambulatio,24
radius,24
uita,23
trado,23
temperatura,23
conuenio,23
proprius,23
deus,23
mistio,23
aries,23
soleo,23
sextus,23
tegula,23
lapis,23
contignatio,23
fistula,23
populus,22
orno,22
atque,22
descriptio,22
sucula,22
compono,22
teneo,22
modo,22
uocito,22
qualitas,22
exprimo,22
frigidus,22
mare,22
unde,22
distribuo,22
hora,22
nos,22
rex,22
traicio,22
finio,22
curuatura,22
post,22
duplex,22
subigo,21
publicus,21
auctoritas,21
transfero,21
uarius,21
firmus,21
aequalis,21
uarietas,21
inuentio,21
uapor,21
dissoluo,21
quintus,21
dexter,21
religo,21
qua,21
intra,21
dens,21
cresco,21
uerso,21
noster,21
quoniam,21
urbs,21
raritas,21
radix,21
tenuis,21
uas,21
pondo,21
hostis,20
architectura,20
sollertia,20
imago,20
oporteo,20
necessarius,20
distributio,20
erigo,20
tempero,20
caementum,20
marmor,20
cuneus,20
punctum,20
septentrionalis,20
circumago,20
uoco,20
insequor,20
pauimentum,20
uersor,20
gens,19
cogitatio,19
posterus,19
doctrina,19
grauis,19
infinitus,19
impedio,19
saluber,19
figura,19
curo,19
hibernus,19
machinatio,19
nam,19
considero,19
uitiosus,19
ager,19
propior,19
fructus,19
tabula,19
coniunctus,19
aequinoctialis,19
nomen,19
secundus,19
deduco,19
corium,19
moueo,19
medium,19
naris,19
cardo,19
ciuis,18
aedifico,18
propono,18
premo,18
trigonus,18
luna,18
domus,18
firmitas,18
flatus,18
proxime,18
palus,18
accedo,18
creber,18
tam,18
dissipo,18
octo,18
apud,18
alienus,18
coagmentum,18
patens,18
sapor,18
mens,17
orbis,17
memoria,17
ballista,17
scorpio,17
significo,17
scio,17
facile,17
recte,17
necesse,17
libro,17
aliter,17
aequaliter,17
nouus,17
aperto,17
eligo,17
durus,17
liceo,17
umidus,17
tempestas,17
profluo,17
uenio,17
transuersus,17
ullus,17
concludo,17
positus,17
impono,17
castellum,17
angularis,17
medianus,17
inuoluo,17
consilium,16
coepio,16
nota,16
exemplar,16
caelus,16
oppidum,16
praeterea,16
praeceptum,16
similis,16
organum,16
pater,16
meridies,16
similiter,16
perfectio,16
excipio,16
portus,16
fundamentum,16
semper,16
sensus,16
colligo,16
exter,16
noceo,16
utilis,16
par,16
oleum,16
tego,16
natio,16
perscribo,16
egredior,16
cauus,16
spira,16
diametros,16
libramentum,16
atrium,16
triclinium,16
argentum,16
solus,15
insum,15
musicus,15
causa,15
reddo,15
marmoreus,15
simulacrum,15
horologium,15
templum,15
explicatio,15
idoneus,15
fanum,15
muto,15
mollis,15
naturaliter,15
redeo,15
mille,15
adiectio,15
aeneus,15
peruagor,15
septimus,15
interpono,15
finitio,15
eximo,15
multitudo,15
uoluo,15
refero,15
basis,15
extollo,15
cura,14
studium,14
iudicium,14
ingenium,14
artifex,14
capio,14
ornatus,14
aequus,14
mitto,14
inclinatio,14
compositus,14
institutum,14
satis,14
compositio,14
ratus,14
cubitum,14
consuetudo,14
forum,14
diligens,14
uitio,14
solido,14
longe,14
salubritas,14
sto,14
emitto,14
coquo,14
aereus,14
pila,14
sucus,14
athenae,14
signo,14
septem,14
fero,14
dissimilis,14
finis,14
sententia,14
nouem,14
aeque,14
antepagmentum,14
testudo,14
circulus,14
mensis,14
labor,13
quare,13
responsum,13
deformo,13
mensura,13
ornamentum,13
aspicio,13
mathematicus,13
periculum,13
penitus,13
conlocatio,13
emendo,13
iuppiter,13
diana,13
moene,13
misceo,13
ferrum,13
refrigero,13
infundo,13
lacus,13
diuisio,13
antequam,13
incipio,13
conseruo,13
perago,13
imber,13
subtilis,13
coicio,13
calco,13
rhodium,13
transuersarius,13
gratia,13
compingo,13
labrum,13
impello,13
splendor,13
sidus,13
uenter,13
aptus,12
tu,12
auctus,12
dedico,12
commodus,12
opera,12
at,12
cito,12
cognosco,12
commentarius,12
sumptus,12
paucus,12
occupo,12
tueor,12
circuitio,12
plaga,12
discrimen,12
iustus,12
scando,12
motus,12
tribuo,12
decor,12
immortalis,12
excelsus,12
feruor,12
fornax,12
restituo,12
piscis,12
substructio,12
introrsus,12
simul,12
immanis,12
decimus,12
inde,12
lutum,12
ostendo,12
soliditas,12
memoro,12
dispar,12
effero,12
honor,12
roma,12
peristylium,12
prior,12
tubulus,12
specus,12
aurum,12
percurro,12
libra,12
libero,11
sedes,11
accipio,11
exitus,11
scientia,11
profiteor,11
norma,11
mutulus,11
dignitas,11
auris,11
lex,11
disputo,11
praetereo,11
comparatio,11
elegans,11
terminatio,11
palmus,11
aditus,11
obscuro,11
familia,11
uenustas,11
paluster,11
orior,11
figuro,11
animal,11
cibus,11
pecus,11
statim,11
impleo,11
procurro,11
tutus,11
incertus,11
breuis,11
extenuo,11
conformo,11
appareo,11
circumitio,11
munus,11
flamma,11
cotidianus,11
proclino,11
aridus,11
remitto,11
scalpo,11
annus,11
lapideus,11
quidam,11
pictura,11
cornu,11
bibo,11
nonus,11
iugum,11
tamen,11
subiectum,11
plinthus,11
stria,11
subtilitas,11
uirgo,11
asser,11
fenestra,11
exeo,11
pluteus,11
inmitto,11
catena,11
calculus,11
porricio,11
pressio,11
praefatio,10
caesar,10
timor,10
subeo,10
opportunitas,10
inopia,10
quicumque,10
ualeo,10
augeo,10
potius,10
expressio,10
nemo,10
torqueo,10
omnino,10
abundo,10
doceo,10
uniuersus,10
obscurus,10
diuus,10
mars,10
plurimus,10
marinus,10
uito,10
influo,10
priuatus,10
commetior,10
diu,10
imbecillus,10
candeo,10
paulus,10
laedo,10
creta,10
fossa,10
motio,10
nato,10
circumdo,10
dum,10
frango,10
bitumen,10
insula,10
unda,10
lateo,10
placeo,10
exaequo,10
apollo,10
pagus,10
laeuus,10
iubeo,10
delecto,10
abundantia,10
glaeba,10
subicio,10
reuertor,10
ruber,10
continenter,10
rima,10
testa,10
exuro,10
indico,10
italia,10
sigillum,10
flos,10
praeparo,10
polio,10
nihil,10
nobilis,10
laxamentum,10
potus,10
quantum,10
fortuna,10
capillus,10
demo,10
uersura,10
cacumen,10
capreolus,10
cantherius,10
purus,10
spatiosus,10
curro,10
camera,10
obturo,10
penna,10
tornus,10
cauda,10
publicum,9
aperio,9
fabrico,9
nosco,9
statuo,9
bellum,9
exemplum,9
ductio,9
uasum,9
tactus,9
stillicidium,9
instruo,9
uetus,9
industria,9
eripio,9
uisus,9
ingressus,9
amplitudo,9
polliceor,9
plenus,9
uenus,9
gracilis,9
alte,9
alo,9
auster,9
spectaculum,9
contrarius,9
quidem,9
ratiocinor,9
desidero,9
campus,9
ludus,9
formo,9
exigo,9
sermo,9
imito,9
harundo,9
alternus,9
latericius,9
amplius,9
excauo,9
sequor,9
super,9
rhodus,9
prospicio,9
testaceus,9
impendo,9
carbo,9
addo,9
atheniensis,9
retineo,9
ualua,9
suppono,9
aduersus,9
basilica,9
harmonia,9
puteus,9
margo,9
mortarium,9
rogo,9
breuitas,9
plumbeus,9
massa,9
salio,9
taurus,9
tuus,8
guberno,8
parens,8
caelestis,8
attendo,8
tero,8
deformatio,8
persequor,8
philosophus,8
saepe,8
filius,8
dux,8
laus,8
catapulta,8
extendo,8
offendo,8
quoque,8
salubris,8
habitatio,8
astrum,8
aio,8
acumen,8
uenustus,8
statio,8
uestibulum,8
cubiculum,8
bibliotheca,8
pecunia,8
aedificatio,8
ardeo,8
ferueo,8
mutatio,8
refrigeratio,8
percalefacio,8
liquidus,8
leuis,8
morbus,8
humanus,8
litus,8
eiusmodi,8
municipium,8
peto,8
uia,8
proximus,8
magis,8
caries,8
penetro,8
exstruo,8
platea,8
concipio,8
libella,8
conuerto,8
aduenio,8
alexander,8
profundo,8
aegyptus,8
initium,8
crebritas,8
cotidie,8
pontus,8
educo,8
gradatim,8
nata,8
priuo,8
inuenustus,8
spissus,8
corripio,8
seco,8
lapidicina,8
bipedalis,8
excido,8
falsus,8
sesquipedalis,8
angustia,8
rudus,8
aduerto,8
flecto,8
sublatus,8
folium,8
postulo,8
pectus,8
aedis,8
tantundem,8
denus,8
posticum,8
acuo,8
quot,8
recedo,8
dimitto,8
promineo,8
ingredior,8
binus,8
delectatio,8
uersus,8
poeta,8
conclaue,8
hemicyclium,8
aliqui,8
sono,8
orchestra,8
tollo,8
athleta,8
cochlea,8
aestiuus,8
bos,8
coagmento,8
minium,8
fundus,8
aquarius,8
cancer,8
leo,8
capricornus,8
imperator,7
romanus,7
interpello,7
offensio,7
constitutio,7
praetermitto,7
confido,7
peritus,7
historia,7
difficilis,7
statua,7
poena,7
supero,7
grauitas,7
lego,7
preterea,7
neruus,7
telum,7
suauis,7
pestilens,7
aetas,7
minerua,7
pictor,7
percipio,7
deficio,7
dubius,7
consto,7
balneum,7
fossicius,7
abies,7
religio,7
repello,7
aura,7
bestia,7
seruo,7
excoquo,7
aes,7
feruidus,7
hiems,7
traduco,7
impar,7
minuo,7
nitor,7
quotannis,7
habito,7
copiosus,7
conspicio,7
reicio,7
consisto,7
extrudo,7
crudus,7
caurus,7
ueritas,7
sanguis,7
detraho,7
fauonius,7
aquilo,7
designatio,7
miror,7
scriptura,7
breuiter,7
intellego,7
h,7
regius,7
dignus,7
uirilis,7
colonia,7
discedo,7
excito,7
uocabulum,7
uirgula,7
exerceo,7
posteaquam,7
fossura,7
faber,7
fundo,7
dica,7
pronuntio,7
siccus,7
recens,7
haereo,7
magistratus,7
gero,7
alligo,7
niger,7
diligentia,7
ardor,7
officina,7
celeritas,7
crusta,7
ligneus,7
perlucidus,7
eicio,7
commuto,7
inueho,7
renuntio,7
incendium,7
deicio,7
infra,7
bene,7
supercilium,7
decem,7
duodecim,7
as,7
uiginti,7
ordino,7
dimidiatus,7
haurio,7
configo,7
puluinus,7
transeo,7
imitatio,7
ara,7
ala,7
curiosus,7
tonus,7
sedeo,7
uersatilis,7
coacta,7
malus,7
rursus,7
descendo,7
arca,7
ianua,7
uinum,7
expolitio,7
cogitatum,7
secum,7
ineo,7
reduco,7
raeda,7
uictoria,6
confero,6
exercitatus,6
praesidium,6
muliebris,6
pendeo,6
index,6
pariter,6
caueo,6
prudentia,6
imperitus,6
coniunctio,6
claritas,6
cado,6
uel,6
officium,6
uigor,6
reperio,6
separo,6
obseruo,6
cupressus,6
rusticus,6
matutinus,6
aestas,6
duro,6
pasco,6
primo,6
munitio,6
apparens,6
publice,6
passus,6
oppugno,6
sagitta,6
agger,6
deprimo,6
silex,6
angiportum,6
flo,6
fluo,6
angustus,6
forte,6
uirga,6
eurus,6
nego,6
uisum,6
tardus,6
frondeo,6
admiror,6
ille,6
prius,6
silua,6
magnificentia,6
sollers,6
physicus,6
disparo,6
tenuitas,6
ulter,6
onero,6
extinguo,6
contundo,6
exhaurio,6
inanis,6
imminuo,6
uehementer,6
dentatus,6
crebriter,6
incido,6
plumbum,6
miles,6
classis,6
uiuus,6
minime,6
ungo,6
iam,6
ignotus,6
mentum,6
semis,6
pedum,6
auctor,6
fictilis,6
adaugeo,6
subscribo,6
torus,6
simus,6
inclino,6
cera,6
oblongus,6
canaliculus,6
coniungo,6
attingo,6
uerbum,6
leuo,6
casus,6
pulpitum,6
scala,6
uiridis,6
apparatus,6
caldarium,6
suspendo,6
camara,6
peristylum,6
xystus,6
contendo,6
eo,6
dubitatio,6
saturnus,6
tablinum,6
uilla,6
subtiliter,6
exsto,6
macero,6
atramentum,6
metallum,6
acetum,6
fusus,6
odor,6
potio,6
pix,6
menstruus,6
geminus,6
rostrum,6
columella,6
affigo,6
lorum,6
catinus,6
tabulatus,6
diuinus,5
imperium,5
quin,5
conscribo,5
praescriptio,5
eruditio,5
demonstratio,5
complures,5
diligenter,5
astrologia,5
pingo,5
libratio,5
geometricus,5
uir,5
aeternus,5
notitia,5
tenere,5
philosophia,5
medeor,5
bracchium,5
missio,5
scaenicus,5
clarus,5
ius,5
repente,5
nutrio,5
industrius,5
medicus,5
elegantia,5
priuatim,5
aeuum,5
nobilitas,5
consequor,5
organicus,5
talis,5
concedo,5
sapio,5
quantitas,5
continens,5
uoluptas,5
institutio,5
perpetuo,5
gratus,5
confirmo,5
insido,5
corrumpo,5
plenitas,5
dubito,5
moratus,5
conficio,5
obruo,5
distantia,5
later,5
aeternitas,5
secor,5
detractio,5
meta,5
africus,5
ortus,5
expolio,5
tantum,5
stadium,5
prudens,5
auersus,5
iterum,5
k,5
forus,5
mercurius,5
quia,5
fretus,5
umerus,5
natus,5
formatio,5
propius,5
lignum,5
origo,5
hispania,5
campester,5
palea,5
uagor,5
erro,5
ephesius,5
obscuritas,5
coeo,5
cogito,5
asperitas,5
sabulo,5
uernus,5
auctumnalis,5
sido,5
ruo,5
albus,5
puluis,5
moles,5
tofus,5
trans,5
concurro,5
congero,5
cubile,5
euanidus,5
monumentum,5
secerno,5
artemisia,5
indignor,5
innumerabilis,5
stilla,5
substruo,5
editus,5
comprimo,5
resisto,5
iumentum,5
amarus,5
alpis,5
praebeo,5
atticus,5
tangens,5
stabilis,5
os,5
palma,5
schema,5
plato,5
quaterni,5
mora,5
consumo,5
exinanio,5
podium,5
adimo,5
gutta,5
nominatio,5
uestigium,5
caeruleus,5
praeceptor,5
intestinus,5
sacrificium,5
apertura,5
quoad,5
suspicio,5
offensus,5
tessera,5
similitudo,5
comicus,5
inuerto,5
lux,5
parallelus,5
proscaenium,5
leniter,5
surgo,5
compleo,5
frumentum,5
lauo,5
arcus,5
laconicus,5
demitto,5
uado,5
conceptio,5
serpens,5
semel,5
confundo,5
prelum,5
lucidus,5
cliuus,5
uergilius,5
clauus,5
sudor,5
cerussa,5
erumpo,5
riuus,5
decursus,5
sagittarius,5
equus,5
subiectus,5
rudens,5
armilla,5
potior,4
cunctus,4
triumphus,4
studiosus,4
meus,4
commendatio,4
beneficium,4
continuo,4
assequor,4
erudio,4
medicina,4
exercitus,4
gloria,4
uestis,4
fortitudo,4
fama,4
sentio,4
symphonia,4
incrementum,4
cloaca,4
fortasse,4
credo,4
tener,4
architecto,4
exercitatio,4
cantio,4
tractatio,4
samius,4
permitto,4
spero,4
ordinatio,4
modicus,4
separatim,4
mobilis,4
conuenientia,4
particula,4
hercules,4
teneritas,4
humilis,4
opinio,4
ulmus,4
possessio,4
delicatus,4
porta,4
electio,4
nebula,4
spargo,4
exorior,4
laboro,4
generatim,4
auis,4
terrestris,4
anima,4
immolo,4
pabulum,4
integer,4
herba,4
redundantia,4
defendo,4
sempiternus,4
quadro,4
tundo,4
alueus,4
auerto,4
eleganter,4
artificiosus,4
expedite,4
exilis,4
reficio,4
antemeridianus,4
diduco,4
uicus,4
ob,4
quinquaginta,4
uago,4
pulso,4
formus,4
exspecto,4
f,4
circus,4
mater,4
adeo,4
macedonia,4
facies,4
tribunal,4
uitupero,4
humanitas,4
spelunca,4
agrestis,4
articulus,4
casa,4
aestus,4
circumcludo,4
dilato,4
sarmentum,4
arx,4
partus,4
etsi,4
disiungo,4
dilabor,4
masculus,4
ductus,4
quocumque,4
commisceo,4
carbunculus,4
candidus,4
pruina,4
inaresco,4
adhibeo,4
pristinus,4
intinguo,4
pateo,4
aduro,4
campania,4
uetustus,4
dissolutus,4
iunctura,4
ansa,4
farcio,4
uectigal,4
impero,4
carus,4
taberna,4
regnum,4
uictor,4
auxilium,4
pendo,4
caedo,4
inutilis,4
diuturnitas,4
praecido,4
citer,4
apporto,4
decipio,4
exactio,4
donec,4
simplex,4
suscipio,4
iulius,4
ternus,4
dimetior,4
fallo,4
fundatio,4
solium,4
ascensus,4
decuma,4
rotundus,4
duodecimus,4
contractus,4
procedo,4
chius,4
nudus,4
calathus,4
unusquisque,4
relaxo,4
s,4
planus,4
foris,4
eminens,4
ostium,4
absoluo,4
tholus,4
exspectatio,4
fabula,4
praecingo,4
gradatio,4
significatio,4
lamina,4
sonus,4
congruo,4
tragicus,4
sal,4
tepidarium,4
palaestra,4
lauatio,4
progressus,4
absum,4
effundo,4
brumalis,4
remus,4
obsto,4
aegyptius,4
reprehendo,4
culina,4
congelo,4
postis,4
iudex,4
recito,4
furtum,4
nucleus,4
admisceo,4
grandis,4
iungo,4
tenor,4
cumque,4
ferramentum,4
glutinum,4
fumus,4
speculum,4
tector,4
nihilominus,4
admiratio,4
stercus,4
suauitas,4
indicium,4
purpureus,4
operculum,4
salsus,4
occasus,4
nubes,4
nox,4
acidus,4
epigramma,4
egressus,4
mensa,4
aequo,4
zona,4
uerto,4
celer,4
chaldaeus,4
diurnus,4
cetus,4
terebro,4
subleuo,4
uelum,4
indo,4
lingula,4
phalanga,4
oblique,4
arbuscula,4
inuictus,3
stratum,3
glorior,3
audeo,3
maiestas,3
notus,3
apparatio,3
termino,3
fabrica,3
demonstro,3
geometria,3
quaestio,3
methodus,3
perses,3
praeda,3
persicus,3
manubia,3
tropaeum,3
uere,3
cupidus,3
tendo,3
concentus,3
aequinoctium,3
solstitium,3
mirus,3
grammaticus,3
excellens,3
singularis,3
uix,3
indigeo,3
re,3
aeger,3
modulor,3
iucunditas,3
disputatio,3
proprie,3
armatus,3
artus,3
praesens,3
delicia,3
iuno,3
puluinatus,3
salus,3
subministro,3
hibernaculum,3
temperatio,3
urbanus,3
persona,3
excogito,3
nebulosus,3
animalis,3
bonitas,3
mollesco,3
quamuis,3
princeps,3
uolucris,3
censeo,3
an,3
neco,3
conquiro,3
fibula,3
administro,3
adigo,3
accessus,3
acies,3
excludo,3
difficulter,3
agito,3
stabilitas,3
spiro,3
postmeridianus,3
molestus,3
derigo,3
frequens,3
faux,3
triginta,3
supernus,3
traho,3
decresco,3
o,3
emporium,3
gymnasium,3
patria,3
hospitium,3
leoninus,3
frequentia,3
improbo,3
cerno,3
fugo,3
fortuito,3
conuentus,3
praemium,3
ambulo,3
tracto,3
coetus,3
certatio,3
arefacio,3
gallius,3
tumulus,3
detineo,3
stipes,3
exaggero,3
grumus,3
profusus,3
intellectus,3
epicurus,3
cohaeresco,3
rimosus,3
biennium,3
arbitrium,3
rarus,3
contego,3
excutio,3
inquino,3
harenarius,3
salsugo,3
lentus,3
fragilis,3
conicio,3
amitto,3
conferuesco,3
fluctus,3
redigo,3
desum,3
achaius,3
asper,3
dissilio,3
uacuitas,3
acanthus,3
aerarius,3
reticulatus,3
contemno,3
suscito,3
perpetuitas,3
egregie,3
uitrum,3
implico,3
uoluntas,3
dulcedo,3
definio,3
remex,3
mors,3
mulier,3
proficiscor,3
deiectus,3
lorica,3
prosum,3
compendium,3
lino,3
dirumpo,3
intactus,3
apparitio,3
infirmus,3
monstro,3
fetus,3
maturitas,3
lambo,3
stillo,3
effluo,3
putresco,3
robur,3
rigor,3
contentus,3
quercus,3
satietas,3
prouideo,3
uitex,3
alnus,3
ripa,3
etenim,3
crebre,3
acritudo,3
resina,3
tinea,3
uro,3
comburo,3
porto,3
deporto,3
pinus,3
apricus,3
repleo,3
saturo,3
siccitas,3
utinam,3
statuarius,3
posteritas,3
felicitas,3
exiguitas,3
ambitio,3
probatio,3
partitio,3
uertex,3
ceruix,3
refert,3
sextans,3
totidem,3
posticus,3
senus,3
crepido,3
differo,3
uastus,3
distineo,3
dodrans,3
quadrus,3
demissus,3
inceptum,3
donum,3
praependeo,3
fascia,3
collecta,3
quoquouersus,3
transtrum,3
fabrilis,3
emineo,3
praecisio,3
depingo,3
columbarium,3
mendosus,3
anulus,3
taenia,3
circuitus,3
uespertinus,3
contueor,3
uelut,3
spiramentum,3
lucus,3
conscriptio,3
recta,3
molestia,3
negotiator,3
actus,3
redundo,3
chordus,3
litteratura,3
latinus,3
bini,3
meses,3
neo,3
designata,3
perspicio,3
repentinus,3
percutio,3
auxilior,3
smyrna,3
aufero,3
sterno,3
constitutus,3
conclusio,3
argilla,3
albarius,3
hemisphaerium,3
italicus,3
unctum,3
serenus,3
prodeo,3
firmiter,3
purgo,3
succurro,3
iniquus,3
amissum,3
laudo,3
philologus,3
audacia,3
committo,3
conor,3
signifer,3
crus,3
ualidus,3
timidus,3
experior,3
centum,3
exquiro,3
publicanus,3
decus,3
praeterquam,3
horridus,3
ministratio,3
nitidus,3
limen,3
hospes,3
ouum,3
fultura,3
dominus,3
idiota,3
mediocris,3
philologia,3
approbo,3
philo,3
frico,3
lacuna,3
alligatio,3
fuligo,3
candor,3
argenteus,3
fauilla,3
centaurus,3
insipiens,3
corrigo,3
ostrum,3
redemptor,3
eadem,3
silus,3
resido,3
centenarius,3
pannus,3
loco,3
limus,3
aerugo,3
sacerdos,3
erectio,3
procumbo,3
fulcio,3
fossio,3
opertum,3
trudo,3
bituminosus,3
alumen,3
sulphur,3
dulcis,3
inflo,3
inflatio,3
examino,3
floreo,3
ungula,3
quando,3
uallis,3
ferratus,3
decerno,3
quadratus,3
duplico,3
aureus,3
rotatio,3
permetior,3
regressus,3
solstitialis,3
sinus,3
custos,3
auriga,3
delphinus,3
scapula,3
prora,3
pressus,3
administratio,3
ligula,3
trutina,3
examinatio,3
retinacula,3
buccula,3
eleuo,3
culter,3
infundibulum,3
cymbalum,3
pnigeus,3
arcula,3
miliarium,3
superne,3
compactio,3
numen,2
nutus,2
senatus,2
occupatio,2
metuo,2
prouincia,2
concilium,2
refectio,2
obligo,2
qualis,2
meditatio,2
perdisco,2
arma,2
ingeniosus,2
docilis,2
litteratus,2
audio,2
ignarus,2
cur,2
quo,2
directio,2
argumentum,2
graecia,2
interficio,2
seruitus,2
abduco,2
stola,2
matronalis,2
depono,2
contumelia,2
spolium,2
barbaricus,2
superbia,2
sustinentia,2
libertas,2
auaritia,2
fides,2
praescribo,2
canonicus,2
spectator,2
clima,2
plerus,2
communicatio,2
agnosco,2
nobilito,2
consequus,2
astrologus,2
opticus,2
dumtaxat,2
mediocriter,2
aliquando,2
syracusae,2
passim,2
iuxta,2
rhetor,2
disertus,2
nisus,2
commoditas,2
modice,2
uigilantia,2
florus,2
proserpina,2
magnificus,2
sculpo,2
diuinitas,2
immutabilis,2
sumptuosus,2
eloquentia,2
faenerator,2
potens,2
respublica,2
bipertitus,2
defensio,2
aestuosus,2
uenenatus,2
uesper,2
uinarius,2
granarium,2
pomum,2
tingo,2
immutatio,2
ualetudo,2
oppido,2
castrum,2
iocur,2
liuidus,2
utrum,2
immineo,2
medicamentum,2
inconsuetus,2
gallicus,2
incredibilis,2
insideo,2
troia,2
aegroto,2
impetro,2
nummus,2
subuectio,2
queo,2
appropinquo,2
obuiam,2
oleagineus,2
serra,2
prudenter,2
frigus,2
calesco,2
curatio,2
lenis,2
perflo,2
perquiro,2
porrigo,2
machinor,2
ducenti,2
procella,2
emergo,2
antea,2
d,2
uenerius,2
euoco,2
profectus,2
amicus,2
statura,2
corono,2
pellis,2
claua,2
nouitas,2
interrogo,2
inquam,2
frumentarius,2
transmarinus,2
nutrix,2
lac,2
nilus,2
desero,2
antiquitas,2
fera,2
nemus,2
interea,2
densus,2
ramus,2
quiesco,2
tepor,2
adduco,2
congressus,2
conuictus,2
luteus,2
stramentum,2
obstruo,2
recido,2
ulua,2
capitolium,2
fabricatio,2
obseruatio,2
enutrio,2
perspicuus,2
legens,2
error,2
harenosus,2
rubrica,2
perrumpo,2
contractio,2
pumex,2
canus,2
confrico,2
icio,2
glarea,2
requiesco,2
subactio,2
correpo,2
erepo,2
expendo,2
admirandus,2
permano,2
perforo,2
mano,2
antiquitus,2
collis,2
desideratio,2
prope,2
efferuo,2
fortuitus,2
maritimus,2
albanus,2
ora,2
perfero,2
propinquitas,2
speciosus,2
satio,2
exsuctus,2
cohaereo,2
ruinosus,2
exstructum,2
ruina,2
nolo,2
intrinsecus,2
ordinarius,2
protrudo,2
seruio,2
consolido,2
aestimo,2
olim,2
attalicus,2
sacerdotium,2
munio,2
colossicus,2
impudicus,2
congrego,2
barbarus,2
decurro,2
adipiscor,2
regno,2
opinor,2
occido,2
remoueo,2
deuenio,2
pilum,2
coaxo,2
multiplico,2
fax,2
praegnas,2
medulla,2
emorior,2
sanies,2
aequalitas,2
senesco,2
discrepo,2
accendo,2
nodus,2
aesculus,2
fagus,2
salix,2
multo,2
commissura,2
coagmentatio,2
bestiola,2
cedrus,2
iuniperus,2
cupresseus,2
tarde,2
admoueo,2
pyra,2
comprehendo,2
concido,2
facultas,2
mel,2
animaduersio,2
opacus,2
dolo,2
fenestratus,2
occulo,2
artificium,2
forensis,2
ni,2
familiaris,2
imbecillitas,2
certo,2
indoctus,2
emendate,2
pario,2
umbilicus,2
undecim,2
triens,2
supplicatio,2
drachma,2
obolus,2
denarius,2
sedecim,2
amphiprostylos,2
mucius,2
quini,2
quirinus,2
ascendo,2
tamquam,2
inauro,2
ceres,2
superuacuus,2
intercludo,2
quindecim,2
congesticius,2
expleo,2
bis,2
truncus,2
lysis,2
quadrum,2
scotia,2
actio,2
balteus,2
demetior,2
tredecim,2
intersectio,2
resupino,2
perfundo,2
deuoro,2
attribuo,2
gracilitas,2
maturus,2
poculum,2
interim,2
prognatus,2
columen,2
protego,2
materior,2
innuo,2
quapropter,2
imprimo,2
femina,2
tametsi,2
supplico,2
sacrifico,2
nihilum,2
replum,2
maneo,2
legitimus,2
recessus,2
castor,2
applico,2
poema,2
carmen,2
distinctus,2
pronuntiatio,2
obicio,2
ludo,2
adorno,2
maenianum,2
summitto,2
curius,2
lacunar,2
albarium,2
electus,2
resonantia,2
auditus,2
disturbo,2
indagatio,2
appellatio,2
desino,2
phthongus,2
triplico,2
communitas,2
aliquis,2
cano,2
scalaris,2
pusillus,2
nimius,2
aula,2
hospitale,2
peregre,2
regalis,2
resilio,2
dissono,2
circumsono,2
resono,2
consonans,2
opprimo,2
elatio,2
latine,2
choragium,2
antemna,2
pertexo,2
structilis,2
holus,2
legumen,2
pax,2
utique,2
intro,2
schola,2
seni,2
reductio,2
undecimus,2
conisterium,2
apte,2
naualis,2
promunturium,2
destino,2
pelagus,2
proclinatio,2
succido,2
quotienscumque,2
sicco,2
usque,2
subduco,2
naufragium,2
uestitus,2
dissimiliter,2
cratis,2
diuitia,2
pudor,2
ambio,2
suspicor,2
honestus,2
ingenuus,2
caesum,2
crispus,2
febris,2
obliquus,2
remissio,2
possideo,2
fortis,2
infringo,2
incurro,2
defluo,2
balnearius,2
tepidus,2
pallor,2
inuito,2
horreum,2
laxus,2
rus,2
summatim,2
expeditio,2
bubile,2
praesaepium,2
torcular,2
conuiuium,2
interpellatio,2
pullus,2
hospitalis,2
filia,2
incumbo,2
utiliter,2
sileo,2
furor,2
praedico,2
uiuo,2
condemno,2
uindico,2
musa,2
adsum,2
moneo,2
confiteor,2
coram,2
profero,2
extentio,2
piraeus,2
excellentia,2
paeonius,2
aresco,2
pandatio,2
querceus,2
substerno,2
decuria,2
sectilis,2
scutula,2
clauis,2
fricatus,2
digitalis,2
spica,2
maceratio,2
siticulosus,2
pinguis,2
intexo,2
caelo,2
extergeo,2
leuigo,2
ieiunitas,2
semen,2
fulgeo,2
canna,2
respuo,2
coronarius,2
fastigatus,2
troianus,2
calamus,2
candelabrum,2
minusculus,2
discus,2
uinco,2
parce,2
dictum,2
mica,2
fruor,2
interaresco,2
sextarius,2
contritus,2
diffundo,2
compressio,2
coactus,2
punicus,2
linteum,2
admixtus,2
librarium,2
farina,2
scobis,2
urceus,2
aeruca,2
suffundo,2
disco,2
conchylium,2
purpura,2
lacrima,2
uiola,2
coloro,2
inficio,2
allium,2
margarita,2
esca,2
exortus,2
insuauis,2
subsido,2
liquesco,2
iuncus,2
capacitas,2
scaphium,2
lucerna,2
accenseo,2
conduco,2
percolo,2
testimonium,2
indium,2
afer,2
efferuesco,2
bullio,2
tribus,2
cilicium,2
tarsus,2
hortus,2
salina,2
uitis,2
xanthus,2
mortifer,2
imprudens,2
morior,2
gusto,2
arcadia,2
acer,2
inscribo,2
canto,2
saepio,2
milito,2
discrepantia,2
quilibet,2
limpidus,2
sphaeroides,2
receptaculum,2
quinquagenarius,2
declinatio,2
geniculum,2
saburra,2
oblino,2
defodio,2
multiplicatio,2
expertus,2
cylindrus,2
lingua,2
bruma,2
peruolito,2
defero,2
rotunditas,2
lunaris,2
octogensimus,2
peruado,2
moror,2
peruolo,2
patefacio,2
candentia,2
illumino,2
decumo,2
attributus,2
arctos,2
subter,2
innitor,2
eos,2
cynosura,2
intorqueo,2
austrinus,2
anguis,2
coruus,2
gubernaculum,2
nauicula,2
puppis,2
canis,2
orion,2
crista,2
consido,2
philippus,2
horizon,2
subiectio,2
diuisus,2
linea,2
alias,2
bulla,2
resto,2
aestimatio,2
quadringenti,2
spes,2
spectatio,2
spirabilis,2
plaustrum,2
mola,2
diuarico,2
foro,2
polyspaston,2
conatus,2
uectura,2
propello,2
ouis,2
statera,2
pensio,2
momentum,2
porrectio,2
decido,2
stilus,2
paenula,2
calo,2
canon,2
manubrium,2
claudo,2
theca,2
nauigatio,2
contentio,2
pedalis,2
compactum,2
contabulatio,2
aduersarius,2
carchesium,2
malleolus,2
conflagro,2
immortalitas,1
fauor,1
aurelius,1
cn,1
cornelius,1
tormentum,1
recognitio,1
iurisconsultus,1
consummo,1
percontor,1
consentio,1
gloriose,1
declaro,1
matrona,1
poenus,1
peccatum,1
proelium,1
captiuus,1
meritum,1
punio,1
horresco,1
adrogans,1
fidelis,1
physiologia,1
praecludo,1
praeligo,1
ambitus,1
controuersia,1
locator,1
conductor,1
captio,1
puerilis,1
denuo,1
singulariter,1
quisquam,1
assiduitas,1
uulnus,1
sympathia,1
geometres,1
logos,1
abunde,1
raro,1
ignosco,1
taxus,1
oeconomia,1
sumptio,1
idea,1
adumbratio,1
consensus,1
fulgur,1
decet,1
construo,1
mediocritas,1
seuerus,1
prospectus,1
inhonestus,1
conualesco,1
dispensatio,1
parcus,1
beatus,1
inambulatio,1
pruinosus,1
uicinitas,1
adiungo,1
habitator,1
tepesco,1
caleo,1
licet,1
obsonium,1
aduersum,1
exsupero,1
diluo,1
infirmo,1
aquatilis,1
perduro,1
defectio,1
reuoco,1
statiuus,1
inspicio,1
expers,1
transmigro,1
splen,1
rudo,1
lien,1
concito,1
salsitudo,1
putesco,1
incola,1
hostilius,1
mercatus,1
municeps,1
mancipium,1
uulnero,1
praeceps,1
scaeuus,1
scutum,1
difficiliter,1
muralis,1
contigno,1
repugno,1
rescindo,1
praecipito,1
suffossio,1
cohors,1
praefinio,1
opto,1
babylon,1
angiportus,1
tussio,1
factio,1
cauea,1
feruo,1
exclusio,1
grauitudo,1
tussis,1
eiectio,1
medico,1
defatigo,1
agitatio,1
triton,1
exploro,1
indago,1
iste,1
trecentiens,1
deciens,1
tricies,1
nongenti,1
quingenti,1
argestes,1
etesia,1
subterraneus,1
antelucanus,1
crastinus,1
euito,1
repono,1
mediterraneus,1
tutela,1
amphitheatrum,1
etruscus,1
haruspex,1
insuesco,1
adulescens,1
libido,1
uolcanus,1
armiger,1
dissensio,1
caste,1
sanctus,1
propinquus,1
purpuratus,1
quamprimum,1
existimo,1
perungo,1
populeus,1
incedo,1
affero,1
patera,1
infans,1
affluo,1
mecum,1
commendo,1
uescor,1
quondam,1
perterreo,1
obtingo,1
euentus,1
for,1
pronus,1
hirundo,1
nidus,1
imitabilis,1
furca,1
scandalum,1
phryx,1
egeo,1
perfodio,1
areopagus,1
commonefacio,1
romulus,1
armo,1
ferus,1
mansuetus,1
atomus,1
indiuiduum,1
indiuiduus,1
interitio,1
sectio,1
albidus,1
cretosus,1
leuitas,1
ponderosus,1
aggero,1
acriter,1
rigidus,1
seiungo,1
quinquennium,1
datio,1
calleo,1
onerosus,1
stridor,1
uestimentum,1
excerno,1
intermissio,1
iaceo,1
concoquo,1
resoluo,1
pinguitudo,1
explicatus,1
minute,1
instructura,1
residuus,1
ualor,1
sulfur,1
exsurgo,1
consimilis,1
recepto,1
spongia,1
sabulosus,1
glareosus,1
cingo,1
disparatum,1
frio,1
exedo,1
diffluo,1
iniurius,1
tarquiniensis,1
praefectura,1
paratus,1
exsicco,1
sugo,1
proruo,1
uincio,1
aceruatim,1
labes,1
inaequalis,1
studeo,1
locatio,1
pretium,1
praeteritus,1
octogesimus,1
lacedaemon,1
interseco,1
comitium,1
aedilitas,1
murena,1
otium,1
collegium,1
salmacis,1
rumor,1
pigeo,1
discurro,1
latrocinium,1
crudeliter,1
uasto,1
colona,1
quaestus,1
allecto,1
singillatim,1
scriptus,1
uxor,1
abstrusus,1
celo,1
plausus,1
trucido,1
laureatus,1
stigma,1
nefas,1
graius,1
potentia,1
uectigalis,1
liceor,1
cenaculum,1
calamitas,1
satius,1
turgesco,1
marcidus,1
autumnus,1
anniuersarius,1
uanus,1
uenalis,1
sanus,1
alimentum,1
procreatio,1
flaccesco,1
recipero,1
tempestiuus,1
caedes,1
arbustum,1
castro,1
concresco,1
similitas,1
pondero,1
proximitas,1
enodis,1
nodatio,1
durities,1
intestinum,1
eiecto,1
operatio,1
marcesco,1
tilia,1
rigiditas,1
sculptura,1
palatio,1
fraxinus,1
pando,1
carpinus,1
pandus,1
cedrium,1
larix,1
municipalis,1
amaritas,1
abiegnus,1
ratis,1
commeatus,1
pareo,1
sudis,1
iaculor,1
imperatum,1
fasciculus,1
circumuallo,1
oppidanus,1
dedo,1
certe,1
traiectio,1
prolixus,1
tractabilis,1
deterior,1
infernus,1
pertingo,1
uergo,1
urgeo,1
uitalis,1
adueho,1
pythia,1
consideratio,1
magnes,1
illustris,1
analogia,1
nasus,1
supinus,1
metior,1
culpa,1
monas,1
sesquialter,1
bes,1
sexies,1
quadrans,1
hodiernus,1
sestertius,1
en,1
collinus,1
faunus,1
undeni,1
stator,1
octoni,1
deni,1
equester,1
amplector,1
abstrudo,1
difficultas,1
uaricus,1
probabilis,1
desiderium,1
tumidus,1
quinquagesimus,1
circumcido,1
exsequor,1
quadraginta,1
blandior,1
sublica,1
libet,1
reliquor,1
perseco,1
supplementum,1
ructus,1
errabundus,1
excelsitas,1
achaia,1
nympha,1
argi,1
etiamnum,1
arrogantia,1
indictus,1
calceus,1
cincinnus,1
crinis,1
ruga,1
uirginalis,1
nuptiae,1
decedo,1
sepultura,1
materiatus,1
praeseco,1
tabella,1
coronula,1
fere,1
subtus,1
disconuenio,1
incommodus,1
femur,1
merus,1
quadratio,1
discerno,1
adiutrix,1
uotum,1
respicio,1
conspectus,1
salutatio,1
excurro,1
unguis,1
parotis,1
cardinalis,1
quadriforis,1
clathratus,1
echinus,1
concalefacio,1
pyramis,1
ueiouis,1
argutus,1
pallas,1
distinguo,1
uesta,1
amplificatio,1
lector,1
metrum,1
prolecto,1
late,1
euagor,1
negotium,1
iactus,1
incubo,1
iacio,1
chorus,1
canticum,1
intercapedo,1
inusitatus,1
publica,1
gladiatorius,1
argentarius,1
propterea,1
teres,1
adiunctus,1
augustus,1
negotior,1
conuoco,1
fulmentum,1
culmen,1
extrinsecus,1
operosus,1
carcer,1
priusquam,1
festus,1
coniunx,1
persedeo,1
surdus,1
sensibilis,1
latissime,1
corneus,1
interpretor,1
constans,1
sonorus,1
communiter,1
translatio,1
cantus,1
uacuus,1
ferio,1
musica,1
tabulatio,1
citharoedus,1
lucius,1
diruo,1
conformatio,1
perimetros,1
senator,1
gestus,1
subsellium,1
praeripio,1
intercurro,1
inprobus,1
uiduo,1
aduentus,1
tonitrus,1
actor,1
thymelicus,1
quotiens,1
amplifico,1
exsoluo,1
dissero,1
noto,1
dispositus,1
incensus,1
abundanter,1
instructio,1
importo,1
carnis,1
lignatio,1
comporto,1
tributim,1
uasarium,1
caldarius,1
alueolus,1
suspensio,1
laterculus,1
uncinus,1
sedo,1
dimissio,1
uentosus,1
aspergo,1
semita,1
uestio,1
tradux,1
cumae,1
arcas,1
aequilibris,1
exaequatio,1
surruo,1
praecipitatio,1
teredo,1
exclamo,1
comes,1
dono,1
quisnam,1
mando,1
uiaticum,1
eno,1
uastatio,1
hortor,1
peregrinus,1
inops,1
despicio,1
uallo,1
labidus,1
comoedia,1
liberi,1
infamia,1
erus,1
ambigo,1
rogatus,1
suspiciosus,1
patrimonium,1
proteruitas,1
cognatus,1
iacto,1
fiducia,1
domi,1
sutrinus,1
ingratus,1
tellus,1
deflagro,1
roscidus,1
corporo,1
derecto,1
rufus,1
fuscus,1
exiguus,1
consonanter,1
calix,1
crepitus,1
largiter,1
stupeo,1
acerrime,1
stupor,1
succumbo,1
tarditas,1
considerantia,1
inruo,1
refragor,1
immoderatus,1
refringo,1
monstratio,1
tandem,1
saepis,1
quatenus,1
enato,1
commoueo,1
effusio,1
commutatio,1
compluuium,1
restagno,1
sexaginta,1
octoginta,1
interpositio,1
curuus,1
hibernum,1
praetendo,1
plumarius,1
textrinum,1
constantia,1
immuto,1
extraneus,1
inuocatus,1
tabulinum,1
stabulum,1
crypta,1
apotheca,1
insidiae,1
pauimentatus,1
agricola,1
septeni,1
olearius,1
calefacio,1
olearis,1
dolium,1
ouile,1
concalesco,1
curculio,1
focus,1
stabulo,1
pistrinum,1
luminosus,1
uicinus,1
officio,1
sarcina,1
aedificator,1
introeo,1
ostiarius,1
introitus,1
prosto,1
pasta,1
lanificus,1
sessio,1
thalamus,1
gynaeconitis,1
accumbo,1
domuncula,1
opulentus,1
cena,1
xenium,1
liberalitas,1
ualde,1
quid,1
fornicatio,1
molitio,1
fornix,1
uter,1
tripertito,1
sapienter,1
relatio,1
intereo,1
inuidiose,1
socrates,1
aristoteles,1
inuidus,1
uiolo,1
impius,1
pergama,1
zelus,1
cupiditas,1
incito,1
propagatio,1
lectus,1
perlego,1
silentium,1
armarium,1
ignominia,1
adopto,1
cognomen,1
ilias,1
absento,1
uexo,1
homerus,1
parricidium,1
damnatus,1
uarie,1
crux,1
coniectus,1
accido,1
mereo,1
promereo,1
facundus,1
tragoedia,1
monitum,1
samos,1
armamentarium,1
magnesium,1
satyrus,1
certatim,1
nexo,1
pollus,1
fufidius,1
suspectus,1
seruus,1
afficio,1
cossutius,1
prouidentia,1
statumen,1
necessario,1
rediuiuus,1
pinsatio,1
pinso,1
exstructio,1
fauus,1
perfrico,1
leuigatio,1
incerno,1
duresco,1
contestor,1
persterno,1
discessus,1
deferueo,1
pustula,1
ascia,1
ascio,1
buxus,1
olea,1
spartum,1
hispanicus,1
subinde,1
mataxa,1
cultellus,1
gypsum,1
excepto,1
praecipio,1
priscus,1
periculosus,1
rutrum,1
udus,1
contingo,1
rumpo,1
obtineo,1
euanesco,1
cisterna,1
muscarius,1
tegmen,1
paululum,1
perstringo,1
hamatus,1
dealbo,1
conglutino,1
pure,1
displiceo,1
spisse,1
cos,1
despumo,1
pytisma,1
ministro,1
euripus,1
pastor,1
pugna,1
erratio,1
monstrum,1
aedicula,1
inertia,1
conuinco,1
necne,1
argumentatio,1
fingo,1
ciuilis,1
indecens,1
status,1
existimatio,1
reuiuesco,1
amentia,1
insumo,1
dominicus,1
huc,1
pretiosus,1
repraesento,1
molior,1
assula,1
molo,1
argentifodina,1
melinus,1
cyclas,1
melos,1
surrufus,1
fossor,1
furnus,1
resideo,1
conuerro,1
elido,1
scripulum,1
cinis,1
pilus,1
relictio,1
scriba,1
liquefacio,1
saeta,1
sudo,1
candela,1
candesco,1
fornacula,1
curuo,1
adhaeresco,1
taeda,1
schidia,1
faex,1
nitrum,1
contero,1
conspergo,1
ater,1
creo,1
scindo,1
concha,1
infectus,1
rubia,1
uaccinium,1
temperans,1
lacto,1
caritas,1
anularius,1
decorus,1
magus,1
auditor,1
dissolutio,1
cohaerentia,1
coctio,1
desertum,1
exsuco,1
mortalis,1
assigno,1
infinitas,1
gratuitus,1
hydria,1
castus,1
benignitas,1
solutus,1
limosus,1
uber,1
montanus,1
erraticus,1
hedera,1
sata,1
peluis,1
operio,1
uellus,1
lana,1
concinno,1
reliquiae,1
pertempto,1
siluosus,1
nix,1
liquo,1
auoco,1
confluo,1
conglobo,1
tenebrae,1
congestus,1
indus,1
tigris,1
celticus,1
tiberis,1
subterfluo,1
circumcingo,1
profluentia,1
oceanus,1
ichneumon,1
crocodilus,1
hippopotamus,1
amnis,1
permuto,1
camena,1
incorruptus,1
albulus,1
fragor,1
prauus,1
paralysis,1
foueo,1
uestinus,1
aluus,1
struma,1
tumor,1
dolor,1
aethiopius,1
carthago,1
citreus,1
euomo,1
babylo,1
numida,1
diripio,1
extraho,1
phrygius,1
uinea,1
saeptum,1
subsum,1
coagulum,1
ei,1
fonticulus,1
paruulus,1
maeonia,1
mamertinus,1
falernus,1
funda,1
caecubus,1
turifer,1
piper,1
baca,1
murra,1
glaebula,1
ferula,1
armentum,1
boeotius,1
lucanus,1
prosemino,1
maleficus,1
neptunius,1
thrax,1
thessalia,1
sepelio,1
uiator,1
mulinus,1
cottius,1
campanus,1
ubique,1
lacerta,1
uesica,1
intingo,1
concrescentia,1
cortex,1
obliuiscor,1
poto,1
temulentus,1
turgidus,1
guttur,1
abstemius,1
inimicus,1
rabies,1
sanitas,1
insculpo,1
iucundus,1
saxeus,1
iuba,1
africa,1
mirabilis,1
gaius,1
emo,1
formosus,1
puella,1
urina,1
iocus,1
caro,1
piscatus,1
lippus,1
defundo,1
muscus,1
inquinamentum,1
lacunosus,1
centenus,1
triplex,1
plumbea,1
octogenarius,1
quadragenarius,1
tricenarius,1
declino,1
tumesco,1
belle,1
plumbarius,1
uictus,1
integritas,1
effugio,1
interimo,1
aestuarium,1
percolatio,1
transmuto,1
olympia,1
isthmia,1
triumpho,1
quadriga,1
patrius,1
tributus,1
scriptor,1
exacuo,1
culta,1
floridus,1
incolumis,1
arbitro,1
recognosco,1
diagonalis,1
pagina,1
monitus,1
hostia,1
miro,1
nimium,1
uotiuus,1
manupretium,1
appendo,1
contemptus,1
exsilio,1
gaudium,1
identidem,1
clamo,1
quanto,1
refundo,1
eodem,1
manifestus,1
concitatio,1
instinctus,1
sicuti,1
ennius,1
accius,1
lucretius,1
rhetoricus,1
cicero,1
delibero,1
crescentus,1
uisito,1
inuisitatus,1
subiacens,1
occulto,1
conuersatio,1
supprimo,1
utrimque,1
ascensio,1
uicesimus,1
retardatio,1
luceo,1
antecurro,1
lucifer,1
nonnumquam,1
commoror,1
transilio,1
demoror,1
trecentesimus,1
circulatio,1
triceni,1
quadrageni,1
sescentesimus,1
placidus,1
undetriginta,1
transitio,1
abstantia,1
obscuratio,1
diuinatio,1
refreno,1
regredior,1
quinto,1
retentio,1
flagro,1
figulus,1
formica,1
accresco,1
etiamsi,1
aether,1
deminutio,1
chaldaicus,1
numerarius,1
ardesco,1
decrescentia,1
reuocatio,1
numero,1
uisitatio,1
triduum,1
arctus,1
arcturus,1
haedus,1
capra,1
perseus,1
spina,1
aquila,1
sceptrum,1
genu,1
ingeniculo,1
lyra,1
geniculatus,1
dorsum,1
polus,1
eluceo,1
draco,1
inicio,1
replico,1
turibulum,1
aculeus,1
agmen,1
succingo,1
crater,1
peraeque,1
cratera,1
argus,1
lepus,1
fusio,1
cous,1
meto,1
aro,1
axon,1
u,1
pigritia,1
flaminius,1
pan,1
conus,1
pharetra,1
conicus,1
pensilis,1
tonsor,1
dictus,1
tractus,1
gemma,1
percussus,1
sordes,1
bucina,1
coartatio,1
correptio,1
anaphoricus,1
menstruum,1
sacoma,1
saburralis,1
coarto,1
procliuis,1
condicio,1
decretum,1
bonum,1
abicio,1
desisto,1
gladiator,1
inductio,1
cautus,1
praetor,1
aedilis,1
pertraho,1
plecto,1
colligatio,1
assumo,1
mechanicus,1
torcularius,1
praeceptrix,1
magistra,1
interdum,1
tela,1
conecto,1
stamen,1
subtemen,1
honestas,1
aratrum,1
praeparatio,1
portatio,1
sarracum,1
iniquitas,1
follis,1
cisium,1
forfex,1
accommodo,1
circumuoluo,1
illigo,1
resticula,1
distendo,1
quadrifarius,1
terni,1
artemon,1
facilitas,1
exonero,1
subductio,1
mollitudo,1
carrus,1
complector,1
infigo,1
subiungo,1
ueho,1
insto,1
deductio,1
diffringo,1
cedo,1
soluo,1
cursim,1
hodie,1
diuersus,1
leuatio,1
oppressio,1
aequipondium,1
molliter,1
onerarius,1
gubernator,1
merx,1
malum,1
scalmus,1
stropha,1
parma,1
spuma,1
impulsus,1
operarius,1
promoueo,1
examen,1
ponderatio,1
duriter,1
collum,1
irrigo,1
communico,1
perueho,1
octans,1
secta,1
pythagoricus,1
orthogonius,1
gemellus,1
furcilla,1
attempero,1
tuba,1
embolum,1
mutuor,1
merula,1
eblandior,1
seligo,1
fundula,1
ambulatilis,1
lanatus,1
taxillus,1
ceruicula,1
itus,1
reditus,1
agglutino,1
pertineo,1
pulsus,1
compressus,1
multiplex,1
dilucide,1
profecto,1
nauigo,1
produco,1
eueho,1
pacatum,1
metus,1
ratiocinator,1
dimidium,1
chelae,1
antefixus,1
portio,1
accepta,1
discribo,1
sicilicus,1
operimentum,1
clauicula,1
inseco,1
excisio,1
cuneolus,1
auditio,1
defensa,1
oppugnatio,1
demolio,1
demolitio,1
communitio,1
uarus,1
bubulus,1
ambulatorius,1
circumfero,1
transitus,1
grus,1
inibi,1
corax,1
prinus,1
texo,1
consuo,1
alga,1
intus,1
intueor,1
alternis,1
quadruplico,1
rete,1
disicio,1
praestringo,1
scalae,1
audax,1
temerarius,1
euerto,1
merces,1
tempore,1
pertinacia,1
palmo,1
iniuria,1
infestus,1
uastitas,1
ephebus,1
deprecor,1
uorago,1
sapientia,1
exorno,1
repugnatorius,1
sambuca,1
circumsedeo,1
speculator,1
perturbo,1
alexandrinus,1
barathrum,1
piscina,1
supplanto,1
laqueus,1
constringo,1
