{
  "curtius": "prose",
  "germanicus": "poetry",
  "carmina_pripea": "poetry",
  "pliny_younger": "prose",
  "pliny_maior": "prose",
  "persius": "poetry",
  "quintilian_inst": "prose",
  "asconius": "prose",
  "valerius_flaccus": "poetry",
  "calpurnius_siculus": "poetry",
  "quintilian_decl_mai": "prose",
  "ovid": "poetry",
  "manilius": "poetry",
  "cicero": "prose",
  "sallust": "prose",
  "propertius": "poetry",
  "petronius": "prose",
  "tibullus": "poetry",
  "vellius": "prose",
  "tacitus": "prose",
  "columella": "prose",
  "suplpicia": "poetry",
  "varro": "prose",
  "martial": "poetry",
  "lucan": "poetry",
  "vitruvius": "prose",
  "livy": "prose",
  "apuleius": "prose",
  "vergil": "poetry",
  "horace": "poetry",
  "grattius": "poetry",
  "statius": "poetry",
  "nepos": "prose",
  "juvenal": "poetry",
  "frontinus": "prose",
  "valerius_maximus": "prose",
  "pomponius_mela": "prose",
  "silius": "poetry",
  "corpus_caesarianum": "prose",
  "suetonius": "prose",
  "hyginus": "prose",
  "seneca_maior": "prose",
  "sen": "prose",
  "caesar": "prose",
  "catullus": "poetry",
  "ilias_latina": "poetry",
  "aug_res_gestae": "prose",
}