{
    "apuleius": [
        "/Users/tyler/Projects/latin-vocab-project/data/lat/text/lat_text_latin_library/apuleius/apuleius.mundo.txt",
        "/Users/tyler/Projects/latin-vocab-project/data/lat/text/lat_text_latin_library/apuleius/apuleius.cupid.txt",
        "/Users/tyler/Projects/latin-vocab-project/data/lat/text/lat_text_latin_library/apuleius/apuleius8.txt",
        "/Users/tyler/Projects/latin-vocab-project/data/lat/text/lat_text_latin_library/apuleius/apuleius.apol.txt",
        "/Users/tyler/Projects/latin-vocab-project/data/lat/text/lat_text_latin_library/apuleius/apuleius9.txt",
        "/Users/tyler/Projects/latin-vocab-project/data/lat/text/lat_text_latin_library/apuleius/apuleius.florida.txt",
        "/Users/tyler/Projects/latin-vocab-project/data/lat/text/lat_text_latin_library/apuleius/apuleius.deosocratis.txt",
        "/Users/tyler/Projects/latin-vocab-project/data/lat/text/lat_text_latin_library/apuleius/apuleius2.txt",
        "/Users/tyler/Projects/latin-vocab-project/data/lat/text/lat_text_latin_library/apuleius/apuleius3.txt",
        "/Users/tyler/Projects/latin-vocab-project/data/lat/text/lat_text_latin_library/apuleius/apuleius1.txt",
        "/Users/tyler/Projects/latin-vocab-project/data/lat/text/lat_text_latin_library/apuleius/apuleius4.txt",
        "/Users/tyler/Projects/latin-vocab-project/data/lat/text/lat_text_latin_library/apuleius/apuleius5.txt",
        "/Users/tyler/Projects/latin-vocab-project/data/lat/text/lat_text_latin_library/apuleius/apuleius7.txt",
        "/Users/tyler/Projects/latin-vocab-project/data/lat/text/lat_text_latin_library/apuleius/apuleius6.txt",
        "/Users/tyler/Projects/latin-vocab-project/data/lat/text/lat_text_latin_library/apuleius/apuleius.dog1.txt",
        "/Users/tyler/Projects/latin-vocab-project/data/lat/text/lat_text_latin_library/apuleius/apuleius.dog2.txt",
        "/Users/tyler/Projects/latin-vocab-project/data/lat/text/lat_text_latin_library/apuleius/apuleius10.txt",
        "/Users/tyler/Projects/latin-vocab-project/data/lat/text/lat_text_latin_library/apuleius/apuleius11.txt"
    ],
    "asconius": [
        "/Users/tyler/Projects/latin-vocab-project/data/lat/text/lat_text_latin_library/asconius.txt"
    ],
    "aug_res_gestae": [
        "/Users/tyler/Projects/latin-vocab-project/data/lat/text/lat_text_latin_library/resgestae.txt"
    ],
    "caesar": [
        "/Users/tyler/Projects/latin-vocab-project/data/lat/text/lat_text_latin_library/caesar/gall1.txt",
        "/Users/tyler/Projects/latin-vocab-project/data/lat/text/lat_text_latin_library/caesar/gall2.txt",
        "/Users/tyler/Projects/latin-vocab-project/data/lat/text/lat_text_latin_library/caesar/gall3.txt",
        "/Users/tyler/Projects/latin-vocab-project/data/lat/text/lat_text_latin_library/caesar/gall4.txt",
        "/Users/tyler/Projects/latin-vocab-project/data/lat/text/lat_text_latin_library/caesar/gall5.txt",
        "/Users/tyler/Projects/latin-vocab-project/data/lat/text/lat_text_latin_library/caesar/gall6.txt",
        "/Users/tyler/Projects/latin-vocab-project/data/lat/text/lat_text_latin_library/caesar/gall7.txt",
        "/Users/tyler/Projects/latin-vocab-project/data/lat/text/lat_text_latin_library/caesar/bc1.txt",
        "/Users/tyler/Projects/latin-vocab-project/data/lat/text/lat_text_latin_library/caesar/bc2.txt",
        "/Users/tyler/Projects/latin-vocab-project/data/lat/text/lat_text_latin_library/caesar/bc3.txt"
    ],
    "calpurnius_siculus": [
        "/Users/tyler/Projects/latin-vocab-project/data/lat/text/lat_text_latin_library/calpurniussiculus.txt"
    ],
    "carmina_pripea": [
        "/Users/tyler/Projects/latin-vocab-project/data/lat/text/lat_text_latin_library/priapea.txt"
    ],
    "catullus": [
        "/Users/tyler/Projects/latin-vocab-project/data/lat/text/lat_text_latin_library/catullus.txt"
    ],
    "cicero": [
        "/Users/tyler/Projects/latin-vocab-project/data/lat/text/lat_text_latin_library/cicero/phil10.txt",
        "/Users/tyler/Projects/latin-vocab-project/data/lat/text/lat_text_latin_library/cicero/off3.txt",
        "/Users/tyler/Projects/latin-vocab-project/data/lat/text/lat_text_latin_library/cicero/phil1.txt",
        "/Users/tyler/Projects/latin-vocab-project/data/lat/text/lat_text_latin_library/cicero/off2.txt",
        "/Users/tyler/Projects/latin-vocab-project/data/lat/text/lat_text_latin_library/cicero/phil11.txt",
        "/Users/tyler/Projects/latin-vocab-project/data/lat/text/lat_text_latin_library/cicero/cat1.txt",
        "/Users/tyler/Projects/latin-vocab-project/data/lat/text/lat_text_latin_library/cicero/cat3.txt",
        "/Users/tyler/Projects/latin-vocab-project/data/lat/text/lat_text_latin_library/cicero/verres.2.5.txt",
        "/Users/tyler/Projects/latin-vocab-project/data/lat/text/lat_text_latin_library/cicero/balbo.txt",
        "/Users/tyler/Projects/latin-vocab-project/data/lat/text/lat_text_latin_library/cicero/phil13.txt",
        "/Users/tyler/Projects/latin-vocab-project/data/lat/text/lat_text_latin_library/cicero/partitione.txt",
        "/Users/tyler/Projects/latin-vocab-project/data/lat/text/lat_text_latin_library/cicero/att9.txt",
        "/Users/tyler/Projects/latin-vocab-project/data/lat/text/lat_text_latin_library/cicero/milo.txt",
        "/Users/tyler/Projects/latin-vocab-project/data/lat/text/lat_text_latin_library/cicero/phil2.txt",
        "/Users/tyler/Projects/latin-vocab-project/data/lat/text/lat_text_latin_library/cicero/orator.txt",
        "/Users/tyler/Projects/latin-vocab-project/data/lat/text/lat_text_latin_library/cicero/phil3.txt",
        "/Users/tyler/Projects/latin-vocab-project/data/lat/text/lat_text_latin_library/cicero/off1.txt",
        "/Users/tyler/Projects/latin-vocab-project/data/lat/text/lat_text_latin_library/cicero/att8.txt",
        "/Users/tyler/Projects/latin-vocab-project/data/lat/text/lat_text_latin_library/cicero/vatin.txt",
        "/Users/tyler/Projects/latin-vocab-project/data/lat/text/lat_text_latin_library/cicero/phil12.txt",
        "/Users/tyler/Projects/latin-vocab-project/data/lat/text/lat_text_latin_library/cicero/compet.txt",
        "/Users/tyler/Projects/latin-vocab-project/data/lat/text/lat_text_latin_library/cicero/verres.2.4.txt",
        "/Users/tyler/Projects/latin-vocab-project/data/lat/text/lat_text_latin_library/cicero/cat2.txt",
        "/Users/tyler/Projects/latin-vocab-project/data/lat/text/lat_text_latin_library/cicero/fam8.txt",
        "/Users/tyler/Projects/latin-vocab-project/data/lat/text/lat_text_latin_library/cicero/phil7.txt",
        "/Users/tyler/Projects/latin-vocab-project/data/lat/text/lat_text_latin_library/cicero/murena.txt",
        "/Users/tyler/Projects/latin-vocab-project/data/lat/text/lat_text_latin_library/cicero/phil6.txt",
        "/Users/tyler/Projects/latin-vocab-project/data/lat/text/lat_text_latin_library/cicero/topica.txt",
        "/Users/tyler/Projects/latin-vocab-project/data/lat/text/lat_text_latin_library/cicero/adbrutum2.txt",
        "/Users/tyler/Projects/latin-vocab-project/data/lat/text/lat_text_latin_library/cicero/fam9.txt",
        "/Users/tyler/Projects/latin-vocab-project/data/lat/text/lat_text_latin_library/cicero/imp.txt",
        "/Users/tyler/Projects/latin-vocab-project/data/lat/text/lat_text_latin_library/cicero/verres.2.1.txt",
        "/Users/tyler/Projects/latin-vocab-project/data/lat/text/lat_text_latin_library/cicero/sestio.txt",
        "/Users/tyler/Projects/latin-vocab-project/data/lat/text/lat_text_latin_library/cicero/verres.2.3.txt",
        "/Users/tyler/Projects/latin-vocab-project/data/lat/text/lat_text_latin_library/cicero/fato.txt",
        "/Users/tyler/Projects/latin-vocab-project/data/lat/text/lat_text_latin_library/cicero/phil4.txt",
        "/Users/tyler/Projects/latin-vocab-project/data/lat/text/lat_text_latin_library/cicero/phil5.txt",
        "/Users/tyler/Projects/latin-vocab-project/data/lat/text/lat_text_latin_library/cicero/rabirio.txt",
        "/Users/tyler/Projects/latin-vocab-project/data/lat/text/lat_text_latin_library/cicero/acad.txt",
        "/Users/tyler/Projects/latin-vocab-project/data/lat/text/lat_text_latin_library/cicero/adbrutum1.txt",
        "/Users/tyler/Projects/latin-vocab-project/data/lat/text/lat_text_latin_library/cicero/phil14.txt",
        "/Users/tyler/Projects/latin-vocab-project/data/lat/text/lat_text_latin_library/cicero/verres.2.2.txt",
        "/Users/tyler/Projects/latin-vocab-project/data/lat/text/lat_text_latin_library/cicero/quinc.txt",
        "/Users/tyler/Projects/latin-vocab-project/data/lat/text/lat_text_latin_library/cicero/cat4.txt",
        "/Users/tyler/Projects/latin-vocab-project/data/lat/text/lat_text_latin_library/cicero/cael.txt",
        "/Users/tyler/Projects/latin-vocab-project/data/lat/text/lat_text_latin_library/cicero/repub6.txt",
        "/Users/tyler/Projects/latin-vocab-project/data/lat/text/lat_text_latin_library/cicero/marc.txt",
        "/Users/tyler/Projects/latin-vocab-project/data/lat/text/lat_text_latin_library/cicero/brut.txt",
        "/Users/tyler/Projects/latin-vocab-project/data/lat/text/lat_text_latin_library/cicero/scauro.txt",
        "/Users/tyler/Projects/latin-vocab-project/data/lat/text/lat_text_latin_library/cicero/repub4.txt",
        "/Users/tyler/Projects/latin-vocab-project/data/lat/text/lat_text_latin_library/cicero/repub5.txt",
        "/Users/tyler/Projects/latin-vocab-project/data/lat/text/lat_text_latin_library/cicero/fonteio.txt",
        "/Users/tyler/Projects/latin-vocab-project/data/lat/text/lat_text_latin_library/cicero/fratrem2.txt",
        "/Users/tyler/Projects/latin-vocab-project/data/lat/text/lat_text_latin_library/cicero/repub1.txt",
        "/Users/tyler/Projects/latin-vocab-project/data/lat/text/lat_text_latin_library/cicero/oratore3.txt",
        "/Users/tyler/Projects/latin-vocab-project/data/lat/text/lat_text_latin_library/cicero/oratore2.txt",
        "/Users/tyler/Projects/latin-vocab-project/data/lat/text/lat_text_latin_library/cicero/fratrem3.txt",
        "/Users/tyler/Projects/latin-vocab-project/data/lat/text/lat_text_latin_library/cicero/fratrem1.txt",
        "/Users/tyler/Projects/latin-vocab-project/data/lat/text/lat_text_latin_library/cicero/repub2.txt",
        "/Users/tyler/Projects/latin-vocab-project/data/lat/text/lat_text_latin_library/cicero/amic.txt",
        "/Users/tyler/Projects/latin-vocab-project/data/lat/text/lat_text_latin_library/cicero/oratore1.txt",
        "/Users/tyler/Projects/latin-vocab-project/data/lat/text/lat_text_latin_library/cicero/cluentio.txt",
        "/Users/tyler/Projects/latin-vocab-project/data/lat/text/lat_text_latin_library/cicero/repub3.txt",
        "/Users/tyler/Projects/latin-vocab-project/data/lat/text/lat_text_latin_library/cicero/tusc1.txt",
        "/Users/tyler/Projects/latin-vocab-project/data/lat/text/lat_text_latin_library/cicero/haruspicum.txt",
        "/Users/tyler/Projects/latin-vocab-project/data/lat/text/lat_text_latin_library/cicero/inventione2.txt",
        "/Users/tyler/Projects/latin-vocab-project/data/lat/text/lat_text_latin_library/cicero/postreditum.txt",
        "/Users/tyler/Projects/latin-vocab-project/data/lat/text/lat_text_latin_library/cicero/plancio.txt",
        "/Users/tyler/Projects/latin-vocab-project/data/lat/text/lat_text_latin_library/cicero/senectute.txt",
        "/Users/tyler/Projects/latin-vocab-project/data/lat/text/lat_text_latin_library/cicero/tusc2.txt",
        "/Users/tyler/Projects/latin-vocab-project/data/lat/text/lat_text_latin_library/cicero/inventione1.txt",
        "/Users/tyler/Projects/latin-vocab-project/data/lat/text/lat_text_latin_library/cicero/tusc3.txt",
        "/Users/tyler/Projects/latin-vocab-project/data/lat/text/lat_text_latin_library/cicero/piso.txt",
        "/Users/tyler/Projects/latin-vocab-project/data/lat/text/lat_text_latin_library/cicero/legagr2.txt",
        "/Users/tyler/Projects/latin-vocab-project/data/lat/text/lat_text_latin_library/cicero/legagr3.txt",
        "/Users/tyler/Projects/latin-vocab-project/data/lat/text/lat_text_latin_library/cicero/tusc4.txt",
        "/Users/tyler/Projects/latin-vocab-project/data/lat/text/lat_text_latin_library/cicero/sex.rosc.txt",
        "/Users/tyler/Projects/latin-vocab-project/data/lat/text/lat_text_latin_library/cicero/legagr1.txt",
        "/Users/tyler/Projects/latin-vocab-project/data/lat/text/lat_text_latin_library/cicero/optgen.txt",
        "/Users/tyler/Projects/latin-vocab-project/data/lat/text/lat_text_latin_library/cicero/deio.txt",
        "/Users/tyler/Projects/latin-vocab-project/data/lat/text/lat_text_latin_library/cicero/tusc5.txt",
        "/Users/tyler/Projects/latin-vocab-project/data/lat/text/lat_text_latin_library/cicero/fam10.txt",
        "/Users/tyler/Projects/latin-vocab-project/data/lat/text/lat_text_latin_library/cicero/att13.txt",
        "/Users/tyler/Projects/latin-vocab-project/data/lat/text/lat_text_latin_library/cicero/fin2.txt",
        "/Users/tyler/Projects/latin-vocab-project/data/lat/text/lat_text_latin_library/cicero/leg1.txt",
        "/Users/tyler/Projects/latin-vocab-project/data/lat/text/lat_text_latin_library/cicero/att3.txt",
        "/Users/tyler/Projects/latin-vocab-project/data/lat/text/lat_text_latin_library/cicero/fam7.txt",
        "/Users/tyler/Projects/latin-vocab-project/data/lat/text/lat_text_latin_library/cicero/caecilium.txt",
        "/Users/tyler/Projects/latin-vocab-project/data/lat/text/lat_text_latin_library/cicero/phil8.txt",
        "/Users/tyler/Projects/latin-vocab-project/data/lat/text/lat_text_latin_library/cicero/phil9.txt",
        "/Users/tyler/Projects/latin-vocab-project/data/lat/text/lat_text_latin_library/cicero/divinatione2.txt",
        "/Users/tyler/Projects/latin-vocab-project/data/lat/text/lat_text_latin_library/cicero/fam6.txt",
        "/Users/tyler/Projects/latin-vocab-project/data/lat/text/lat_text_latin_library/cicero/rabiriopost.txt",
        "/Users/tyler/Projects/latin-vocab-project/data/lat/text/lat_text_latin_library/cicero/att2.txt",
        "/Users/tyler/Projects/latin-vocab-project/data/lat/text/lat_text_latin_library/cicero/fin3.txt",
        "/Users/tyler/Projects/latin-vocab-project/data/lat/text/lat_text_latin_library/cicero/att12.txt",
        "/Users/tyler/Projects/latin-vocab-project/data/lat/text/lat_text_latin_library/cicero/fam11.txt",
        "/Users/tyler/Projects/latin-vocab-project/data/lat/text/lat_text_latin_library/cicero/fam13.txt",
        "/Users/tyler/Projects/latin-vocab-project/data/lat/text/lat_text_latin_library/cicero/att10.txt",
        "/Users/tyler/Projects/latin-vocab-project/data/lat/text/lat_text_latin_library/cicero/fin1.txt",
        "/Users/tyler/Projects/latin-vocab-project/data/lat/text/lat_text_latin_library/cicero/caecina.txt",
        "/Users/tyler/Projects/latin-vocab-project/data/lat/text/lat_text_latin_library/cicero/leg2.txt",
        "/Users/tyler/Projects/latin-vocab-project/data/lat/text/lat_text_latin_library/cicero/fam4.txt",
        "/Users/tyler/Projects/latin-vocab-project/data/lat/text/lat_text_latin_library/cicero/divinatione1.txt",
        "/Users/tyler/Projects/latin-vocab-project/data/lat/text/lat_text_latin_library/cicero/fam5.txt",
        "/Users/tyler/Projects/latin-vocab-project/data/lat/text/lat_text_latin_library/cicero/att1.txt",
        "/Users/tyler/Projects/latin-vocab-project/data/lat/text/lat_text_latin_library/cicero/leg3.txt",
        "/Users/tyler/Projects/latin-vocab-project/data/lat/text/lat_text_latin_library/cicero/att11.txt",
        "/Users/tyler/Projects/latin-vocab-project/data/lat/text/lat_text_latin_library/cicero/arch.txt",
        "/Users/tyler/Projects/latin-vocab-project/data/lat/text/lat_text_latin_library/cicero/lig.txt",
        "/Users/tyler/Projects/latin-vocab-project/data/lat/text/lat_text_latin_library/cicero/fam12.txt",
        "/Users/tyler/Projects/latin-vocab-project/data/lat/text/lat_text_latin_library/cicero/fam16.txt",
        "/Users/tyler/Projects/latin-vocab-project/data/lat/text/lat_text_latin_library/cicero/att15.txt",
        "/Users/tyler/Projects/latin-vocab-project/data/lat/text/lat_text_latin_library/cicero/fin4.txt",
        "/Users/tyler/Projects/latin-vocab-project/data/lat/text/lat_text_latin_library/cicero/fam1.txt",
        "/Users/tyler/Projects/latin-vocab-project/data/lat/text/lat_text_latin_library/cicero/att5.txt",
        "/Users/tyler/Projects/latin-vocab-project/data/lat/text/lat_text_latin_library/cicero/sulla.txt",
        "/Users/tyler/Projects/latin-vocab-project/data/lat/text/lat_text_latin_library/cicero/att4.txt",
        "/Users/tyler/Projects/latin-vocab-project/data/lat/text/lat_text_latin_library/cicero/fin5.txt",
        "/Users/tyler/Projects/latin-vocab-project/data/lat/text/lat_text_latin_library/cicero/nd1.txt",
        "/Users/tyler/Projects/latin-vocab-project/data/lat/text/lat_text_latin_library/cicero/att14.txt",
        "/Users/tyler/Projects/latin-vocab-project/data/lat/text/lat_text_latin_library/cicero/fam15.txt",
        "/Users/tyler/Projects/latin-vocab-project/data/lat/text/lat_text_latin_library/cicero/consulatu.txt",
        "/Users/tyler/Projects/latin-vocab-project/data/lat/text/lat_text_latin_library/cicero/att16.txt",
        "/Users/tyler/Projects/latin-vocab-project/data/lat/text/lat_text_latin_library/cicero/prov.txt",
        "/Users/tyler/Projects/latin-vocab-project/data/lat/text/lat_text_latin_library/cicero/nd3.txt",
        "/Users/tyler/Projects/latin-vocab-project/data/lat/text/lat_text_latin_library/cicero/postreditum2.txt",
        "/Users/tyler/Projects/latin-vocab-project/data/lat/text/lat_text_latin_library/cicero/fam2.txt",
        "/Users/tyler/Projects/latin-vocab-project/data/lat/text/lat_text_latin_library/cicero/att6.txt",
        "/Users/tyler/Projects/latin-vocab-project/data/lat/text/lat_text_latin_library/cicero/ver1.txt",
        "/Users/tyler/Projects/latin-vocab-project/data/lat/text/lat_text_latin_library/cicero/rosccom.txt",
        "/Users/tyler/Projects/latin-vocab-project/data/lat/text/lat_text_latin_library/cicero/paradoxa.txt",
        "/Users/tyler/Projects/latin-vocab-project/data/lat/text/lat_text_latin_library/cicero/att7.txt",
        "/Users/tyler/Projects/latin-vocab-project/data/lat/text/lat_text_latin_library/cicero/flacco.txt",
        "/Users/tyler/Projects/latin-vocab-project/data/lat/text/lat_text_latin_library/cicero/fam3.txt",
        "/Users/tyler/Projects/latin-vocab-project/data/lat/text/lat_text_latin_library/cicero/domo.txt",
        "/Users/tyler/Projects/latin-vocab-project/data/lat/text/lat_text_latin_library/cicero/nd2.txt",
        "/Users/tyler/Projects/latin-vocab-project/data/lat/text/lat_text_latin_library/cicero/fam14.txt"
    ],
    "columella": [
        "/Users/tyler/Projects/latin-vocab-project/data/lat/text/lat_text_latin_library/columella/columella.rr4.txt",
        "/Users/tyler/Projects/latin-vocab-project/data/lat/text/lat_text_latin_library/columella/columella.rr5.txt",
        "/Users/tyler/Projects/latin-vocab-project/data/lat/text/lat_text_latin_library/columella/columella.rr7.txt",
        "/Users/tyler/Projects/latin-vocab-project/data/lat/text/lat_text_latin_library/columella/columella.rr6.txt",
        "/Users/tyler/Projects/latin-vocab-project/data/lat/text/lat_text_latin_library/columella/columella.rr2.txt",
        "/Users/tyler/Projects/latin-vocab-project/data/lat/text/lat_text_latin_library/columella/columella.rr3.txt",
        "/Users/tyler/Projects/latin-vocab-project/data/lat/text/lat_text_latin_library/columella/columella.rr1.txt",
        "/Users/tyler/Projects/latin-vocab-project/data/lat/text/lat_text_latin_library/columella/columella.rr10.txt",
        "/Users/tyler/Projects/latin-vocab-project/data/lat/text/lat_text_latin_library/columella/columella.rr11.txt",
        "/Users/tyler/Projects/latin-vocab-project/data/lat/text/lat_text_latin_library/columella/columella.rr12.txt",
        "/Users/tyler/Projects/latin-vocab-project/data/lat/text/lat_text_latin_library/columella/columella.arbor.txt",
        "/Users/tyler/Projects/latin-vocab-project/data/lat/text/lat_text_latin_library/columella/columella.rr8.txt",
        "/Users/tyler/Projects/latin-vocab-project/data/lat/text/lat_text_latin_library/columella/columella.rr9.txt"
    ],
    "corpus_caesarianum": [
        "/Users/tyler/Projects/latin-vocab-project/data/lat/text/lat_text_latin_library/caesar/gall8.txt",
        "/Users/tyler/Projects/latin-vocab-project/data/lat/text/lat_text_latin_library/caesar/hisp.txt",
        "/Users/tyler/Projects/latin-vocab-project/data/lat/text/lat_text_latin_library/caesar/bellafr.txt",
        "/Users/tyler/Projects/latin-vocab-project/data/lat/text/lat_text_latin_library/caesar/alex.txt"
    ],
    "curtius": [
        "/Users/tyler/Projects/latin-vocab-project/data/lat/text/lat_text_latin_library/curtius/curtius5.txt",
        "/Users/tyler/Projects/latin-vocab-project/data/lat/text/lat_text_latin_library/curtius/curtius4.txt",
        "/Users/tyler/Projects/latin-vocab-project/data/lat/text/lat_text_latin_library/curtius/curtius6.txt",
        "/Users/tyler/Projects/latin-vocab-project/data/lat/text/lat_text_latin_library/curtius/curtius7.txt",
        "/Users/tyler/Projects/latin-vocab-project/data/lat/text/lat_text_latin_library/curtius/curtius3.txt",
        "/Users/tyler/Projects/latin-vocab-project/data/lat/text/lat_text_latin_library/curtius/curtius10.txt",
        "/Users/tyler/Projects/latin-vocab-project/data/lat/text/lat_text_latin_library/curtius/curtius9.txt",
        "/Users/tyler/Projects/latin-vocab-project/data/lat/text/lat_text_latin_library/curtius/curtius8.txt"
    ],
    "frontinus": [
        "/Users/tyler/Projects/latin-vocab-project/data/lat/text/lat_text_latin_library/frontinus/aqua1.txt",
        "/Users/tyler/Projects/latin-vocab-project/data/lat/text/lat_text_latin_library/frontinus/lim.txt",
        "/Users/tyler/Projects/latin-vocab-project/data/lat/text/lat_text_latin_library/frontinus/aqua2.txt",
        "/Users/tyler/Projects/latin-vocab-project/data/lat/text/lat_text_latin_library/frontinus/qualitate.txt",
        "/Users/tyler/Projects/latin-vocab-project/data/lat/text/lat_text_latin_library/frontinus/contro.txt",
        "/Users/tyler/Projects/latin-vocab-project/data/lat/text/lat_text_latin_library/frontinus/strat2.txt",
        "/Users/tyler/Projects/latin-vocab-project/data/lat/text/lat_text_latin_library/frontinus/strat3.txt",
        "/Users/tyler/Projects/latin-vocab-project/data/lat/text/lat_text_latin_library/frontinus/strat1.txt",
        "/Users/tyler/Projects/latin-vocab-project/data/lat/text/lat_text_latin_library/frontinus/mensoria.txt",
        "/Users/tyler/Projects/latin-vocab-project/data/lat/text/lat_text_latin_library/frontinus/strat4.txt"
    ],
    "germanicus": [
        "/Users/tyler/Projects/latin-vocab-project/data/lat/text/lat_text_latin_library/germanicus.txt"
    ],
    "grattius": [
        "/Users/tyler/Projects/latin-vocab-project/data/lat/text/lat_text_latin_library/grattius.txt"
    ],
    "horace": [
        "/Users/tyler/Projects/latin-vocab-project/data/lat/text/lat_text_latin_library/horace/carm4.txt",
        "/Users/tyler/Projects/latin-vocab-project/data/lat/text/lat_text_latin_library/horace/carm1.txt",
        "/Users/tyler/Projects/latin-vocab-project/data/lat/text/lat_text_latin_library/horace/carm2.txt",
        "/Users/tyler/Projects/latin-vocab-project/data/lat/text/lat_text_latin_library/horace/carm3.txt",
        "/Users/tyler/Projects/latin-vocab-project/data/lat/text/lat_text_latin_library/horace/epist2.txt",
        "/Users/tyler/Projects/latin-vocab-project/data/lat/text/lat_text_latin_library/horace/epist1.txt",
        "/Users/tyler/Projects/latin-vocab-project/data/lat/text/lat_text_latin_library/horace/arspoet.txt",
        "/Users/tyler/Projects/latin-vocab-project/data/lat/text/lat_text_latin_library/horace/carmsaec.txt",
        "/Users/tyler/Projects/latin-vocab-project/data/lat/text/lat_text_latin_library/horace/ep.txt",
        "/Users/tyler/Projects/latin-vocab-project/data/lat/text/lat_text_latin_library/horace/serm2.txt",
        "/Users/tyler/Projects/latin-vocab-project/data/lat/text/lat_text_latin_library/horace/serm1.txt"
    ],
    "hyginus": [
        "/Users/tyler/Projects/latin-vocab-project/data/lat/text/lat_text_latin_library/hyginus/hyginus6.txt",
        "/Users/tyler/Projects/latin-vocab-project/data/lat/text/lat_text_latin_library/hyginus/hyginus5.txt",
        "/Users/tyler/Projects/latin-vocab-project/data/lat/text/lat_text_latin_library/hyginus/hyginus4.txt",
        "/Users/tyler/Projects/latin-vocab-project/data/lat/text/lat_text_latin_library/hyginus/hyginus1.txt",
        "/Users/tyler/Projects/latin-vocab-project/data/lat/text/lat_text_latin_library/hyginus/hyginus3.txt",
        "/Users/tyler/Projects/latin-vocab-project/data/lat/text/lat_text_latin_library/hyginus/hyginus2.txt"
    ],
    "ilias_latina": [
        "/Users/tyler/Projects/latin-vocab-project/data/lat/text/lat_text_latin_library/ilias.txt"
    ],
    "juvenal": [
        "/Users/tyler/Projects/latin-vocab-project/data/lat/text/lat_text_latin_library/juvenal/15.txt",
        "/Users/tyler/Projects/latin-vocab-project/data/lat/text/lat_text_latin_library/juvenal/14.txt",
        "/Users/tyler/Projects/latin-vocab-project/data/lat/text/lat_text_latin_library/juvenal/16.txt",
        "/Users/tyler/Projects/latin-vocab-project/data/lat/text/lat_text_latin_library/juvenal/13.txt",
        "/Users/tyler/Projects/latin-vocab-project/data/lat/text/lat_text_latin_library/juvenal/12.txt",
        "/Users/tyler/Projects/latin-vocab-project/data/lat/text/lat_text_latin_library/juvenal/10.txt",
        "/Users/tyler/Projects/latin-vocab-project/data/lat/text/lat_text_latin_library/juvenal/11.txt",
        "/Users/tyler/Projects/latin-vocab-project/data/lat/text/lat_text_latin_library/juvenal/9.txt",
        "/Users/tyler/Projects/latin-vocab-project/data/lat/text/lat_text_latin_library/juvenal/8.txt",
        "/Users/tyler/Projects/latin-vocab-project/data/lat/text/lat_text_latin_library/juvenal/5.txt",
        "/Users/tyler/Projects/latin-vocab-project/data/lat/text/lat_text_latin_library/juvenal/4.txt",
        "/Users/tyler/Projects/latin-vocab-project/data/lat/text/lat_text_latin_library/juvenal/6.txt",
        "/Users/tyler/Projects/latin-vocab-project/data/lat/text/lat_text_latin_library/juvenal/7.txt",
        "/Users/tyler/Projects/latin-vocab-project/data/lat/text/lat_text_latin_library/juvenal/3.txt",
        "/Users/tyler/Projects/latin-vocab-project/data/lat/text/lat_text_latin_library/juvenal/2.txt",
        "/Users/tyler/Projects/latin-vocab-project/data/lat/text/lat_text_latin_library/juvenal/1.txt"
    ],
    "livy": [
        "/Users/tyler/Projects/latin-vocab-project/data/lat/text/lat_text_latin_library/livy/liv.per67.txt",
        "/Users/tyler/Projects/latin-vocab-project/data/lat/text/lat_text_latin_library/livy/liv.per128.txt",
        "/Users/tyler/Projects/latin-vocab-project/data/lat/text/lat_text_latin_library/livy/liv.per73.txt",
        "/Users/tyler/Projects/latin-vocab-project/data/lat/text/lat_text_latin_library/livy/liv.per114.txt",
        "/Users/tyler/Projects/latin-vocab-project/data/lat/text/lat_text_latin_library/livy/liv.per100.txt",
        "/Users/tyler/Projects/latin-vocab-project/data/lat/text/lat_text_latin_library/livy/liv.per98.txt",
        "/Users/tyler/Projects/latin-vocab-project/data/lat/text/lat_text_latin_library/livy/liv.per99.txt",
        "/Users/tyler/Projects/latin-vocab-project/data/lat/text/lat_text_latin_library/livy/liv.per101.txt",
        "/Users/tyler/Projects/latin-vocab-project/data/lat/text/lat_text_latin_library/livy/liv.per115.txt",
        "/Users/tyler/Projects/latin-vocab-project/data/lat/text/lat_text_latin_library/livy/liv.per72.txt",
        "/Users/tyler/Projects/latin-vocab-project/data/lat/text/lat_text_latin_library/livy/liv.per129.txt",
        "/Users/tyler/Projects/latin-vocab-project/data/lat/text/lat_text_latin_library/livy/liv.per66.txt",
        "/Users/tyler/Projects/latin-vocab-project/data/lat/text/lat_text_latin_library/livy/liv.per136-7.txt",
        "/Users/tyler/Projects/latin-vocab-project/data/lat/text/lat_text_latin_library/livy/liv.per70.txt",
        "/Users/tyler/Projects/latin-vocab-project/data/lat/text/lat_text_latin_library/livy/liv.per64.txt",
        "/Users/tyler/Projects/latin-vocab-project/data/lat/text/lat_text_latin_library/livy/liv.per103.txt",
        "/Users/tyler/Projects/latin-vocab-project/data/lat/text/lat_text_latin_library/livy/liv.per58.txt",
        "/Users/tyler/Projects/latin-vocab-project/data/lat/text/lat_text_latin_library/livy/liv.per117.txt",
        "/Users/tyler/Projects/latin-vocab-project/data/lat/text/lat_text_latin_library/livy/liv.per116.txt",
        "/Users/tyler/Projects/latin-vocab-project/data/lat/text/lat_text_latin_library/livy/liv.per59.txt",
        "/Users/tyler/Projects/latin-vocab-project/data/lat/text/lat_text_latin_library/livy/liv.per102.txt",
        "/Users/tyler/Projects/latin-vocab-project/data/lat/text/lat_text_latin_library/livy/liv.per65.txt",
        "/Users/tyler/Projects/latin-vocab-project/data/lat/text/lat_text_latin_library/livy/liv.per71.txt",
        "/Users/tyler/Projects/latin-vocab-project/data/lat/text/lat_text_latin_library/livy/liv.per106.txt",
        "/Users/tyler/Projects/latin-vocab-project/data/lat/text/lat_text_latin_library/livy/liv.per49.txt",
        "/Users/tyler/Projects/latin-vocab-project/data/lat/text/lat_text_latin_library/livy/liv.per112.txt",
        "/Users/tyler/Projects/latin-vocab-project/data/lat/text/lat_text_latin_library/livy/liv.per75.txt",
        "/Users/tyler/Projects/latin-vocab-project/data/lat/text/lat_text_latin_library/livy/liv.per61.txt",
        "/Users/tyler/Projects/latin-vocab-project/data/lat/text/lat_text_latin_library/livy/liv.per60.txt",
        "/Users/tyler/Projects/latin-vocab-project/data/lat/text/lat_text_latin_library/livy/liv.per74.txt",
        "/Users/tyler/Projects/latin-vocab-project/data/lat/text/lat_text_latin_library/livy/liv.per113.txt",
        "/Users/tyler/Projects/latin-vocab-project/data/lat/text/lat_text_latin_library/livy/liv.per48.txt",
        "/Users/tyler/Projects/latin-vocab-project/data/lat/text/lat_text_latin_library/livy/liv.per107.txt",
        "/Users/tyler/Projects/latin-vocab-project/data/lat/text/lat_text_latin_library/livy/liv.per111.txt",
        "/Users/tyler/Projects/latin-vocab-project/data/lat/text/lat_text_latin_library/livy/liv.per105.txt",
        "/Users/tyler/Projects/latin-vocab-project/data/lat/text/lat_text_latin_library/livy/liv.per62.txt",
        "/Users/tyler/Projects/latin-vocab-project/data/lat/text/lat_text_latin_library/livy/liv.per139.txt",
        "/Users/tyler/Projects/latin-vocab-project/data/lat/text/lat_text_latin_library/livy/liv.per76.txt",
        "/Users/tyler/Projects/latin-vocab-project/data/lat/text/lat_text_latin_library/livy/liv.per89.txt",
        "/Users/tyler/Projects/latin-vocab-project/data/lat/text/lat_text_latin_library/livy/liv.per88.txt",
        "/Users/tyler/Projects/latin-vocab-project/data/lat/text/lat_text_latin_library/livy/liv.per77.txt",
        "/Users/tyler/Projects/latin-vocab-project/data/lat/text/lat_text_latin_library/livy/liv.per138.txt",
        "/Users/tyler/Projects/latin-vocab-project/data/lat/text/lat_text_latin_library/livy/liv.per63.txt",
        "/Users/tyler/Projects/latin-vocab-project/data/lat/text/lat_text_latin_library/livy/liv.per104.txt",
        "/Users/tyler/Projects/latin-vocab-project/data/lat/text/lat_text_latin_library/livy/liv.per110.txt",
        "/Users/tyler/Projects/latin-vocab-project/data/lat/text/lat_text_latin_library/livy/liv.per7.txt",
        "/Users/tyler/Projects/latin-vocab-project/data/lat/text/lat_text_latin_library/livy/liv.per10.txt",
        "/Users/tyler/Projects/latin-vocab-project/data/lat/text/lat_text_latin_library/livy/liv.per38.txt",
        "/Users/tyler/Projects/latin-vocab-project/data/lat/text/lat_text_latin_library/livy/liv.per39.txt",
        "/Users/tyler/Projects/latin-vocab-project/data/lat/text/lat_text_latin_library/livy/liv.per11.txt",
        "/Users/tyler/Projects/latin-vocab-project/data/lat/text/lat_text_latin_library/livy/liv.per6.txt",
        "/Users/tyler/Projects/latin-vocab-project/data/lat/text/lat_text_latin_library/livy/liv.per4.txt",
        "/Users/tyler/Projects/latin-vocab-project/data/lat/text/lat_text_latin_library/livy/liv.per13.txt",
        "/Users/tyler/Projects/latin-vocab-project/data/lat/text/lat_text_latin_library/livy/liv.38.txt",
        "/Users/tyler/Projects/latin-vocab-project/data/lat/text/lat_text_latin_library/livy/liv.10.txt",
        "/Users/tyler/Projects/latin-vocab-project/data/lat/text/lat_text_latin_library/livy/liv.39.txt",
        "/Users/tyler/Projects/latin-vocab-project/data/lat/text/lat_text_latin_library/livy/liv.per12.txt",
        "/Users/tyler/Projects/latin-vocab-project/data/lat/text/lat_text_latin_library/livy/liv.per5.txt",
        "/Users/tyler/Projects/latin-vocab-project/data/lat/text/lat_text_latin_library/livy/liv.per1.txt",
        "/Users/tyler/Projects/latin-vocab-project/data/lat/text/lat_text_latin_library/livy/liv.9.txt",
        "/Users/tyler/Projects/latin-vocab-project/data/lat/text/lat_text_latin_library/livy/liv.per16.txt",
        "/Users/tyler/Projects/latin-vocab-project/data/lat/text/lat_text_latin_library/livy/liv.29.txt",
        "/Users/tyler/Projects/latin-vocab-project/data/lat/text/lat_text_latin_library/livy/liv.28.txt",
        "/Users/tyler/Projects/latin-vocab-project/data/lat/text/lat_text_latin_library/livy/liv.per17.txt",
        "/Users/tyler/Projects/latin-vocab-project/data/lat/text/lat_text_latin_library/livy/liv.8.txt",
        "/Users/tyler/Projects/latin-vocab-project/data/lat/text/lat_text_latin_library/livy/liv.per2.txt",
        "/Users/tyler/Projects/latin-vocab-project/data/lat/text/lat_text_latin_library/livy/liv.per29.txt",
        "/Users/tyler/Projects/latin-vocab-project/data/lat/text/lat_text_latin_library/livy/liv.per15.txt",
        "/Users/tyler/Projects/latin-vocab-project/data/lat/text/lat_text_latin_library/livy/liv.per14.txt",
        "/Users/tyler/Projects/latin-vocab-project/data/lat/text/lat_text_latin_library/livy/liv.per28.txt",
        "/Users/tyler/Projects/latin-vocab-project/data/lat/text/lat_text_latin_library/livy/liv.per3.txt",
        "/Users/tyler/Projects/latin-vocab-project/data/lat/text/lat_text_latin_library/livy/liv.per25.txt",
        "/Users/tyler/Projects/latin-vocab-project/data/lat/text/lat_text_latin_library/livy/liv.6.txt",
        "/Users/tyler/Projects/latin-vocab-project/data/lat/text/lat_text_latin_library/livy/liv.per31.txt",
        "/Users/tyler/Projects/latin-vocab-project/data/lat/text/lat_text_latin_library/livy/liv.per19.txt",
        "/Users/tyler/Projects/latin-vocab-project/data/lat/text/lat_text_latin_library/livy/liv.per142.txt",
        "/Users/tyler/Projects/latin-vocab-project/data/lat/text/lat_text_latin_library/livy/liv.26.txt",
        "/Users/tyler/Projects/latin-vocab-project/data/lat/text/lat_text_latin_library/livy/liv.32.txt",
        "/Users/tyler/Projects/latin-vocab-project/data/lat/text/lat_text_latin_library/livy/liv.33.txt",
        "/Users/tyler/Projects/latin-vocab-project/data/lat/text/lat_text_latin_library/livy/liv.27.txt",
        "/Users/tyler/Projects/latin-vocab-project/data/lat/text/lat_text_latin_library/livy/liv.per18.txt",
        "/Users/tyler/Projects/latin-vocab-project/data/lat/text/lat_text_latin_library/livy/liv.per30.txt",
        "/Users/tyler/Projects/latin-vocab-project/data/lat/text/lat_text_latin_library/livy/liv.7.txt",
        "/Users/tyler/Projects/latin-vocab-project/data/lat/text/lat_text_latin_library/livy/liv.per24.txt",
        "/Users/tyler/Projects/latin-vocab-project/data/lat/text/lat_text_latin_library/livy/liv.5.txt",
        "/Users/tyler/Projects/latin-vocab-project/data/lat/text/lat_text_latin_library/livy/liv.per32.txt",
        "/Users/tyler/Projects/latin-vocab-project/data/lat/text/lat_text_latin_library/livy/liv.per26.txt",
        "/Users/tyler/Projects/latin-vocab-project/data/lat/text/lat_text_latin_library/livy/liv.per141.txt",
        "/Users/tyler/Projects/latin-vocab-project/data/lat/text/lat_text_latin_library/livy/liv.31.txt",
        "/Users/tyler/Projects/latin-vocab-project/data/lat/text/lat_text_latin_library/livy/liv.25.txt",
        "/Users/tyler/Projects/latin-vocab-project/data/lat/text/lat_text_latin_library/livy/liv.24.txt",
        "/Users/tyler/Projects/latin-vocab-project/data/lat/text/lat_text_latin_library/livy/liv.30.txt",
        "/Users/tyler/Projects/latin-vocab-project/data/lat/text/lat_text_latin_library/livy/liv.per140.txt",
        "/Users/tyler/Projects/latin-vocab-project/data/lat/text/lat_text_latin_library/livy/liv.per27.txt",
        "/Users/tyler/Projects/latin-vocab-project/data/lat/text/lat_text_latin_library/livy/liv.per33.txt",
        "/Users/tyler/Projects/latin-vocab-project/data/lat/text/lat_text_latin_library/livy/liv.4.txt",
        "/Users/tyler/Projects/latin-vocab-project/data/lat/text/lat_text_latin_library/livy/liv.per8.txt",
        "/Users/tyler/Projects/latin-vocab-project/data/lat/text/lat_text_latin_library/livy/liv.per37.txt",
        "/Users/tyler/Projects/latin-vocab-project/data/lat/text/lat_text_latin_library/livy/liv.per23.txt",
        "/Users/tyler/Projects/latin-vocab-project/data/lat/text/lat_text_latin_library/livy/liv.34.txt",
        "/Users/tyler/Projects/latin-vocab-project/data/lat/text/lat_text_latin_library/livy/liv.21.txt",
        "/Users/tyler/Projects/latin-vocab-project/data/lat/text/lat_text_latin_library/livy/liv.35.txt",
        "/Users/tyler/Projects/latin-vocab-project/data/lat/text/lat_text_latin_library/livy/liv.per22.txt",
        "/Users/tyler/Projects/latin-vocab-project/data/lat/text/lat_text_latin_library/livy/liv.per36.txt",
        "/Users/tyler/Projects/latin-vocab-project/data/lat/text/lat_text_latin_library/livy/liv.1.txt",
        "/Users/tyler/Projects/latin-vocab-project/data/lat/text/lat_text_latin_library/livy/liv.pr.txt",
        "/Users/tyler/Projects/latin-vocab-project/data/lat/text/lat_text_latin_library/livy/liv.per9.txt",
        "/Users/tyler/Projects/latin-vocab-project/data/lat/text/lat_text_latin_library/livy/liv.per20.txt",
        "/Users/tyler/Projects/latin-vocab-project/data/lat/text/lat_text_latin_library/livy/liv.3.txt",
        "/Users/tyler/Projects/latin-vocab-project/data/lat/text/lat_text_latin_library/livy/liv.per34.txt",
        "/Users/tyler/Projects/latin-vocab-project/data/lat/text/lat_text_latin_library/livy/liv.23.txt",
        "/Users/tyler/Projects/latin-vocab-project/data/lat/text/lat_text_latin_library/livy/liv.37.txt",
        "/Users/tyler/Projects/latin-vocab-project/data/lat/text/lat_text_latin_library/livy/liv.36.txt",
        "/Users/tyler/Projects/latin-vocab-project/data/lat/text/lat_text_latin_library/livy/liv.22.txt",
        "/Users/tyler/Projects/latin-vocab-project/data/lat/text/lat_text_latin_library/livy/liv.per35.txt",
        "/Users/tyler/Projects/latin-vocab-project/data/lat/text/lat_text_latin_library/livy/liv.2.txt",
        "/Users/tyler/Projects/latin-vocab-project/data/lat/text/lat_text_latin_library/livy/liv.per21.txt",
        "/Users/tyler/Projects/latin-vocab-project/data/lat/text/lat_text_latin_library/livy/liv.per46.txt",
        "/Users/tyler/Projects/latin-vocab-project/data/lat/text/lat_text_latin_library/livy/liv.per109.txt",
        "/Users/tyler/Projects/latin-vocab-project/data/lat/text/lat_text_latin_library/livy/liv.per52.txt",
        "/Users/tyler/Projects/latin-vocab-project/data/lat/text/lat_text_latin_library/livy/liv.per135.txt",
        "/Users/tyler/Projects/latin-vocab-project/data/lat/text/lat_text_latin_library/livy/liv.per121.txt",
        "/Users/tyler/Projects/latin-vocab-project/data/lat/text/lat_text_latin_library/livy/liv.per85.txt",
        "/Users/tyler/Projects/latin-vocab-project/data/lat/text/lat_text_latin_library/livy/liv.per91.txt",
        "/Users/tyler/Projects/latin-vocab-project/data/lat/text/lat_text_latin_library/livy/liv.45.txt",
        "/Users/tyler/Projects/latin-vocab-project/data/lat/text/lat_text_latin_library/livy/liv.44.txt",
        "/Users/tyler/Projects/latin-vocab-project/data/lat/text/lat_text_latin_library/livy/liv.per90.txt",
        "/Users/tyler/Projects/latin-vocab-project/data/lat/text/lat_text_latin_library/livy/liv.per84.txt",
        "/Users/tyler/Projects/latin-vocab-project/data/lat/text/lat_text_latin_library/livy/liv.per120.txt",
        "/Users/tyler/Projects/latin-vocab-project/data/lat/text/lat_text_latin_library/livy/liv.per134.txt",
        "/Users/tyler/Projects/latin-vocab-project/data/lat/text/lat_text_latin_library/livy/liv.per53.txt",
        "/Users/tyler/Projects/latin-vocab-project/data/lat/text/lat_text_latin_library/livy/liv.per108.txt",
        "/Users/tyler/Projects/latin-vocab-project/data/lat/text/lat_text_latin_library/livy/liv.per47.txt",
        "/Users/tyler/Projects/latin-vocab-project/data/lat/text/lat_text_latin_library/livy/liv.per.txt",
        "/Users/tyler/Projects/latin-vocab-project/data/lat/text/lat_text_latin_library/livy/liv.per51.txt",
        "/Users/tyler/Projects/latin-vocab-project/data/lat/text/lat_text_latin_library/livy/liv.per45.txt",
        "/Users/tyler/Projects/latin-vocab-project/data/lat/text/lat_text_latin_library/livy/liv.per122.txt",
        "/Users/tyler/Projects/latin-vocab-project/data/lat/text/lat_text_latin_library/livy/liv.per79.txt",
        "/Users/tyler/Projects/latin-vocab-project/data/lat/text/lat_text_latin_library/livy/liv.per92.txt",
        "/Users/tyler/Projects/latin-vocab-project/data/lat/text/lat_text_latin_library/livy/liv.per86.txt",
        "/Users/tyler/Projects/latin-vocab-project/data/lat/text/lat_text_latin_library/livy/liv.per87.txt",
        "/Users/tyler/Projects/latin-vocab-project/data/lat/text/lat_text_latin_library/livy/liv.per93.txt",
        "/Users/tyler/Projects/latin-vocab-project/data/lat/text/lat_text_latin_library/livy/liv.per78.txt",
        "/Users/tyler/Projects/latin-vocab-project/data/lat/text/lat_text_latin_library/livy/liv.per123.txt",
        "/Users/tyler/Projects/latin-vocab-project/data/lat/text/lat_text_latin_library/livy/liv.per44.txt",
        "/Users/tyler/Projects/latin-vocab-project/data/lat/text/lat_text_latin_library/livy/liv.per50.txt",
        "/Users/tyler/Projects/latin-vocab-project/data/lat/text/lat_text_latin_library/livy/liv.per127.txt",
        "/Users/tyler/Projects/latin-vocab-project/data/lat/text/lat_text_latin_library/livy/liv.per68.txt",
        "/Users/tyler/Projects/latin-vocab-project/data/lat/text/lat_text_latin_library/livy/liv.per133.txt",
        "/Users/tyler/Projects/latin-vocab-project/data/lat/text/lat_text_latin_library/livy/liv.per54.txt",
        "/Users/tyler/Projects/latin-vocab-project/data/lat/text/lat_text_latin_library/livy/liv.per40.txt",
        "/Users/tyler/Projects/latin-vocab-project/data/lat/text/lat_text_latin_library/livy/liv.43.txt",
        "/Users/tyler/Projects/latin-vocab-project/data/lat/text/lat_text_latin_library/livy/liv.per97.txt",
        "/Users/tyler/Projects/latin-vocab-project/data/lat/text/lat_text_latin_library/livy/liv.per83.txt",
        "/Users/tyler/Projects/latin-vocab-project/data/lat/text/lat_text_latin_library/livy/liv.per82.txt",
        "/Users/tyler/Projects/latin-vocab-project/data/lat/text/lat_text_latin_library/livy/liv.per96.txt",
        "/Users/tyler/Projects/latin-vocab-project/data/lat/text/lat_text_latin_library/livy/liv.42.txt",
        "/Users/tyler/Projects/latin-vocab-project/data/lat/text/lat_text_latin_library/livy/liv.per41.txt",
        "/Users/tyler/Projects/latin-vocab-project/data/lat/text/lat_text_latin_library/livy/liv.per55.txt",
        "/Users/tyler/Projects/latin-vocab-project/data/lat/text/lat_text_latin_library/livy/liv.per132.txt",
        "/Users/tyler/Projects/latin-vocab-project/data/lat/text/lat_text_latin_library/livy/liv.per69.txt",
        "/Users/tyler/Projects/latin-vocab-project/data/lat/text/lat_text_latin_library/livy/liv.per126.txt",
        "/Users/tyler/Projects/latin-vocab-project/data/lat/text/lat_text_latin_library/livy/liv.per130.txt",
        "/Users/tyler/Projects/latin-vocab-project/data/lat/text/lat_text_latin_library/livy/liv.per124.txt",
        "/Users/tyler/Projects/latin-vocab-project/data/lat/text/lat_text_latin_library/livy/liv.per43.txt",
        "/Users/tyler/Projects/latin-vocab-project/data/lat/text/lat_text_latin_library/livy/liv.per118.txt",
        "/Users/tyler/Projects/latin-vocab-project/data/lat/text/lat_text_latin_library/livy/liv.per57.txt",
        "/Users/tyler/Projects/latin-vocab-project/data/lat/text/lat_text_latin_library/livy/liv.40.txt",
        "/Users/tyler/Projects/latin-vocab-project/data/lat/text/lat_text_latin_library/livy/liv.per80.txt",
        "/Users/tyler/Projects/latin-vocab-project/data/lat/text/lat_text_latin_library/livy/liv.per94.txt",
        "/Users/tyler/Projects/latin-vocab-project/data/lat/text/lat_text_latin_library/livy/liv.per95.txt",
        "/Users/tyler/Projects/latin-vocab-project/data/lat/text/lat_text_latin_library/livy/liv.per81.txt",
        "/Users/tyler/Projects/latin-vocab-project/data/lat/text/lat_text_latin_library/livy/liv.41.txt",
        "/Users/tyler/Projects/latin-vocab-project/data/lat/text/lat_text_latin_library/livy/liv.per56.txt",
        "/Users/tyler/Projects/latin-vocab-project/data/lat/text/lat_text_latin_library/livy/liv.per119.txt",
        "/Users/tyler/Projects/latin-vocab-project/data/lat/text/lat_text_latin_library/livy/liv.per42.txt",
        "/Users/tyler/Projects/latin-vocab-project/data/lat/text/lat_text_latin_library/livy/liv.per125.txt",
        "/Users/tyler/Projects/latin-vocab-project/data/lat/text/lat_text_latin_library/livy/liv.per131.txt"
    ],
    "lucan": [
        "/Users/tyler/Projects/latin-vocab-project/data/lat/text/lat_text_latin_library/lucan/lucan9.txt",
        "/Users/tyler/Projects/latin-vocab-project/data/lat/text/lat_text_latin_library/lucan/lucan8.txt",
        "/Users/tyler/Projects/latin-vocab-project/data/lat/text/lat_text_latin_library/lucan/lucan10.txt",
        "/Users/tyler/Projects/latin-vocab-project/data/lat/text/lat_text_latin_library/lucan/lucan1.txt",
        "/Users/tyler/Projects/latin-vocab-project/data/lat/text/lat_text_latin_library/lucan/lucan3.txt",
        "/Users/tyler/Projects/latin-vocab-project/data/lat/text/lat_text_latin_library/lucan/lucan2.txt",
        "/Users/tyler/Projects/latin-vocab-project/data/lat/text/lat_text_latin_library/lucan/lucan6.txt",
        "/Users/tyler/Projects/latin-vocab-project/data/lat/text/lat_text_latin_library/lucan/lucan7.txt",
        "/Users/tyler/Projects/latin-vocab-project/data/lat/text/lat_text_latin_library/lucan/lucan5.txt",
        "/Users/tyler/Projects/latin-vocab-project/data/lat/text/lat_text_latin_library/lucan/lucan4.txt"
    ],
    "manilius": [
        "/Users/tyler/Projects/latin-vocab-project/data/lat/text/lat_text_latin_library/manilius1.txt",
        "/Users/tyler/Projects/latin-vocab-project/data/lat/text/lat_text_latin_library/manilius2.txt",
        "/Users/tyler/Projects/latin-vocab-project/data/lat/text/lat_text_latin_library/manilius3.txt",
        "/Users/tyler/Projects/latin-vocab-project/data/lat/text/lat_text_latin_library/manilius4.txt",
        "/Users/tyler/Projects/latin-vocab-project/data/lat/text/lat_text_latin_library/manilius5.txt"
    ],
    "martial": [
        "/Users/tyler/Projects/latin-vocab-project/data/lat/text/lat_text_latin_library/martial/mart8.txt",
        "/Users/tyler/Projects/latin-vocab-project/data/lat/text/lat_text_latin_library/martial/mart9.txt",
        "/Users/tyler/Projects/latin-vocab-project/data/lat/text/lat_text_latin_library/martial/mart14.txt",
        "/Users/tyler/Projects/latin-vocab-project/data/lat/text/lat_text_latin_library/martial/mart13.txt",
        "/Users/tyler/Projects/latin-vocab-project/data/lat/text/lat_text_latin_library/martial/mart12.txt",
        "/Users/tyler/Projects/latin-vocab-project/data/lat/text/lat_text_latin_library/martial/mart10.txt",
        "/Users/tyler/Projects/latin-vocab-project/data/lat/text/lat_text_latin_library/martial/mart11.txt",
        "/Users/tyler/Projects/latin-vocab-project/data/lat/text/lat_text_latin_library/martial/mart4.txt",
        "/Users/tyler/Projects/latin-vocab-project/data/lat/text/lat_text_latin_library/martial/mart.spec.txt",
        "/Users/tyler/Projects/latin-vocab-project/data/lat/text/lat_text_latin_library/martial/mart5.txt",
        "/Users/tyler/Projects/latin-vocab-project/data/lat/text/lat_text_latin_library/martial/mart7.txt",
        "/Users/tyler/Projects/latin-vocab-project/data/lat/text/lat_text_latin_library/martial/mart6.txt",
        "/Users/tyler/Projects/latin-vocab-project/data/lat/text/lat_text_latin_library/martial/mart2.txt",
        "/Users/tyler/Projects/latin-vocab-project/data/lat/text/lat_text_latin_library/martial/mart3.txt",
        "/Users/tyler/Projects/latin-vocab-project/data/lat/text/lat_text_latin_library/martial/mart1.txt"
    ],
    "nepos": [
        "/Users/tyler/Projects/latin-vocab-project/data/lat/text/lat_text_latin_library/nepos/nepos.han.txt",
        "/Users/tyler/Projects/latin-vocab-project/data/lat/text/lat_text_latin_library/nepos/nepos.dat.txt",
        "/Users/tyler/Projects/latin-vocab-project/data/lat/text/lat_text_latin_library/nepos/nepos.kings.txt",
        "/Users/tyler/Projects/latin-vocab-project/data/lat/text/lat_text_latin_library/nepos/nepos.pr.txt",
        "/Users/tyler/Projects/latin-vocab-project/data/lat/text/lat_text_latin_library/nepos/nepos.ham.txt",
        "/Users/tyler/Projects/latin-vocab-project/data/lat/text/lat_text_latin_library/nepos/nepos.cim.txt",
        "/Users/tyler/Projects/latin-vocab-project/data/lat/text/lat_text_latin_library/nepos/nepos.age.txt",
        "/Users/tyler/Projects/latin-vocab-project/data/lat/text/lat_text_latin_library/nepos/nepos.paus.txt",
        "/Users/tyler/Projects/latin-vocab-project/data/lat/text/lat_text_latin_library/nepos/nepos.alc.txt",
        "/Users/tyler/Projects/latin-vocab-project/data/lat/text/lat_text_latin_library/nepos/nepos.con.txt",
        "/Users/tyler/Projects/latin-vocab-project/data/lat/text/lat_text_latin_library/nepos/nepos.timo.txt",
        "/Users/tyler/Projects/latin-vocab-project/data/lat/text/lat_text_latin_library/nepos/nepos.att.txt",
        "/Users/tyler/Projects/latin-vocab-project/data/lat/text/lat_text_latin_library/nepos/nepos.phoc.txt",
        "/Users/tyler/Projects/latin-vocab-project/data/lat/text/lat_text_latin_library/nepos/nepos.cat.txt",
        "/Users/tyler/Projects/latin-vocab-project/data/lat/text/lat_text_latin_library/nepos/nepos.eum.txt",
        "/Users/tyler/Projects/latin-vocab-project/data/lat/text/lat_text_latin_library/nepos/nepos.epam.txt",
        "/Users/tyler/Projects/latin-vocab-project/data/lat/text/lat_text_latin_library/nepos/nepos.them.txt",
        "/Users/tyler/Projects/latin-vocab-project/data/lat/text/lat_text_latin_library/nepos/nepos.aris.txt",
        "/Users/tyler/Projects/latin-vocab-project/data/lat/text/lat_text_latin_library/nepos/nepos.dion.txt",
        "/Users/tyler/Projects/latin-vocab-project/data/lat/text/lat_text_latin_library/nepos/nepos.lys.txt",
        "/Users/tyler/Projects/latin-vocab-project/data/lat/text/lat_text_latin_library/nepos/nepos.pel.txt",
        "/Users/tyler/Projects/latin-vocab-project/data/lat/text/lat_text_latin_library/nepos/nepos.cha.txt",
        "/Users/tyler/Projects/latin-vocab-project/data/lat/text/lat_text_latin_library/nepos/nepos.fragmenta.txt",
        "/Users/tyler/Projects/latin-vocab-project/data/lat/text/lat_text_latin_library/nepos/nepos.iph.txt",
        "/Users/tyler/Projects/latin-vocab-project/data/lat/text/lat_text_latin_library/nepos/nepos.tim.txt",
        "/Users/tyler/Projects/latin-vocab-project/data/lat/text/lat_text_latin_library/nepos/nepos.thras.txt",
        "/Users/tyler/Projects/latin-vocab-project/data/lat/text/lat_text_latin_library/nepos/nepos.mil.txt"
    ],
    "ovid": [
        "/Users/tyler/Projects/latin-vocab-project/data/lat/text/lat_text_latin_library/ovid/ovid.her3.txt",
        "/Users/tyler/Projects/latin-vocab-project/data/lat/text/lat_text_latin_library/ovid/ovid.fasti1.txt",
        "/Users/tyler/Projects/latin-vocab-project/data/lat/text/lat_text_latin_library/ovid/ovid.her2.txt",
        "/Users/tyler/Projects/latin-vocab-project/data/lat/text/lat_text_latin_library/ovid/ovid.fasti2.txt",
        "/Users/tyler/Projects/latin-vocab-project/data/lat/text/lat_text_latin_library/ovid/ovid.fasti3.txt",
        "/Users/tyler/Projects/latin-vocab-project/data/lat/text/lat_text_latin_library/ovid/ovid.her1.txt",
        "/Users/tyler/Projects/latin-vocab-project/data/lat/text/lat_text_latin_library/ovid/ovid.her5.txt",
        "/Users/tyler/Projects/latin-vocab-project/data/lat/text/lat_text_latin_library/ovid/ovid.fasti6.txt",
        "/Users/tyler/Projects/latin-vocab-project/data/lat/text/lat_text_latin_library/ovid/ovid.her4.txt",
        "/Users/tyler/Projects/latin-vocab-project/data/lat/text/lat_text_latin_library/ovid/ovid.her6.txt",
        "/Users/tyler/Projects/latin-vocab-project/data/lat/text/lat_text_latin_library/ovid/ovid.fasti4.txt",
        "/Users/tyler/Projects/latin-vocab-project/data/lat/text/lat_text_latin_library/ovid/ovid.ibis.txt",
        "/Users/tyler/Projects/latin-vocab-project/data/lat/text/lat_text_latin_library/ovid/ovid.fasti5.txt",
        "/Users/tyler/Projects/latin-vocab-project/data/lat/text/lat_text_latin_library/ovid/ovid.her7.txt",
        "/Users/tyler/Projects/latin-vocab-project/data/lat/text/lat_text_latin_library/ovid/ovid.met13.txt",
        "/Users/tyler/Projects/latin-vocab-project/data/lat/text/lat_text_latin_library/ovid/ovid.her18.txt",
        "/Users/tyler/Projects/latin-vocab-project/data/lat/text/lat_text_latin_library/ovid/ovid.her19.txt",
        "/Users/tyler/Projects/latin-vocab-project/data/lat/text/lat_text_latin_library/ovid/ovid.met12.txt",
        "/Users/tyler/Projects/latin-vocab-project/data/lat/text/lat_text_latin_library/ovid/ovid.met10.txt",
        "/Users/tyler/Projects/latin-vocab-project/data/lat/text/lat_text_latin_library/ovid/ovid.met11.txt",
        "/Users/tyler/Projects/latin-vocab-project/data/lat/text/lat_text_latin_library/ovid/ovid.met15.txt",
        "/Users/tyler/Projects/latin-vocab-project/data/lat/text/lat_text_latin_library/ovid/ovid.met14.txt",
        "/Users/tyler/Projects/latin-vocab-project/data/lat/text/lat_text_latin_library/ovid/ovid.her21.txt",
        "/Users/tyler/Projects/latin-vocab-project/data/lat/text/lat_text_latin_library/ovid/ovid.met9.txt",
        "/Users/tyler/Projects/latin-vocab-project/data/lat/text/lat_text_latin_library/ovid/ovid.met8.txt",
        "/Users/tyler/Projects/latin-vocab-project/data/lat/text/lat_text_latin_library/ovid/ovid.her20.txt",
        "/Users/tyler/Projects/latin-vocab-project/data/lat/text/lat_text_latin_library/ovid/ovid.her11.txt",
        "/Users/tyler/Projects/latin-vocab-project/data/lat/text/lat_text_latin_library/ovid/ovid.rem.txt",
        "/Users/tyler/Projects/latin-vocab-project/data/lat/text/lat_text_latin_library/ovid/ovid.met5.txt",
        "/Users/tyler/Projects/latin-vocab-project/data/lat/text/lat_text_latin_library/ovid/ovid.met4.txt",
        "/Users/tyler/Projects/latin-vocab-project/data/lat/text/lat_text_latin_library/ovid/ovid.ponto4.txt",
        "/Users/tyler/Projects/latin-vocab-project/data/lat/text/lat_text_latin_library/ovid/ovid.her10.txt",
        "/Users/tyler/Projects/latin-vocab-project/data/lat/text/lat_text_latin_library/ovid/ovid.her12.txt",
        "/Users/tyler/Projects/latin-vocab-project/data/lat/text/lat_text_latin_library/ovid/ovid.met6.txt",
        "/Users/tyler/Projects/latin-vocab-project/data/lat/text/lat_text_latin_library/ovid/ovid.met7.txt",
        "/Users/tyler/Projects/latin-vocab-project/data/lat/text/lat_text_latin_library/ovid/ovid.her13.txt",
        "/Users/tyler/Projects/latin-vocab-project/data/lat/text/lat_text_latin_library/ovid/ovid.her17.txt",
        "/Users/tyler/Projects/latin-vocab-project/data/lat/text/lat_text_latin_library/ovid/ovid.ponto3.txt",
        "/Users/tyler/Projects/latin-vocab-project/data/lat/text/lat_text_latin_library/ovid/ovid.met3.txt",
        "/Users/tyler/Projects/latin-vocab-project/data/lat/text/lat_text_latin_library/ovid/ovid.met2.txt",
        "/Users/tyler/Projects/latin-vocab-project/data/lat/text/lat_text_latin_library/ovid/ovid.ponto2.txt",
        "/Users/tyler/Projects/latin-vocab-project/data/lat/text/lat_text_latin_library/ovid/ovid.her16.txt",
        "/Users/tyler/Projects/latin-vocab-project/data/lat/text/lat_text_latin_library/ovid/ovid.her14.txt",
        "/Users/tyler/Projects/latin-vocab-project/data/lat/text/lat_text_latin_library/ovid/ovid.met1.txt",
        "/Users/tyler/Projects/latin-vocab-project/data/lat/text/lat_text_latin_library/ovid/ovid.ponto1.txt",
        "/Users/tyler/Projects/latin-vocab-project/data/lat/text/lat_text_latin_library/ovid/ovid.her15.txt",
        "/Users/tyler/Projects/latin-vocab-project/data/lat/text/lat_text_latin_library/ovid/ovid.artis1.txt",
        "/Users/tyler/Projects/latin-vocab-project/data/lat/text/lat_text_latin_library/ovid/ovid.tristia2.txt",
        "/Users/tyler/Projects/latin-vocab-project/data/lat/text/lat_text_latin_library/ovid/ovid.tristia3.txt",
        "/Users/tyler/Projects/latin-vocab-project/data/lat/text/lat_text_latin_library/ovid/ovid.her9.txt",
        "/Users/tyler/Projects/latin-vocab-project/data/lat/text/lat_text_latin_library/ovid/ovid.artis2.txt",
        "/Users/tyler/Projects/latin-vocab-project/data/lat/text/lat_text_latin_library/ovid/ovid.tristia1.txt",
        "/Users/tyler/Projects/latin-vocab-project/data/lat/text/lat_text_latin_library/ovid/ovid.artis3.txt",
        "/Users/tyler/Projects/latin-vocab-project/data/lat/text/lat_text_latin_library/ovid/ovid.her8.txt",
        "/Users/tyler/Projects/latin-vocab-project/data/lat/text/lat_text_latin_library/ovid/ovid.amor3.txt",
        "/Users/tyler/Projects/latin-vocab-project/data/lat/text/lat_text_latin_library/ovid/ovid.tristia4.txt",
        "/Users/tyler/Projects/latin-vocab-project/data/lat/text/lat_text_latin_library/ovid/ovid.tristia5.txt",
        "/Users/tyler/Projects/latin-vocab-project/data/lat/text/lat_text_latin_library/ovid/ovid.amor2.txt",
        "/Users/tyler/Projects/latin-vocab-project/data/lat/text/lat_text_latin_library/ovid/ovid.amor1.txt"
    ],
    "persius": [
        "/Users/tyler/Projects/latin-vocab-project/data/lat/text/lat_text_latin_library/persius.txt"
    ],
    "petronius": [
        "/Users/tyler/Projects/latin-vocab-project/data/lat/text/lat_text_latin_library/petronius.txt",
        "/Users/tyler/Projects/latin-vocab-project/data/lat/text/lat_text_latin_library/petronius1.txt",
        "/Users/tyler/Projects/latin-vocab-project/data/lat/text/lat_text_latin_library/petroniusfrag.txt"
    ],
    "pliny_maior": [
        "/Users/tyler/Projects/latin-vocab-project/data/lat/text/lat_text_latin_library/pliny.nh1.txt",
        "/Users/tyler/Projects/latin-vocab-project/data/lat/text/lat_text_latin_library/pliny.nh2.txt",
        "/Users/tyler/Projects/latin-vocab-project/data/lat/text/lat_text_latin_library/pliny.nh3.txt",
        "/Users/tyler/Projects/latin-vocab-project/data/lat/text/lat_text_latin_library/pliny.nh4.txt",
        "/Users/tyler/Projects/latin-vocab-project/data/lat/text/lat_text_latin_library/pliny.nh5.txt",
        "/Users/tyler/Projects/latin-vocab-project/data/lat/text/lat_text_latin_library/pliny.nhpr.txt"
    ],
    "pliny_younger": [
        "/Users/tyler/Projects/latin-vocab-project/data/lat/text/lat_text_latin_library/pliny.ep1.txt",
        "/Users/tyler/Projects/latin-vocab-project/data/lat/text/lat_text_latin_library/pliny.ep2.txt",
        "/Users/tyler/Projects/latin-vocab-project/data/lat/text/lat_text_latin_library/pliny.ep3.txt",
        "/Users/tyler/Projects/latin-vocab-project/data/lat/text/lat_text_latin_library/pliny.ep4.txt",
        "/Users/tyler/Projects/latin-vocab-project/data/lat/text/lat_text_latin_library/pliny.ep5.txt",
        "/Users/tyler/Projects/latin-vocab-project/data/lat/text/lat_text_latin_library/pliny.ep6.txt",
        "/Users/tyler/Projects/latin-vocab-project/data/lat/text/lat_text_latin_library/pliny.ep7.txt",
        "/Users/tyler/Projects/latin-vocab-project/data/lat/text/lat_text_latin_library/pliny.ep8.txt",
        "/Users/tyler/Projects/latin-vocab-project/data/lat/text/lat_text_latin_library/pliny.ep9.txt",
        "/Users/tyler/Projects/latin-vocab-project/data/lat/text/lat_text_latin_library/pliny.ep10.txt",
        "/Users/tyler/Projects/latin-vocab-project/data/lat/text/lat_text_latin_library/pliny.panegyricus.txt"
    ],
    "pomponius_mela": [
        "/Users/tyler/Projects/latin-vocab-project/data/lat/text/lat_text_latin_library/pomponius1.txt",
        "/Users/tyler/Projects/latin-vocab-project/data/lat/text/lat_text_latin_library/pomponius2.txt",
        "/Users/tyler/Projects/latin-vocab-project/data/lat/text/lat_text_latin_library/pomponius3.txt"
    ],
    "propertius": [
        "/Users/tyler/Projects/latin-vocab-project/data/lat/text/lat_text_latin_library/propertius1.txt",
        "/Users/tyler/Projects/latin-vocab-project/data/lat/text/lat_text_latin_library/prop2.txt",
        "/Users/tyler/Projects/latin-vocab-project/data/lat/text/lat_text_latin_library/prop3.txt",
        "/Users/tyler/Projects/latin-vocab-project/data/lat/text/lat_text_latin_library/prop4.txt"
    ],
    "quintilian_decl_mai": [
        "/Users/tyler/Projects/latin-vocab-project/data/lat/text/lat_text_latin_library/quintilian/quintilian.decl.mai1.txt",
        "/Users/tyler/Projects/latin-vocab-project/data/lat/text/lat_text_latin_library/quintilian/quintilian.decl.mai2.txt",
        "/Users/tyler/Projects/latin-vocab-project/data/lat/text/lat_text_latin_library/quintilian/quintilian.decl.mai3.txt",
        "/Users/tyler/Projects/latin-vocab-project/data/lat/text/lat_text_latin_library/quintilian/quintilian.decl.mai4.txt",
        "/Users/tyler/Projects/latin-vocab-project/data/lat/text/lat_text_latin_library/quintilian/quintilian.decl.mai5.txt",
        "/Users/tyler/Projects/latin-vocab-project/data/lat/text/lat_text_latin_library/quintilian/quintilian.decl.mai6.txt",
        "/Users/tyler/Projects/latin-vocab-project/data/lat/text/lat_text_latin_library/quintilian/quintilian.decl.mai7.txt",
        "/Users/tyler/Projects/latin-vocab-project/data/lat/text/lat_text_latin_library/quintilian/quintilian.decl.mai8.txt",
        "/Users/tyler/Projects/latin-vocab-project/data/lat/text/lat_text_latin_library/quintilian/quintilian.decl.mai9.txt",
        "/Users/tyler/Projects/latin-vocab-project/data/lat/text/lat_text_latin_library/quintilian/quintilian.decl.mai10.txt",
        "/Users/tyler/Projects/latin-vocab-project/data/lat/text/lat_text_latin_library/quintilian/quintilian.decl.mai11.txt",
        "/Users/tyler/Projects/latin-vocab-project/data/lat/text/lat_text_latin_library/quintilian/quintilian.decl.mai12.txt",
        "/Users/tyler/Projects/latin-vocab-project/data/lat/text/lat_text_latin_library/quintilian/quintilian.decl.mai13.txt",
        "/Users/tyler/Projects/latin-vocab-project/data/lat/text/lat_text_latin_library/quintilian/quintilian.decl.mai14.txt",
        "/Users/tyler/Projects/latin-vocab-project/data/lat/text/lat_text_latin_library/quintilian/quintilian.decl.mai15.txt",
        "/Users/tyler/Projects/latin-vocab-project/data/lat/text/lat_text_latin_library/quintilian/quintilian.decl.mai16.txt",
        "/Users/tyler/Projects/latin-vocab-project/data/lat/text/lat_text_latin_library/quintilian/quintilian.decl.mai17.txt",
        "/Users/tyler/Projects/latin-vocab-project/data/lat/text/lat_text_latin_library/quintilian/quintilian.decl.mai18.txt",
        "/Users/tyler/Projects/latin-vocab-project/data/lat/text/lat_text_latin_library/quintilian/quintilian.decl.mai19.txt"
    ],
    "quintilian_inst": [
        "/Users/tyler/Projects/latin-vocab-project/data/lat/text/lat_text_latin_library/quintilian/quintilian.institutio1.txt",
        "/Users/tyler/Projects/latin-vocab-project/data/lat/text/lat_text_latin_library/quintilian/quintilian.institutio2.txt",
        "/Users/tyler/Projects/latin-vocab-project/data/lat/text/lat_text_latin_library/quintilian/quintilian.institutio3.txt",
        "/Users/tyler/Projects/latin-vocab-project/data/lat/text/lat_text_latin_library/quintilian/quintilian.institutio4.txt",
        "/Users/tyler/Projects/latin-vocab-project/data/lat/text/lat_text_latin_library/quintilian/quintilian.institutio5.txt",
        "/Users/tyler/Projects/latin-vocab-project/data/lat/text/lat_text_latin_library/quintilian/quintilian.institutio6.txt",
        "/Users/tyler/Projects/latin-vocab-project/data/lat/text/lat_text_latin_library/quintilian/quintilian.institutio7.txt",
        "/Users/tyler/Projects/latin-vocab-project/data/lat/text/lat_text_latin_library/quintilian/quintilian.institutio8.txt",
        "/Users/tyler/Projects/latin-vocab-project/data/lat/text/lat_text_latin_library/quintilian/quintilian.institutio9.txt",
        "/Users/tyler/Projects/latin-vocab-project/data/lat/text/lat_text_latin_library/quintilian/quintilian.institutio10.txt",
        "/Users/tyler/Projects/latin-vocab-project/data/lat/text/lat_text_latin_library/quintilian/quintilian.institutio11.txt",
        "/Users/tyler/Projects/latin-vocab-project/data/lat/text/lat_text_latin_library/quintilian/quintilian.institutio12.txt"
    ],
    "sallust": [
        "/Users/tyler/Projects/latin-vocab-project/data/lat/text/lat_text_latin_library/sall.1.txt",
        "/Users/tyler/Projects/latin-vocab-project/data/lat/text/lat_text_latin_library/sall.2.txt"
    ],
    "sen": [
        "/Users/tyler/Projects/latin-vocab-project/data/lat/text/lat_text_latin_library/sen/sen.qn7.txt",
        "/Users/tyler/Projects/latin-vocab-project/data/lat/text/lat_text_latin_library/sen/sen.proverbs.txt",
        "/Users/tyler/Projects/latin-vocab-project/data/lat/text/lat_text_latin_library/sen/sen.qn6.txt",
        "/Users/tyler/Projects/latin-vocab-project/data/lat/text/lat_text_latin_library/sen/sen.vita.txt",
        "/Users/tyler/Projects/latin-vocab-project/data/lat/text/lat_text_latin_library/sen/sen.qn4.txt",
        "/Users/tyler/Projects/latin-vocab-project/data/lat/text/lat_text_latin_library/sen/seneca.ep16.txt",
        "/Users/tyler/Projects/latin-vocab-project/data/lat/text/lat_text_latin_library/sen/sen.qn5.txt",
        "/Users/tyler/Projects/latin-vocab-project/data/lat/text/lat_text_latin_library/sen/seneca.ep17-18.txt",
        "/Users/tyler/Projects/latin-vocab-project/data/lat/text/lat_text_latin_library/sen/sen.agamemnon.txt",
        "/Users/tyler/Projects/latin-vocab-project/data/lat/text/lat_text_latin_library/sen/sen.qn1.txt",
        "/Users/tyler/Projects/latin-vocab-project/data/lat/text/lat_text_latin_library/sen/sen.qn2.txt",
        "/Users/tyler/Projects/latin-vocab-project/data/lat/text/lat_text_latin_library/sen/seneca.ep10.txt",
        "/Users/tyler/Projects/latin-vocab-project/data/lat/text/lat_text_latin_library/sen/sen.qn3.txt",
        "/Users/tyler/Projects/latin-vocab-project/data/lat/text/lat_text_latin_library/sen/ben1.txt",
        "/Users/tyler/Projects/latin-vocab-project/data/lat/text/lat_text_latin_library/sen/seneca.ep14-15.txt",
        "/Users/tyler/Projects/latin-vocab-project/data/lat/text/lat_text_latin_library/sen/sen.thyestes.txt",
        "/Users/tyler/Projects/latin-vocab-project/data/lat/text/lat_text_latin_library/sen/ben2.txt",
        "/Users/tyler/Projects/latin-vocab-project/data/lat/text/lat_text_latin_library/sen/seneca.ep8.txt",
        "/Users/tyler/Projects/latin-vocab-project/data/lat/text/lat_text_latin_library/sen/seneca.ep9.txt",
        "/Users/tyler/Projects/latin-vocab-project/data/lat/text/lat_text_latin_library/sen/ben3.txt",
        "/Users/tyler/Projects/latin-vocab-project/data/lat/text/lat_text_latin_library/sen/sen.apoc.txt",
        "/Users/tyler/Projects/latin-vocab-project/data/lat/text/lat_text_latin_library/sen/sen.phoen.txt",
        "/Users/tyler/Projects/latin-vocab-project/data/lat/text/lat_text_latin_library/sen/sen.phaedra.txt",
        "/Users/tyler/Projects/latin-vocab-project/data/lat/text/lat_text_latin_library/sen/seneca.ep2.txt",
        "/Users/tyler/Projects/latin-vocab-project/data/lat/text/lat_text_latin_library/sen/seneca.ep3.txt",
        "/Users/tyler/Projects/latin-vocab-project/data/lat/text/lat_text_latin_library/sen/sen.clem.txt",
        "/Users/tyler/Projects/latin-vocab-project/data/lat/text/lat_text_latin_library/sen/sen.oedipus.txt",
        "/Users/tyler/Projects/latin-vocab-project/data/lat/text/lat_text_latin_library/sen/seneca.ep1.txt",
        "/Users/tyler/Projects/latin-vocab-project/data/lat/text/lat_text_latin_library/sen/octavia.txt",
        "/Users/tyler/Projects/latin-vocab-project/data/lat/text/lat_text_latin_library/sen/seneca.ep11-13.txt",
        "/Users/tyler/Projects/latin-vocab-project/data/lat/text/lat_text_latin_library/sen/sen.prov.txt",
        "/Users/tyler/Projects/latin-vocab-project/data/lat/text/lat_text_latin_library/sen/sen.medea.txt",
        "/Users/tyler/Projects/latin-vocab-project/data/lat/text/lat_text_latin_library/sen/seneca.ep4.txt",
        "/Users/tyler/Projects/latin-vocab-project/data/lat/text/lat_text_latin_library/sen/seneca.ep5.txt",
        "/Users/tyler/Projects/latin-vocab-project/data/lat/text/lat_text_latin_library/sen/sen.hercules.txt",
        "/Users/tyler/Projects/latin-vocab-project/data/lat/text/lat_text_latin_library/sen/seneca.ep7.txt",
        "/Users/tyler/Projects/latin-vocab-project/data/lat/text/lat_text_latin_library/sen/seneca.ep6.txt",
        "/Users/tyler/Projects/latin-vocab-project/data/lat/text/lat_text_latin_library/sen/sen.consolatione3.txt",
        "/Users/tyler/Projects/latin-vocab-project/data/lat/text/lat_text_latin_library/sen/seneca.ep20.txt",
        "/Users/tyler/Projects/latin-vocab-project/data/lat/text/lat_text_latin_library/sen/sen.consolatione2.txt",
        "/Users/tyler/Projects/latin-vocab-project/data/lat/text/lat_text_latin_library/sen/sen.otio.txt",
        "/Users/tyler/Projects/latin-vocab-project/data/lat/text/lat_text_latin_library/sen/sen.tranq.txt",
        "/Users/tyler/Projects/latin-vocab-project/data/lat/text/lat_text_latin_library/sen/sen.constantia.txt",
        "/Users/tyler/Projects/latin-vocab-project/data/lat/text/lat_text_latin_library/sen/seneca.ep22.txt",
        "/Users/tyler/Projects/latin-vocab-project/data/lat/text/lat_text_latin_library/sen/sen.consolatione1.txt",
        "/Users/tyler/Projects/latin-vocab-project/data/lat/text/lat_text_latin_library/sen/sen.ira2.txt",
        "/Users/tyler/Projects/latin-vocab-project/data/lat/text/lat_text_latin_library/sen/sen.ira3.txt",
        "/Users/tyler/Projects/latin-vocab-project/data/lat/text/lat_text_latin_library/sen/sen.brevita.txt",
        "/Users/tyler/Projects/latin-vocab-project/data/lat/text/lat_text_latin_library/sen/sen.ira1.txt",
        "/Users/tyler/Projects/latin-vocab-project/data/lat/text/lat_text_latin_library/sen/seneca.ep19.txt"
    ],
    "seneca_maior": [
        "/Users/tyler/Projects/latin-vocab-project/data/lat/text/lat_text_latin_library/seneca.contr1.txt",
        "/Users/tyler/Projects/latin-vocab-project/data/lat/text/lat_text_latin_library/seneca.contr2.txt",
        "/Users/tyler/Projects/latin-vocab-project/data/lat/text/lat_text_latin_library/seneca.contr3.txt",
        "/Users/tyler/Projects/latin-vocab-project/data/lat/text/lat_text_latin_library/seneca.contr4.txt",
        "/Users/tyler/Projects/latin-vocab-project/data/lat/text/lat_text_latin_library/seneca.contr5.txt",
        "/Users/tyler/Projects/latin-vocab-project/data/lat/text/lat_text_latin_library/seneca.contr6.txt",
        "/Users/tyler/Projects/latin-vocab-project/data/lat/text/lat_text_latin_library/seneca.contr7.txt",
        "/Users/tyler/Projects/latin-vocab-project/data/lat/text/lat_text_latin_library/seneca.contr8.txt",
        "/Users/tyler/Projects/latin-vocab-project/data/lat/text/lat_text_latin_library/seneca.contr9.txt",
        "/Users/tyler/Projects/latin-vocab-project/data/lat/text/lat_text_latin_library/seneca.contr10.txt",
        "/Users/tyler/Projects/latin-vocab-project/data/lat/text/lat_text_latin_library/seneca.contr11.txt",
        "/Users/tyler/Projects/latin-vocab-project/data/lat/text/lat_text_latin_library/seneca.fragmenta.txt",
        "/Users/tyler/Projects/latin-vocab-project/data/lat/text/lat_text_latin_library/seneca.suasoriae.txt"
    ],
    "silius": [
        "/Users/tyler/Projects/latin-vocab-project/data/lat/text/lat_text_latin_library/silius/silius14.txt",
        "/Users/tyler/Projects/latin-vocab-project/data/lat/text/lat_text_latin_library/silius/silius1.txt",
        "/Users/tyler/Projects/latin-vocab-project/data/lat/text/lat_text_latin_library/silius/silius15.txt",
        "/Users/tyler/Projects/latin-vocab-project/data/lat/text/lat_text_latin_library/silius/silius2.txt",
        "/Users/tyler/Projects/latin-vocab-project/data/lat/text/lat_text_latin_library/silius/silius17.txt",
        "/Users/tyler/Projects/latin-vocab-project/data/lat/text/lat_text_latin_library/silius/silius16.txt",
        "/Users/tyler/Projects/latin-vocab-project/data/lat/text/lat_text_latin_library/silius/silius3.txt",
        "/Users/tyler/Projects/latin-vocab-project/data/lat/text/lat_text_latin_library/silius/silius7.txt",
        "/Users/tyler/Projects/latin-vocab-project/data/lat/text/lat_text_latin_library/silius/silius12.txt",
        "/Users/tyler/Projects/latin-vocab-project/data/lat/text/lat_text_latin_library/silius/silius13.txt",
        "/Users/tyler/Projects/latin-vocab-project/data/lat/text/lat_text_latin_library/silius/silius6.txt",
        "/Users/tyler/Projects/latin-vocab-project/data/lat/text/lat_text_latin_library/silius/silius11.txt",
        "/Users/tyler/Projects/latin-vocab-project/data/lat/text/lat_text_latin_library/silius/silius4.txt",
        "/Users/tyler/Projects/latin-vocab-project/data/lat/text/lat_text_latin_library/silius/silius5.txt",
        "/Users/tyler/Projects/latin-vocab-project/data/lat/text/lat_text_latin_library/silius/silius10.txt",
        "/Users/tyler/Projects/latin-vocab-project/data/lat/text/lat_text_latin_library/silius/silius8.txt",
        "/Users/tyler/Projects/latin-vocab-project/data/lat/text/lat_text_latin_library/silius/silius9.txt"
    ],
    "statius": [
        "/Users/tyler/Projects/latin-vocab-project/data/lat/text/lat_text_latin_library/statius/theb9.txt",
        "/Users/tyler/Projects/latin-vocab-project/data/lat/text/lat_text_latin_library/statius/theb12.txt",
        "/Users/tyler/Projects/latin-vocab-project/data/lat/text/lat_text_latin_library/statius/theb8.txt",
        "/Users/tyler/Projects/latin-vocab-project/data/lat/text/lat_text_latin_library/statius/theb10.txt",
        "/Users/tyler/Projects/latin-vocab-project/data/lat/text/lat_text_latin_library/statius/theb11.txt",
        "/Users/tyler/Projects/latin-vocab-project/data/lat/text/lat_text_latin_library/statius/achilleid1.txt",
        "/Users/tyler/Projects/latin-vocab-project/data/lat/text/lat_text_latin_library/statius/achilleid2.txt",
        "/Users/tyler/Projects/latin-vocab-project/data/lat/text/lat_text_latin_library/statius/silvae1.txt",
        "/Users/tyler/Projects/latin-vocab-project/data/lat/text/lat_text_latin_library/statius/silvae2.txt",
        "/Users/tyler/Projects/latin-vocab-project/data/lat/text/lat_text_latin_library/statius/silvae3.txt",
        "/Users/tyler/Projects/latin-vocab-project/data/lat/text/lat_text_latin_library/statius/silvae4.txt",
        "/Users/tyler/Projects/latin-vocab-project/data/lat/text/lat_text_latin_library/statius/silvae5.txt",
        "/Users/tyler/Projects/latin-vocab-project/data/lat/text/lat_text_latin_library/statius/theb6.txt",
        "/Users/tyler/Projects/latin-vocab-project/data/lat/text/lat_text_latin_library/statius/theb7.txt",
        "/Users/tyler/Projects/latin-vocab-project/data/lat/text/lat_text_latin_library/statius/theb5.txt",
        "/Users/tyler/Projects/latin-vocab-project/data/lat/text/lat_text_latin_library/statius/theb4.txt",
        "/Users/tyler/Projects/latin-vocab-project/data/lat/text/lat_text_latin_library/statius/theb1.txt",
        "/Users/tyler/Projects/latin-vocab-project/data/lat/text/lat_text_latin_library/statius/theb3.txt",
        "/Users/tyler/Projects/latin-vocab-project/data/lat/text/lat_text_latin_library/statius/theb2.txt"
    ],
    "suetonius": [
        "/Users/tyler/Projects/latin-vocab-project/data/lat/text/lat_text_latin_library/suetonius/suet.claudius.txt",
        "/Users/tyler/Projects/latin-vocab-project/data/lat/text/lat_text_latin_library/suetonius/suet.pliny.txt",
        "/Users/tyler/Projects/latin-vocab-project/data/lat/text/lat_text_latin_library/suetonius/suet.otho.txt",
        "/Users/tyler/Projects/latin-vocab-project/data/lat/text/lat_text_latin_library/suetonius/suet.titus.txt",
        "/Users/tyler/Projects/latin-vocab-project/data/lat/text/lat_text_latin_library/suetonius/suet.virgil.txt",
        "/Users/tyler/Projects/latin-vocab-project/data/lat/text/lat_text_latin_library/suetonius/suet.horace.txt",
        "/Users/tyler/Projects/latin-vocab-project/data/lat/text/lat_text_latin_library/suetonius/suet.aug.txt",
        "/Users/tyler/Projects/latin-vocab-project/data/lat/text/lat_text_latin_library/suetonius/suet.caesar.txt",
        "/Users/tyler/Projects/latin-vocab-project/data/lat/text/lat_text_latin_library/suetonius/suet.rhet.txt",
        "/Users/tyler/Projects/latin-vocab-project/data/lat/text/lat_text_latin_library/suetonius/suet.vit.txt",
        "/Users/tyler/Projects/latin-vocab-project/data/lat/text/lat_text_latin_library/suetonius/suet.vesp.txt",
        "/Users/tyler/Projects/latin-vocab-project/data/lat/text/lat_text_latin_library/suetonius/suet.tib.txt",
        "/Users/tyler/Projects/latin-vocab-project/data/lat/text/lat_text_latin_library/suetonius/suet.dom.txt",
        "/Users/tyler/Projects/latin-vocab-project/data/lat/text/lat_text_latin_library/suetonius/suet.galba.txt",
        "/Users/tyler/Projects/latin-vocab-project/data/lat/text/lat_text_latin_library/suetonius/suet.lucan.txt",
        "/Users/tyler/Projects/latin-vocab-project/data/lat/text/lat_text_latin_library/suetonius/suet.nero.txt",
        "/Users/tyler/Projects/latin-vocab-project/data/lat/text/lat_text_latin_library/suetonius/suet.persius.txt",
        "/Users/tyler/Projects/latin-vocab-project/data/lat/text/lat_text_latin_library/suetonius/suet.cal.txt",
        "/Users/tyler/Projects/latin-vocab-project/data/lat/text/lat_text_latin_library/suetonius/suet.tibullus.txt",
        "/Users/tyler/Projects/latin-vocab-project/data/lat/text/lat_text_latin_library/suetonius/suet.terence.txt",
        "/Users/tyler/Projects/latin-vocab-project/data/lat/text/lat_text_latin_library/suetonius/suet.crispus.txt",
        "/Users/tyler/Projects/latin-vocab-project/data/lat/text/lat_text_latin_library/suetonius/suet.gram.txt"
    ],
    "suplpicia": [
        "/Users/tyler/Projects/latin-vocab-project/data/lat/text/lat_text_latin_library/sulpicia.txt"
    ],
    "tacitus": [
        "/Users/tyler/Projects/latin-vocab-project/data/lat/text/lat_text_latin_library/tacitus/tac.hist4.txt",
        "/Users/tyler/Projects/latin-vocab-project/data/lat/text/lat_text_latin_library/tacitus/tac.hist5.txt",
        "/Users/tyler/Projects/latin-vocab-project/data/lat/text/lat_text_latin_library/tacitus/tac.hist1.txt",
        "/Users/tyler/Projects/latin-vocab-project/data/lat/text/lat_text_latin_library/tacitus/tac.agri.txt",
        "/Users/tyler/Projects/latin-vocab-project/data/lat/text/lat_text_latin_library/tacitus/tac.hist2.txt",
        "/Users/tyler/Projects/latin-vocab-project/data/lat/text/lat_text_latin_library/tacitus/tac.hist3.txt",
        "/Users/tyler/Projects/latin-vocab-project/data/lat/text/lat_text_latin_library/tacitus/tac.ger.txt",
        "/Users/tyler/Projects/latin-vocab-project/data/lat/text/lat_text_latin_library/tacitus/tac.ann6.txt",
        "/Users/tyler/Projects/latin-vocab-project/data/lat/text/lat_text_latin_library/tacitus/tac.ann4.txt",
        "/Users/tyler/Projects/latin-vocab-project/data/lat/text/lat_text_latin_library/tacitus/tac.ann5.txt",
        "/Users/tyler/Projects/latin-vocab-project/data/lat/text/lat_text_latin_library/tacitus/tac.ann1.txt",
        "/Users/tyler/Projects/latin-vocab-project/data/lat/text/lat_text_latin_library/tacitus/tac.ann2.txt",
        "/Users/tyler/Projects/latin-vocab-project/data/lat/text/lat_text_latin_library/tacitus/tac.ann3.txt",
        "/Users/tyler/Projects/latin-vocab-project/data/lat/text/lat_text_latin_library/tacitus/tac.ann16.txt",
        "/Users/tyler/Projects/latin-vocab-project/data/lat/text/lat_text_latin_library/tacitus/tac.ann14.txt",
        "/Users/tyler/Projects/latin-vocab-project/data/lat/text/lat_text_latin_library/tacitus/tac.dialogus.txt",
        "/Users/tyler/Projects/latin-vocab-project/data/lat/text/lat_text_latin_library/tacitus/tac.ann15.txt",
        "/Users/tyler/Projects/latin-vocab-project/data/lat/text/lat_text_latin_library/tacitus/tac.ann11.txt",
        "/Users/tyler/Projects/latin-vocab-project/data/lat/text/lat_text_latin_library/tacitus/tac.ann12.txt",
        "/Users/tyler/Projects/latin-vocab-project/data/lat/text/lat_text_latin_library/tacitus/tac.ann13.txt"
    ],
    "tibullus": [
        "/Users/tyler/Projects/latin-vocab-project/data/lat/text/lat_text_latin_library/tibullus1.txt",
        "/Users/tyler/Projects/latin-vocab-project/data/lat/text/lat_text_latin_library/tibullus2.txt",
        "/Users/tyler/Projects/latin-vocab-project/data/lat/text/lat_text_latin_library/tibullus3.txt"
    ],
    "valerius_flaccus": [
        "/Users/tyler/Projects/latin-vocab-project/data/lat/text/lat_text_latin_library/valeriusflaccus1.txt",
        "/Users/tyler/Projects/latin-vocab-project/data/lat/text/lat_text_latin_library/valeriusflaccus2.txt",
        "/Users/tyler/Projects/latin-vocab-project/data/lat/text/lat_text_latin_library/valeriusflaccus3.txt",
        "/Users/tyler/Projects/latin-vocab-project/data/lat/text/lat_text_latin_library/valeriusflaccus4.txt",
        "/Users/tyler/Projects/latin-vocab-project/data/lat/text/lat_text_latin_library/valeriusflaccus5.txt",
        "/Users/tyler/Projects/latin-vocab-project/data/lat/text/lat_text_latin_library/valeriusflaccus6.txt",
        "/Users/tyler/Projects/latin-vocab-project/data/lat/text/lat_text_latin_library/valeriusflaccus7.txt",
        "/Users/tyler/Projects/latin-vocab-project/data/lat/text/lat_text_latin_library/valeriusflaccus8.txt"
    ],
    "valerius_maximus": [
        "/Users/tyler/Projects/latin-vocab-project/data/lat/text/lat_text_latin_library/valmax1.txt",
        "/Users/tyler/Projects/latin-vocab-project/data/lat/text/lat_text_latin_library/valmax2.txt",
        "/Users/tyler/Projects/latin-vocab-project/data/lat/text/lat_text_latin_library/valmax3.txt",
        "/Users/tyler/Projects/latin-vocab-project/data/lat/text/lat_text_latin_library/valmax4.txt",
        "/Users/tyler/Projects/latin-vocab-project/data/lat/text/lat_text_latin_library/valmax5.txt",
        "/Users/tyler/Projects/latin-vocab-project/data/lat/text/lat_text_latin_library/valmax6.txt",
        "/Users/tyler/Projects/latin-vocab-project/data/lat/text/lat_text_latin_library/valmax7.txt",
        "/Users/tyler/Projects/latin-vocab-project/data/lat/text/lat_text_latin_library/valmax8.txt",
        "/Users/tyler/Projects/latin-vocab-project/data/lat/text/lat_text_latin_library/valmax9.txt"
    ],
    "varro": [
        "/Users/tyler/Projects/latin-vocab-project/data/lat/text/lat_text_latin_library/varro.rr1.txt",
        "/Users/tyler/Projects/latin-vocab-project/data/lat/text/lat_text_latin_library/varro.rr2.txt",
        "/Users/tyler/Projects/latin-vocab-project/data/lat/text/lat_text_latin_library/varro.rr3.txt",
        "/Users/tyler/Projects/latin-vocab-project/data/lat/text/lat_text_latin_library/varro.ll5.txt",
        "/Users/tyler/Projects/latin-vocab-project/data/lat/text/lat_text_latin_library/varro.ll6.txt",
        "/Users/tyler/Projects/latin-vocab-project/data/lat/text/lat_text_latin_library/varro.ll7.txt",
        "/Users/tyler/Projects/latin-vocab-project/data/lat/text/lat_text_latin_library/varro.ll8.txt",
        "/Users/tyler/Projects/latin-vocab-project/data/lat/text/lat_text_latin_library/varro.ll9.txt",
        "/Users/tyler/Projects/latin-vocab-project/data/lat/text/lat_text_latin_library/varro.ll10.txt",
        "/Users/tyler/Projects/latin-vocab-project/data/lat/text/lat_text_latin_library/varro.frag.txt"
    ],
    "vellius": [
        "/Users/tyler/Projects/latin-vocab-project/data/lat/text/lat_text_latin_library/vell1.txt",
        "/Users/tyler/Projects/latin-vocab-project/data/lat/text/lat_text_latin_library/vell2.txt"
    ],
    "vergil": [
        "/Users/tyler/Projects/latin-vocab-project/data/lat/text/lat_text_latin_library/vergil/ec1.txt",
        "/Users/tyler/Projects/latin-vocab-project/data/lat/text/lat_text_latin_library/vergil/ec3.txt",
        "/Users/tyler/Projects/latin-vocab-project/data/lat/text/lat_text_latin_library/vergil/ec2.txt",
        "/Users/tyler/Projects/latin-vocab-project/data/lat/text/lat_text_latin_library/vergil/aen9.txt",
        "/Users/tyler/Projects/latin-vocab-project/data/lat/text/lat_text_latin_library/vergil/ec6.txt",
        "/Users/tyler/Projects/latin-vocab-project/data/lat/text/lat_text_latin_library/vergil/ec7.txt",
        "/Users/tyler/Projects/latin-vocab-project/data/lat/text/lat_text_latin_library/vergil/aen8.txt",
        "/Users/tyler/Projects/latin-vocab-project/data/lat/text/lat_text_latin_library/vergil/ec5.txt",
        "/Users/tyler/Projects/latin-vocab-project/data/lat/text/lat_text_latin_library/vergil/ec10.txt",
        "/Users/tyler/Projects/latin-vocab-project/data/lat/text/lat_text_latin_library/vergil/ec4.txt",
        "/Users/tyler/Projects/latin-vocab-project/data/lat/text/lat_text_latin_library/vergil/aen12.txt",
        "/Users/tyler/Projects/latin-vocab-project/data/lat/text/lat_text_latin_library/vergil/aen11.txt",
        "/Users/tyler/Projects/latin-vocab-project/data/lat/text/lat_text_latin_library/vergil/aen10.txt",
        "/Users/tyler/Projects/latin-vocab-project/data/lat/text/lat_text_latin_library/vergil/geo1.txt",
        "/Users/tyler/Projects/latin-vocab-project/data/lat/text/lat_text_latin_library/vergil/geo3.txt",
        "/Users/tyler/Projects/latin-vocab-project/data/lat/text/lat_text_latin_library/vergil/geo2.txt",
        "/Users/tyler/Projects/latin-vocab-project/data/lat/text/lat_text_latin_library/vergil/geo4.txt",
        "/Users/tyler/Projects/latin-vocab-project/data/lat/text/lat_text_latin_library/vergil/aen6.txt",
        "/Users/tyler/Projects/latin-vocab-project/data/lat/text/lat_text_latin_library/vergil/ec9.txt",
        "/Users/tyler/Projects/latin-vocab-project/data/lat/text/lat_text_latin_library/vergil/ec8.txt",
        "/Users/tyler/Projects/latin-vocab-project/data/lat/text/lat_text_latin_library/vergil/aen7.txt",
        "/Users/tyler/Projects/latin-vocab-project/data/lat/text/lat_text_latin_library/vergil/aen5.txt",
        "/Users/tyler/Projects/latin-vocab-project/data/lat/text/lat_text_latin_library/vergil/aen4.txt",
        "/Users/tyler/Projects/latin-vocab-project/data/lat/text/lat_text_latin_library/vergil/aen1.txt",
        "/Users/tyler/Projects/latin-vocab-project/data/lat/text/lat_text_latin_library/vergil/aen3.txt",
        "/Users/tyler/Projects/latin-vocab-project/data/lat/text/lat_text_latin_library/vergil/aen2.txt"
    ],
    "vitruvius": [
        "/Users/tyler/Projects/latin-vocab-project/data/lat/text/lat_text_latin_library/vitruvius1.txt",
        "/Users/tyler/Projects/latin-vocab-project/data/lat/text/lat_text_latin_library/vitruvius2.txt",
        "/Users/tyler/Projects/latin-vocab-project/data/lat/text/lat_text_latin_library/vitruvius3.txt",
        "/Users/tyler/Projects/latin-vocab-project/data/lat/text/lat_text_latin_library/vitruvius4.txt",
        "/Users/tyler/Projects/latin-vocab-project/data/lat/text/lat_text_latin_library/vitruvius5.txt",
        "/Users/tyler/Projects/latin-vocab-project/data/lat/text/lat_text_latin_library/vitruvius6.txt",
        "/Users/tyler/Projects/latin-vocab-project/data/lat/text/lat_text_latin_library/vitruvius7.txt",
        "/Users/tyler/Projects/latin-vocab-project/data/lat/text/lat_text_latin_library/vitruvius8.txt",
        "/Users/tyler/Projects/latin-vocab-project/data/lat/text/lat_text_latin_library/vitruvius9.txt",
        "/Users/tyler/Projects/latin-vocab-project/data/lat/text/lat_text_latin_library/vitruvius10.txt"
    ]
}