{
  "naris": "no",
  "constaris": "consto",
  "fatearis": "fateor",
  "penetraris": "penetro",
  "duraris": "duro",
  "uagaris": "uagor",
  "crearis": "creo",
  "iactaris": "iacto",
  "rearis": "reor",
  "confitearis": "confiteor",
  "commutaris": "commuto",
  "flammaris": "flammo",
  "uolaris": "uolo",
  "moraris": "moror",
  "manaris": "mano",
  "formaris": "fumo",
  "mearis": "meor",
  "amaris": "amo",
  "ignaris": "ignarus",
  "cunctaris": "cunctor",
  "uiolaris": "uiolo",
  "raris": "rarus",
  "distaris": "disto",
  "suppeditaris": "suppedito",
  "permanaris": "permano",
  "maris": "mare",
  "celaris": "celo",
  "usurparis": "usurpo",
  "insinuaris": "insinuo",
  "probaris": "probo",
  "putaris": "puto",
  "cessaris": "cesso",
  "magnaris": "magnus",
  "figuraris": "figure",
  "plagaris": "plago",
  "sedaris": "sedo",
  "fluitaris": "fluito",
  "sanaris": "sano",
  "abundaris": "abundo",
  "caris": "carus",
  "reuocaris": "reuoco",
  "repararis": "reparo",
  "latitaris": "latito",
  "locaris": "loco",
  "declinaris": "declino",
  "celeraris": "celero",
  "leuaris": "leuo",
  "remoraris": "remoror",
  "efflaris": "efflo",
  "temptaris": "tempto",
  "domaris": "domo",
  "firmaris": "firmo",
  "dissultaris": "dissulto",
  "dissociaris": "dissocio",
  "summaris": "summa",
  "tractaris": "tracto",
  "odoraris": "odoro",
  "pertemptaris": "pertempto",
  "recrearis": "recreao",
  "causaris": "causor",
  "celebraris": "celebro",
  "incitaris": "incito",
  "ineptiaris": "ineptio",
  "basiaris": "basio",
  "excitaris": "excito",
  "haris": "hara",
  "donaris": "dono",
  "admiraris": "admiror",
  "portaris": "porto",
  "adstaris": "adsto",
  "comitaris": "comtio",
  "ilustraris": "ilustro",
  "propagaris": "propago",
  "adtenuaris": "adtenuo",
  "dubitaris": "dubito",
  "obstaris": "obsto",
  "pigraris": "pigror",
  "gregaris": "gergo",
  "duaris": "ara",
  "labaris": "labo",
  "artaris": "arto",
  "utaris": "utor",
  "reliquiaris": "reliquio",
  "uexaris": "uexo",
  "latraris": "latro",
  "consociaris": "consocio",
  "exemplaris": "exemplo",
  "persectaris": "persector",
  "inclinaris": "inclino",
  "oblectaris": "oblecto",
  "deriuaris": "deriuo",
  "titillaris": "titillo",
  "experiaris": "experior",
  "concharis": "charus",
  "disiactaris": "disiacto",
  "disiectaris": "disiacto",
  "significaris": "significo",
  "rosaris": "rosa",
  "migraris": "migro",
  "columbaris": "columbor",
  "subpeditaris": "subpedito",
  "integraris": "integro",
  "sustentaris": "sustento",
  "uociferaris": "uociferor",
  "aspectaris": "aspecto",
  "dominaris": "dominor",
  "caligaris": "caligo",
  "conglomeraris": "conglomero",
  "naturaris": "naturo",
  "concursaris": "concurso",
  "exhalaris": "exhalo",
  "glomeraris": "glomero",
  "tortaris": "torta",
  "actaris": "acta",
  "suffocaris": "suffoco",
  "doctrinaris": "doctrina",
  "deuitaris": "deuito",
  "exsuperaris": "exsupero",
  "delibaris": "delibo",
  "seruaris": "seruo",
  "rigaris": "rigo",
  "ullaris": "ullo",
  "cursaris": "curso",
  "uidearis": "uideo",
  "labefactaris": "labefacto",
  "lucernaris": "lucerna",
  "geminaris": "gemino",
  "paris": "pars",
  "inuestigaris": "inuestigo",
  "suraris": "surus",
  "plicaris": "plico",
  "pulsaris": "pulso",
  "reconflaris": "reconflo",
  "perturbaris": "perturbo",
  "sudaris": "sudo",
  "fugitaris": "fugio",
  "satiaris": "satio",
  "iniciaris": "illicio",
  "antistaris": "antisto",
  "lustraris": "lustro",
  "conquassaris": "conquasso",
  "glebaris": "gleba",
  "inportaris": "inporto",
  "diluuiaris": "diluuium",
  "fumaris": "fumo",
  "adflaris": "adflo",
  "imparis": "impar",
  "mammaris": "mamma",
  "nympharis": "nympha",
  "pantheraris": "panthera",
  "calcaris": "calco",
  "praeclaris": "praeclarus",
  "araris": "aro",
  "minaris": "mino",
  "procularis": "proculo",
  "lacunaris": "lacuno",
  "dolaris": "dolo",
  "tenebraris": "tenebro",
  "foraris": "forus",
  "olearis": "oleo",
  "concelebraris": "concelebro",
  "terrigenaris": "terrigena",
  "conspurcaris": "conspurco",
  "chartaris": "charta",
  "disturbaris": "disturbo",
  "exanimaris": "exanimo",
  "rotaris": "roto",
  "exsiccaris": "exsicco",
  "siccaris": "sicco",
  "scintillaris": "scintillo",
  "reminiscaris": "reminiscor",
  "contuearis": "contueor",
  "subiectaris": "subiecto",
  "oppilaris": "oppilo",
  "adceleraris": "adcelero",
  "pinnaris": "pinna",
  "nixaris": "nixor",
  "focilaris": "focilo",
  "exspiraris": "exspiro",
  "commemoraris": "commemoro",
  "aris": "ara",
  "nectaris": "necto",
  "exultaris": "exulto",
  "offensaris": "offenso",
  "tabularis": "tabula",
  "laxaris": "laxo",
  "renouaris": "renouo",
  "conflaris": "conflo",
  "immutaris": "immuto",
  "humaris": "humo",
  "explicaris": "explico",
  "pernumeraris": "pernumero",
  "fascinaris": "fascino",
  "sectaris": "sector",
  "collocaris": "colloco",
  "facetiaris": "facetia",
  "aranearis": "aranea",
  "pedicaris": "pedico",
  "iocaris": "ioco",
  "inquinaris": "inquino",
  "deuoraris": "deuoro",
  "insularis": "insula",
  "uenditaris": "uendito",
  "inficetiaris": "inficetia",
  "irrumaris": "irrumo",
  "defricaris": "defrico",
  "puellularius": "puellula",
  "dicaris": "dico",
  "hilaris": "hilarus",
  "secubaris": "secubo",
  "numeraris": "numero",
  "ingeneraris": "ingenero",
  "innuptaris": "innuptus",
  "sceleraris": "scelero",
  "claris": "clarus",
  "dearis": "dea",
  "faris": "for",
  "auscultaris": "ausculto",
  "obiurgaris": "obiurgo",
  "uoraris": "uoro",
  "excruciaris": "excrucio",
  "nuptaris": "nupta",
  "inlustraris": "inlustro",
  "inliciaris": "illicio",
  "proculcaris":"proculco",
  "terebraris": "terebro",
  "e": "ex",
  "a": "ab"
}